Source 1,Source 2,Source 3,Source 4,Source 5,Source 6,SampleDate
0.7434811220936969,5.672029526293079e-12,5.672029526293079e-12,1.6200657626270634,3.195893205528436,0.26296100158694496,2003-05-17
0.7458373703063478,3.0339873429581167e-12,3.0339873429581167e-12,1.0712604427674592,1.4810756325675276,3.0339873429581167e-12,2003-05-18
0.03249535598042285,1.7155779974873891e-12,0.00544145392315488,1.685871057611484,0.007939410958125394,0.016617764871400233,2003-05-19
2.4411641993539643e-12,2.4411641993539643e-12,2.4411641993539643e-12,2.4411641993539654,2.4411641993539643e-12,2.4411641993539643e-12,2003-05-20
0.11452329266942288,2.371896287657213e-12,0.01466537000803545,2.3297896602881867,0.013395973863837332,0.007326864439104315,2003-05-21
0.18149980865833915,3.124167374668542e-12,0.05705921003402188,2.083881900809771,0.7471679336756407,0.05262198472687382,2003-05-22
4.838510207535694e-12,4.838510207535694e-12,4.838510207535694e-12,3.3301763598706224,0.1421609284237604,1.7050278116063329,2003-05-23
3.897257900404178e-12,0.46011715887674776,3.897257900404178e-12,3.0892541051654288,0.2894554945335425,0.26361936954147536,2003-05-24
1.9819374653093805e-12,0.149638017229021,1.9819374653093805e-12,1.7204821883024364,1.9819374653093805e-12,0.23093970910418313,2003-05-25
4.745272158276583,7.523239830436658e-12,7.523239830436658e-12,1.8545115742453573,0.39953154903896787,0.9280888729096907,2003-05-26
0.3365051056395741,0.014901954553461253,0.26313363885166197,1.3110919118155975,0.3573486569234526,0.6427926699793572,2003-05-27
0.22056694675067007,2.039276428919875e-12,0.48946184343344457,0.693038638522329,0.2546701318270977,0.3847113937919354,2003-05-28
0.09736051115321803,1.1828054967103256e-12,1.1828054967103256e-12,0.5857512749263584,0.3300997739074925,0.19443238240323835,2003-05-29
1.0165668981167333,0.14288428047200677,2.378190799083779e-12,0.7724015487602405,0.4151599280275325,0.1721658225670038,2003-05-30
1.1359781148866996,2.6328413828748543e-12,2.6328413828748543e-12,1.1020717642002393,0.3149766742044627,0.24800386608887015,2003-05-31
1.3380054027770698,2.52117752264704e-12,2.52117752264704e-12,0.7386691952095649,0.3387297059233053,0.25527900512591706,2003-06-01
1.8594098906503649,0.03564215859464082,2.3562560720178197e-12,0.32554083294659225,0.19879845564192739,0.12626520703025645,2003-06-02
1.1654000002980522,2.1557197028974132e-12,2.1557197028974132e-12,0.7043592628377954,0.30430209083845233,0.12116704668346079,2003-06-03
0.6859285348825891,2.116330368126904e-12,2.116330368126904e-12,1.064366484315677,0.2623378119969266,0.18827151766492872,2003-06-04
1.2979609201765854,2.3476425313188304e-12,2.3476425313188304e-12,0.918279659835819,0.10467532603665874,0.16105745590930243,2003-06-05
0.9533011745105985,1.5189055841788356e-12,1.5189055841788356e-12,0.3514313206959024,0.17819670103418256,0.08728551937149609,2003-06-06
1.6808651155669878,0.049675379407860355,0.4819843622041877,2.4685360163962695e-12,0.29433108743944786,2.4685360163962695e-12,2003-06-07
0.06459725257959907,0.04631888473328656,0.11033697013263387,0.1591903071191195,0.07899810525323755,4.63534933220088e-13,2003-07-11
0.05704807105507088,0.0277814556494969,0.10433436841437288,0.1465122856452924,0.30194671098204473,6.274837982949504e-13,2003-07-12
0.11234744999515575,0.05312699511085606,0.11212462253176259,0.25570056988077416,0.4807650371641598,9.995136364339027e-13,2003-07-13
0.13966380346326618,0.07638855795009329,0.2648808911416807,0.3486704872729485,0.12215475468717638,9.390117673601113e-13,2003-07-14
0.11981141379574478,0.07575255233982424,0.2415946498332544,0.5867673300631935,0.23521278023633507,1.2663469550591911e-12,2003-07-15
0.18396366574456466,0.04981366286082353,0.1427236791842752,0.33671794740365535,0.051359160022666855,7.645630090925493e-13,2003-07-16
0.13176045556814797,0.0468735902850916,0.27499982732828965,0.4156165574653532,0.13692534673069404,9.969539580543153e-13,2003-07-17
0.09511684462767052,0.059272471331259714,0.2448151037158108,0.4063491917205543,0.046796552666040866,8.358979528495647e-13,2003-07-18
0.11058039759447806,0.06183495617764164,0.2594655559872655,0.34143697045783805,0.03169196502031951,7.991007743604507e-13,2003-07-19
0.14803414205569115,0.07199097325808311,0.2148159149073235,0.5247153760172344,0.13019157995175465,1.0893874686131592e-12,2003-07-20
0.1431459069171723,0.07809680582394611,0.17081462300415082,0.3590554053534127,0.022064196629137427,7.673469516561798e-13,2003-07-21
0.1545484791136126,0.07620187772040019,0.2595657214962944,0.4023619287768434,0.021359876715152215,0.027585813368706833,2003-07-22
0.1736463381222784,0.09719308664920347,0.25953378174684544,0.3661056130193235,0.001986099706781325,0.005846035707975152,2003-07-23
0.13838331913893842,0.04902514640043191,0.3527876005187219,0.36173410697554587,8.881708040059581e-13,8.881708040059581e-13,2003-07-24
0.2020581362256438,0.09620388640869264,0.25815319460354214,0.5840245319951799,1.1619355869114405e-12,0.020372601875859892,2003-07-25
0.21004567600606538,0.09723945129550263,0.32242582876863235,0.4541980157833384,1.0453653690296048e-12,1.0453653690296048e-12,2003-07-26
0.3419132261139204,0.0847949159995023,0.3388565442509252,0.3134659530332566,0.013484710707561728,1.064635831026146e-12,2003-07-27
0.26752624758813914,0.12919147992640145,0.26504746592985556,0.4855713640721216,0.03166272430502546,1.181251835521349e-12,2003-07-28
0.21993825883114557,0.050397384915467344,0.19628493836523164,0.25147631451835856,0.18103291203015903,8.903847741014823e-13,2003-07-29
0.14441236490154882,0.09815326691582923,0.281329451190002,0.37809740905277844,0.016278786201804653,9.126360026873868e-13,2003-07-30
0.17595147554344467,0.08711085681560056,0.35172471322842147,0.36981377828985157,0.00917334651421367,9.747907949691224e-13,2003-07-31
0.11226788555133113,0.07530779606638116,0.30123955503352406,0.13463124230121698,6.136174329688909e-13,6.136174329688909e-13,2003-08-01
0.14351628229362812,0.08294908333350055,0.36086922738479527,0.0947876896133056,0.005565369269260025,6.801994486086899e-13,2003-08-02
0.09499864317600602,0.05466318597168765,0.35586716439590405,0.13271142605219702,6.240150318162361e-13,6.240150318162361e-13,2003-08-03
0.0703483390905632,0.06758060410147596,0.40454509670450123,0.21851102139900902,0.0014094049879165745,7.525419094063076e-13,2003-08-04
0.2150063810469226,0.06051376837808841,0.3338757513617918,0.20952591743596916,7.898743527641791e-13,7.898743527641791e-13,2003-08-05
0.19337180377538593,0.11312049248150464,0.2530787339765388,0.5438188267320935,0.03247683250980748,1.1259612347832282e-12,2003-08-06
0.18254948324575218,0.06042368311370574,0.35570207392224634,0.3700888024539594,0.007745725777270712,9.622362811434926e-13,2003-08-07
0.14704563653609537,0.04752922960024667,0.34496132980315414,0.32565579763535024,0.0014023188882222423,8.530899122113956e-13,2003-08-08
0.15180456980483115,0.06949547958463329,0.31519710398041967,0.30690018734632696,0.001247350775199203,8.313624289528002e-13,2003-08-09
0.1537891391845832,0.1070471897809826,0.437740892645048,0.28021109023249674,1.0005380556123007e-12,0.027574991797306603,2003-08-10
2.1726060720176408,0.1079308933153227,0.3967848010330837,0.635812204832016,0.015414810454485936,0.5696950002354356,2003-08-11
0.1629921599485771,0.08811495046582386,0.39054305823302243,0.6495658718460571,1.2908972725533655e-12,0.026600513990075784,2003-08-12
0.12793708897789152,0.07607188605113266,0.609301670904573,0.453065506838698,1.2384996368701977e-12,1.2384996368701977e-12,2003-08-13
0.1504251954843502,0.10035188139929568,0.5654535507546308,0.5263356860511961,1.299384535299938e-12,1.299384535299938e-12,2003-08-14
0.173050771511734,0.13607271513944533,0.5617259199110254,1.0621784629117315,1.8652824506022453e-12,1.8652824506022453e-12,2003-08-15
0.13297822608483054,0.10895938256055951,0.5100364202402777,0.8750537205032011,0.012052603372429034,1.6096329673802079e-12,2003-08-16
0.1198953560591426,0.10027008566993141,0.45831062905041964,0.5973362699921485,0.037964854188056556,1.2930001836111163e-12,2003-08-17
0.1852628625368457,0.07989269976652941,0.47878140001857616,0.5661838936115301,0.003927820630520657,1.292182377218642e-12,2003-08-18
0.15617659607753306,0.06445757454238112,0.6076894554762248,0.8858175326187497,0.01747646331112949,0.009874473981303169,2003-08-19
0.1579817423790571,0.10120515713883044,0.46925551775046487,1.1179926865613214,0.020748678768975647,0.03477429473427613,2003-08-20
0.7679716644674275,0.044938681909350436,0.6533452814826503,0.8097761445493465,0.007553572821572002,0.049036820134050134,2003-08-21
0.13349580353431112,0.02821574223565872,0.6150899137457428,0.8757599958581388,0.06222673909694896,1.6833314441098812e-12,2003-08-22
0.1586353292127627,0.10086870197665822,0.4700849144623134,0.83067503228414,0.022806521806914264,1.5763616438159783e-12,2003-08-23
0.08795469029078537,0.11914584885589156,0.5854609920814239,1.046568679061378,1.7677324919485747e-12,1.7677324919485747e-12,2003-08-24
0.09850103591591135,0.08881785605315926,0.6003414356413243,0.9122750706450163,1.652968748579855e-12,1.652968748579855e-12,2003-08-25
0.13891164508016143,0.07165881505118069,0.5612440143071011,0.773882399698237,0.02932005202928973,0.3447167419729571,2003-08-26
1.7282593653731402e-11,1.7282593653731402e-11,17.28259365373141,1.7282593653731402e-11,1.7282593653731402e-11,1.7282593653731402e-11,2003-08-27
1.1965124633911814,0.06438161603841813,0.4134307607687313,0.38514228127280575,1.9692681196126242e-12,1.9692681196126242e-12,2003-08-28
0.10244359486947878,0.09148366438551393,0.5202033451885055,0.5537349635087294,1.1980705503241165e-12,1.1980705503241165e-12,2003-08-29
0.30078598010975527,0.07067287509597125,0.47913801354015956,0.32711470469842335,0.01683471411482365,1.1766581350374984e-12,2003-08-30
0.29985814161267793,0.06624565647128754,0.5859204796203547,0.6038006905583185,0.023936551628873592,0.031332227844106234,2003-08-31
0.12272959497213137,0.0846745926941634,0.4023906964968466,0.3488620038725701,0.006393288235875803,9.39761701197995e-13,2003-09-01
0.14993738743281307,0.08359133498940094,0.474646696087474,0.35248022797778006,0.009037034671096523,1.0464001125504573e-12,2003-09-02
0.16048933882050165,0.058242112168943726,0.31426932199510826,0.3975197917803092,0.10298127144650204,1.0045766836880499e-12,2003-09-03
0.16217799662877525,0.08381920057391018,0.4087353132617378,0.45849768555395803,0.04981664754860784,1.136472645945036e-12,2003-09-04
0.17520825767492385,0.04409216059296162,0.47183654817035264,0.7874859243786646,0.08558880524055813,1.5233417510321587e-12,2003-09-05
1.339830403917333,0.10083518571200446,0.17071283931883105,0.5321926755787034,0.1105627075438005,2.2538320677106416e-12,2003-09-06
0.11903984741587897,0.0629170939003972,0.4348771913759242,0.2834591635120479,0.1334784396431587,1.0115560825424686e-12,2003-09-07
0.17443528262711502,0.08328474790173813,0.41652837310164187,0.2953995940078455,0.11114894882335458,1.054322954381749e-12,2003-09-08
0.13899596519492644,0.05445979650111198,0.3701288559409491,0.3543062213733983,0.14696325531317508,0.04413568106885768,2003-09-09
0.1379468677736082,0.08567923302950325,0.4792132000193272,0.2538855238065306,0.05342358003494673,9.881194270600627e-13,2003-09-10
0.12644462543351487,0.09232471332277077,0.5183916032095189,0.4318022391992834,0.04599565145666176,1.1736637111045196e-12,2003-09-11
0.3066252605404577,0.07107460569356233,0.4719075665805817,0.4568322277075882,0.007501843538941429,1.282533826872862e-12,2003-09-12
0.12721268177991457,0.09859749307215056,0.366823534161802,0.5225628594832208,0.013537297675028374,1.0852303691466945e-12,2003-09-13
0.1917303524536636,0.08067359258415253,0.409864332175949,0.5992326283928587,0.05036939207320617,1.2921137816472375e-12,2003-09-14
0.13870853446669534,0.0736300527885182,0.4876824192480769,0.5172887599302416,1.1734511239099248e-12,1.1734511239099248e-12,2003-09-15
0.24520945312672673,0.07791285365113536,1.0403776052132183,0.5023634481100452,1.8311357955182573e-12,1.8311357955182573e-12,2003-09-16
0.19796064684270284,0.04206300887502017,0.7457464645061843,0.6377269012575211,0.018662323917999817,1.6423534151171327e-12,2003-09-17
0.219577141294376,0.09836940944120619,0.3859696807426199,0.3960317072948347,0.00769938807424748,1.0950912014461658e-12,2003-09-18
0.11762879642958374,0.08043611176548723,0.3946603250876042,0.2208133630513579,0.0036437259414984348,8.039695058627533e-13,2003-09-19
0.18665476538473835,0.07408495133396409,0.33354312091562144,0.3504861990286896,0.009833714442171463,9.500855451485236e-13,2003-09-20
0.16350073100751417,0.06424089829948769,0.4174841265566115,0.21031218680009023,0.02006388729467336,8.665014072428859e-13,2003-09-21
0.1675711976402878,0.03370195313715739,0.25575028025159063,0.19583169301195424,0.023240397602713667,6.734619282790911e-13,2003-09-22
0.16748661007381582,0.08679857535189495,0.30301049262374846,0.20460294335204046,0.0725585497543226,8.40152110050773e-13,2003-09-23
0.3961967016024019,0.06535871536844602,0.9720864383375296,0.1445518459695145,0.1298202466235624,1.6962234733787914e-12,2003-09-24
0.13342345928968377,0.07866167478603157,0.3254861557540664,0.2839167666784732,0.030902355079681674,8.485090071024413e-13,2003-09-25
0.18942060651214995,0.08208611953772144,0.31904793007588933,0.2548042108375244,0.0518259188013579,0.0036863016367890585,2003-09-26
0.18723437055356887,0.08467366636569516,0.46912470639524084,0.4511618444930959,0.07030279714310406,1.2421074810371745e-12,2003-09-27
0.15079161824944728,0.07219727012623453,0.50507478218445,0.503872540103944,0.019300948455056668,1.2222177024806255e-12,2003-09-28
0.13613110763278138,0.0773753901970283,0.4706903649134893,0.5051457017154126,0.02476973023755949,1.198817589102223e-12,2003-09-29
0.16649010965724434,0.07906578649649458,0.3161318915615045,0.3325215549390532,0.04126211616962812,9.19788888577778e-13,2003-09-30
0.2318788419193846,0.05844793606079414,0.6900598194661258,0.35172796114840055,0.17864028801673243,1.4744530684052812e-12,2003-10-01
0.2566304508147716,0.07720947291228542,0.5100087110558362,0.3139063353565429,0.008112912808762264,1.1455212737390985e-12,2003-10-02
0.1711625801700026,0.08517889396990332,0.4032417741852715,0.2688511914638224,0.03951820407796657,9.52190717915998e-13,2003-10-03
0.1526149176066172,0.038933348268715605,0.2832263442711809,0.12894353114823046,0.18074719221825084,7.664353393895846e-13,2003-10-04
0.1964880180087992,0.06323846269804129,0.45841720501320593,0.17989770614080502,0.10380851171217924,9.864588478916014e-13,2003-10-05
0.2308969263827734,0.044642792646699805,0.3309716747136674,0.2983311891699737,2.114883967572701,2.9592215365192607e-12,2003-10-06
0.12484410175624802,0.0313407855384115,0.3728015981629062,0.15964511924756397,0.02199985751405899,7.017572193175128e-13,2003-10-07
0.13096964719221998,0.048061194081203705,0.3931282718822586,0.18730930848806168,0.035994897315871355,7.811633813802265e-13,2003-10-08
0.14669053726247308,0.024746409755077844,0.4681786221720827,0.4120770842781867,0.3883631042306857,1.4083513794792793e-12,2003-10-09
0.11835243835164447,0.03178611325156524,0.41086287155780327,0.25745365878428417,0.42811383165227196,1.209775325612178e-12,2003-10-10
0.16256258537131738,0.05023917658774813,0.3897510420893042,0.16877609488546347,0.032483842998397176,7.906811005568274e-13,2003-10-11
0.20164978849988788,0.1015036998441553,0.6074735911829191,0.32375323776367204,0.03645514121676147,1.24660778851468e-12,2003-10-12
0.19934058547939754,0.12907413637161694,0.570333944755371,0.4900952289412088,0.09923922615021545,1.4609755165624332e-12,2003-10-13
0.18909235529768742,0.09353944057206355,0.5165475259650115,0.48637087209326507,0.20301649648389056,1.4729198777227265e-12,2003-10-14
0.24609802708478296,0.1347219630184537,0.5887119694786696,0.6470097046442722,0.17261431888050102,1.7644319665326492e-12,2003-10-15
0.25734555159859523,0.17383789260030058,0.5600363593464528,1.0493816886502296,0.21170594238193666,0.004550134173381229,2003-10-16
0.1517758348572361,0.031033961991463268,0.604424534761852,0.8817065105073115,0.7737790176391374,0.046072101431986395,2003-10-17
5.820392854402589,7.131045243718789e-12,7.131045243718789e-12,0.53721749818754,1.034984902974392,7.131045243718789e-12,2003-10-18
0.2164915996624792,0.1084056145114209,0.5537079117445813,0.6661658137878619,0.10928473144613259,1.6284604036307903e-12,2003-10-19
0.42988623161306905,0.07030726635423615,0.4102172856086364,0.4207875643794215,0.1005045551929787,1.420216933279409e-12,2003-10-20
0.23147766066870906,0.045077405908669446,0.41666162596147466,0.42329252722568317,0.031212586211847554,1.1413127461345158e-12,2003-10-21
0.18670651746288663,0.07988226184135319,0.37676208055183114,0.47860565428486807,0.04433210802561969,1.1653653412564586e-12,2003-10-22
0.20104514236751472,0.06287885628869246,0.44289953242098873,0.2759462228086712,0.011772624369161018,0.026696433402944073,2003-10-23
0.14385511908397264,0.050577633251640844,0.3757042057881094,0.19812956971586887,0.0047932122771202805,7.643401341896169e-13,2003-10-24
0.1433646278067308,0.0791058418513995,0.427175174276441,0.18919318886093547,0.08430886984607965,9.196646303678866e-13,2003-10-25
0.20197152812965335,0.10814356346459812,0.37228269907656086,0.24389012554652595,0.08638190986305447,1.0144584212202903e-12,2003-10-26
0.18134545544581837,0.09378716420042456,0.45017070326077413,0.22457639823015868,0.1457798318178332,1.0951293769446098e-12,2003-10-27
0.17775958908306722,0.04859696527958824,0.45844966101578544,0.23651663917827562,0.27356633335609354,1.177750691536796e-12,2003-10-28
0.1915940145441537,0.0813125229770056,0.4757768615135461,0.3085406247685367,0.12474216077527049,1.1750083326662105e-12,2003-10-29
0.18615609603145175,0.07743690324138142,0.39051701761581725,0.334421858207298,0.038308906596209204,1.0233544400943823e-12,2003-10-30
0.17009174405466676,0.09800867258584545,0.3525776333377169,0.5777354109481578,0.03566137783567917,1.2209657695181991e-12,2003-10-31
0.18025323151879227,0.05216012247580517,0.42050502245140514,0.4448206255617105,0.005497798208913328,1.0772169707452006e-12,2003-11-01
0.18859773179180694,0.08315509202873766,0.4805336167808396,0.3095099016740515,0.003684695482709665,1.0408353400701497e-12,2003-11-02
0.17159509182801944,0.0815954585927933,0.5121081350234283,0.26995440324551245,0.04102017274450079,1.0496436488684111e-12,2003-11-03
0.21136140629271938,0.07625593046466521,0.5235951853348608,0.18348952639351293,0.04820577872283365,1.0193916480344982e-12,2003-11-04
0.270565586417315,0.0827855365596985,0.3074448390814775,0.2642844678846354,0.03302904371389674,9.409531602385372e-13,2003-11-05
0.24941025294767769,0.08590044243999838,0.3942926217743328,0.4600165338276193,0.04563510471968642,1.221112747372626e-12,2003-11-06
0.2566799413755368,0.1290647704474249,0.47925698771154657,0.35795743556395576,0.08921411196707989,1.3220534296716604e-12,2003-11-07
0.20988582064016903,0.05542893049414256,0.3828820572949337,0.16886403053981183,0.07132973270683783,8.780222710014821e-13,2003-11-08
0.14559967985203895,0.05674081509049928,0.30081598143420235,0.21713690089192567,0.07333327953019395,7.786097276233693e-13,2003-11-09
0.1761592630919693,0.04886265766501699,0.48793850388257054,0.2480823546343432,0.011700876827916047,9.583777007368928e-13,2003-11-10
0.16983439123563152,0.05384249256008632,0.42599573547741204,0.46990134850933235,0.03896819389384018,0.011306170294641376,2003-11-11
0.16792208917997614,0.0718094076310164,0.5307622519060071,0.4369815976416038,0.10473456745629808,1.2846299602704582e-12,2003-11-12
0.16743630218245714,0.06886793727169031,0.5554525239742962,0.33171236338336646,0.08871978969291797,1.1949232684576954e-12,2003-11-13
0.16358256521356665,0.05078249285930807,0.4706879222350857,0.46220273289776415,0.16744518919250964,1.2959580859512466e-12,2003-11-14
0.2788815610112441,0.0681678407096546,0.32238206567695493,0.4927512639979362,0.05381679682184965,1.189100522519551e-12,2003-11-15
0.6073396152589043,0.0571853292691704,0.3090463570371563,0.4249621805673165,0.042656683918096454,1.4228554083777347e-12,2003-11-16
0.17351055101436333,0.061788769272144356,0.42106888886918964,0.3173236426740844,0.051291333428128236,1.0078002774298024e-12,2003-11-17
0.33289272646867324,0.1916979063001295,0.36497187625032224,0.7740886920816461,0.16187186005514495,1.8420594619759565e-12,2003-11-18
0.5508682045056624,0.0560286651895948,0.3693025830554944,0.3136462821970258,0.21900561476479333,1.4896063074781233e-12,2003-11-19
0.6398678686010889,0.10769854484297575,0.2947881031034985,0.39411638950367034,0.3595678784591952,1.787879720302556e-12,2003-11-20
0.2934675005881737,0.05815577826176936,0.4021591566390614,0.23022657133503208,0.18955551390610728,1.1376260570423631e-12,2003-11-21
0.16407953979965495,0.06054960966353239,0.38472194454747094,0.2592404752076947,0.07437552051718836,9.193712757082656e-13,2003-11-22
0.19592341210922726,0.06004818407746408,0.3356717378929273,0.24149143677612495,0.1180533447232412,9.246899101330113e-13,2003-11-23
0.19442703215680374,0.07161361970561243,0.4363608673440817,0.4086011611159861,0.15489943420413158,1.243730825642713e-12,2003-11-24
0.15172594397991934,0.0903895216564683,0.28672884182948283,0.3754661070786042,0.09440138157443927,9.721563023189684e-13,2003-11-25
0.1971062365327326,0.11922152471456161,0.4646940952271056,0.6259531655565915,0.03228021198555352,1.4074633223580958e-12,2003-11-26
0.15687550467026784,0.0762744934915278,0.47586366217134457,0.7594168774047687,0.04783891998448879,1.4785817003493349e-12,2003-11-27
0.18570318263835625,0.07923742472258229,0.43862886764254994,0.7058820832824755,0.23187308677203344,1.6021894588116472e-12,2003-11-28
0.2542444084724471,0.06274600375602903,0.47365761735555423,0.518625852879604,0.3732568089356704,1.6346410977935355e-12,2003-11-29
0.23374041728497924,0.11131789097184253,0.41658091024650373,0.6852979980199059,0.04938112635971477,0.05628913899183812,2003-11-30
3.401656643851234,0.0668649574163278,0.2355988293839484,0.2904764342013678,0.31155307574088487,4.218769497442308e-12,2003-12-01
0.3264126318688786,0.10492065726366151,0.4690966519092177,0.6454121942945136,0.004120905386676719,0.28612629681779567,2003-12-02
0.31585194689753343,0.11756665812856171,0.46928456730452506,0.4989293832965068,1.3422887954574434e-12,1.3422887954574434e-12,2003-12-03
0.5508870168827434,0.10187878540484195,0.49521663168282926,0.7000927770198084,1.7896437985205336e-12,1.7896437985205336e-12,2003-12-04
0.3605341668703068,0.12017692822097589,0.37835183914158926,0.7441162285788463,0.009165873937893917,1.5427482483364302e-12,2003-12-05
0.2271742793664372,0.125308140814199,0.5690692036347469,0.8136119333898116,0.07828001012491254,1.7353904342909451e-12,2003-12-06
0.3894344175794923,0.17472918021121062,0.47244375848015896,0.8403416769581536,0.08889868862307457,1.8990626789849415e-12,2003-12-07
0.253073607033021,0.08662911911926593,0.42516136940407473,0.5402082357473532,0.0045423175133845785,1.2785452484819153e-12,2003-12-08
0.20434264268987568,0.09095693757636804,0.5753405446597673,0.40141554297903115,0.06641877940260635,1.3010953108766509e-12,2003-12-09
0.2711083064504632,0.0872090106278823,0.5524845472309021,0.5131777524079031,0.07224388771257498,1.434156589471742e-12,2003-12-10
0.5815397688741596,0.13203505274554375,0.45700141549824974,0.5386351808320167,0.20722160734871933,1.902578990529594e-12,2003-12-11
0.19005977675581892,0.07137169026846267,0.4737390331639933,0.2940229630124476,0.007899530295786949,1.0063678000080497e-12,2003-12-12
0.1897650854209814,0.09822079651691613,0.43945860636540907,0.40280182206601417,0.08017372294753666,0.061927808843593335,2003-12-13
0.20264677736237408,0.06751831051900672,0.33599823108824733,0.27255133669624126,0.08599442332671664,9.379915678782853e-13,2003-12-14
0.3621252037723243,0.060799167858248265,0.5073068871607161,0.21049154887421392,0.09433943317723381,1.2017000931859705e-12,2003-12-15
0.19949509791461045,0.07366490840244597,0.3578402422056004,0.3316807148625547,0.10908612657577339,1.0399412252826613e-12,2003-12-16
0.9329842198483859,0.08017912995286794,0.30723538574824494,0.34258608233370125,0.03574783438432402,1.6571377513297161e-12,2003-12-17
0.17820331063613434,0.06974374778621882,0.5707407165862199,0.4134537066691496,0.12454205400838311,1.309969363845816e-12,2003-12-18
0.17583582034268005,0.06160122970159296,0.5490844283845783,0.5017328427213862,0.018496508037701923,1.2760131422699947e-12,2003-12-19
0.17855832041341022,0.11723633184672647,0.44130135220547245,0.6170182969282169,0.020424138257645153,1.348545885317696e-12,2003-12-20
0.15409610488854938,0.06121578619087256,0.3941520484278098,0.4667316645660101,0.033860410166609435,1.0736816504919556e-12,2003-12-21
0.16759774323058418,0.05660282461372592,0.4388238460166123,0.2861137853777986,0.13928758651284096,1.0647549207659974e-12,2003-12-22
0.12814644124629462,0.05308089149500793,0.36749739588196456,0.3045570590479716,0.026240325905811115,8.613881367126574e-13,2003-12-23
0.23274642333761297,0.07239886889981124,0.34800218976493213,0.356882140340256,0.01809886295175899,1.0074165877094942e-12,2003-12-24
0.13124294292066851,0.0563682276246578,0.40563017414894287,0.5896501315833507,0.24315404627782103,1.3887945752966684e-12,2003-12-25
0.15306645105898123,0.07408684559416716,0.35018909901208545,0.37694159679156347,0.028221938479056272,9.48982975883383e-13,2003-12-26
0.20073776963461246,0.07316792049798741,0.44759371560099265,0.506327371486492,0.03339769515793924,1.2187682073881719e-12,2003-12-27
0.18650007531963325,0.09395221185669596,0.4662519432618966,0.513092342243008,0.02028486158513859,1.2330605017201759e-12,2003-12-28
0.1643370877277822,0.07412788846249078,0.47068501212538544,0.34007329297839733,0.09069353488914905,1.1068018759996162e-12,2003-12-29
0.19657071798109757,0.08377280898081634,0.4352967441756017,0.1922775193592077,0.008172865151579013,0.0304137210907743,2003-12-30
0.20301158076052941,0.05672634155251089,0.5600861218591813,0.37357745642375434,0.04675953549912193,0.5834642896285968,2003-12-31
0.16315215990684281,0.07857866866929133,0.4788285964845284,0.45312229359505213,1.1254998554737323e-12,1.1254998554737323e-12,2004-01-01
0.16172790212016652,0.09640587632453314,0.5898703959238162,0.5508311100911527,1.326695704231978e-12,1.326695704231978e-12,2004-01-02
0.20875602290527998,0.11394593570871622,0.5623010081757376,0.8469308211355777,0.1250780137207618,1.8090465474454575e-12,2004-01-03
0.2593690096294393,0.10731529887578453,0.42795037398630553,0.5367567184403409,0.06632757397454235,1.3506512932090128e-12,2004-01-04
0.17807353256671085,0.09653866213731048,0.5471630315052572,0.6959318223516665,0.04364881168788001,0.08816785699940728,2004-01-05
0.19859061592953683,0.1266573846841636,0.6224854961270063,0.7942190252561846,0.07702605533336486,1.7494951809889775e-12,2004-01-06
0.19013585959134605,0.08464242786549103,0.5595897585340949,0.3691408912192325,0.10858901939532668,1.2813775800228684e-12,2004-01-07
0.21582540793958774,0.06718702265759315,0.41624057483708093,0.3106285833004266,0.06301950877947536,1.048537507577024e-12,2004-01-08
0.16926554627595683,0.07483983879008048,0.4840475771661607,0.27674091159118935,0.009843743210792113,9.92938281038097e-13,2004-01-09
0.16592790096455048,0.0850759262146542,0.5140939870972373,0.3200580932360874,0.12026069188267624,1.1791267059090947e-12,2004-01-10
0.14369489503185282,0.061963749617268256,0.49079371747699974,0.4517880487680452,0.020250978152120083,1.1389894682888138e-12,2004-01-11
0.17405958269400862,0.04939738344539717,0.6091472038667284,0.49498785667777445,0.007906513488625932,1.2971930909574542e-12,2004-01-12
0.2641492820590982,1.168144090462788,1.2089653359694308,0.1845739735976221,2.7240099918224244e-12,2.7240099918224244e-12,2004-01-13
0.26716854621652075,0.11670184760306081,0.5700824265968659,0.6354082588121235,0.041197209830948496,1.5682280684803987e-12,2004-01-14
0.1942720792446219,0.1415931436602503,0.7856125324852563,0.9842782506381419,0.06991543956709204,2.0861240034678177e-12,2004-01-15
0.22057919471865073,0.17578605569702077,0.6110578097111862,1.064772050532587,0.1273228872333669,2.1897696128242096e-12,2004-01-16
0.25715488849947726,0.11374739608070603,0.6743477489216749,0.5865648116364384,0.11589059820194507,1.7011161767901935e-12,2004-01-17
0.23383317069753146,0.13026175398216025,0.6576566441633087,0.9372235301387234,0.10265008985438982,1.979234604917793e-12,2004-01-18
0.25085126215855746,0.14727927905320004,0.8853729659816465,0.8868730633327846,0.025560802628734308,2.1052927947493004e-12,2004-01-19
0.2354758923315892,0.12245102236131766,0.7049288023645028,0.6556910450184137,0.0677132748069958,1.7214839485799544e-12,2004-01-20
0.2142334756721645,0.09663971359401054,0.7339713416442382,0.4783752382012493,0.08260457195079857,1.5569561294398348e-12,2004-01-21
0.26636172946874825,0.09050903191406792,0.7830453905163051,0.30435433007965035,0.11792524904771065,1.5288642770255513e-12,2004-01-22
0.14984250063871477,0.09548348317861127,0.711523062984059,0.4019352135827322,0.48904533801817307,1.7907559535255942e-12,2004-01-23
0.1619816338326115,0.09219773576476228,2.813479675851599,0.34651605252100326,0.27648840039534184,3.64119038784854e-12,2004-01-24
0.2090704348478485,0.08317754641694468,0.5719190904007041,0.2794230625633279,0.11990038333960021,1.224256872869932e-12,2004-01-25
0.18022571079352118,0.08364502880191765,0.5049412432413235,0.2137240172357883,0.0838843048133674,1.0351315262557338e-12,2004-01-26
0.2156687009526759,0.07321654825626732,0.7139945851494901,0.29108788924715295,0.07142657021388239,1.3372983609917638e-12,2004-01-27
0.15295405868498496,0.10067523125624299,0.5832253889637489,0.4536727423633976,0.032204739150262264,1.2812964535540726e-12,2004-01-28
0.2013886207261618,0.07123117675571594,0.43617762849627245,0.24292654126887886,0.11668626835805619,1.0370422895054775e-12,2004-01-29
0.13461648629003228,0.05477102621203902,0.5757859332979872,0.24132344815957962,0.3897844175531496,1.362721033070962e-12,2004-01-30
0.1488126496602564,0.08775794723705876,0.5606669823913508,0.40467451971793206,0.20168270030541918,1.3567344982196294e-12,2004-01-31
0.12676289408783326,0.0640693089888544,0.49920940882608994,0.29643814126849394,0.12936826351788946,1.0943184924333432e-12,2004-02-01
0.17039613230093203,0.06824826907103287,0.6675637369057593,0.3333371825578305,0.09562549826513585,1.312283243848564e-12,2004-02-02
0.17142739823513553,0.06955081643393989,0.5372587425320321,0.3114631843995336,0.15939141412482608,1.2246714090971638e-12,2004-02-03
0.17911303137610926,0.10922370818712207,0.5256337054800865,0.5507040907336599,0.36704568316366804,1.70730640638365e-12,2004-02-04
0.18150931893023667,0.0421576892302691,0.7132827391272046,0.6204275495030354,0.8960644343936554,2.373894977104533e-12,2004-02-05
0.15175369229911845,0.03634958204726702,0.7124411205793488,0.8562050089433569,1.529692290106031,3.1414334880437734e-12,2004-02-06
0.2112146388571069,0.10196748336846334,0.5862741747705533,0.6352856429075262,0.7439871073569073,2.195973693933483e-12,2004-02-07
0.2409458809507793,0.09684604098107008,0.5636067593374712,0.6616689750292173,0.9690608418295193,2.466453917702571e-12,2004-02-08
0.3033157759185399,0.19140598510443171,0.9603425727627465,1.2215753748171083,0.6618172105464785,0.02457286138259682,2004-02-09
0.5097934847804889,0.1288577734253017,1.050817835662442,1.0636390470590427,1.1256543352021489,0.021993159199605258,2004-02-10
0.3048920232443014,0.13686092736495362,0.8457833815210118,1.1477468172142364,1.3198498697062615,0.14464787487299027,2004-02-11
0.31198355247498905,0.12330821540416229,0.9267242782038003,1.40507360371939,2.376452161415158,0.32050566826744614,2004-02-12
0.32072721805450666,0.03782563885671254,0.6072190437848395,0.6125728117130039,1.456819139041968,2.958893603436833e-12,2004-02-13
0.15620738086243366,0.06887618401289258,0.6271725250799726,0.7621931187850344,1.0856696889670179,0.21576429480161644,2004-02-14
0.12790611075547434,4.700219745747937e-12,0.8220835457444127,0.9695097183625373,2.9333880116854263,4.700219745747937e-12,2004-02-15
0.082573091819646,0.00096778585165259,0.5621161190190314,0.8175632651600736,2.6984131541003364,4.017704835900755e-12,2004-02-16
0.1385456172205467,0.019183449926164792,0.4811701241743168,0.5101790534220941,1.352908719252902,0.0904317787547837,2004-02-17
0.19771595550996013,0.08179436953176994,0.4567938388481802,0.7334449774013201,0.6441232650667212,2.032214969884806e-12,2004-02-18
0.32534054163478654,0.08685545112651726,0.4239055380150204,0.7580372435592604,0.26748870155241977,1.7842923369792347e-12,2004-02-19
0.2834185315478189,0.06415474027178705,0.4479275457371813,0.5827487759548504,0.2960734584094541,1.6691005643888614e-12,2004-02-20
0.29898203760511616,0.05961264847402979,0.5718650639766423,0.4883360937705045,0.6089064042428989,1.971082513189234e-12,2004-02-21
0.37124077718423354,0.09344649592221531,0.26578792406451723,0.530503314325566,0.6124828891067473,1.804047970136911e-12,2004-02-22
0.1856809078905455,0.116065412648247,0.4740323396457612,0.524134128972706,0.5179953677388627,1.7492561395807994e-12,2004-02-23
0.21091413258434485,0.09274245847322918,0.3911231005726598,0.46717884207460303,0.2142413429291972,1.3276471573459702e-12,2004-02-24
0.22283836708283916,0.06282108347660517,0.3851279359143975,0.3932681369931278,0.3018816422534809,1.3208328300965386e-12,2004-02-25
0.15819987269582358,0.040683570564398426,0.4687053226196982,0.5280411084770374,0.5232608007521724,1.6595271181001754e-12,2004-02-26
0.20294679435813195,0.10319532342881708,0.3836351898271761,0.5316659199460099,0.08513554263059228,1.2616136671294817e-12,2004-02-27
0.2045392793615763,0.05886292554347597,0.5111491843802344,0.5495167252727415,0.1429704986959269,1.4216323152722064e-12,2004-02-28
0.2317886767381737,0.10048512856342105,0.4083343122060194,1.2022418729778068,0.3618343624857204,2.2396917763578553e-12,2004-02-29
0.2811422380153148,0.13101038818499008,0.45716459709613816,1.5223520131331003,1.0043615320725405,3.2675917706498645e-12,2004-03-01
0.31525061396467535,0.03412693341522942,0.7114648260869039,1.030670527175346,2.571090674597451,4.49468412400168e-12,2004-03-02
0.1144314139770557,6.6763850457919436e-12,0.5924769844918115,1.1572948640151488,5.191767596098829,6.6763850457919436e-12,2004-03-03
0.18700758229899378,0.021813824740119336,0.6129042812872121,1.2873209882056464,2.928921933886711,4.804931435110345e-12,2004-03-04
0.5780052813181996,0.09675580136376198,0.39839830091396716,1.0444506119306436,0.9443735542035127,2.9208929626531752e-12,2004-03-05
0.23169895418134956,0.0993626489501126,0.6001159846579933,0.9302325881956578,0.4439442036435395,2.208757890411946e-12,2004-03-06
0.22278507578935502,0.15213098493230826,0.8012977414781148,1.6813283075882415,0.7500663101916462,3.4364632219735985e-12,2004-03-07
0.2659470018407889,0.07972134257389178,0.6466573587262618,2.162318386749846,1.5398998018422705,4.6254755786579785e-12,2004-03-08
0.29791886653397787,0.18749927795235352,0.5911825100383364,2.1185734771007074,0.9169304279633606,4.005457132510749e-12,2004-03-09
0.40427953723025567,0.32702558673253207,0.7751426460497955,2.5469551138046342,0.24121293235914734,4.1170311229088475e-12,2004-03-10
0.4440570800400708,0.252720204193033,0.7265672210350085,2.141567813960033,0.11149538908279578,3.49484190640678e-12,2004-03-11
0.4478153133007354,0.27930097436516693,0.6780230804258847,2.386141471780529,0.1962310975094048,3.863419954219333e-12,2004-03-12
0.7346350789409104,0.219404693614391,0.8492758226326188,1.6625654744066123,0.21141805109378783,3.6409405345804e-12,2004-03-13
0.8326709142523547,0.18633573091896397,0.9352723334893673,1.3686210031465162,0.4229575913089016,0.00033040024201714266,2004-03-14
0.4578252452400067,0.055982975378111824,0.8738994935293425,1.7308836497813698,1.708656186984833,0.08440110482168005,2004-03-15
0.5525153328348608,0.11027912933554654,0.8838482662991551,2.2449625858421234,0.5062122016596473,0.09933433424015763,2004-03-16
1.9775718865912653,0.3478006688156463,1.66973546221379,3.0506325987623257,0.3778625485064283,0.2725237129899766,2004-03-17
0.22809060347808155,0.1992904511046621,0.6658747264227602,4.652108556482512,0.3800142139458019,0.2864524496311617,2004-03-18
0.11191188873532676,1.2687332012505323e-11,1.1290560955147178,7.202884035346708,1.7168408969276656,3.024288291007445,2004-03-19
0.8549214214528618,9.585842498379206e-12,0.9958637666691506,6.303397993102911,0.2579952161619545,1.1506462112596954,2004-03-21
0.5641548106327039,0.10580187522972839,0.7070978143247663,2.185396495893884,0.07796868802831482,0.0993811032192326,2004-03-22
0.4486728695543119,0.13091207262342855,0.6646721217811435,1.2362583070051858,0.0019251608752494105,2.4781134038204437e-12,2004-03-23
0.2664321378310682,0.20503953240080047,0.5740927975085557,2.047511562406043,2.909355441823257e-12,2.909355441823257e-12,2004-03-24
0.28602814822136574,0.20115378198823147,0.49940982632118724,1.6409541457391181,2.4698459030071453e-12,2.4698459030071453e-12,2004-03-25
0.227628744550507,0.14611910664234268,0.4019263627457232,1.4959443593255892,2.1128261167021997e-12,2.1128261167021997e-12,2004-03-26
0.27384503776151087,0.14907302191606012,0.4781852590571196,1.482548462916417,2.241474185584088e-12,2.241474185584088e-12,2004-03-27
0.40190969998455983,0.20704270758306095,0.5832648280917244,1.6428515030536426,2.673134936522758e-12,2.673134936522758e-12,2004-03-28
0.3092132057084755,0.1675596308435998,0.522582548078689,1.6773335381264767,2.5458577849307933e-12,2.5458577849307933e-12,2004-03-29
1.3686223398301398,0.09973072244648962,0.391426951640786,1.7294485101034345,3.3737615971439373e-12,3.3737615971439373e-12,2004-03-30
1.2502541349012568,0.10752909370686688,0.2995929418311313,1.6024551074177649,3.1656496059983306e-12,3.1656496059983306e-12,2004-03-31
0.28351149589336044,0.15771870146011904,0.5321806783588164,1.8614469563370022,2.771999567644609e-12,2.771999567644609e-12,2004-04-01
0.26599287553539885,0.12949252723532378,0.39061197543769616,1.3850049171360144,2.0367055345423204e-12,2.0367055345423204e-12,2004-04-02
0.21442623211470732,0.11099678866578017,0.40007718940664944,0.9851851725857222,1.6185937173264323e-12,1.6185937173264323e-12,2004-04-03
0.18278219276125862,0.09930274367271093,0.4738865005099269,1.1574730367475408,1.8815301501516415e-12,1.8815301501516415e-12,2004-04-04
0.23412832611229917,0.07502094318211318,0.4921173591746811,1.195158884241477,1.9311091971855533e-12,1.9311091971855533e-12,2004-04-05
0.3192533690193317,0.06440141623656122,0.48499574330675604,1.8166286718177398,0.002244853883634922,2.6676926552930575e-12,2004-04-06
0.48755289711532007,0.040215025889898,0.6045488852927117,2.353189271664259,0.016117874986855272,0.03173091311464054,2004-04-07
0.09837242263395454,3.97649564882371e-12,0.4280584703162365,3.0455308247945645,0.09242807790918997,0.3296969599155947,2004-04-08
0.0791483620748809,5.0074573823015764e-12,0.465886629608083,4.22185275363454,0.08045159069008148,0.2517899772836227,2004-04-09
0.03248012826278267,5.131516006378541e-12,0.4724447534563793,4.309504553515053,0.07340176628250765,0.3470296627533415,2004-04-10
0.08461831282821076,4.10014562114561e-12,0.37239402526147736,3.118267771473784,0.04733311650932436,0.5050785354249538,2004-04-11
0.09791877970938742,4.114062044446928e-12,0.47690073461823745,3.318363571370592,0.06396401218001654,0.24977907334848812,2004-04-12
0.035423615051309344,4.394484775820383e-12,0.3616927385407055,3.723493145442903,0.08554111333875357,0.2887552389124426,2004-04-13
0.09106791989215175,3.975565458458318e-12,0.23847704742525286,3.3640428954013335,0.07033376298163427,0.2726637599014086,2004-04-14
0.32885337002831894,2.876131034432989e-12,0.3153821219601534,2.1358257890583223,0.015763630507644413,0.07807912225810075,2004-04-15
0.10543107840914552,0.005199489838311595,0.4374769636668213,1.7566963218528582,0.03189920909468949,0.04756169808139621,2004-04-16
0.4365628113703794,0.01854967654007574,0.3753359093760862,1.8693240628144627,0.023199639859743278,0.0312563778339109,2004-04-17
0.127305896214835,2.4566926223525826e-12,0.35294790516553287,1.9253732244953066,0.02580397767385015,0.023036234836208338,2004-04-18
0.1013917409563612,0.03100630295434695,0.4465934259146085,1.8604936323562558,0.015880504286690245,0.041525002925989984,2004-04-19
0.11800576747132842,0.0399672433130338,0.434379372229805,1.5246599652438713,0.012404515672073367,0.08286488550627916,2004-04-20
0.1388496054264187,0.043885158166726626,0.38692472795851846,1.2556940645852712,1.8346789322213883e-12,0.010718320858581449,2004-04-21
0.12504825263573788,0.055464387795627096,0.41162428335894463,1.049145718600851,0.006178109111192582,1.6102345889939035e-12,2004-04-22
0.22759599323165108,0.11413899113491811,0.40007199663735543,1.7627186716494112,0.014309463715663417,0.004164858415001623,2004-04-23
0.31645719309670056,0.05109772746361005,0.36786068792168997,1.2185360392926305,1.9619724065913077e-12,0.018912901014196435,2004-04-24
0.24046219163857865,0.044332299244405036,0.4074993196038645,1.3535037133120496,0.043136418162875216,0.06357070315208278,2004-04-25
0.13944779424078343,0.040875008002178165,0.36601628696426675,1.3795294987365716,0.015535438787770176,0.13735961633014204,2004-04-26
0.24594847061433842,0.03235800955334182,0.3548505406768819,1.4509042239747552,0.009773713890663185,0.10315678669835733,2004-04-27
0.20527104757865286,0.040528871435474505,0.41053570311360016,1.218370120868673,0.0048722344805936565,0.009909934159776772,2004-04-28
0.3927818748577766,0.025160042799124975,0.28731659050651015,1.2561002988686134,2.0093506229465125e-12,0.05384344075726793,2004-04-29
0.4398234838813134,0.02156451293922884,0.1510808377802911,0.8916938531663492,1.5354567295956797e-12,0.03217781965015907,2004-04-30
1.809321999717767,0.04967722438781781,0.06317359017799304,0.5080711361661343,2.3924325565474674e-12,2.3924325565474674e-12,2004-05-01
1.6369589457443867,2.325044579215881e-12,0.16018606718766643,0.699651834745074,2.325044579215881e-12,2.325044579215881e-12,2004-05-02
0.3502425766246509,0.04989265663952266,0.36044410993954296,0.9457135017981563,1.6522873356570189e-12,1.6522873356570189e-12,2004-05-03
0.8381206519050587,0.05003759750845853,0.36864118737460705,0.9189167392840589,2.1671720955040007e-12,0.000901628633287132,2004-05-04
0.12456802358533613,0.02334706481718621,0.45610804114269166,1.182586326229699,0.008058469052003026,1.7724285945375498e-12,2004-05-05
2.1254683039979083,0.040815874916348686,0.29463279161621625,1.9222866278328896,0.06653144230151548,0.016407202113164432,2004-05-06
0.08575668487525934,3.1818554283652645e-12,0.3742904291341791,2.5393382558942816,0.10094905347161048,0.10992024252446529,2004-05-07
0.0917601878121336,4.378097220435089e-12,0.4297877915445691,3.452688659503022,0.2010928489386767,0.17365706980423784,2004-05-08
0.15037282160753487,0.0040318652723210086,0.47381554360955025,3.053107495596482,0.1757461319939621,0.26256531459816185,2004-05-09
0.1406510705631185,0.01898215398438022,0.3864087470215514,1.572084358929179,0.12656484149114963,0.017035026736403523,2004-05-10
0.17489476335836016,0.08724564215708111,0.3850701970491716,1.071542529890187,0.013669706808847363,1.706433246117018e-12,2004-05-11
0.1567952297116444,0.08127254427560651,0.72174242219874,0.7005132906865941,1.6076087047607965e-12,1.6076087047607965e-12,2004-05-12
1.0549637841945352,0.018844433890469157,0.3505165613837646,0.6916981361740672,1.980207943177873e-12,1.980207943177873e-12,2004-05-13
0.133308680029791,0.08803191662000616,0.3695723532722642,0.9525670705143422,1.4618280524399103e-12,1.4618280524399103e-12,2004-05-14
0.21872513764290194,0.0940806851317756,0.4446649848277117,1.1922267866191851,1.8619664536349555e-12,1.8619664536349555e-12,2004-05-15
0.604514578679597,0.03883718991974692,0.9970236570529578,1.08465303390932,2.6208662421996745e-12,2.6208662421996745e-12,2004-05-16
0.18680352653229862,0.07399280649515326,0.79718307442885,0.9538449886747401,1.952953185061023e-12,1.952953185061023e-12,2004-05-17
0.09232747059005049,0.06517845633114898,0.46631011414439766,0.9710877560039197,4.976615541798823e-05,1.5524239380404866e-12,2004-05-18
0.13195507825034075,0.035005669660433,0.3627911223744445,0.9261700652021787,1.4072192659034214e-12,1.4072192659034214e-12,2004-05-19
0.14424664396044076,0.058639636789403836,0.5040415699887484,0.7452751776867764,1.4043286560862624e-12,1.4043286560862624e-12,2004-05-20
0.14490748962634034,0.045957916928818066,0.38568342226999663,0.6231365330291907,1.15460908487148e-12,1.15460908487148e-12,2004-05-21
0.11279599925371182,0.05235194706630028,0.38609696639725444,0.5645169752771484,1.0784099857345504e-12,1.0784099857345504e-12,2004-05-22
0.23866614684730417,0.05788369243462747,0.4491359253845733,0.6919538236316017,1.389917971615309e-12,1.389917971615309e-12,2004-05-23
0.1472923576431212,0.04614475701588379,0.49778246309205065,0.810562061399204,1.4542579370736624e-12,1.4542579370736624e-12,2004-05-24
0.19746918916669365,0.09046578040776515,0.4620497822867623,0.612911898918057,1.3299312791493953e-12,1.3299312791493953e-12,2004-05-25
0.259264588698989,0.06880777802776916,0.4687748420715418,0.4851067613398419,1.2370941377412331e-12,1.2370941377412331e-12,2004-05-26
0.21286458900529562,0.08921123645173948,0.5600864625377817,0.8534622304637036,0.05839291621405511,1.7382001697767924e-12,2004-05-27
0.22738920615183936,0.10292332236067166,0.41860048239163045,0.6989926600131762,1.385674270216899e-12,1.385674270216899e-12,2004-05-28
0.29364535151326915,0.08890594131019044,0.46050643069609976,0.9839503818963936,1.761744190344771e-12,1.761744190344771e-12,2004-05-29
0.2950924187823211,0.09977244063594684,0.46568057638685695,1.1138542099793907,1.889596811749121e-12,1.889596811749121e-12,2004-05-30
0.3175174753249522,0.06543109949550123,0.4564110660030396,1.0000217672565637,1.764415644293224e-12,1.764415644293224e-12,2004-05-31
0.30574647898898427,0.08590174437042805,0.550662139787663,0.9600210863919408,0.003915000113270202,1.8589349257656716e-12,2004-06-01
0.5209651129469117,0.10021675434185606,0.5540387387879496,0.6601974455602606,1.7628591558182155e-12,1.7628591558182155e-12,2004-06-02
0.33074725766782337,0.08176800029817276,0.7074623611338922,0.7159183823765701,0.2123348105331051,1.9910221891339347e-12,2004-06-03
0.44660553467677727,0.08571648569873634,0.4114695661954496,0.6841588101593178,0.006597851559777776,1.6028493553721138e-12,2004-06-04
0.591307910853716,0.09730131629607951,0.44960493111746286,0.6439335013431421,1.7364188128761112e-12,1.7364188128761112e-12,2004-06-05
0.5913528629577711,0.09404859924786575,0.44660544353280157,0.5756119239872174,1.656608868955033e-12,1.656608868955033e-12,2004-06-06
1.4584985692114876,0.11251772456439482,0.9418579088742993,0.45108032129696857,2.9341460315046855e-12,2.9341460315046855e-12,2004-06-07
0.7726135181198762,0.035000446973837,1.6271461976004555,0.3110465351500447,2.6880917269747397e-12,2.6880917269747397e-12,2004-06-08
0.794991778499948,0.05108111210109332,1.6262600602600932,0.41573873840867603,2.845157208209094e-12,2.845157208209094e-12,2004-06-09
0.5337622144387071,0.10032833582489467,1.401378835389193,0.3033784476048215,2.286225274766022e-12,2.286225274766022e-12,2004-06-10
0.5733623702707571,0.0784125842243726,1.613369447008774,0.48559744845698616,0.009115928809453524,2.726011398494148e-12,2004-06-11
0.48531185592448484,0.0220004261677005,1.4462387403569696,0.2594961369338055,2.153037835865279e-12,2.153037835865279e-12,2004-08-05
2.8870885740236086e-12,2.135911644970759,0.31004095332202747,0.37179280637325857,0.09913083457476704,2.8870885740236086e-12,2004-12-14
3.2505036212259117e-12,2.3493106776894153,0.3138013863506404,0.5004737730074507,0.07621347343230342,0.035442407708204594,2004-12-15
3.29249998760681e-12,2.144634005465604,0.36736154991859515,0.7422495747783724,0.0874687067042156,3.29249998760681e-12,2004-12-16
2.9661536633294694e-12,2.509252848331429,0.16634631653802023,0.2080716891650799,0.11863706649028016,0.09288458026312366,2004-12-17
2.8786005485326517e-12,2.560796585982686,0.04051888698309432,0.24891077105154152,0.018965873364088493,0.04929277314953155,2004-12-18
2.7714308924014027e-12,2.224897122374397,0.06732285745754646,0.48493614244016775,0.03188389553067582,0.0360439426053031,2004-12-19
2.9080892825729205e-12,2.350319224326091,0.14310203955952144,0.48982467144633157,0.006600106454210135,0.019898363338833096,2004-12-20
2.2409296245770345e-12,1.8343549890980146,0.10637526111216584,0.19866356320902065,0.13579522307488806,0.006888983497233732,2004-12-21
2.3888040990018026e-12,2.157208524870605,0.11979740250252613,0.1023015053789558,0.0923980363560905,2.3888040990018026e-12,2004-12-22
2.59561347793465e-12,2.177693878688695,0.22871616306547854,2.59561347793465e-12,0.19111792672366665,0.059981846680806125,2004-12-23
2.4313114051367093e-12,2.0176090007773695,0.1840754995682154,0.15472066587177744,0.08322979567385794,0.023154051998310447,2004-12-24
2.836429257817929e-12,2.423334337622171,0.13763527261580874,0.05852253323341405,0.050458845955644906,0.17620614607232093,2004-12-25
2.5179294954116167e-12,1.7590880810921263,0.229030623434503,0.3229146914321873,0.19210217767697474,0.07736044683879643,2004-12-26
2.754305297829408e-12,2.5457982111066233,0.08976034134772023,0.11102769191621945,0.10494424327444629,2.754305297829408e-12,2004-12-27
2.4126648855678817e-12,2.168497279711857,0.035146197127232846,0.22160628526198514,0.07726134738008655,2.4126648855678817e-12,2004-12-28
0.023946681819593037,1.8887390915359523,0.23476762868278878,0.36782559265324144,0.0686097665608981,2.523939805087699e-12,2004-12-29
2.389805397569131e-12,2.048785551131189,0.1461040675564404,0.269094180637798,0.06564648730715959,2.389805397569131e-12,2004-12-30
0.0206012156336032,2.005087470051944,0.14076416214860968,0.11190621010853881,0.2817516853213043,2.5282498955574526e-12,2005-01-01
2.784771604083489e-12,2.784771604083491,2.784771604083489e-12,2.784771604083489e-12,2.784771604083489e-12,2.784771604083489e-12,2005-01-02
3.626527532151333e-12,2.0737736681557974,0.19961991862216888,0.8846619871242997,0.43907837586030063,0.045969947653717196,2005-01-03
2.8527150005913214e-12,2.4112044948412654,0.18030638175347355,0.042913630440020334,0.270058510262217,2.8527150005913214e-12,2005-01-04
3.2981868581562617e-12,1.9958589288927056,0.3225856401255621,0.36899716959683637,0.5952061705049514,0.014260399497254685,2005-01-05
0.029106602282284247,2.5131229774304655,0.16443714446392163,0.4984986242602775,0.3701434674925866,0.000666396691316463,2005-01-06
0.017567540904107216,3.2806540372047293,0.007664469773030482,0.5092147202436594,0.2506079299714326,0.0682282734422953,2005-01-07
0.04398934350951651,2.2565867938206985,0.23795891829179003,0.766757729324918,0.14168567715206046,3.4285786496780595e-12,2005-01-08
0.102570347695633,2.063262523552758,0.12783942874616075,0.719599856373307,0.8379795522041117,0.1575873882711885,2005-01-09
0.08769306558041368,1.9895561649670572,0.5641776056120714,1.5560225113479214,0.18869902570567976,0.0037127534521873688,2005-01-10
0.3150579308706025,2.4137591739741056,0.3522648794348871,0.4088464398966271,0.09556003786770113,3.5212485235457996e-12,2005-01-11
0.006645468174085504,2.669426240071313,0.3005453740092161,0.22918877271023783,0.19801051739211306,3.3006452362909367e-12,2005-01-12
0.003302962095259422,2.3155042740257246,0.2477893485654091,0.20278695972021618,0.4425034089184942,3.1175472672750582e-12,2005-01-13
0.00013099173101015313,2.5666466054880703,0.2501888798180173,0.2530309976412404,0.681465920809839,3.6939349461902725e-12,2005-01-14
3.2795258763600884e-12,2.186535934034157,0.2369826647998256,0.26683520758602647,0.700733473326543,3.2795258763600884e-12,2005-01-15
5.176727753202549e-12,1.9755092595329586,0.16456009341734745,0.45087264105928765,2.621334436094623,5.176727753202549e-12,2005-01-16
0.04947744358653488,2.420950424724528,0.2606872077146575,0.4070546262715537,0.7502103755702141,3.7996409145143e-12,2005-01-17
0.026924603029424794,2.2100495826234705,0.219261539790768,0.642226955560066,0.4134985834133586,3.4276061767858898e-12,2005-01-18
0.1085681787476551,2.5592448237821652,0.25183207060966856,1.0797941510222462,0.6711669390134416,4.5209972176983085e-12,2005-01-19
0.039481789141160954,3.005020150700961,4.359499442893503e-12,1.289018141751105,0.19157789652111223,4.359499442893503e-12,2005-01-20
0.0420326065700801,2.330749857044285,0.22309452120424156,0.9882617263521477,0.2834902642912043,3.774613185378958e-12,2005-01-21
0.025372883245493305,1.9459565936573926,0.3075097991515454,0.9553989548164847,0.3564007811980982,3.5477126487441326e-12,2005-01-22
3.17932838021912e-12,2.4717792122974207,0.10377221577552612,0.2672115954420437,0.36766528770366924,3.17932838021912e-12,2005-01-23
3.1368511200151816e-12,2.491504315016812,0.0918656465103884,0.022859984343034705,0.5391444078202665,0.0076831756134304345,2005-01-24
2.510975641543921e-12,2.0689248964109885,0.12547085791035095,2.510975641543921e-12,0.5712134766520365,2.510975641543921e-12,2005-01-25
2.5633688692546623e-12,2.1021096303448,0.08217117707585625,2.5633688692546623e-12,0.6091957752135775,0.0045041184852316314,2005-01-26
0.02752339872783675,1.9289738086876325,0.1695486159439076,2.795835920964921e-12,0.8107554739888693,0.01844328197221761,2005-01-27
3.929080904870383e-12,2.2780235369511836,0.2140386306892986,0.15784937145957742,1.1468002206191694,0.1096370979445458,2005-01-28
3.3810259807193274e-12,2.0576957178394615,0.26711980129931584,0.02145540409558679,1.0449190781970987,0.03218528267363366,2005-01-29
5.307451201021461e-12,2.6390363021383436,0.22874205268543293,0.5152677097776646,1.6117689352818512,0.3706808345656653,2005-01-30
2.6386966510576935e-12,1.867446660303103,0.18521990874314576,0.2503276982422547,0.2938791542390059,0.04697647481923201,2005-01-31
2.5393162886952958e-12,1.9044138186767905,0.13302762646627617,0.14889310142513057,0.3361790240572718,0.058353138864401216,2005-02-01
2.566166058561815e-12,2.385794984340169,0.020543576787229657,2.566166058561815e-12,0.2812309397464447,2.566166058561815e-12,2005-02-02
2.946455136335284e-12,1.9389142621613027,0.31574985278241513,0.1878195944539203,0.5001073940956083,0.05817958702182271,2005-02-03
2.9825997505417097e-12,2.026415979327514,0.40924611993320653,2.9825997505417097e-12,0.6161429580640116,0.012875752095423895,2005-02-04
3.378708796029466e-12,2.571203695019092,0.3638421961190644,3.378708796029466e-12,0.5554343406305932,3.378708796029466e-12,2005-02-05
3.3888534725213953e-12,1.8921527698538103,0.4875529537428196,0.3951404958875468,0.6992245553642127,3.3888534725213953e-12,2005-02-06
0.001862134225870486,2.0247575515509597,0.4844063343744084,0.0863561998466319,0.6717012719128059,3.219578344006195e-12,2005-02-07
2.6712118427737527e-12,1.6799134277521777,0.293384286572596,0.22286151195937,0.5516318507558965,2.6712118427737527e-12,2005-02-08
3.400733393526468e-12,2.5495487246731505,0.2405626431202273,0.16413696786116222,0.49295185504650874,3.400733393526468e-12,2005-02-09
3.2730028135391896e-12,2.5119647216692833,0.46936335729634543,0.06741521427560791,0.29635141189972497,3.2730028135391896e-12,2005-02-10
3.3769700555544487e-12,2.757802914258713,0.2543104949882504,0.021688037815954127,0.43151828725686797,3.3769700555544487e-12,2005-02-11
1.8570102219384694,2.5050413797346547,0.20109326009689454,0.14916465778325608,0.45893036644860047,5.197382408816167e-12,2005-02-12
0.032484797378346315,1.7853852365807272,0.4884708861657239,0.05031460240185645,0.8387187288305812,3.143077403424875e-12,2005-02-13
3.681307632659449e-12,2.4504399518650968,0.29114335637622185,3.681307632659449e-12,1.1409371813661318,3.681307632659449e-12,2005-02-14
0.018905866076350596,1.7481147294999557,0.5266501678239354,0.1291736277158898,0.6861178919075864,3.0609708164100824e-12,2005-02-15
0.02531960439268504,2.547548021289003,0.320529495793516,0.17808923530779122,0.770780840789595,3.788474018673119e-12,2005-02-16
0.016578365864796135,2.450337889689417,0.33087918543871325,0.03671898693418751,0.30024388703962923,3.0653044953195977e-12,2005-02-17
3.3399088762538348e-12,2.7986209682272767,0.2670664106881797,0.17185998519187157,0.17291931268027858,3.3399088762538348e-12,2005-02-18
0.24311013278335203,1.5949856689010102,0.49911429853837447,0.4387324644692958,0.27477166655315705,0.26207944927842886,2005-02-19
0.0076517092370477595,2.5266580550548157,0.208641673169212,0.31435833610788627,0.4216192569828045,3.4017208735169313e-12,2005-02-20
3.080887840771872e-12,1.5859672847986848,0.4553159680503782,0.645285360996754,0.5349486052708436,3.080887840771872e-12,2005-02-21
0.08061574735690577,1.5028594575489782,0.48467042240026736,0.6807985728884085,0.21579166673668007,2.875445729875632e-12,2005-02-22
3.234675028012608e-12,1.9318865235998521,0.4770579893873903,0.5021850725677163,0.28848593053748006,0.09462702806706791,2005-02-23
3.80927217237108e-12,2.2409471208385034,0.4100109609026181,0.4442166761060227,0.8142124657395362,3.80927217237108e-12,2005-02-24
0.02543275756981536,1.6088052473988617,0.38101248701521484,0.536152963632305,1.2219080524244943,3.675435945932414e-12,2005-02-25
4.737069713461343e-12,2.5717176754958975,0.24342896186495863,0.3726875195768281,1.705343144068769,4.737069713461343e-12,2005-02-26
4.0028172621696065e-12,2.2918170733657552,0.8831721056455991,0.4707825298268385,0.535640689236032,4.0028172621696065e-12,2005-02-27
0.004564112607253935,1.9890708218524757,0.3970285094082412,0.6127789925357006,0.40105277868478784,3.283134269866396e-12,2005-02-28
0.04054681405745043,2.19002548094299,1.092212883115262,0.3784598637485703,0.24815244156248278,3.837071073678422e-12,2005-03-01
2.6324226594631067e-12,2.2245951721986668,0.31519016026320507,0.11562474484366068,0.040578544820332456,2.6324226594631067e-12,2005-03-02
0.008119224197783237,2.427176060795954,0.22271685508159011,0.07268947665840567,0.03566752812854031,2.698794881855774e-12,2005-03-03
2.8502945806805802e-12,2.0699539764825317,0.2924185356077728,0.09559582192481747,0.46295763100894144,2.8502945806805802e-12,2005-03-04
0.21424596323945272,1.7840125485520923,0.5097715325289782,0.4413763794774539,0.4114172939602599,3.269784585059997e-12,2005-03-05
2.8506307426772233e-12,2.2537530979561837,0.26628966430667456,0.07407120026970719,0.32299756876828606,2.8506307426772233e-12,2005-03-06
3.430068823309518e-12,1.9704287242113914,0.2752833277645937,0.4649185836902588,0.8933521764166221,3.430068823309518e-12,2005-03-07
0.02129604797258656,1.9344503821152326,0.37446419332025316,0.22461508443221995,0.6244232488555753,3.110847324492663e-12,2005-03-08
2.923914975945893e-12,2.360338795379604,0.13231938381002492,0.33534892213008105,0.20039760285473074,2.923914975945893e-12,2005-03-09
0.015393384852835855,1.6887859942941992,0.5281549684384454,0.36909664360243655,0.04526052383613526,2.6248922096012916e-12,2005-03-10
2.528076579040337e-12,2.1443978080196837,0.20998521734505723,0.3071038347371892,0.02636197451373805,2.528076579040337e-12,2005-03-11
3.055239995844402e-12,1.9322705440904704,0.46363263451510106,0.6783708048357762,0.08994247280345172,3.055239995844402e-12,2005-03-12
3.2312153524587348e-12,2.2835618996836033,0.12900483017740988,0.7703915240200718,0.12726724626443092,3.2312153524587348e-12,2005-03-13
3.4901231888254526e-12,2.4193051890375035,0.20321452550377472,0.45948414650077324,0.5242396728623459,3.4901231888254526e-12,2005-03-14
5.037165674187351e-12,2.2283204714333658,0.378105685819322,0.8582044719351111,1.8548367556549634,5.037165674187351e-12,2005-03-15
0.010958907503209658,2.172461833366212,0.37759713546011575,0.45395781524746626,0.764930138306624,3.689049936923307e-12,2005-03-16
3.2044841375442453e-12,2.1104586281453748,0.48561140492929217,0.5611417241093282,0.1258861682067063,3.2044841375442453e-12,2005-03-17
1.318383065297088,2.9825131218323437,0.3472808148663964,0.5398687014301351,0.14022949633296738,5.2317489022579954e-12,2005-03-18
3.106169758408339e-12,1.9378456497322487,0.35919648549815497,0.8073139598507472,0.12626430128843158,3.106169758408339e-12,2005-03-19
0.01484650111811511,1.962521752721703,0.29747320501818425,0.5341947823293657,0.16018720148354754,2.9229991292048812e-12,2005-03-20
0.053216074489419896,1.841159854623571,0.5399885430650965,0.4571939192760454,0.1365256314461586,3.026907995748426e-12,2005-03-21
4.754908586214359e-12,2.524802509266037,0.1975632252591349,0.9663027461647579,0.07312284200071474,1.0374378269214806,2005-03-22
0.05308778775331259,2.37600231592795,0.29112372181370105,0.649943264049782,0.17290094981002704,0.033474834289698094,2005-03-23
4.133355501642964e-12,2.9850888146374377,0.261040384911856,0.7872487675857124,0.1039268106560563,0.011957292308051964,2005-03-24
0.006270959174347224,2.8991619863390374,0.31698725953261314,1.5464806358364271,0.04421197479113937,0.12599874723620053,2005-03-25
4.4358546543647794e-12,2.474763675935522,0.30515176656639637,1.5410167268175425,0.07242434761197071,0.05512472825602154,2005-03-26
4.2865850549671115e-12,2.623404672719913,0.27739406710103953,1.4903578273450866,0.09153190419095598,4.2865850549671115e-12,2005-03-27
0.14724827707376048,2.767212845877717,0.24733509512728363,0.8964530035671088,0.11651594847538373,4.133227822893385e-12,2005-03-28
4.6277559671811485e-12,2.6155734326199056,0.12419017786049405,1.5391622519602188,0.41112348388745623,4.6277559671811485e-12,2005-03-29
4.924615124736849e-12,2.4513508131208868,0.4971991854135506,1.5583194691226556,0.6589824897623743,4.924615124736849e-12,2005-03-30
0.109792220502485,3.4162546656084407,0.5003795317171051,0.7172252699514958,0.03400237814197239,4.761109765008685e-12,2005-03-31
0.21835646403062878,1.837520887460965,0.5335984157275214,1.100451353473385,0.056393868581145014,0.10372266912569444,2005-04-01
4.479326536896665e-12,1.8751819034715265,0.6849208182945585,1.920322508422069,4.479326536896665e-12,0.053725402752391405,2005-04-02
4.528916364499075e-12,2.0013035803597745,0.6686183754455661,1.896057446550597,0.04222201884167909,4.528916364499075e-12,2005-04-03
0.200256588914267,2.206672054225512,1.088553370408377,0.6928553512028335,0.2343919743388968,0.03880267001392884,2005-04-04
4.045335800455426e-12,2.107347059817006,0.4385658420443101,1.2870555909237074,0.2379630701320314,0.006381987288795866,2005-04-05
0.07278281736811015,2.5738325414347085,0.29066239394300264,0.8474588857794685,3.784024913993349e-12,0.03700973293473157,2005-04-06
0.12204833739807165,1.857384177035787,0.41351299780658424,1.089282020048403,0.0457639840755922,0.12573225362436774,2005-04-07
0.0073009218196318625,2.254095653023444,0.7686611698844145,0.9943555194522007,0.13880086093377364,0.13320026418598366,2005-04-08
0.08136130276386767,2.4730375785023138,0.24674078773359398,1.0182337162969377,0.13646118597178367,0.11705642563192196,2005-04-09
0.055550169528233044,2.482702252695813,0.2564910269556628,1.4967807883618267,0.1354901593522215,0.07428997603918064,2005-04-10
0.08364410971249256,2.4012271264482274,0.37951658302000046,1.7577788473777536,0.42082640470429666,0.16037136553500914,2005-04-11
7.908680789300433e-12,2.8165974135263343,0.14811074650517056,1.6300562392741365,0.3724133406441678,2.9717644758648256,2005-04-12
0.07121275833709687,2.550976104645857,0.13106938343579305,2.4654425924502,0.509648053761295,5.601632066309033e-12,2005-04-13
0.13567065859953958,2.272071300132446,0.44347036928610545,2.36180935681187,0.5026006853693094,5.659348876282742e-12,2005-04-14
0.08522866439014136,2.747116044509258,0.14984103795998374,2.400655109052072,0.04689483575804456,5.381566583984138e-12,2005-04-15
0.2456114541474985,2.5205829142279277,0.2325560890508922,2.158556998932748,5.146180024465928e-12,0.03254128072098165,2005-04-16
0.3361777463081306,2.384365313753587,0.06449321283738382,1.6156361775841055,4.3653774629297214e-12,0.016899599975740667,2005-04-17
0.20384435323074585,2.55945699172311,0.22536799193583595,2.510111922801301,5.385115719097899e-12,5.385115719097899e-12,2005-04-18
0.08694281053362833,2.801728161981223,0.23652004464919846,1.9797732206424292,0.02578943468806263,5.062592731992323e-12,2005-04-19
0.18305333084063677,2.5335738812393607,0.08454286867197569,2.7937744702496987,0.04123732642542341,0.2188318138633766,2005-04-20
0.13990209514093493,2.7745056196696067,0.03261164177159123,2.563729326737747,0.1153624501096812,0.09808504111821716,2005-04-21
0.01581765910158943,3.090748347218037,0.018808377128029272,2.397492898017161,0.34478288581181626,0.13567832996766555,2005-04-22
0.12118722260465754,2.153053725579726,0.21253145339983195,2.6507299494597203,0.1495708340231254,0.14577467250185094,2005-04-23
0.14800641434683254,2.610057810226258,0.1086189575544745,2.406282218033442,0.13862179083174705,0.215971914866471,2005-04-24
5.048782556347884e-12,2.660020910368408,0.1120027701094962,2.1618000837864746,0.007385406471859302,0.17365332072155357,2005-04-25
0.04087165627112915,2.3615965980794145,0.15027661382033167,1.3181667909888777,3.94506601126968e-12,0.08213332320006221,2005-04-26
3.946295650124234e-12,2.2731656076057836,0.1671398572576866,1.524351816509189,3.946295650124234e-12,0.02337656752387191,2005-04-27
4.179734766051395e-12,2.3100902237192065,0.21807785119728185,1.5705512646222335,4.179734766051395e-12,0.15638526140566772,2005-04-28
5.214373095243278e-12,2.8875216126103505,0.11357282499948539,1.8663616121201638,0.06450879437632903,0.26330705169763924,2005-04-29
0.0002735474523430532,2.458460870355494,0.14633308867878417,1.844803257967504,4.700743729994795e-12,0.24099250651976298,2005-04-30
0.06405368103364813,2.080564546829373,0.12931568524128667,1.3237474069641277,0.012938591984889248,0.16480016063847028,2005-05-01
0.0042093331410986605,0.028029329198147938,0.10958851573339877,0.1334705486499873,2.897357460515044e-13,0.01814357442804764,2005-08-14
0.004985726255954231,7.011646219638908e-13,0.06450319266947421,0.19726630442157883,0.3971253526831269,0.05677710180196559,2005-08-15
7.308647528621097e-13,0.08530563911233628,0.12149613822315115,0.5512881486689415,7.308647528621097e-13,7.308647528621097e-13,2005-08-16
7.067837868055134e-13,0.06912127566924613,0.0906585602897696,0.622283917321342,7.067837868055134e-13,7.067837868055134e-13,2005-08-17
6.025635981026467e-13,0.052089856947277295,0.05071260373912545,0.4684507133973502,0.02756075483852567,0.00970120475258725,2005-08-18
0.037413095553463234,0.05434873686388541,0.093299846397967,0.19306016247088098,0.01645474762321117,0.02810833871152597,2005-08-19
1.1324221706089062e-12,0.07169138549926342,0.15743654029843887,0.8444535726985363,0.1226615676678202,1.1324221706089062e-12,2005-08-20
7.30361298351799e-13,0.07544750459606199,0.11720004321796162,0.5708145988930324,7.30361298351799e-13,7.30361298351799e-13,2005-08-21
0.031617603691052695,0.04912581785565399,0.12815693045430812,0.42372173784108363,0.0037308349901852152,6.24571261855978e-13,2005-08-22
0.02205420760759548,0.06235800530636526,0.0939408741839159,0.36871456878245307,0.02465443355139643,5.687616763614502e-13,2005-08-23
0.029426777925746064,0.040666248077466466,0.10142702505920428,0.1644261484660897,0.017284415316504067,0.015005580089916407,2005-08-24
0.058747097022337325,0.033895792707528814,0.10255298608590355,0.12813330457340522,0.009185064692253534,0.015732719065996124,2005-08-25
0.06351057976795371,0.0300093397743273,0.05318093258248496,0.1842952352325174,0.020010678680711075,0.03305358281098199,2005-08-26
0.04261815008690085,0.03551323532713054,0.08396786819087998,0.1084048444482872,0.011066586414215093,0.03682792816579149,2005-08-27
0.058929212391515065,0.024967676372792836,0.09857597668464577,0.12033743130558261,0.02919590079814892,0.0304124972996942,2005-08-28
0.0822236539054251,0.035230491162830696,0.05030591456042259,0.1801349815789567,0.026821558131022383,0.02796242115928498,2005-08-29
0.061167935530228944,0.02817379860328739,0.14947569230479718,0.1533956553344135,0.03584459072407289,0.005373769566771575,2005-08-30
0.04977310672599229,0.024019046612175212,0.1432681886598054,0.19473375327411138,0.02870437994381608,0.031341092151084805,2005-08-31
0.06658030402211824,0.028182412484159397,0.11736994716477009,0.22724104388932687,0.039391068467046146,0.03752213268091578,2005-09-01
0.14679479480821903,0.08313390535736616,0.08838646641630628,0.5286635175804392,0.07674696717841258,0.26202867967191923,2005-09-02
0.0814069016391491,0.05849035683178704,0.0479244301486802,0.7064582957758856,0.06616771980235263,0.12601670462129275,2005-09-03
0.05607851290251629,0.04370289103015984,0.05518984649222113,0.6651910226897506,0.07124015943664389,0.13230471577907965,2005-09-04
0.0367707306225256,0.0682787774745662,0.09900781669939868,0.6241471718754028,0.06668573955423987,0.043590603176619946,2005-09-05
0.023995891377393958,0.07433135493142308,0.11866769878743855,0.6194182937916097,0.027920743949734508,0.03561614216541357,2005-09-06
0.03551768055341427,0.048692830001972665,0.0635148437838562,0.469650164557377,0.09295017879478108,0.04699777428157312,2005-09-07
0.08414264835723005,0.03891624804294579,0.2716569841158051,0.3752135720930761,0.36789715723435673,0.06303780024014057,2005-09-08
0.12636380754774537,2.4838641665675228e-12,0.09615313580807867,0.5216778426862383,1.7128623198121695,0.03323373052981441,2005-09-09
0.033850262900671196,0.0008756874850139484,0.1981463932097877,0.5079874244195569,1.1447422120748278,0.01417724865752681,2005-09-10
0.06030803113036995,0.08631001264291079,0.05384634111434434,0.6803870440457753,0.20402464000180737,0.06420289713644886,2005-09-11
0.030974764488138785,0.07261580770851996,0.020216661618160953,0.5725520354793403,0.06358140280030504,0.053617308492644414,2005-09-12
0.04473364746634314,0.03034866568819034,0.10247802503263961,0.3455076321792851,0.01508518350721184,0.08689982496702538,2005-09-13
0.03176915528179486,0.03054483306435747,0.057090362203319076,0.2997192774304216,0.024224868021913468,0.0661960811380192,2005-09-14
0.06594965799147734,0.09784789981283544,0.0574818961321912,0.6131636003518943,0.026530512155387938,0.04046586646910735,2005-09-15
0.06916069070518803,0.08899309332394736,0.09418247928905248,0.5134543167318034,0.07308763860609825,0.04908416721176066,2005-09-16
0.043804647641393996,0.07568479125531358,0.0858531410030467,0.5288404328319856,0.061718957552710244,0.058369057657259846,2005-09-17
6.908302278484428e-13,0.03588431198834125,0.010624938304841612,0.5275319364529637,0.05059070556696964,0.07865050089068405,2005-09-18
0.05547155832242778,0.02722469609881794,0.11720663356863029,0.3731677627163893,0.09677949165543993,0.09360343421770571,2005-09-19
0.004806513896767137,0.02635830688548977,0.08770321851374932,0.7590593101329615,0.14691341219322548,0.31878430967923915,2005-09-20
0.06319583141194543,0.03656702988920335,0.09189502156235677,0.3459871583221009,0.32225170090725686,0.030303080716178033,2005-09-21
0.06670003126921031,0.05368543857450277,0.11071214274012774,0.4275027955109227,0.09366913731051874,0.03431455745915546,2005-09-22
0.08867243672816927,0.047201069399710915,0.16460196027168386,0.2912663486461765,0.07967308662186567,0.08311595845777867,2005-09-23
0.07355074678609815,0.05869486991144146,0.11212629858857219,0.2722029752729051,0.07962499232699868,0.0416370976235965,2005-09-24
0.045543466059066735,0.029247668896397214,0.04362379795761577,0.29017122449759614,0.09705366901097032,0.0635326543269277,2005-09-25
0.048959817972832075,0.07285337670062031,0.13653408781633553,0.6623348787483417,0.1701015070236812,0.08048013814342846,2005-09-26
0.019784720628599733,0.014512690634854905,0.03185931172192746,0.6556327610530965,0.33191906419281936,0.18447107144390087,2005-09-27
0.030575643206395796,0.012352899242095181,0.025269227805579116,0.3170264283911212,0.0762216710380049,0.04174025663523281,2005-09-28
0.05529815651548852,0.006708265231585234,0.007742966341668796,0.3102926465580044,0.03240044553181569,0.06059285082628773,2005-09-29
0.04649307775471905,0.023057589940875887,0.03696938350481734,0.4586850592192782,0.13444196968626232,0.06894869906278736,2005-09-30
0.037137446549417176,0.038606275645902875,0.02363705140428645,0.34308892636598604,0.13490692509993663,0.0607652070157365,2005-10-01
0.03017718227910735,0.005324225305375257,0.025987415969171736,0.3044138646263532,0.04156634193542215,0.03168236411652793,2005-10-02
0.015642516021786387,0.007994168595309457,0.0029727547661042163,0.21555688965725667,0.034506992973214336,0.06008375042306514,2005-10-03
0.002670131930762862,0.00010603994001461352,0.0024156542326062166,0.000893935773473946,8.389797894165225e-15,0.0024275775151156916,2005-10-04
0.002670131930762862,0.00010603994001461352,0.0024156542326062166,0.000893935773473946,8.389797894165225e-15,0.0024275775151156916,2005-10-05
0.002670131930762862,0.00010603994001461352,0.0024156542326062166,0.000893935773473946,8.389797894165225e-15,0.0024275775151156916,2005-10-06
0.002670131930762862,0.00010603994001461352,0.0024156542326062166,0.000893935773473946,8.389797894165225e-15,0.0024275775151156916,2005-10-07
0.002670131930762862,0.00010603994001461352,0.0024156542326062166,0.000893935773473946,8.389797894165225e-15,0.0024275775151156916,2005-10-08
0.002670131930762862,0.00010603994001461352,0.0024156542326062166,0.000893935773473946,8.389797894165225e-15,0.0024275775151156916,2005-10-09
0.002670131930762862,0.00010603994001461352,0.0024156542326062166,0.000893935773473946,8.389797894165225e-15,0.0024275775151156916,2005-10-10
0.002670131930762862,0.00010603994001461352,0.0024156542326062166,0.000893935773473946,8.389797894165225e-15,0.0024275775151156916,2005-10-11
0.002670131930762862,0.00010603994001461352,0.0024156542326062166,0.000893935773473946,8.389797894165225e-15,0.0024275775151156916,2005-10-12
0.002670131930762862,0.00010603994001461352,0.0024156542326062166,0.000893935773473946,8.389797894165225e-15,0.0024275775151156916,2005-10-13
0.002670131930762862,0.00010603994001461352,0.0024156542326062166,0.000893935773473946,8.389797894165225e-15,0.0024275775151156916,2005-10-14
0.002670131930762862,0.00010603994001461352,0.0024156542326062166,0.000893935773473946,8.389797894165225e-15,0.0024275775151156916,2005-10-15
0.002670131930762862,0.00010603994001461352,0.0024156542326062166,0.000893935773473946,8.389797894165225e-15,0.0024275775151156916,2005-10-16
0.002670131930762862,0.00010603994001461352,0.0024156542326062166,0.000893935773473946,8.389797894165225e-15,0.0024275775151156916,2005-10-17
0.002670131930762862,0.00010603994001461352,0.0024156542326062166,0.000893935773473946,8.389797894165225e-15,0.0024275775151156916,2005-10-18
0.002670131930762862,0.00010603994001461352,0.0024156542326062166,0.000893935773473946,8.389797894165225e-15,0.0024275775151156916,2005-10-19
0.002670131930762862,0.00010603994001461352,0.0024156542326062166,0.000893935773473946,8.389797894165225e-15,0.0024275775151156916,2005-10-20
0.002670131930762862,0.00010603994001461352,0.0024156542326062166,0.000893935773473946,8.389797894165225e-15,0.0024275775151156916,2005-10-21
0.002670131930762862,0.00010603994001461352,0.0024156542326062166,0.000893935773473946,8.389797894165225e-15,0.0024275775151156916,2005-10-22
0.002670131930762862,0.00010603994001461352,0.0024156542326062166,0.000893935773473946,8.389797894165225e-15,0.0024275775151156916,2005-10-23
0.002670131930762862,0.00010603994001461352,0.0024156542326062166,0.000893935773473946,8.389797894165225e-15,0.0024275775151156916,2005-10-24
0.002670131930762862,0.00010603994001461352,0.0024156542326062166,0.000893935773473946,8.389797894165225e-15,0.0024275775151156916,2005-10-25
0.002670131930762862,0.00010603994001461352,0.0024156542326062166,0.000893935773473946,8.389797894165225e-15,0.0024275775151156916,2005-10-26
0.002670131930762862,0.00010603994001461352,0.0024156542326062166,0.000893935773473946,8.389797894165225e-15,0.0024275775151156916,2005-10-27
0.002670131930762862,0.00010603994001461352,0.0024156542326062166,0.000893935773473946,8.389797894165225e-15,0.0024275775151156916,2005-10-28
0.002670131930762862,0.00010603994001461352,0.0024156542326062166,0.000893935773473946,8.389797894165225e-15,0.0024275775151156916,2005-10-29
0.002670131930762862,0.00010603994001461352,0.0024156542326062166,0.000893935773473946,8.389797894165225e-15,0.0024275775151156916,2005-10-30
0.002670131930762862,0.00010603994001461352,0.0024156542326062166,0.000893935773473946,8.389797894165225e-15,0.0024275775151156916,2005-10-31
0.002670131930762862,0.00010603994001461352,0.0024156542326062166,0.000893935773473946,8.389797894165225e-15,0.0024275775151156916,2005-11-01
0.002670131930762862,0.00010603994001461352,0.0024156542326062166,0.000893935773473946,8.389797894165225e-15,0.0024275775151156916,2005-11-02
0.002670131930762862,0.00010603994001461352,0.0024156542326062166,0.000893935773473946,8.389797894165225e-15,0.0024275775151156916,2005-11-03
0.002670131930762862,0.00010603994001461352,0.0024156542326062166,0.000893935773473946,8.389797894165225e-15,0.0024275775151156916,2005-11-04
0.002670131930762862,0.00010603994001461352,0.0024156542326062166,0.000893935773473946,8.389797894165225e-15,0.0024275775151156916,2005-11-05
0.002670131930762862,0.00010603994001461352,0.0024156542326062166,0.000893935773473946,8.389797894165225e-15,0.0024275775151156916,2005-11-06
0.002670131930762862,0.00010603994001461352,0.0024156542326062166,0.000893935773473946,8.389797894165225e-15,0.0024275775151156916,2005-11-07
0.002670131930762862,0.00010603994001461352,0.0024156542326062166,0.000893935773473946,8.389797894165225e-15,0.0024275775151156916,2005-11-08
0.002670131930762862,0.00010603994001461352,0.0024156542326062166,0.000893935773473946,8.389797894165225e-15,0.0024275775151156916,2005-11-09
0.002670131930762862,0.00010603994001461352,0.0024156542326062166,0.000893935773473946,8.389797894165225e-15,0.0024275775151156916,2005-11-10
0.002670131930762862,0.00010603994001461352,0.0024156542326062166,0.000893935773473946,8.389797894165225e-15,0.0024275775151156916,2005-11-11
0.002670131930762862,0.00010603994001461352,0.0024156542326062166,0.000893935773473946,8.389797894165225e-15,0.0024275775151156916,2005-11-12
0.002670131930762862,0.00010603994001461352,0.0024156542326062166,0.000893935773473946,8.389797894165225e-15,0.0024275775151156916,2005-11-13
0.002670131930762862,0.00010603994001461352,0.0024156542326062166,0.000893935773473946,8.389797894165225e-15,0.0024275775151156916,2005-11-14
0.002670131930762862,0.00010603994001461352,0.0024156542326062166,0.000893935773473946,8.389797894165225e-15,0.0024275775151156916,2005-11-15
0.002670131930762862,0.00010603994001461352,0.0024156542326062166,0.000893935773473946,8.389797894165225e-15,0.0024275775151156916,2005-11-16
0.002670131930762862,0.00010603994001461352,0.0024156542326062166,0.000893935773473946,8.389797894165225e-15,0.0024275775151156916,2005-11-17
0.002670131930762862,0.00010603994001461352,0.0024156542326062166,0.000893935773473946,8.389797894165225e-15,0.0024275775151156916,2005-11-18
0.002670131930762862,0.00010603994001461352,0.0024156542326062166,0.000893935773473946,8.389797894165225e-15,0.0024275775151156916,2005-11-19
0.002670131930762862,0.00010603994001461352,0.0024156542326062166,0.000893935773473946,8.389797894165225e-15,0.0024275775151156916,2005-11-20
0.002670131930762862,0.00010603994001461352,0.0024156542326062166,0.000893935773473946,8.389797894165225e-15,0.0024275775151156916,2005-11-21
0.002670131930762862,0.00010603994001461352,0.0024156542326062166,0.000893935773473946,8.389797894165225e-15,0.0024275775151156916,2005-11-22
0.013793561395197492,0.03832606339363273,0.05776003362767336,0.09541665571106371,1.9105626468248205e-13,1.9105626468248205e-13,2005-11-23
0.04944283132940512,0.01801134119787998,0.12409556343741832,0.10235555289040868,2.764050071866305e-13,2.764050071866305e-13,2005-11-24
1.6370177974723996e-13,0.023173986577744467,0.059256163740750385,0.0974235868989015,1.6370177974723996e-13,1.6370177974723996e-13,2005-11-25
0.006226719560957271,0.036022971795803806,0.13063754285741272,0.062421168143232765,2.254229761197049e-13,2.254229761197049e-13,2005-11-26
0.015298761901734544,0.0264994287297203,0.022612445349577896,0.09223112427461116,0.030184340092221557,0.002632968700227,2005-11-27
0.028417548659211492,0.028668028908544134,0.0812126333136075,0.18095148862810584,0.18729970194633672,0.015614591002442635,2005-11-28
0.05076482514307829,0.038868394248358515,0.12635650583421362,0.2271144450361362,0.1712121496494439,0.053241119077201145,2005-11-29
0.08690673651507702,0.038614868901546494,0.14995442981939003,0.39116007460469976,0.2850340320940196,0.08158466171502207,2005-11-30
0.11642607711664522,0.05031985362538227,0.15961651683045505,0.4097083794503755,0.22649728067601058,0.06896109600041414,2005-12-01
0.1233371502492523,0.04073782289895296,0.14134854524202115,0.30325048651610653,0.27908338792495646,0.04810272134820426,2005-12-02
0.11510136587931971,0.051519293811433914,0.1520028356160256,0.3416608088311857,0.2228670813103363,0.06043202989998506,2005-12-03
0.17152033672630293,0.024289941832279435,0.14423748438403425,0.2103290602919272,0.17675108549536786,0.02613378702294319,2005-12-04
0.12131920170761316,0.01777018869234567,0.04792848704957634,0.2184062402041814,0.2099564577149173,0.06829353868934464,2005-12-05
0.10168167343799692,0.018174347137796268,0.09873351193248246,0.21950936149730493,0.214521641125501,0.050900222327259395,2005-12-06
0.25131017349208407,0.08448237931083008,0.16113720912235685,0.5120156741741536,0.3605929878320623,0.07705837851024062,2005-12-07
0.2037873061903972,0.13964403901326367,0.15401504358630455,0.7410644334789804,0.7360258635472577,0.12975333868690725,2005-12-08
0.11506296056870753,0.04262200254427984,0.17328382975966855,0.2951213133293767,0.3965744882710441,0.07904119507004703,2005-12-09
0.1072148007615529,0.03709588710421089,0.16007067031932737,0.22458970181486718,0.20059928465735838,0.03623247649331863,2005-12-10
0.09426511639269325,0.024205160871444517,0.07919324397539797,0.3563525637809484,0.09768449231524162,0.0171882860982363,2005-12-11
0.10782893315510489,0.0062010790996039344,0.16214399467496676,0.48154697198984503,0.8882239361546851,0.052149374588493086,2005-12-12
0.04831274290947244,1.0519445382460752e-12,0.028632769618499927,0.28957035848866514,0.6535107597660703,0.047647821982977324,2005-12-13
0.12662338176932197,0.03413808530023163,0.10486099478095433,0.2957070905545827,0.7309224391826413,0.12470426060396336,2005-12-14
0.07526640375646466,0.01218587432454856,0.1676536429556978,0.30985076390895355,1.1473089172431674,0.4684064046167807,2005-12-15
0.1288935939965711,2.3712481952143916e-12,0.11323265661474163,0.3429282254281496,1.3686653367256674,0.41743314780300605,2005-12-16
0.10396015626640186,3.432525547726366e-12,0.12664505202780754,0.6167280991578182,2.6959147571555033,3.432525547726366e-12,2005-12-17
0.3219946192151018,0.06120284682185491,0.1578044101394062,0.797204625891735,1.275504062425484,0.046957392832394654,2005-12-18
0.1415018699567401,0.10831250918758564,0.06866407009355084,0.9454005005226152,0.5392222517741085,0.14572971080494992,2005-12-19
0.1379492061714315,0.11639096275511639,0.15458718724897064,1.4492374779470762,0.39956107832187066,0.029831038765810246,2005-12-20
0.2834273181636178,0.05344663826807546,0.1442032866657655,0.3780547019685473,0.31052438713139524,0.08907262888770846,2005-12-21
0.054100160307295905,0.10300288797554943,0.09736109491618186,0.9740245972554926,0.1295384778322144,1.3160274532580232e-12,2005-12-22
0.23775862767933817,0.09199566440485461,0.04029768828335049,0.9784721887274179,0.08546887698310528,1.377975013572417e-12,2005-12-23
0.1089632585515605,0.06756951482804034,0.05406619426814813,0.7058775475052471,0.17277584948557645,0.022569424141742678,2005-12-26
0.106378009199782,0.06231719109924518,0.1225089379724137,0.5706309259867465,0.3054846889911414,0.05569057104929321,2005-12-27
0.08785242965274462,0.06274320008774922,0.055112123123133905,0.5028517744555066,0.3299644274890961,0.14065917861067892,2005-12-28
0.07860843959070633,0.06226095749421562,0.07059024223454903,0.39276571769421936,0.3383711636057352,0.09614633778450599,2005-12-29
0.07262271944567661,0.032819564067331025,0.03809908130197968,0.2266917991558992,0.3018007993317547,0.04062030093752988,2005-12-30
0.07703487673369956,0.03297550564113116,0.05317188024662525,0.30912395388234043,0.5102545377264481,0.025198292118496408,2005-12-31
0.07972976238345109,0.00913323891615127,0.12469096913582582,0.4321317679918241,1.305653048573286,1.904262137793653e-12,2006-01-01
0.06417645342482162,0.02636089316243083,0.11084376619148345,0.6142077078352031,1.911129954095081,2.707826953370448e-12,2006-01-02
0.05537470504479152,0.013041977291954082,0.11758167716532804,0.4913934702370424,1.5884776386782675,2.232751376185559e-12,2006-01-03
0.0032669871622240504,3.102422262476669e-12,0.19644015607189927,0.4329933620311938,2.5760016462848863,3.102422262476669e-12,2006-01-04
0.05361361415886494,0.004006780196770702,0.09858090070328704,0.5440357238048841,1.5917766283221808,2.2351808705166547e-12,2006-01-05
0.05664982046051848,0.012184404241893716,0.05558957809095277,0.37773611369830595,1.1002763265526172,0.012228529602057852,2006-01-06
0.1163559824422579,0.026644344498803055,0.07986166548057763,0.3817419237566567,0.8605707792168266,0.05142637666656391,2006-01-07
0.13857289661166097,0.04332380412647229,0.0660811533496314,0.400255470503755,0.6220164980431214,0.09502894055088608,2006-01-08
0.14378500954502332,0.07056436236626201,0.03460823820793152,0.29360716333846726,0.39010050799808543,0.19830522561867664,2006-01-09
0.12288602290729714,0.04596481186692984,0.02674907531162686,0.31726650087211217,0.5477287405724551,0.04098019994677236,2006-01-10
0.18750642450810562,0.06300135438929419,1.321824058098119e-12,0.3201481981000552,0.6846972162998314,0.052093597005169974,2006-01-11
0.11631904889157299,3.5356261678022113e-12,0.024210623190191512,0.16667935699239408,3.388741849797436,3.5356261678022113e-12,2006-01-12
0.07140310702603199,3.992338994205961e-12,0.032896191958428196,0.25231106365181755,3.816745792023259,3.992338994205961e-12,2006-01-13
0.056513165410416316,3.236933522012251e-12,0.01973432656186869,0.5393176351744032,2.6075421438503588,0.11460640458871331,2006-01-14
0.11070724720153831,1.6005183968088558e-12,1.6005183968088558e-12,0.4666866445292506,0.8505386380378398,0.20220775413015094,2006-01-15
0.18062978496714338,0.009667786817357124,1.2989015776992537e-12,0.29719731537667216,0.5594383074941752,0.2651421331160107,2006-01-16
0.2962987939383622,0.10307520259497416,0.006715647599671055,0.7518480497489891,1.3486879463335901,0.23528508718893895,2006-01-17
0.2998786307038505,0.19958553994326164,3.2359868475206978e-12,1.0581468816355697,1.4455668098275751,0.16833072133645105,2006-01-18
0.2465687674765477,0.07526980586779601,1.2808995039490524e-12,0.352744370615487,0.5346930173803265,0.06594072338356033,2006-01-19
0.18937095014237423,0.07959601473045126,1.5127591525057339e-12,0.46093828572263035,0.6338764026969337,0.13310537001906578,2006-01-20
0.3026357214765468,0.03029096109400514,2.2737705874385764e-12,0.6016772030924129,1.1294242142868267,0.206467043340356,2006-01-21
0.24709448462663647,0.1055187753129449,0.05050636317864181,0.49149812529740966,0.5579421281522804,0.0858566094144222,2006-01-22
0.14817693352198158,0.019085782273119557,9.719533657953705e-13,0.39190326547847315,0.31143209950698525,0.10198725482228035,2006-01-23
0.1611907402286126,9.939806524642405e-13,9.939806524642405e-13,0.3738629075623684,0.40651723802455764,0.06236954735634835,2006-01-24
0.1602013799958383,0.00989205156582344,9.17731920097078e-13,0.3355538778097096,0.3920863330001097,0.03090175082732289,2006-01-25
0.2115300283346075,0.09654217121448544,1.2476825626258606e-12,0.4424431204320253,0.4556018401954532,0.03702185235728173,2006-01-26
0.1587679165316696,0.008393320282963156,1.5882094554934785e-12,0.2430087836804771,1.1634988714740673,0.010162551381089489,2006-01-27
0.2816276133470316,0.0767613868601296,3.064172790245336e-12,0.5778046510732833,2.0467995598006685,0.05255221637489153,2006-01-28
0.194135305869535,0.05274924550650232,0.05293816290205955,0.4063396555711428,1.4812149881587942,0.017657089799496227,2006-01-29
0.14468870575178625,0.01617805381356334,1.541637813018861e-12,0.28103453189061695,1.0846300165872431,0.011930047414646988,2006-01-30
0.18291401097524726,0.04008212334446292,1.3770648882501205e-12,0.3839976620348314,0.723853322898894,0.047479596824633014,2006-01-31
0.20321919152893259,0.07843192249399347,1.0431454394647406e-12,0.3661852589709458,0.3654989484348882,0.04024162991690752,2006-02-01
0.18667992855778678,0.08967565007777656,0.09504045846596347,0.46999848419057216,0.331577780358201,0.0915938723219247,2006-02-02
0.2177524640891759,0.12171760064511702,0.09027443261654312,0.6100174824357265,0.3579130662371891,0.07930445012406705,2006-02-03
0.1361928755891384,0.018807927355147226,0.11047426078483379,0.35892201801620677,0.28459292609039655,0.015697029870772067,2006-02-04
0.19745367521570706,0.10660789001133672,0.06139746129871628,0.719854951172881,0.4193581502976531,0.10229624049662703,2006-02-05
0.16801672923856345,0.05355954267378168,0.08742087072412756,0.5278534633912224,0.20259899911303408,0.15686476181663636,2006-02-06
0.16264567106019684,0.04424470008480513,0.12281802717279892,0.4291580113084761,0.4151622002454535,0.06578643471984406,2006-02-07
0.13787262065677042,0.03685497585160143,0.056770839976001665,0.3786454515338366,0.591093058603593,0.06815642446286564,2006-02-08
0.16581275044358731,0.04572244953545435,7.688796194844034e-13,0.2983102707284818,0.24274864422354478,0.02452305339864358,2006-02-09
0.16113659350785167,0.11682201935770299,0.05129407634635563,1.1458597079258455,0.18869207629045376,1.6070290284561015e-12,2006-02-10
0.24859843404941986,0.04913557705250231,0.02194917291109019,0.27209154839656563,0.14469309145511466,0.03436676287438117,2006-02-11
0.2080574156381772,0.0810008296541841,1.3164673500615876e-12,1.0284682447883566,0.040681110580616985,0.012437247084657913,2006-02-12
0.11326915999564346,0.05613793830080049,1.5502080239330277e-12,0.9947991846127872,0.38428870445583174,0.03177109601933853,2006-02-13
0.043884297512833965,0.09493338830715747,0.00563743103356727,0.9915858157529727,0.13525758438726934,0.07602399518981771,2006-02-14
0.2041670624462359,0.0934148581360717,1.1518677540290648e-12,0.6948037242891622,0.14027175169974676,0.05171677440447249,2006-02-15
0.17433800893487955,0.06863241310120116,1.0753461156788295e-12,0.6030612922009081,0.16347043051634047,0.08305443052846012,2006-02-16
0.10404581455043607,0.0474995086855854,9.347542235628767e-13,0.5770304813457072,0.18486853984283524,0.045096234730238285,2006-02-17
0.09769413999800153,0.09197485246950761,1.6864110567874169e-12,0.7935226281627776,0.5880725991424275,0.12248216168266729,2006-02-18
0.0796943369309518,0.01855192463275047,1.38199479011181e-12,0.5727462979136358,0.5423209499482445,0.17912874298219733,2006-02-19
0.10610868864058923,0.002470295629258563,9.042702662617425e-13,0.34949423844885563,0.34336953348023996,0.10460731468117006,2006-02-20
0.2097254003530491,0.09957511804846325,1.3294248233046804e-12,0.6070193126243028,0.312812370922742,0.11123767699612194,2006-02-21
0.16720527679213315,0.02879929540416935,9.815218372824748e-13,0.37665220696519897,0.36305034077503046,0.0530232498338027,2006-02-22
0.4613883963984356,0.036394893750005625,1.51339855520446e-12,0.4290581285786211,0.5532512940803578,0.061285541113299105,2006-02-23
0.1427199220204652,0.023902260998152295,2.017658100045266e-12,0.6094435007414064,1.181818530194195,0.059491071763918886,2006-02-24
0.15046848528664394,0.02202473717518496,2.149605801251519e-12,0.5133785036399073,1.3759031744442085,0.0815669433524051,2006-02-25
0.13617630899611843,0.01569011167893331,1.7675290166830666e-12,0.48609276501830934,1.0379694701222835,0.08262723422244589,2006-02-26
0.12504838124868414,0.054213505504653016,1.6206547759186458e-12,0.8132375017604664,0.5452441812949012,0.07821205295552719,2006-02-27
0.15227795117877233,0.0464442706837645,1.1524984371827307e-12,0.49996730331708056,0.3479287080844268,0.10653533259229918,2006-02-28
0.16654101512037872,0.0023106916126144133,1.0787633472398462e-12,0.508029794199456,0.3272826703501307,0.08225960165922082,2006-03-01
0.15771823527533013,0.05093877034881007,1.3125134186219338e-12,0.7667324399110029,0.2742908278102436,0.08743707330489905,2006-03-02
0.15987519576656536,0.07371065570392536,1.9373963226202253e-12,1.1719342802713955,0.3464048395245474,0.1911513203867888,2006-03-03
0.12796638619237927,0.01816968437289489,1.6853350510342758e-12,1.1271596230380574,0.1845498220060259,0.22196974957582433,2006-03-04
0.14895264927372437,0.02912985586178238,2.2041411511091884e-12,1.4562473029007372,0.20379630514324656,0.3526941802289337,2006-03-05
0.13182004111672774,0.08046354964770251,1.9901398102180314e-12,1.1817383362768548,0.32461812304013743,0.2786418542776786,2006-03-06
0.17028454013580072,0.08414656107787838,2.0270106033803707e-12,0.9901790455890187,0.6098333883300693,0.18017537554530771,2006-03-07
0.1445231795835452,0.04939167369203174,2.319802899595763e-12,0.9358453048014375,1.042079180524732,0.15567413617899267,2006-03-08
0.13886305093265605,0.08104343727974105,2.3102516890267003e-12,1.2130790617608842,0.6696752657693166,0.21987846810145154,2006-03-09
0.12763201107473532,0.04650716416306208,1.860823575214684e-12,1.1383138951945915,0.3380913713410517,0.23666817060929057,2006-03-10
0.15439170860037713,0.06190584701968531,1.6702164322567193e-12,1.0764490463740548,0.20133445395284846,0.2010538413381414,2006-03-11
0.14200168050584777,0.03644515162084882,1.910008561476022e-12,1.2291142976479188,0.2618080845004461,0.2498303317463128,2006-03-12
0.13819241712931185,0.0798000937211189,1.8223353100052707e-12,1.231023030883943,0.1941562869071305,0.2021968397995319,2006-03-13
0.12559391785744992,0.06274714079377401,1.472036875213434e-12,1.0308145789395553,0.15613243769824944,0.12544092390426337,2006-03-14
0.16187591992162445,0.10575365215392175,2.3140913172114873e-12,1.6937449891419134,0.18406147487896019,0.19035615925603835,2006-03-15
0.15198232211643514,0.08695018164203547,2.988545194466517e-12,2.310644332753991,0.06507380909800414,0.40945779328602017,2006-03-16
0.17263655720161644,0.1148304203406008,3.1480779189905777e-12,2.463591477283374,0.051310713273630376,0.3989921542335351,2006-03-17
0.15361248857837312,0.08513592869754301,4.493036875998945e-12,3.4181734498999496,0.2048802422697859,0.6515405864127277,2006-03-18
0.13196558019396856,0.07376894071542263,3.933968997827583e-12,2.6735058353386676,0.5742601059561112,0.512789761881792,2006-03-19
0.18351003899983215,0.09525343944567011,3.807260924180595e-12,1.857031162109914,1.583141619711574,0.12133423661780696,2006-03-20
0.16745254725590342,0.060585141631448354,4.1516436099994895e-12,1.7008609767737715,2.161342991657059,0.08966985737730208,2006-03-21
0.12390881391176976,0.09114661984181988,2.5544428796090635e-12,1.5696444170847546,0.5398733984100477,0.26625356050797855,2006-03-22
0.13805633889888827,0.05915826420313096,2.1146445403740053e-12,1.5281419895289376,0.20975952917966464,0.21268810129336405,2006-03-23
0.13360808882730826,0.020023652488411318,2.241125690717833e-12,1.6715237437422226,0.14253020497651622,0.2795350083970395,2006-03-24
0.11599118745121303,0.015259152474847803,1.933821327933798e-12,1.4853427406644575,0.15333800151182167,0.18350370780225272,2006-03-25
0.10323859094460601,0.05462236213111571,1.554560834501517e-12,1.1597730515528764,0.16198077950215592,0.09957089736525992,2006-03-26
0.10157254066386769,0.029614148752825482,1.6737908159458563e-12,1.1790818638255256,0.2705165495622227,0.11870470103335587,2006-03-27
0.07499299093489951,3.5569644703489266e-12,3.5569644703489266e-12,1.720674467676904,1.4682690285054953,0.31958223118169615,2006-03-28
0.06036031151348106,0.01644466268616455,2.8220478913195962e-12,1.3660904051416618,1.2688261984164027,0.12582448682909916,2006-03-29
0.09196265029316651,0.047296192855173676,2.0441250715873235e-12,1.4153183022587414,0.4495719809478254,0.07194469774110328,2006-03-30
0.10070736329683208,0.08283026141146199,1.9213152516071734e-12,1.4977669877445814,0.18354498544338885,0.09841092082487893,2006-03-31
0.11219830099245877,0.0756586156197504,1.7484868293419402e-12,1.3478832258079143,0.12244689314731703,0.1302956339651469,2006-04-01
0.11010517465797112,0.07273969932424407,1.8519619848891034e-12,1.5515006888883456,0.0069219586329210235,0.14092463938614505,2006-04-02
0.09524353109246216,0.06297265484026755,1.999679111619477e-12,1.5363863439611403,0.20077194855590036,0.1388489531012869,2006-04-03
0.10660898973057283,0.029170404174523604,3.151533947820231e-12,1.647680674990493,1.199180738872372,0.19291641097963888,2006-04-04
0.0732474247725937,0.031609945068567846,2.3459532983540313e-12,1.517581619006999,0.5664968320868305,0.18129853845305402,2006-04-05
0.1416799382450439,0.06862959694347413,1.9717495803607367e-12,1.2613153448476102,0.3800168180897727,0.14430320902421404,2006-04-06
0.1202257257689046,0.02898906093705062,1.6651674716632203e-12,1.1734685166471384,0.27021894382089295,0.1050778382827318,2006-04-07
0.07490854201020372,0.008016870611772201,1.8266396718050446e-12,1.2211816791098145,0.37433109414088894,0.17168832623581137,2006-04-08
0.04379191568596208,0.0014690992358560209,1.4234662725808756e-12,0.9165992460160898,0.25946307208216285,0.21210344065052555,2006-04-09
0.06436754030685261,0.004137599592514796,1.1754313114401606e-12,0.7630263186616523,0.17425854175687552,0.16180218267858704,2006-04-10
0.09830736816310047,0.03125680329195895,1.4642053111479347e-12,0.7558839246271845,0.25669229700372004,0.2999467185750873,2006-04-11
0.05464524839677551,0.01675568282548192,0.002982683018727735,0.5521738327736434,0.6007426131692629,0.26842818252151107,2006-04-12
0.06857772859875427,0.0007751150040891239,0.0007085069039514163,0.22535909258770406,0.24430211798738016,0.05357757248763878,2006-04-13
0.09128069512505643,0.0432859753424173,5.746121500047806e-13,0.2661675711990183,0.1299194788925514,0.029168072031690754,2006-04-14
0.03684773997107088,0.007488050006026482,0.0003088358247145061,0.10455928148771906,0.07311002923445635,0.052558175458097246,2006-04-15
0.37059061644516217,0.5865339210619936,0.08160599496220355,0.4322860113454008,0.005570484036201401,0.44942000538375587,2007-09-02
0.7259378167991722,0.40658551910162005,0.39578145931801223,0.42439790788734766,0.051250278703217175,0.43027369559004075,2007-09-03
0.34887771264977796,0.799592688150494,0.37095552338849336,0.20966775737327678,2.1453567445861592e-12,0.3982380044348633,2007-09-04
0.8775222092287891,0.6869352751568663,0.46494399661831637,0.6416251728021837,3.052110080522591e-12,0.37549009848369874,2007-09-05
0.6373010577175352,0.6267775727533721,0.6026007515509363,2.273560723856269,0.06334956894126266,0.5085336488767369,2007-09-06
0.32011871986245394,0.6176060450791275,0.6197781419762685,3.089193544180305,0.07002104923594443,0.6656706586263427,2007-09-07
0.47882471056602033,0.5187416347398394,0.3658662697789337,2.8248012241875022,0.03257119238713858,0.5284683605125912,2007-09-08
0.4295698990832126,0.5965286628025751,0.4301597488547025,0.4145937270181016,0.0315642471908142,0.4187334441762737,2007-09-09
0.494461946834309,0.6679274184249842,0.4218088603616667,0.5770326464255306,0.03661980377394243,0.3630446103121116,2007-09-10
0.3575501864500788,0.597166914458088,0.37784147626923925,0.8499566264039528,0.04239655348028326,0.4227095209860706,2007-09-11
0.5084309122947404,0.6659272929055029,0.4498370471648521,0.4018193921806047,0.06370232683459726,0.43705495278372025,2007-09-12
0.4900665584189207,0.6280888443246279,0.31387882923235827,0.42186191946816437,0.05180197356144827,0.3956660719097721,2007-09-13
0.45473610699928185,0.6739146371014164,0.3576821289701741,0.5336563950649562,0.04196217065960448,0.4245551346503125,2007-09-14
0.39984924226597934,0.5953086107661144,0.49795224062345056,0.8168751890779438,0.032684962398659506,0.42233065859994656,2007-09-15
0.4449503939978478,0.7899692385990374,0.4955054998306607,0.7665879892893643,0.42048340916886306,0.38961970062665674,2007-09-16
0.6291259271397959,0.5609012179904845,0.532727851273566,0.5375424672100722,0.03144595894439962,0.45357117965755417,2007-09-17
0.45250496006562213,0.4720869158142995,0.0962622024429151,0.7865214143260401,0.05555126796393236,0.4039628639896685,2007-09-18
0.516227352906693,0.611756682152509,0.2273315836696818,0.4367361908788165,0.07621144499887199,0.4519463650555619,2007-09-19
0.6439128100840136,0.7903526507718319,0.27442663252368316,0.41533163789535466,0.03788130774303968,0.36076724044303266,2007-09-20
0.7534796653529224,0.6221827026606598,0.30186614482815366,0.548200077646244,0.023836548767097065,0.3978505281243815,2007-09-21
0.6399634181664857,0.6357260894459026,0.37714180199338243,1.1043988037690529,0.09807428160242145,0.5118753293374799,2007-09-22
0.7000698493665269,0.43787179701409906,0.38530243890012367,0.6731844202887552,0.01658652213435461,0.3860922248764394,2007-09-23
0.7368523144672622,0.5357603066362111,0.4490812809629656,0.7996498385163574,6.686230592825273e-12,4.1922927807622745,2007-09-24
0.637731398920251,0.571171742852589,0.08663016254610646,0.4929224543809736,0.08897455524856539,0.47399832816526727,2007-09-25
0.7850493054830152,0.6537517147498249,0.34426211227423154,1.011526973308516,0.18680890634946412,0.523222990270984,2007-09-26
0.7153388234448564,0.588394991186683,0.1755622092851906,0.6199389437623088,0.11687687489303054,0.4123824916025851,2007-09-27
0.5368091042351428,0.6145454338365043,0.14277094953812047,0.5071202805658587,0.03778106420942538,0.41772058072249507,2007-09-28
1.0493389820038008,0.5436388738187012,0.09748674835023179,0.3479865800523361,0.03027939190120438,0.4517948347539983,2007-09-29
0.626439956478817,0.7439518267358518,0.17207444404530164,1.0617248872272316,0.3097627285359295,0.5479055074873161,2007-09-30
0.43035697023206704,0.6270194744535679,0.27912877039902556,0.8234853327410744,0.1848714981606112,0.4711634231510386,2007-10-01
0.425112521429606,0.6363949632798489,0.3796334315978406,0.6989038197174603,0.033786293449466466,0.40051812942253634,2007-10-02
0.22144147123803842,0.6175681418519344,0.13451099108564663,0.5910228834921275,0.3721530748565592,0.3892210912517252,2007-10-03
0.4053483042305517,0.6958132114581462,0.10726292256283539,0.570552892174654,0.3457249107989411,0.4828126138900899,2007-10-04
0.36056584019249766,0.5747219076751523,0.13984565483283928,0.470730600220488,0.030252203369782103,0.4239797661885577,2007-10-05
0.3914019449591145,0.6822236933437232,0.131953294522782,0.3807796780510703,0.024135136621750184,0.39352675230537876,2007-10-06
0.37057865794499295,0.5046574475840314,0.3120203684712121,0.6412495863706412,0.16084015447126643,0.43613137063743596,2007-10-07
0.34620975519186914,0.6846464996003094,0.19025789702837953,0.5164746760626558,0.143053915512238,0.435434093824681,2007-10-08
0.3992067373209081,0.6575775542226749,0.4204442761149406,0.5852825253280821,0.04593253052814063,0.43427534998222533,2007-10-09
0.37605446321565794,0.5031704642106181,0.19318050802762657,0.3845015161576653,0.10230799355239417,0.4454595351186483,2007-10-10
0.5021005151011992,0.5650802446689654,0.03345432966702592,0.19653292003356665,0.202393170936695,0.49477990299676305,2007-10-11
0.5613370456881721,0.5145815885796456,0.010999051037899473,0.5340353208366801,0.11564935173142135,0.4628104046488006,2007-10-12
0.6686622877913595,0.624390854324236,0.35207577867777146,0.594812860658214,0.09418355913923139,0.45595364262996346,2007-10-13
0.38738264519441645,0.5257572251635438,1.7495835012355042e-12,0.32559759020308576,0.0994348350403009,0.39980548175840064,2007-10-14
0.2920460042205604,0.5264215399481095,1.412358195689791e-12,0.23582369063937017,0.052753567179772906,0.3766605907064273,2007-10-15
0.23350603935704944,0.7374295792606039,1.6179732503267697e-12,0.26823832310773676,0.10686307042684555,0.3736984028700877,2007-10-16
0.3250063226416345,0.64983589676293,0.11377240643483917,0.2904378014160999,0.010457028353998163,0.4849452186312702,2007-10-17
0.46612853170860097,0.5281886411222203,0.4130651260880189,0.7170819190016636,0.30078716904139013,0.49867022228820457,2007-10-18
0.4708395826696688,0.7248238758584243,0.4727809686454276,1.1121096127896695,1.2656288977678052,0.30716207962343084,2007-10-19
0.6698619778722161,0.6629969223352185,0.37914767009062533,1.5114647282034508,0.2874250408287613,0.29198451967823436,2007-10-20
0.45842403852118835,0.7594721252727343,0.4838498249953035,1.1148156363080421,0.055792615283555586,0.38019767120916836,2007-10-21
0.5182314701194484,0.6489315215166347,0.40411115327260533,1.0347535718787282,0.006290996913637551,0.3578639620184433,2007-10-22
0.6387598766452023,0.6287196056700021,0.2692609864975507,1.02884672245011,0.15108706621789858,0.5976479542285643,2007-10-23
0.47568979453278654,0.5375914945303802,0.38563217043903725,1.8693215196833328,0.10898958796723646,0.7159677315806954,2007-10-24
0.5387976265622031,0.6371003272084641,0.3192790926223996,1.8244527308688971,0.15990349878274643,0.4405874718303621,2007-10-25
0.36880691574613456,0.7127515260634724,0.3316513196961006,1.2127368559428429,2.9566770520671153e-12,0.3385776435346705,2007-10-26
0.5519578356045984,0.6079803589600664,0.515616213860638,1.6051781131660814,0.0012822717895791288,0.31008616070362427,2007-10-27
0.450891516655694,0.6425432041221831,0.3902849960063302,1.3355892772330056,0.12889086895468505,0.30568452621661346,2007-10-28
0.7735670544529861,0.7927169796922716,0.6136701108198734,1.092099506669025,0.14221996390296546,0.32982935957089493,2007-10-29
0.6410822431441292,0.6801369940699846,0.35918531522936636,0.6876012356972082,0.33707476835595024,0.42084035687365695,2007-10-30
0.43908645965783194,0.7544781856560123,1.413017207161313,0.955114924157766,0.07336844300845326,0.686510112419249,2007-10-31
0.6751017118888839,0.6631776383715804,0.5728406197317,0.7221036126858407,0.24381926455295447,0.4119205281752219,2007-11-01
0.4895835593054953,0.4603430807230905,0.1294463889935564,0.33032003074275124,0.07493058878752168,0.4522649468483132,2007-11-02
0.6127517213476088,0.5297748064548373,0.01313784955015318,0.3603974206224036,0.06704238865306178,0.4013431612614041,2007-11-03
0.6653448581314334,0.5550492031358293,0.01933447678354263,0.46420711053101765,0.07138376969299934,0.4099924041123418,2007-11-04
0.5872741724160758,0.6062384298431414,0.27658676298453777,1.2566370386723476,0.053845120683287326,0.3941213275281872,2007-11-05
0.8013305163411701,0.6234452124802564,0.17837309225889797,0.6747745824285005,0.1881315971024245,0.44159598457851695,2007-11-06
0.5135550954123338,0.6087071446198827,0.3688799496907216,0.41078902226264896,0.07414443468199826,0.3604875548490659,2007-11-07
0.4918800492663172,0.670559842612654,0.15404394362874907,0.6805834991689974,0.09742209255541666,0.4123226112191673,2007-11-08
0.8615218352442463,0.5983587109461169,0.18858301082715642,0.7605850082942308,0.05630088646188612,0.44088120028277483,2007-11-09
0.5945579226591025,0.5472252778659968,0.12174427932251101,0.6142405551732978,0.06170198513729116,0.44899178095484893,2007-11-10
1.483275984741777,0.4781741302072919,0.4035046663909799,1.0713216712148648,0.01149070642840598,0.3426615698386693,2007-11-11
0.5891626033258688,0.22206708668032782,0.4338977157504754,0.6335700436585309,9.857367361671894,0.028805181045716742,2007-11-12
0.5102257188623212,0.6169502127785806,0.2571048369414028,0.5945668437466906,0.09126829277997985,0.45443193029376555,2007-11-13
1.0828822263275215,0.5919777473296031,0.6288897627644081,0.8930918881166017,0.10242297206100888,0.3933939971079274,2007-11-14
0.5456275184977132,0.4356283956052197,0.5108538132112053,1.1142139945263714,0.71619240079162,0.5686686963760553,2007-11-15
0.47365748649244704,0.5870469060149973,0.3095874367678905,1.0511925338852368,0.11000512955259599,0.576610072239043,2007-11-16
0.4547305977907956,0.6760175474410017,0.48200467203635616,1.277977130300988,0.037282742042906776,0.4673147794838221,2007-11-17
0.7886120784920762,0.6511708380763126,0.11793830433261342,0.6115401493382002,0.004630930616875697,0.35775942000253413,2007-11-18
0.6665262950944554,0.7968920244798634,0.4313211018074127,0.5599542089187235,0.017071535210790575,0.32362932746045275,2007-11-19
0.3737894573452599,0.6680534145684004,0.2546660807379919,0.5597132771838413,0.03506203129804341,0.42710521313361893,2007-11-20
0.34531745389548246,0.5889527824494933,0.2695236090743331,0.4209001765240491,0.34911123143399087,0.2941935616898798,2007-11-21
1.8283837425372451,0.43198733820566454,0.4473214069268239,0.05395379693317633,0.16868369679210557,2.8513328130724536e-12,2007-11-22
0.42993719598079533,0.5976093136119621,0.07176735181454215,0.03178943625586518,1.0586134713897745e-12,1.0586134713897745e-12,2007-11-23
0.5279059388653534,0.4524540189500992,1.432441944113225e-12,0.1716251748164852,0.015749346380437294,0.3991006309598346,2007-11-26
0.32852793992723955,0.4499376122980401,1.466886328692487e-12,0.33385927992669384,0.009925982349102972,0.4382953104321357,2007-11-27
0.15206704530548049,0.12168673534294122,0.5093541189505709,0.14828877171442134,9.37398039082977e-13,0.016801354412756094,2009-08-21
0.19431514785789783,0.09674344155734547,0.5070434839481683,0.28047442204065254,1.0946248186295543e-12,0.012016688141190186,2009-08-22
0.16346163586973117,0.08066341188466869,0.38764678835069816,0.2734607355131767,8.957627920303463e-13,0.0003863462127939565,2009-08-23
0.21037654347490106,0.07852785837940068,0.46937812293157305,0.17237800648950505,9.436444091791832e-13,0.012337440031792817,2009-08-24
0.0360323450536822,0.09837220690507635,0.3554134855476874,0.6468242831257976,0.8060734976349734,4.392459287105879,2009-08-25
0.06339018236090879,0.05937154408921294,0.401707959419091,0.3184733573021376,9.426166292589835e-13,0.10783580552937624,2009-08-26
0.15216229722526742,0.10438582218789043,0.458173846616818,0.219057938242501,9.796181884331027e-13,0.052513027087057955,2009-08-27
0.13658561987937146,0.044952940003574436,0.335838918639253,0.11535707689817605,0.06037942861251403,0.04707293201452442,2009-08-28
0.16670481817804156,0.05565512011470997,0.4494304614651389,0.18238330656754162,1.296360168580327e-12,0.46030360625649624,2009-08-29
0.19422976122852406,0.07833768225293859,0.5564783341762926,0.15000409531705464,0.015421970616052756,0.05602860008502983,2009-08-30
0.5453934150644161,0.05548716618308376,0.27850926136895277,0.22985744222021678,1.1897087944461416e-12,0.11156416523120327,2009-08-31
0.1327587104496844,0.11671167784753862,0.3519092038504556,0.437305348829221,0.006751845071290927,0.07240525869264171,2009-09-01
0.13017208268782632,0.06165483211036522,0.3261074928631299,0.3469113411819005,9.34048241028927e-13,0.07137548861566108,2009-09-02
0.053064750296140877,0.048533969518108816,0.4524414701760507,0.17668992381017717,0.04307756049273701,0.06277378006551726,2009-09-03
0.15964972858802365,0.0850818444427547,0.31872777210706976,0.23967103532481418,0.001920236847530175,0.08632365015914059,2009-09-04
0.2018060376632219,0.06226440705527398,0.3154750206653512,0.19244111267064715,8.528877903501304e-13,0.07989983535304075,2009-09-05
0.2205632620733897,0.13841411397951797,0.36346105604780243,0.27863247798189633,0.003211497842623662,0.0554572909795906,2009-09-06
1.7160703591692041,2.086267810745339e-12,0.12577874078582954,0.19229049670766138,2.086267810745339e-12,0.08612301095516452,2009-09-07
0.15183182399463677,0.09091328697577418,0.30628766870613705,0.27568231562990664,0.003946482194388156,0.04468420328187468,2009-09-08
0.1206681204276618,0.04792088360392903,3.8826247336710753,0.03363982854339967,0.00787574006190217,0.07690607477959346,2009-09-09
0.16562513908103238,0.13321930471283874,0.42762146538771306,0.22054842481855427,0.007273464028941831,0.053005697583962036,2009-09-10
0.21010227682932447,0.09252746306741177,0.37089307439398145,0.1735101261574596,0.008920831320460246,0.05998719398564308,2009-09-11
0.2104486589194898,0.13253954613868071,0.3190239478099294,0.36183257446321915,0.030645789870200463,0.07878503538222388,2009-09-12
0.19806603077560586,0.06787576103265779,0.3098942895422062,0.315697539653888,0.020548052748388522,0.06299858813519559,2009-09-13
0.17389199647221204,0.08270062518703668,0.2396991464742482,0.3018790774621513,0.041090938400529166,0.0796140590998264,2009-09-14
0.1852061245854132,0.10428224471932812,0.3386138064391199,0.24504941394218052,0.003512733088632966,0.09299092658261536,2009-09-15
0.12006276111214617,0.08128590416147502,0.3577982132305221,0.2124562778824043,8.215253162936958e-13,0.05515275911272692,2009-09-16
0.049802206345873,1.858932152116167e-13,1.858932152116167e-13,0.0777041353535231,1.858932152116167e-13,0.0661370742964892,2009-10-04
0.06123622122441645,0.011155281812034193,0.0243527496649239,0.06093341527249207,0.007669905171784575,0.05646161910695321,2009-10-05
0.19962410295628777,0.061202807474253045,0.11134176396637913,0.1305598270893421,5.998181466412633e-13,0.10068854773330477,2009-10-06
0.16933210223425044,0.0903296415054871,0.1790106027315772,0.09461701002346017,5.869269570600874e-13,0.05913060810530467,2009-10-07
0.18514605514458599,0.06720530837754071,0.1366307064876547,0.11773669058890332,8.940829905196042e-13,0.39342153363484783,2009-10-08
0.31434806270100246,0.08549494427474938,0.2516260236128252,0.13478310112944708,0.007093911880076048,0.04755351375433694,2009-10-09
0.3252440898716854,0.04255154484167961,0.1455936476653399,0.11610907678653216,0.16878087570855083,0.058554599926041215,2009-10-10
0.38689216036129936,0.08792765929861086,0.23089961003486273,0.18917843904955453,0.028615279187934144,0.06551987767350466,2009-10-11
0.3964365874445022,0.045139042850715586,0.1976092951010515,0.11886840754348024,0.029007071590801434,0.057810043705772675,2009-10-12
0.2148398445273012,0.06877913395191679,0.11557872039135822,0.08349972985806306,0.03386502775028563,0.09470185942543924,2009-10-13
0.1867440709635975,0.08041049129499026,0.18492688939766705,0.08820518638070206,0.02978517177400247,0.05749769206355948,2009-10-14
0.28552704516195393,0.06851774640935465,0.07124589369084008,0.09240548739855212,0.16099692846205327,0.23797688029024738,2009-10-15
0.27194382813743756,0.08810306779823007,0.1660170840230164,0.10001470116255794,6.72960086261943e-13,0.05297593272785637,2009-10-16
0.2571242975714784,0.09113559467538108,0.06925558813925267,0.14941834825359093,6.34424998307053e-13,0.06723876018437693,2009-10-17
0.26555076961829954,0.09333551839442811,0.14749359048065344,0.22670018126247923,0.008018688440961106,0.08029094131028788,2009-10-18
0.24193727370097728,0.10622217347534475,0.18058244812310636,0.2562201190844411,8.484700022722407e-13,0.06949151830416586,2009-10-19
0.30765231950128935,0.06724358769898768,0.27167538770386274,0.29153119652801546,1.0191747592358224e-12,0.08566065459258396,2009-10-20
0.2396684033780247,0.06069982696500287,0.2311547496550454,0.5235809668963234,1.2571293935502266e-12,0.19799681193468743,2009-10-21
0.38896657124297945,0.07146185729965884,0.1748454762981954,0.2712204764828091,0.0003132851187296722,0.0665266438536076,2009-10-22
0.28689164972928477,0.11432152493269856,0.18342791652525606,0.2253463534370097,0.00014233680776095788,0.06720107590852861,2009-10-23
0.5397409364818587,0.0665483827440567,0.40521402325944594,0.1535968337617421,0.04526694685579449,0.11702053255494026,2009-10-24
0.31766392024580503,0.07635422905916911,0.1780160591708513,0.17307475303798586,0.07218740928335542,0.06142086189965392,2009-10-25
0.34967607437517473,0.06084754150765592,0.07966185128077555,0.10358816760025388,0.04541082868914565,0.06160387657689324,2009-11-02
0.33614221697779134,0.045981568606284974,0.12927958411658785,0.1168495732760082,0.061566951928687955,0.05858867183065799,2009-11-03
0.17183273974257032,0.07877575915216972,0.19719602634491784,0.11017889581709381,0.18806969372950522,0.05828345212486131,2009-11-04
0.544233110692645,0.2522027130608437,1.551028954237486,0.6576610172652491,0.2407176566511574,0.09853110252533982,2009-11-05
0.2931263201731865,0.0666183703178577,0.182535193483934,0.23575594043509088,0.012191621561432582,0.0997916756686374,2009-11-06
0.2202156187420503,0.060526251136067834,0.23726957777456167,0.08133660114460209,0.08242715474898597,0.054821837965920994,2009-11-07
0.34244828034615155,0.08809848910844481,0.212423247114734,0.16168468875313213,0.23275282155324128,0.056852210469791095,2009-11-08
0.3774061411914605,0.13141331060728448,0.184886098896575,0.27706967129728743,0.03200715619738137,0.06484870392737041,2009-11-09
0.4438574677189243,0.14102131642962787,0.13722271477122752,0.41928245998608427,0.03558263698350739,0.13963730646749284,2009-11-10
0.2500382066842042,0.07534053246920107,0.2623074194440459,0.11185131997775512,0.1376958657182887,0.04381504080904521,2009-11-11
0.4026785433797006,0.06273673313715462,0.26622667109321224,0.19451419915876397,0.07699699691585024,0.05781223759391686,2009-11-12
1.4736456706868273,0.010256662543955995,0.013276917902739476,0.14563075226641903,1.6662664481847173e-12,0.041580331223201726,2009-11-13
0.3072409310070267,0.08739199797233613,0.13700434573419878,0.21635277141769327,0.04422697768875935,0.06814352918399962,2009-11-14
0.7507123708509503,0.19317213951662085,0.057938811669742345,0.4662251518291036,0.04035530448066728,0.3249915534374062,2009-11-15
0.39350293992568897,0.06467693930846008,0.1616118815972403,0.2313129924177037,0.00360040364572516,0.07941457496892013,2009-11-16
0.3196513768652574,0.049351384504758705,0.09342205409015339,0.11950024324445213,0.03761631426706634,0.09443128983876967,2009-11-17
0.1800080919969649,0.06199899909547847,0.04475706551116593,0.13087808652892213,0.05757051637321213,0.06178559423507415,2009-11-18
0.5541030180321613,0.08868380456655298,0.11986644059824313,0.19817516231199234,1.035020049732885e-12,0.06521289715038453,2009-11-19
0.5036403486215854,0.14626349396489152,0.12382696132893796,0.3895830586654754,0.04665235852298208,0.08099210689145489,2009-11-20
0.4091080120088276,0.08488609198110884,0.15455555194904758,0.27431588118007455,0.10323785187028109,0.06869462839561943,2009-11-21
0.26595389437044925,0.07970355994493347,0.018004626325390394,0.16800331496087628,0.01992178764413793,0.07948192864928542,2009-11-22
0.3450464147201562,0.002379687885139104,7.394237953256975,8.396654868674164e-12,0.6047157272609543,0.08393544651684127,2009-11-23
1.6304514444328102,0.05388919225124917,0.04132904929366953,0.18333685909130126,1.9191731417657615e-12,0.04484413065769059,2009-11-24
0.7051422167746731,0.05581317922038912,0.0992641522939411,0.13082616031942115,1.0106787833397026e-12,0.04583754657696281,2009-11-25
0.35068794375070184,0.04886433445445655,0.23160699204567575,0.19935326943284656,8.973356536229234e-13,0.0672185609993327,2009-11-26
0.378157367742636,0.06959369080174409,0.19857801175630593,0.15313415105840292,0.0013085775491963267,0.08916348399739592,2009-11-27
0.4376167793823934,0.07599828655911095,0.16229355699490527,0.13496367382580404,0.0019041293581335214,0.054523953540393584,2009-11-28
0.34864213272701405,0.06194414733989077,0.2656229245881944,0.08408745443119962,8.127552712262292e-13,0.055912553146030934,2009-11-29
0.41983103584063336,0.1246416052224656,0.19475899002456382,0.2626407236271538,0.01883463284239562,0.0698205862439193,2009-11-30
0.47950784010029457,0.10252041115833807,0.1194969322300776,0.2341808095005381,9.776235074028204e-13,0.04544376377029641,2009-12-01
0.49237891605566586,0.02977550959164484,0.1739770969097331,0.05393064202516416,0.018403406930833897,0.0391911409575558,2009-12-02
0.24530881174849628,0.023692623247426485,0.12714168881557447,0.057387501020153706,0.006829793273197524,0.03795205097396327,2009-12-03
0.44458995801820095,0.0788298222136561,0.11919057886465605,0.1084117912124191,7.996051482394144e-13,0.048528684153767904,2009-12-04
0.43449968101979664,0.10904976949731562,0.15315781816660426,0.1384088409796263,8.855527634509469e-13,0.05499152182532289,2009-12-05
0.29988868851885647,0.10676103334708822,0.17121236891671482,0.07745410843938443,6.972836923692736e-13,0.05040113606297825,2009-12-06
0.4141972319358033,0.11692947846706606,0.18933279234893677,0.29925128281622865,0.0027547684993448427,0.0788539002363206,2009-12-07
0.41656636415133214,0.09801276429727757,0.0874494418466615,0.16635471878161817,8.441972410465623e-13,0.0708449969462446,2009-12-08
0.6069766952245964,0.10536123415861055,0.09529856217799017,0.14742504336420914,0.021481137333248343,0.06153521250390509,2009-12-09
0.3735828448464014,0.012083812046705982,0.2956192656319766,0.11033931447287663,0.034029841275507275,0.06454959470970491,2009-12-10
0.4331699845232719,0.09561098614117468,0.10252781459018273,0.23303061281339174,0.049606794237112554,0.11019499179508667,2009-12-11
1.5295373851123308,0.103363786412114,0.09605512401320523,0.20219083289974427,0.07339815182869751,0.09743605756246239,2009-12-12
0.3067180043634557,0.07527977113717747,0.22703247402934426,0.10138619323235404,0.011759789908494458,0.06452504106170258,2009-12-13
0.23675224702885161,0.09009846063819163,0.07197428098068204,0.21228401049860487,0.009984400493468753,0.10879322038046042,2009-12-14
0.4008057792918324,0.11084140565097804,0.13337677653050725,0.28697410979103183,0.015474002382477401,0.1653991832455118,2009-12-15
0.4108220109165574,0.033492182674740814,0.02026703174061675,0.17215023676396482,0.05011315424851772,0.15617353491032643,2009-12-16
0.35359926912316525,0.0748740919359587,0.02311527476797597,0.14849207025857078,0.3404430153205454,0.07621054244971413,2009-12-17
0.5991338767915192,0.08592465228304343,0.04717045332884321,0.23452101830341296,0.20745160258332715,0.07434130027328363,2009-12-18
0.47487115634277144,0.2248554179808972,0.06730885218363618,0.7335466723717115,0.23280960150881644,0.08913438721014934,2009-12-19
0.5322648078199848,0.07658052220667755,0.17225649938122514,0.1591231306084239,0.01938175552413269,0.06960297022007705,2009-12-20
0.20596494378265615,0.08050922369658392,0.07036902326138555,0.1602677463771734,0.0021890987217350667,0.05910955738187261,2009-12-21
0.30575112220171163,0.07455135489734269,0.16899516636641038,0.1840408059197138,0.011422599507100542,0.1938262412953243,2009-12-22
0.6368320358076619,0.0738564377708661,0.11910185008091849,0.2148106450642746,0.10722303943239547,0.0977340570080921,2009-12-23
0.4219209755364734,0.17961260681383784,0.14041024698909207,0.51207763929026,0.4190654119990165,0.05192037731506839,2009-12-24
0.3503074880566433,0.03750797876444666,0.25972239252085016,0.26560130041182567,0.1657576335973234,0.04901989386523828,2009-12-25
0.38830204257522927,0.10187332118960843,0.20849523947705176,0.2669845931031235,0.10330003248174771,0.06619805401193414,2009-12-26
0.3016194944672742,0.01874635379168022,0.2717059160714171,0.6922661694940349,0.08579418414366886,0.06076815014995504,2009-12-27
0.23837400145187201,0.13355509217251613,0.1248269422744146,0.2829405389394465,0.03029074370227423,0.09195283226669888,2009-12-28
0.2753437379190381,0.09428651255590151,0.21177440227505756,0.36230755221629174,0.008067076965434147,0.07023535527137287,2009-12-29
0.23043266385290306,0.06791165108015064,0.15590433518205793,0.1785181139368834,0.01562876928314047,0.05734214845163986,2009-12-30
0.3396761122310938,0.11002425588988593,0.0672374249183697,0.1969605568629711,7.782610311284912e-13,0.06772397576396592,2009-12-31
0.1930688554915917,0.05873626248786819,0.16390074942155994,0.12879247940925548,6.040968125977464e-13,0.06558859483231558,2010-01-01
0.28172236899555547,0.07458589856509242,0.16079387873592735,0.12841106005226688,0.0033841337691635073,0.060450319636256335,2010-01-02
0.3490262065560824,0.043032093803870734,0.22333928217068483,0.18330982124742595,0.016622861808304107,0.08178974708175404,2010-01-03
0.2637904164006424,0.09969236053910675,0.12256181042557829,0.35274065614220285,0.011942823385548593,0.07264897146900552,2010-01-04
0.240443841964642,0.05635026983689289,0.08994533477666046,0.2557166412196228,0.006381814637459129,0.12563495346894302,2010-01-05
0.40376169727441846,0.18993667161411096,0.08942143803900832,0.7004630239139329,0.053532159582383464,0.256651963004091,2010-01-06
0.19660669866438296,0.04869588085898366,0.11336866494661312,0.10538118391705427,5.482880087844577e-13,0.08268458889395515,2010-01-07
0.11283879673662162,0.059142995828202906,0.1671497865474054,0.08704680772872886,5.440809220172964e-13,0.11434018125756995,2010-01-08
0.15724774035974373,0.07036535705179249,0.13417336767276308,0.0553201444749787,0.002776434601534323,0.12737842496981044,2010-01-09
0.3077913109225105,0.08404404623646272,0.17718100519448243,0.05666489814067978,0.022527741608893002,0.061144725584787056,2010-01-10
0.2689337600572101,0.05282631614539033,0.08141093146978337,0.09704768133175447,0.030880341308366935,0.07730562415809163,2010-01-11
0.38528858417488343,0.0707289872722896,0.14514427135395502,0.07618568467314313,0.05616833790500301,0.06221670097849215,2010-01-12
0.3410709176566422,0.06341493407711582,0.059745654754503705,0.06508042547018343,0.116596777049199,0.06642255783136104,2010-01-13
0.5382921784882829,0.07127431649842882,0.09217149037846349,0.19757408325158204,0.28716694541105675,0.08343250605742525,2010-01-14
0.6163597957911977,0.04805712780461063,0.11815199556410064,0.30019396003190124,0.007807854083908976,0.07342596248449607,2010-01-15
0.7113955556992417,0.034289709520502226,8.7971579570941e-13,0.1174384952842852,0.035935037433429066,0.05463656107105163,2010-01-16
0.3919074200807507,0.07713729324662458,0.1878652399213811,0.1392925761755116,0.04185642776663417,0.07360473712033455,2010-01-17
0.16167042079389946,0.044593145545538546,0.16698072578313938,0.33897576948286234,0.013400132478946145,0.11448343629700085,2010-01-18
0.1452925696969382,0.07828967259003787,0.09807198126241974,0.23229200266141223,0.02544347015734754,0.09273644700558391,2010-01-19
0.2258660761858704,0.09437868220637309,0.15517572520925002,0.10669450696915747,0.032303053464245945,0.0692305821315801,2010-01-20
0.38355264033334885,0.07575520050166618,0.29715525316278707,0.0688166328527739,0.03662763808128179,0.05480433327211012,2010-01-21
0.30890447866755905,0.07819278986093445,0.10405580374613362,0.04146971903275854,0.08811817185033473,0.049640726375993455,2010-01-22
0.13723598785084384,0.08486275801354515,0.12119739332317352,0.05581113122968229,0.09179761415973804,0.04589810866705389,2010-01-23
0.39918492579042936,0.08370131027597652,0.17534368089584815,0.12692718179063475,0.16976928301594632,0.059766641185678114,2010-01-24
0.5540616034082733,0.08570525704927116,0.1350435583732109,0.097764677344484,0.1835131308764078,0.05899576258753971,2010-01-25
0.21656022519890333,0.06745020895902724,0.1401746184886377,0.11570668967482037,0.1598272192019078,0.06536467713119642,2010-01-26
0.1685727850165553,0.06813882080759986,0.07987720637238059,0.08907354769674487,0.1360968462309066,0.0791682742096895,2010-01-27
0.29217935785073035,0.06694685520484779,0.1171789462226768,0.07787779431419216,0.07039467915548171,0.06401824068687682,2010-01-28
0.2679471368546498,0.07777434079277273,0.11942787294287042,0.11370700504645748,0.03169616624514654,0.0715883391865465,2010-01-29
0.1784951259711005,0.07159668199768428,0.23587943989277652,0.1023108531129379,0.024200759043122577,0.06800276033155181,2010-01-30
0.17503840229905057,0.0805624185111999,0.14278604366744493,0.23089856058246735,0.017691037125333306,0.054024652218427886,2010-01-31
0.24804943598749116,0.07604920157396422,0.09074237818417406,0.11104489623895925,0.010133128986667577,0.05294063245651539,2010-02-01
0.2650098984785474,0.07105114833057491,0.127994042990865,0.08070160551391446,0.016659123593389252,0.06599281383496088,2010-02-02
0.17264896768688315,0.07149137723934333,0.187617381390765,0.1189084508452992,0.027688779620365964,0.11854836765181798,2010-02-03
0.19089471144440218,0.13484801743036015,0.1928496301659005,0.5013536197076544,0.5272690239037151,0.07193594432923188,2010-02-28
0.18801174371634805,0.06902857083773242,0.16178734998305572,0.4126000579452885,0.10220421495666045,0.09451797342399308,2010-03-01
0.3208658145812027,0.06437716006589186,0.15698436180716296,0.28416994624141306,0.26137505159595065,0.08794642677437849,2010-03-02
0.3287957715090461,0.0674541344609836,0.08834971104665142,0.13662508977441593,0.12245637836808983,0.0788897981821081,2010-03-03
0.2347783129062164,0.05648886130871952,0.1948000567510517,0.14734454018396242,0.1271375372877601,0.06557820744319547,2010-03-04
0.4529894041948786,0.07050270103427962,0.14000273524226392,0.12853033161820546,0.10577209278571181,0.07992657305338054,2010-03-05
0.22395794916391615,0.09015249424395821,0.18163885237674163,0.13271365183304068,0.1455156310758733,0.05968661383638934,2010-03-06
0.2688920397651506,0.07810930729147474,0.10945399966100884,0.14554653489413882,0.0551209213128283,0.05913655630739931,2010-03-07
0.20512534791427076,0.06879845910900607,0.24253158935221317,0.1789903910190625,0.07592078910843601,0.05387948373137361,2010-03-08
0.21352736557617913,0.09581016882909389,0.2023176895341408,0.2813113652202983,0.028277401537101333,0.06927463553451618,2010-03-09
0.2853395544417077,0.08861940002229385,0.05881572583310355,0.27494117306474797,0.02308879944181305,0.0831806750527187,2010-03-10
0.09571171253673473,0.10606717947281712,0.1751440588756379,0.5386869049771398,0.0015538094711738178,0.12240410648395472,2010-03-11
0.183728579877354,0.11320943627555424,0.1685412775978509,0.38240242410901043,0.05273005033944797,0.09593399312748208,2010-03-12
0.29140325679492957,0.07528946270962818,0.1309083727809714,0.3832630043761346,0.16236072942528254,0.0666505385854982,2010-03-13
0.22397330834747176,0.08211339474622505,0.2069471347868337,0.4240731816599548,0.05061524778606811,0.09920520723677548,2010-03-14
0.19575072621833445,0.09248419376559314,0.17311834213261496,0.3514243700641939,0.04950194263497595,0.09625166632574185,2010-03-15
0.18673035506934443,0.07791265247710431,0.08298515052105716,0.31903287419863535,0.048321997607110305,0.08728741075855836,2010-03-16
0.24190282630472137,0.10527438544808919,0.09283830360962637,0.3792597572166322,0.036510535477640035,0.1482658715891306,2010-03-17
0.42986820146957555,0.09209468161920573,0.21452091264910395,0.6268840567918755,0.04925714787614226,0.15043115170668558,2010-03-18
0.24571492380600338,0.10628293129657776,0.1667673257636695,0.5149914124523994,0.043635810013167534,0.09282820847017872,2010-03-19
0.2737899621170058,0.11121370745535909,0.04996379965244838,0.5407288433886621,0.04329730244043939,0.11962344655165486,2010-03-20
0.1666073328909633,0.11914325780654704,0.10231925547365298,0.469103191529434,0.039382360962616186,0.11186153248893511,2010-03-21
0.20982299415671649,0.09764651467810703,0.22015441332394503,0.8136058185013615,0.03242481499891502,0.10281061723319913,2010-03-22
0.20019537634390927,0.12114033922496026,0.04912286516255602,0.5803539862513135,0.03689815903606952,0.14744131541707356,2010-03-23
0.2600376155740295,0.10320750961862128,0.07073595411188244,1.0468957070743108,0.05515009254009406,0.24639128496545404,2010-03-24
0.3243171366624773,0.07181224617756052,0.092472291621413,0.983363622637073,0.07268530436573972,0.2912139076628146,2010-03-25
0.10503799150884358,0.09320827500975942,0.17524694578441155,1.4914920203402893,0.03033380585339624,0.5316258681441876,2010-03-26
0.46280415805170233,0.0631690310321166,0.009219588772449315,3.2829178132795884,0.045538961689711666,0.5689074753451586,2010-03-27
0.06830192540880163,3.952364844841943e-12,0.06276971353903782,3.290585430635779,0.07168662831562767,0.5145397300142027,2010-03-28
0.18736861849750372,0.05518030855449986,0.08211126406600103,2.029360565232224,0.031701089009511026,0.2915902373990944,2010-03-29
0.11313850096384023,0.011398716573115471,0.12675979806409102,1.77931670949015,0.03812568808528407,0.35461266271008507,2010-03-30
0.11534327739731046,3.547358086499631e-12,0.13510338813870856,2.828886079629277,0.05498540644862415,0.38078232885368557,2010-03-31
2.336275549325681e-12,2.336275549325681e-12,0.03590020060017014,1.9349851852808164,0.057685360796580314,0.36611260244030086,2010-04-01
0.6669468038552905,0.08298371727814763,0.3020081151410514,1.2237050835257433,0.041689649822323566,0.21722402222752196,2010-04-22
0.1775434320871867,0.05305680858361635,0.2126305493087793,1.7260547921325833,0.001352582058590529,0.3147401666300483,2010-04-23
0.13831426938881186,2.6747943987405964e-12,0.2847382423621209,1.9612517738505952,2.6747943987405964e-12,0.3135660234941847,2010-04-24
0.2657992051244011,0.03938245817543976,0.2517650731831845,1.8239053895333484,0.0087209574946265,0.33434943141369616,2010-04-25
0.5298386710890219,0.18172183873266678,0.30157181748693274,1.9257748127854675,0.009133859624655948,0.1585425675512943,2010-04-26
0.7516976107568875,0.2446000518861028,0.3824261013445723,1.7730208891658334,0.11967621767026038,0.22342834656526103,2010-04-27
1.547788359251838,0.1478305300451977,0.11044187518480268,1.351070215331436,3.1519612151372943e-12,0.034451587098052606,2010-04-28
0.3922966818261864,0.08821920447834711,0.234114485730062,0.5851435485959254,0.009877729969215224,0.10826232443545525,2010-04-29
0.25659900984924666,0.06754737931180406,0.1464230477994227,0.8163730367853068,0.0848391118974561,0.19845988922980126,2010-04-30
0.12539472640207308,0.020598018157574265,0.2718126712913703,1.458747711158779,0.017313984335528575,0.3723325788262694,2010-05-01
0.10564745308360653,0.05927346993736587,0.10517688992901912,1.5350248440129923,0.005848428646377419,0.38491388153688116,2010-05-02
0.10384660022594495,0.051951719559731976,0.1531206571324522,1.0237767589317879,0.004176643903723498,0.24460731573646358,2010-05-03
0.06728148134227616,0.05706843847178124,0.14251403078272384,0.8165311774463319,1.311236905254157e-12,0.2252223430883398,2010-05-04
0.14454034530824084,0.03482634391229987,0.132764395649209,0.6935360462873368,1.13863835561318e-12,0.13305891812171372,2010-05-05
0.12594160771618393,0.05405504929369845,0.09376465037094087,0.5495871189093181,9.32243789862788e-13,0.10829193858006728,2010-05-06
0.13068496061419602,0.05127577365040585,0.16790008219210548,1.1839841785240228,0.0038552386355699643,0.31379525496322275,2010-05-07
0.03181519000127397,0.06082845108831626,0.17487802345221043,1.9068082586926909,2.536251128452107e-12,0.3553577064743469,2010-05-08
0.15841765526189555,0.0199716557839114,0.3195704109022551,1.5174895348463284,0.009603428986759106,0.4397581555696378,2010-05-09
0.10018872268181082,0.037710985017512175,0.0909898337774968,1.8012685110005968,0.01563238883332681,0.4904003984402918,2010-05-10
0.18415612578987742,0.3783181053216206,8.022850265674867e-13,0.2234088542990133,0.01119722903691548,0.07878234704860447,2011-01-22
0.1344858301626682,0.35318132965169974,7.889140673002042e-13,0.253697294742278,0.0005859220860067284,0.06154541155905442,2011-01-23
0.1911855443341693,0.4127883784818417,0.2993467634351385,0.3557288303677283,1.491336157207653e-12,0.2345421892928398,2011-01-24
0.28298644818498664,0.6521122279155128,0.7380338659207761,1.1070702526370808,2.7647624959758332e-12,2.7647624959758332e-12,2011-01-25
0.5047382761319757,0.3716190574915219,0.46549918753394387,0.8040776011980594,0.36862485244554577,0.5447031606162378,2011-01-26
0.21851981110801255,0.43584286034024905,0.1752393919176642,0.3339946256431761,0.9957365372338838,0.469385567763289,2011-01-27
0.7229752585302845,0.22692831845772374,0.6150860344369838,0.3540311262907686,0.4203989436704802,0.05386721157245112,2011-01-28
0.29044722974018505,0.2021345069956184,0.41418241245835896,0.3483850828492655,0.8497462882154438,1.0103745121179666,2011-01-29
0.18520450659628648,0.48645887996233195,0.3587230105244574,0.21440085815358056,0.15075988581349542,0.15675166331606444,2011-01-30
0.18796275518360372,0.4149572949532484,0.30702793543954016,0.30649285136758403,0.22307826236242168,0.11379124330738086,2011-01-31
0.17738590745644994,0.42567060940081675,0.6134232253273424,0.5550805114239454,0.407105883870845,0.062385275279617944,2011-02-01
0.32088912376499446,0.5253475939041654,0.2876145692220774,0.5281114592597919,0.06892519097621039,0.11018520795514536,2011-02-02
0.8951185211603452,0.4608808312839955,0.14312307736848137,0.3204908133983774,0.31299608884555147,0.08890402343271682,2011-02-03
0.17625353458491755,0.5380808717456328,0.3696907609032728,0.44131953426209547,0.7037575639392947,0.020979482984487444,2011-02-04
0.412625897780096,0.45242830662674366,0.6370300722362343,0.7823539775092612,1.2754750794514769,3.5333818586730876e-12,2011-02-05
0.3933481551370772,0.6242502839059657,0.8233041282259622,1.1894223187854667,0.7708420816668263,3.770702135040312e-12,2011-02-06
0.314447382222508,0.6426045759194303,0.6673663951527344,1.370363431089229,1.0447613661797868,4.0123702878461084e-12,2011-02-07
0.4859489158522135,0.7783632523577604,0.5854377549020414,0.4708342962423405,0.5266859418125481,0.04171186540063671,2011-02-08
0.37627380698253415,0.6327495305341779,0.1653776241066301,0.21003969617282,0.30617294243735205,0.0737175385266106,2011-02-09
0.8159931393313423,0.44703458828914805,0.14714069548419176,0.24017991770660369,0.16217093155411033,0.13865264514935477,2011-02-10
0.5656496129317261,0.2234865093559826,0.13426306093836293,0.15740788023904714,0.15306528313166698,0.11447976489843943,2011-02-11
0.4491403515427461,0.430955883129683,0.50691184460632,0.28609657805055255,0.21610544971812834,0.12411348045446598,2011-02-12
8.910565333271923e-12,0.21061518010891012,8.910565333271923e-12,0.28580747691167796,1.0946404051355734,7.509505127441129,2011-02-13
0.19348190806763263,0.5338726239397196,0.2706416512344697,0.3392554341158107,0.21449315092806445,0.11002735932446113,2011-02-14
0.3706028107191271,0.5076301208294749,0.1905863013791583,0.25506057840563656,0.24027370219139532,0.09020598237944731,2011-02-15
0.8811709975206574,0.3073664204406181,0.18733432607856437,0.23883205399430962,0.11874505140254983,0.07342203075738739,2011-02-16
0.6963586513639992,0.43700742562195266,0.3611135992069729,0.2761803735161215,0.11247911497590876,0.09874663119114416,2011-02-17
0.5113282791158648,0.36007143574675105,1.558628999017692e-12,0.328035279921143,0.23752357704082502,0.13697561276237646,2011-02-18
0.5340589099728842,0.19492709481040754,0.023533980195896614,0.38078846569705344,2.1624735677525204,0.0984943425850862,2011-02-19
0.4979839457153519,0.43916825776362073,0.3013552728573095,0.3631207388420462,0.06941966630868975,0.07289093478231838,2011-02-20
0.44459964097905424,0.5351201334494703,0.28923917272051425,0.45934384964420455,0.015145503283563467,0.10695830499765943,2011-02-21
0.5024008364551175,0.5114173139794551,0.3894952014828658,0.46476868691047385,0.007242143369457916,0.1578937848948494,2011-02-22
0.3729367607727138,0.5702578590573646,0.5497962789697239,0.7000988761155797,2.2768619019027e-12,0.08737013198749066,2011-02-23
0.24862699617992537,0.5151695568777257,0.4658963797156053,0.790819394486768,2.1645447471253247e-12,0.13110953212949727,2011-02-24
0.6142945802461207,0.6082373619435937,0.8167217489863794,0.7478633374277934,2.917647686179857e-12,0.1407828797689413,2011-02-25
0.23116723065251008,0.5256030032434281,0.44525526329912163,0.9851195094185888,2.392728786750499e-12,0.1920517265464714,2011-02-26
0.34593022342274826,0.6053129498785992,0.34426405333477667,0.5823282664067472,0.1080269265068546,0.1554705420027041,2011-02-27
0.27142206719082557,0.6899636746765028,0.421106853185354,0.474375455594985,0.0405358636422376,0.09685586096402385,2011-02-28
0.6426642780281293,0.752614653714455,0.6010227817032116,1.024851386815806,0.06522673647941844,0.03865936310729646,2011-03-01
1.3034598205170458,0.39181911315331414,0.6641707604844628,0.7442152853034325,0.1882562846769995,0.08573757296616892,2011-03-02
0.3764915401186738,0.5804827419119407,0.07706708925919536,0.4354476624054446,0.8317421078813417,0.10558158375975978,2011-03-03
0.2798600019354326,0.4547853973036159,1.0371238404342143e-12,0.18727080325952541,0.10995900236461727,0.1339308226598767,2011-03-04
0.4640263899328631,0.5093510388585627,1.3232958114565947e-12,0.2292697675334891,0.1471770837940653,0.07948659591310142,2011-03-05
0.35298480684649175,0.7219105591212955,0.18850830526172996,0.3685594927147988,0.5277484532359752,0.052026716663706445,2011-03-06
0.4090243654533811,0.4573210911951638,0.8390007174578932,0.7209378055399767,0.772686406656349,0.08060344846662358,2011-03-07
0.9920682463621986,0.6253077453614001,0.6598195985198959,0.7791706985475516,0.15344894523073127,0.16812182272593937,2011-03-08
0.48294049706541836,0.5932310688107305,0.7210144290961391,1.1742119162519586,0.36985913986530833,0.026986114590075983,2011-03-09
0.7675981349809337,0.7590113368286676,0.6887098458747317,2.2651294647561295,0.25576095367109414,4.67184680901668e-12,2011-03-10
0.9528155933565138,0.5189402192108286,1.0918697769906744,1.9041157882670952,0.014396780869491069,0.024206951701482595,2011-03-11
0.5127642860308568,0.6919789762757672,0.7816201973398668,1.9370464109491334,0.8394654158607365,4.741230894090347e-12,2011-03-12
0.7185077709266916,0.4851815341027246,0.8240064471274676,1.8695216656116154,2.3484375755625346,6.14251941287771e-12,2011-03-13
0.5214768520399081,0.7429709887055366,0.9918567396217197,2.2250854590574063,0.23641034923975038,0.03593156454616421,2011-03-14
0.7286117899082574,0.676468546186875,0.7813023008040828,3.202491388112342,0.09269783009850271,0.09950250595644486,2011-03-15
0.65339474490376,0.6308559636735328,0.9881339506102484,2.3478600565868395,0.15251674195140127,4.730573321357163e-12,2011-03-16
0.8724950171736695,0.7423872660710993,1.0709896019237792,2.4344062417746066,0.010242202730328392,0.06643854840737487,2011-03-17
0.6341405879206461,0.5618172156767377,0.6938980965060735,3.135814389885474,5.246592019806882e-12,0.2458836212101975,2011-03-18
0.643118719213205,0.35178837407705676,0.6373068099363267,2.3418018573496857,0.14387138202327954,0.1532424825836679,2011-03-19
2.0094364985067945,0.7973939784751738,0.7443694216573051,2.0547318706372173,0.07980082876752859,0.028379263526238898,2011-03-20
0.7750426402232033,0.6306199903278453,1.0423505442689778,2.5583137665168216,0.10880839803251426,5.071672670288221e-12,2011-03-21
0.6123479702399571,0.5528339050534892,1.1799064518203022,2.607441846847136,0.20082943052961913,5.033757985131435e-12,2011-03-22
0.327749301065954,1.7125271659465517e-11,1.2013186969716754,3.313145312359626,12.738488600398744,1.7125271659465517e-11,2011-03-23
0.9114634204574404,0.5606103045317863,1.25672373451668,2.7263202463924525,0.10855482925789747,5.489687173239949e-12,2011-03-24
0.7524370169985648,0.653731613540407,1.1252325515021542,2.213054177010078,0.22242810527028417,4.937358815844119e-12,2011-03-25
1.0166231993034833,0.4758365204660373,0.9094182729600044,2.1826570490410875,1.633553946319803,6.154236208123616e-12,2011-03-26
1.0781436997358136,0.44801141140640505,1.4863413448142082,1.772408003616028,1.0691951480165074,0.10289155214300638,2011-03-27
0.8421720688999832,0.7211444677791568,0.664433598243968,2.067940564900166,0.09196642912064502,0.18980886092152288,2011-03-28
0.8271495973044773,0.5420542487268238,0.8455583180263595,1.677744924172655,0.22394459308429013,0.06321937967420535,2011-03-29
0.8764625402219867,0.5272191619100567,0.7766310211411005,2.7899805332328493,0.1645119861870437,0.21197975871311614,2011-03-30
1.1689786025483542,0.35278066802796826,0.6723309300469165,2.2838596453851197,0.3528974354592127,0.3770249589782048,2011-03-31
0.765273933307727,0.1430498626139946,0.9036974935607115,4.013219654435319,1.219013142931201,1.8255045199238091,2011-04-01
0.6805194960576545,0.40454528899423975,0.4845575352232661,3.3905218224175884,0.3646888199247906,0.6936258693909106,2011-04-02
1.518604430810707,0.34060520288897506,0.4699012218396243,2.862536170305283,0.4269594387776781,0.6299419474344825,2011-04-03
1.2077363697770058,0.5198915043864716,0.45929406612487794,1.2769413725499938,0.29189940155392624,0.31003673692880007,2011-04-04
1.553864129351958,0.19715270674734495,0.5272906058817193,1.5590341520304045,0.4740716763147262,0.6630616141356174,2011-04-05
1.1353480526221913,0.24567175186281656,0.6701156157616813,2.2742333057887802,0.5511223613826968,0.7943984318875952,2011-04-06
1.1583693635158465,0.533860550009193,0.33473894147094313,1.1493498826858004,0.31784841843038614,0.29412366862251066,2011-04-07
0.9486104815588892,0.09332864567607518,0.5705675451956431,0.5024573634968549,0.06078321456902451,7.979548034532318,2011-04-08
1.1270049010748684,0.2959525775677944,0.4642378558330079,1.7293561755022948,0.3184806628879502,0.4862245668160813,2011-04-09
2.0355696224824875,0.3775073943165456,0.08674981694513662,1.6834669045405335,0.23332153453057095,0.3001057025203497,2011-04-10
1.5913614570797863,0.08898579364251255,0.5148022805239676,1.8500110442655806,0.2719653702631578,1.4296014539558508,2011-04-11
1.5295901473323135,0.13124679212307114,1.3860998773707063,1.3995989942567462,0.3150773364660408,0.34980380287346574,2011-04-12
1.2646356805016763,0.4688047238455786,0.32546019435613144,1.618177886853,0.5626911404528191,0.4977266138359703,2011-04-13
0.8688108120597698,0.277917513155519,0.6453708077727307,1.1907069567604756,0.11062838540304107,0.3078419674022711,2011-04-14
0.6145533842228372,0.5080772467342176,3.2951894857335626e-12,0.6226241886174132,1.216492695326916,0.39026876160502016,2011-04-21
0.38246078635924174,0.7390729085497704,2.0260902048979525e-12,0.4784576205237677,0.1261009063883175,0.41915260668972665,2011-04-22
0.5008915224200187,0.9510171286509671,0.026309666033019114,0.4163099611462966,0.042108043863609175,0.3609323725769008,2011-04-23
0.6300167361890989,0.9288056947430521,0.06507496072521153,0.5751218743981062,0.054894336249309665,0.3772336786842394,2011-04-24
0.8566716018776523,1.0339222600983398,0.43530721513574294,1.8590348505855319,0.25348348653245484,0.4464368534921403,2011-04-25
2.3910321479138315,0.7926200856221097,5.607797837689549,2.2190626216804072,0.42391480030770534,0.48884568158028807,2011-04-26
1.1821354536233266,0.8496157794320477,0.651327412422206,2.141279168396697,0.472476259817733,0.5651639392835821,2011-04-27
0.8367695243143553,0.9714720358058735,0.0493017021272726,1.2821260764324973,0.7250742016436058,0.4017253819191723,2011-04-28
0.8295131446732766,0.7764133152808184,0.36687278260902284,2.060784737184878,0.31426407456622035,0.4732253485243976,2011-04-29
0.6655059683401221,0.7841689500662228,0.5103286482690134,3.94070297873956,0.177742491878889,0.8226129088656082,2011-04-30
3.0742477346121175,0.5820087352881614,0.7336556351871731,3.4138081378199345,0.29392030331758584,0.6560512255962938,2011-05-01
1.556038683239159,0.7519667811127869,0.7505593276345314,2.061786323552571,0.22556255330783184,0.45580594541676955,2011-05-02
1.6431422361704875,0.9235173914321169,0.7066376332060184,2.3109718960115972,1.280735940646935,0.5524895979105819,2011-05-03
0.7452216048279314,0.5805961390889613,0.4381062679645386,0.9374309530463101,2.159946152615868,0.2429063522001404,2011-05-04
0.7037484770722464,0.8516833998696425,0.6102129814959516,1.3938085077335554,0.520232929979477,0.3319510800402382,2011-05-05
0.9393636522678772,0.8866502994984337,0.2889048182294627,1.2505145532621245,0.4033311872940336,0.3592619196968796,2011-05-06
1.1514571293727847,1.0336202137351556,0.19695172699332555,1.5612785874469965,0.5985861693500157,0.3682616490121462,2011-05-07
0.5362055822874449,0.6476529931435475,0.29436989326938706,5.084226964430933,0.14577939011579472,0.9782510429959613,2011-05-08
0.5640739629457724,0.3197465794126445,0.2783543398724761,4.6182452186388545,0.10593544984477063,1.0356026661557662,2011-05-09
0.8252634227459245,0.9382219371549799,0.5434978278578139,2.736115294091437,0.06554621506935912,0.7697121076304415,2011-05-10
1.2494833293957845,1.000809610113425,0.4347177374382071,2.033029678158498,0.047282619012738794,0.4423848540780746,2011-05-11
1.2022382657143265,0.964816436502385,0.5205557652825978,2.1444487141250206,0.09131225454627068,0.6001119890199362,2011-05-12
0.9002645361585617,0.9490094509853204,0.4277084684845346,2.546696427619027,0.15647260552959386,0.6056587677153741,2011-05-13
0.6535467539297959,0.7032871423787546,0.663110875590116,4.432940711703179,0.1619946220823062,1.0565494206597459,2011-05-14
0.6846809828463282,0.8482243194997602,0.5126511882351595,3.2331514205724616,0.035558633543616554,0.7282418750078208,2011-05-15
0.5005348271014295,0.8201254063432809,0.5888937764299638,2.2780377306866435,0.019680483954286995,0.5956386967372924,2011-05-16
0.7950140943648234,1.0727054085375154,0.40701974896215504,1.9298474941910904,0.0716574365762656,0.5805799292299156,2011-05-17
0.4170160443285766,0.7214751224566744,0.6158610126916093,1.8290741699614532,0.14641910077116696,0.4897749364355888,2011-05-18
0.5611337012743294,1.154117467250145,0.3322507558019596,2.1754004499856947,0.10483432531629695,0.5482965304669376,2011-05-19
0.4483739097541883,1.0047124591138112,0.5030208194691143,2.009950355024951,4.535029138494416e-12,0.5386118827173654,2011-05-20
0.7083770870353316,1.1684703466113393,0.3456422826810057,1.5794477726197278,0.04091369373121483,0.4173524284392498,2011-05-21
0.49907313109886364,1.0999027737431513,0.7251085079073465,1.57026189956283,4.268242249943877e-12,0.386991684144301,2011-05-22
0.3088539405969706,0.9553555848711232,0.6588922058491987,3.681773240103105,6.080231600138957e-12,0.5044053138229115,2011-05-23
1.2316244724954628,0.6848805010782693,2.16506801933194,3.7554354345932857,0.9725517228537968,0.8222054077313149,2011-05-24
0.7399948713354425,0.6848321376930867,1.078259188530892,3.745646746816035,0.07596720807625366,1.1211709083172423,2011-05-25
0.2937619363276845,0.7680299166634571,0.666232684363149,4.466242831220864,0.006060213696005558,0.6884051797521599,2011-05-26
0.40395813167872213,0.8510566254646883,0.8241985272964416,3.1649999899678853,5.906033623810587e-12,0.7002684462903752,2011-05-27
0.4082380650818044,0.7750808057948027,0.6288972521216181,3.635940062511668,0.020180885118481654,0.933788729520192,2011-05-28
0.3581200140108262,0.8827323557566759,0.6352264459349602,4.300460657864986,0.055137010496660845,1.246924232956921,2011-05-29
0.3350202930405912,0.9266891663186969,0.6390682396915884,2.8096386034426346,0.017772683602632827,0.7441660456848761,2011-05-30
0.4217258221950785,0.867896860506405,0.5237562724548065,3.494126158741396,0.040149161771404124,0.84213070501959,2011-05-31
0.46022676174954635,0.8690511614388876,0.33692649039041567,1.117806912172856,0.016040742748606868,0.40859839512804125,2011-06-01
0.2367049091543063,0.4657240453263804,0.08713791661917428,0.4191410846661184,0.02873431663953716,0.36674713274651977,2011-06-02
0.5314779510644755,0.5659356744235929,0.038072579686005185,0.27787147190763056,1.7885191664901053e-12,0.37607537829047466,2011-06-03
0.3181514200332886,0.5166569157338955,1.6359178548314967e-12,0.4362706277583837,0.04130103776954157,0.3741009751829003,2011-06-04
0.038534694444392864,0.30179625890510975,0.25780770008466214,2.2363305888680145,3.686237013006371,0.5523053337501622,2011-06-05
0.19287020528213877,0.5298127857881851,0.5017964138843543,3.9332860508745107,0.10887047559548883,1.0118872216518233,2011-06-06
0.1472975465424777,0.3357757746615805,0.5170325981531709,4.8799022493054665,0.14843136472334179,1.4815880178218657,2011-06-07
0.19216892419150444,0.5954893158369525,0.3675835520037891,4.3175597028462525,0.1278181758795659,1.3866805201493764,2011-06-08
0.22815527240784317,0.6448210017662974,0.29977562358797016,3.8958732107276477,0.05905931050292635,1.1142912872832202,2011-06-09
0.3107208480668165,0.5591593674315817,0.2424287347374415,3.280269836389046,0.11715182248396548,0.9957524459097031,2011-06-10
0.4672641367894832,0.7609641214971645,0.42005352000998025,1.4770665792529145,0.07731453336755026,0.464592441224139,2011-06-11
0.46111356861072034,0.6215338969632008,0.3589789405031012,1.5290027719636006,0.09116177815655548,0.5204350085279172,2011-06-12
0.2787752118439352,0.4971198737473737,0.5352299903309078,2.3552822496670665,4.2317962667152216e-12,0.5574994952929526,2011-06-13
0.3467696212740233,0.5887467452741668,0.24113408706038603,3.174731133915363,5.2764446133480095e-12,0.8924939396508205,2011-06-14
0.4809388846731217,0.6336867602847522,0.36168540764323104,1.7101350490244003,3.703157909045487e-12,0.5080547977640079,2011-06-15
0.3875156776921269,0.5163104208484801,0.26855224474207334,2.3926835550285386,0.019425586453175447,0.6419216990764286,2011-06-16
0.34984728923298913,0.47946016643576517,0.467628719146055,6.3710115732993335,0.10767594889805095,1.4188588190368105,2011-06-17
0.2330654835238629,0.5357962337129505,0.3731450240268911,4.59671661028749,0.014198803962648688,1.141704356156033,2011-06-18
0.26658478698465166,0.3598883668432693,0.2404194982149462,4.145421039824423,0.01621404279759078,0.9039386382730086,2011-06-19
0.3264223573103072,0.5895457595780024,0.3585418450218657,3.5293166605997004,0.0055094040865426635,0.7454157027354987,2011-06-20
0.2365338035979741,0.5374416843029158,0.38985904391241033,1.9689404015302785,0.004034040646591065,0.5778920415650798,2011-06-21
0.33667704118618597,0.7352299771958057,0.4864609688617015,1.5111565239994955,3.483394332870763e-12,0.4100507241486056,2011-06-22
0.3626153174890398,0.6936563219950423,0.29955015945130736,1.4954061646037224,0.04611087301137458,0.5756466520669353,2011-06-23
0.26165245690354966,0.6283823230531888,0.33677173214462225,2.744895064645299,0.0316587257157564,0.8171779476934397,2011-06-24
0.36161820560155944,0.3025237040182804,0.4210566410106497,4.941167685680665,0.10925544587256392,1.345889399957315,2011-06-25
0.300947646776921,0.3518297854446728,0.2931796886276698,3.8623238441050045,0.06657184346972701,0.990879516413251,2011-06-26
0.239703376460334,0.6468283702506693,0.28719490122611285,1.4446755030642175,0.027543107208007244,0.7444296032331001,2011-06-27
7.636854270041487e-12,0.36207064900548375,0.044584832047045116,0.9043208786291203,7.636854270041487e-12,6.4316866411161255,2011-06-28
0.3017041786294635,0.5392651513650288,0.3175689549479154,1.3558535146856543,0.008731860230998504,0.5741114146025459,2011-06-29
0.2624076896010122,0.5628911478569273,0.4103315195019056,2.0137194457143117,3.784847860859047e-12,0.5367705537598242,2011-06-30
0.27369058341928654,0.6708733814089942,0.42954095675132814,1.2015841847299282,0.0205378240093577,0.3483091902204067,2011-07-01
0.39704346127693735,0.8726778181162687,0.30656146864955386,1.066197209124637,3.0116987810335288e-12,0.3784979951176738,2011-07-02
0.25037143729795147,0.7453314637811603,0.29072392552243875,1.5995269941778523,3.3947153010386586e-12,0.5249684622476849,2011-07-03
0.22426292682338936,0.6893960656649026,0.3899538530123759,1.2257205337238921,0.00864201977467194,0.348992709130301,2011-07-04
0.19762229354753555,0.5732899486768084,0.3912089702476847,1.5209269207065839,0.2644292741495478,0.41997734640751827,2011-07-05
0.16636051651322362,0.5193585003768688,0.3890681854993783,3.631540785627485,5.334626765404001e-12,0.6788787427809678,2011-07-06
0.18940584833304172,0.8043219582337108,0.48243206076383977,2.686504591479105,0.17392913832626272,0.33821091231979844,2011-07-07
0.2736607456939806,0.7700102242759034,0.33479914015049195,1.5319807815299367,3.2075807150896524e-12,0.300401030440819,2011-07-08
0.18786400084409047,0.5995364137941889,0.3747854358314674,2.026930410460115,0.7637379302877645,1.2376351920953759,2011-07-09
3.5428347646969858,0.40956798557422125,0.46791982700316687,0.34888920376084076,0.11376880619290158,0.24942605991056235,2011-08-16
2.5118132062831027,0.7300272485978677,0.7203584630459956,0.7520409042822743,0.12637389117586517,0.27402990902880814,2011-08-17
0.40399397663624353,0.8043395628381657,0.14362300872359013,0.4960978262593246,2.104031162451972e-12,0.2533226671660569,2011-08-18
0.36126759244216206,0.44700305462450884,1.4188279178736639e-12,0.394262650858316,0.01900258799368266,0.271559589118793,2011-08-19
0.36990700163147305,0.8187227609610411,0.3084105731779309,0.5484302070832298,2.368495453108832e-12,0.3079872137616583,2011-08-20
0.3171861483034451,0.7231272124870065,0.11509434322884987,0.4275356697758388,1.8699566241009035e-12,0.2747406831829475,2011-08-21
0.4262851971439817,0.7330291243283353,0.3073375089528443,0.767912528541015,2.4970953824422067e-12,0.2622165155517935,2011-08-22
0.4023222081974431,0.6401090807281237,0.37872114519614597,0.9239661949167605,0.047004056024322734,0.33812251859348147,2011-08-23
0.42914456226327635,0.7574188493694861,0.2747907877662669,0.8024739405519997,0.010726920560545446,0.33231808345283476,2011-08-24
0.674601434480803,0.7494990281262413,0.1095184958251146,0.8789782834645703,0.1197248341074051,0.42862165779363526,2011-08-25
0.3146075104870222,0.8166379646220324,0.5216751558003546,0.7009521820721017,0.02114198908581678,0.34769648397745645,2011-08-26
0.4450929281295888,0.9956363040195731,0.4597351386084628,0.5908461136957874,2.688645036546822e-12,0.20759755112005213,2011-08-27
0.4527816813913569,0.7191867948300257,0.1887350315139318,0.4525387289508273,0.009144446952616963,0.6683679511945594,2011-08-28
0.40077622586392303,0.6319954648404803,0.35046995639689443,0.5653819855966724,2.2275727916509324e-12,0.2868575893754166,2011-08-29
0.6080179164391741,0.8808528475397228,0.3874133104410939,0.8628445790868924,0.10142845260775751,0.3332882577617567,2011-08-30
0.5769161651380563,0.7369083517121895,0.34271028804226944,0.5934280050289168,0.006302072752833184,0.2975988661973919,2011-08-31
0.5301747193030852,0.6228588998917015,0.5127460495494587,0.6599391636135177,0.03892526502528961,0.28696959674286776,2011-09-01
0.5900053870573354,0.7680868775433677,0.41503927661711915,0.43462607603047426,2.526547056490518e-12,0.3121202301618465,2011-09-02
0.7585826023965542,0.5641967670570515,0.11957765749858397,0.38414760175705565,2.1090618028809935e-12,0.2844488420786648,2011-09-03
1.173903514173112,0.7055910905844539,0.4784590264748876,0.8038904006843333,0.014775345471479935,0.44970146946557377,2011-09-04
0.436886322888712,0.6574877479466041,0.1973535400674579,0.3308650288159581,1.895253156173143e-12,0.26489630032245437,2011-09-05
1.0915355097858894,0.6163216411144374,0.22025648853628957,0.41756647044862555,0.07452203726584575,0.32279755441018293,2011-09-06
0.5084830144758699,0.7077946609510533,0.1500966248232362,0.7441299846502029,0.1621048898322965,0.3663258136158083,2011-09-07
0.5206090197632665,0.7157819107939432,0.2835295992037389,0.9550299343456856,0.23108381771017622,0.419420111907017,2011-09-08
0.6758625338741395,0.39275478100071565,0.7236815908464621,0.7394328010565088,0.15881602230738429,0.3981580932271987,2011-09-09
3.3940805016686335,0.6773024637794359,0.6183154976395102,0.7711632707329141,0.29693772474753477,0.31721732426747,2011-09-10
0.7139328091364732,0.6496524956843709,0.2945621932570268,0.5443782944311141,0.16615264208607727,0.3064463458731045,2011-09-11
0.5228086658198062,0.8972440536876476,0.2223834713972783,0.8222788641759893,0.06700466208137801,0.44179880017464,2011-09-12
0.5771197143559582,0.5933535035653188,0.26933476037730597,1.0681094668467908,0.06866272446958285,0.6036153747350369,2011-09-13
0.44880391181768076,0.7206222624602623,0.21237664481698598,1.1077999350193124,0.10726948228988996,0.6417475471527386,2011-09-14
0.42359246066445577,0.9050356517968441,0.33200476667106693,1.7141973178608347,0.13973943353242677,0.7321586964170927,2011-09-15
0.5793603349934625,0.5672062138807686,0.27411068991100346,1.1470594295877978,0.05725219953295136,0.7046301460836649,2011-09-16
1.2290311674156058,0.6480370345378884,0.2685464382946176,0.8666099149096691,0.25355589000074746,0.3861255056207538,2011-09-17
1.0031783119288775,0.7294721532001013,0.40195622589847113,0.7868818433384283,0.14097576212128277,0.3955253385142398,2011-09-18
1.3761805005226921,0.5368861986074155,4.589877726263166e-12,2.1292638737077967,0.1439436632513803,0.3829477100402844,2011-09-19
0.43287878379706063,0.5677729693443506,0.048942630326411586,1.110467723375785,0.057105669882122484,0.4205847127080336,2011-09-20
0.5500706164117876,0.6771827991378356,0.5652301849870153,0.4146591259546765,2.519789574435268e-12,0.2962439299433318,2011-09-21
0.4801422933806571,0.657588450125236,0.1386508828316783,0.4259304098667868,0.020759660138933232,0.3066101193410183,2011-09-22
0.442368769565931,0.7687566106291469,0.100206614203855,0.35216889167831744,0.012698889676432585,0.27367682590965786,2011-09-23
0.944561992115577,0.6879554280264762,0.2037844309488524,0.2158365166186359,2.318858413257089e-12,0.2609487614803165,2011-09-24
0.6938612436982535,0.6118817294380545,0.0030361201226696993,0.14306540048918542,0.014155581832024597,0.2804836099903922,2011-09-25
1.0866320940808605,0.5440553064129587,0.042989233495955625,0.28696459296318905,0.0424192084086583,0.36590197851396045,2011-09-26
0.4671517626860244,0.8571530051034704,0.1789388658185656,0.38034950317582666,0.033813182285832334,0.3331690045261759,2011-09-27
1.0202953870640352,0.4241008496344477,0.02673515370843105,0.442318020856136,0.12031130562843304,0.2857922666840605,2011-09-28
0.6529228953757329,0.7600137430722121,2.102423724026773e-12,0.4425121824068145,0.0911885032552238,0.2785856925666169,2011-09-29
0.7990240947103273,0.8519887359677427,0.16424149325832466,1.3513315564036612,0.1559203818752305,0.3930662700186464,2011-09-30
0.8731001261599173,0.7580832396562497,0.1633306225387732,0.8312413521117187,0.02805827418090848,0.3428950617986447,2011-10-01
0.7055165623587192,0.515429138607523,0.3289515623406377,0.5341324646229503,0.047951731588057024,0.33141006454232813,2011-10-02
0.7823622736748616,0.8503162561249891,0.1721895153084944,0.7164029543740431,0.05804735024559059,0.3877714828360729,2011-10-03
0.8391662297104597,0.8634672884561373,0.621726489036274,1.3299046912411399,0.04010241815273558,0.35919264047307115,2011-10-04
0.7497179272628832,0.5592468189949658,0.4535326706870394,0.6371988134693801,2.6873655105085505e-12,0.2844627734773407,2011-10-05
1.040140646592283,0.7481606730339581,0.735530220044703,0.9460862557817731,0.03278642142586754,0.3195988886615446,2011-10-06
1.3155402991494705,0.7970990962237323,0.5700900383523532,0.7112940079927769,0.030511227972681226,0.36652740945283135,2011-10-07
1.0520337557124895,0.6820385490981158,0.44128966705472217,0.6685034382233341,0.011158695520165704,0.28762502769632114,2011-10-08
0.6014725686463716,0.8889035241446377,0.3389099505794999,0.6218679572943557,2.763782555463206e-12,0.3200023967456751,2011-10-09
1.087963484448893,0.7736163769729444,0.3530703841262225,0.6457345900937075,0.004410059235491925,0.2821005397196365,2011-10-10
1.220336633915566,0.6969248924719385,0.4778900068919998,0.6828507994096622,3.369387959561434e-12,0.286192614959227,2011-10-11
0.9918681731725992,0.7703019611296099,0.6190978280818653,1.3578576899794734,4.124293173147569e-12,0.3733577511662558,2011-10-12
0.9488900065967544,0.6537048494596179,0.006162350961821083,0.9180152185875593,0.14287290624335824,0.38004346979344156,2011-10-13
0.9516954141309732,0.7988241603116963,0.09787338091170475,0.7926792998518106,0.8545087119964857,0.3310163172519891,2011-10-14
1.1165031597455897,0.9161484465581456,0.5602567941340845,0.925278448972247,0.04829310854623724,0.3417231476036959,2011-10-15
1.754999397471678,0.6558284114987127,0.2428661148607356,0.4037752867385288,0.049781814009259434,0.31823189067437885,2011-10-16
7.762042662086303,0.45116429643462164,0.509741524480008,0.40862719590835234,0.21044549784050165,0.27892092621371634,2011-10-17
2.5081233902142843,0.4959391983910522,0.3476540385934403,0.6809084347820156,0.28098056610007915,0.2922920125358256,2011-10-18
3.3016833942492347,0.5914205490125966,0.6216791038110673,1.1381469302919134,6.7136212746825785e-12,1.1498571618006685,2011-10-19
0.8950311359715735,0.7290090040909941,0.5599059118303328,0.7767779464472363,0.06026692187893529,0.3173117472214553,2011-10-20
1.3666231129841548,0.5757083231324188,0.4182426099568757,0.8446102044002466,0.012000112811582598,0.3207247584246515,2011-10-21
2.100152039916281,0.7212670247064122,0.5862747011773376,1.1752008168358388,0.01807910330416831,0.3246782623822967,2011-10-22
1.7609984116204516,0.8424729005360057,0.30994754613769154,0.7347456968633668,0.07305559304456913,0.3291184993043719,2011-10-23
1.1275313885211662,0.5014378798493823,0.185779614655991,0.835927156527964,0.14265836333712403,0.34116251648706075,2011-10-24
2.252807159042153,0.5881702230939668,0.4968703011975912,0.5685946882694607,0.10043707943626844,0.2937902355325632,2011-10-25
2.219576785997936,0.6148392592839114,0.2903896221965694,0.6416163305200273,0.08030035852524121,0.32030351053711287,2011-10-26
1.177582519418746,0.6866784040650796,0.24434440248421602,1.24594625940792,0.012446096560062798,0.3403933023205711,2011-10-27
1.902412728164511,0.8021152853087643,0.3118827023604005,1.0251354280034983,0.05910426075928555,0.30027256012899123,2011-10-28
1.8175084482222328,0.746797806055083,0.5066268768836694,0.8139921514749794,0.05083805320092708,0.30076151626757064,2011-10-29
1.5186889918370166,0.7068812755262147,0.7026088949423976,0.7588369711130761,0.04242823273816204,0.31008234689659253,2011-10-30
1.4815934081146556,0.7258488448846865,0.35979949761853264,0.7879849926892482,0.12669840142151767,0.35866764655338107,2011-10-31
2.0274827991394977,0.8910037744118271,0.18795842574856875,0.5943575308450396,0.02948229867841046,0.25380889033287457,2011-11-01
1.17892909610099,0.7088526463631791,0.4789279058590137,1.4219620262135233,0.012884151833064376,0.2760226241422958,2011-11-02
1.2757491680073467,0.8661789941561991,0.46094892561072714,1.9537496448159786,0.0859181470188504,0.4412278337381161,2011-11-03
0.9447810932827927,0.6839941779043202,0.4374720052322559,1.2941447990199697,3.4659410723104985e-12,0.18064423126059764,2011-11-04
0.9198008527216454,0.7638212663046356,0.4348895031326882,0.346385720279259,2.6331079486751825e-12,0.2036210125811952,2011-11-05
0.8830089444333695,0.5509165400444115,0.5591191627110147,2.091267179249698,0.07180503516372312,0.4870807853801423,2011-11-06
1.2022046293675543,0.663104396655549,0.35187173388187093,0.9402256647982182,0.0919753510140072,0.6446024283797461,2011-11-07
1.5524363998438713,0.7476948840636979,0.7537255318842928,0.6237385074832048,4.239383063210409e-12,0.5450228884715684,2011-11-08
1.1344547293726597,0.7823356736432663,0.6918602732313104,0.9368973744826364,0.012644940704683534,0.5486320730267377,2011-11-09
1.0598317679587685,0.9049869132733939,0.5906238760241493,2.210158350964614,0.18821517645076702,0.6271349747292663,2011-11-10
1.479247858768625,0.8667174722894223,0.42854427020610897,1.268661630113631,0.21717456512954267,0.6217803000545011,2011-11-11
0.8946547814941305,1.003168950509557,0.08970990844059479,0.9588674739735267,0.13023646075912948,1.8190529681972414,2011-11-12
1.7756364703864813,0.8791037336549768,0.47388748645793405,0.8789845549169214,0.3669652343571461,0.6893446559160776,2011-11-13
1.0175577165532725,1.0707568601719712,0.6303319733546661,0.9385243329898284,4.333393643590566e-12,0.6558322539169928,2011-11-14
2.1241672408952685,0.9400652484872669,0.3724298158236103,1.1077161630977366,5.147963881772036e-12,0.6208474827048499,2011-11-15
1.0125243951957885,0.7873521257571539,0.5284077887807103,0.8410442180953244,3.7850124829968635e-12,0.6114869332677543,2011-11-16
1.4293496864600648,1.0325365738985384,0.6309521184456747,0.7530201114232491,0.22039424749416997,0.5972210019170557,2011-11-17
1.6342321192133311,0.9701789072734386,0.20897879449847923,0.4170346529314432,0.0798694707355083,0.5641072213759828,2011-11-18
1.6355568209921163,1.1558251836187672,0.2582719687805132,0.334725448717144,0.035579845106624465,0.5471538041931685,2011-11-19
0.809576991949492,1.0918221805409793,0.3439485309775507,0.4017275437497063,0.005072279087211129,0.5204490853516449,2011-11-20
0.7133055962999226,0.8154422979247834,0.7216062511406951,0.49482552937910973,3.300614535025892e-12,0.558642866036951,2011-11-21
0.9112577401751583,1.0880138339533862,0.8129145365979868,0.45954728918768667,0.10096313818595232,0.5258288182193748,2011-11-22
0.8622303863310422,1.224751337410848,0.7247988606052151,0.7278424095435142,0.09814164707169867,0.48143739905297295,2011-11-23
1.0217047250219526,1.055129210108793,0.5680172805346544,0.9873597237682991,0.6541382933770671,0.45574465172660206,2011-11-24
1.307792359506122,0.9186328959145733,0.8962356756845417,1.047577460339735,0.527980807804376,0.4881305101274785,2011-11-25
1.2664161483532634,0.9828544933037474,0.596415480265875,0.7372322535048907,0.04251511012627079,0.517230870728882,2011-11-26
4.0142516909163355,0.9282661018911701,0.34423905596781246,0.6172549413543267,0.16318317642229554,0.5373685758278143,2011-11-27
1.2134959374072787,0.9520463404908067,0.41377204717716864,0.526828609593782,0.14553650832492349,0.5099896779301745,2011-11-28
1.264615319754843,0.8473299622225116,0.902942851208387,0.4687115469056833,0.05908106922723238,0.5000627080158251,2011-11-29
1.0200126057757106,0.9127484403163912,0.47648211869919904,0.2880861483396928,0.013191378163719965,0.5035254472451621,2011-11-30
1.2530062272909048,0.9438096955131624,0.4763995778173358,0.38266371082838835,0.027529020503343105,0.5241536521490384,2011-12-01
0.9824234528683146,0.8979199682428087,0.3110098070199705,0.3954087949592991,3.094433511807213e-12,0.5104963516570712,2011-12-02
0.9741419912324056,0.9845997441932143,0.2022183833597459,0.2836988531877808,0.010985935753085846,0.495215012174996,2011-12-03
0.8018968759508305,0.9082009987144174,0.30031252564315064,0.3294650544719639,2.8305307443959936e-12,0.4854130301027166,2011-12-04
0.7950717469704166,0.8548265816147146,0.4024259233322483,0.4182524103774746,0.03665655833552578,0.5133492245954745,2011-12-05
0.8533558705094672,0.8610791340902261,0.28172890149256047,0.45551496272574205,0.08502974768354389,0.5225271135178176,2011-12-06
0.5939771909662724,0.6543820181096885,0.3551725801040105,0.24953508985953995,0.6022843023698967,0.48374228454805407,2011-12-07
0.8570426470895506,0.8662024091939791,0.049103692515680954,0.3222431525223037,0.3416666081527092,0.517223871411259,2011-12-08
0.45629158032372913,1.0087178077420083,1.9857828600717767e-12,0.0817372358973705,1.9857828600717767e-12,0.4539743938965977,2011-12-09
0.6487880070560883,0.8696919804844633,2.052472252951515e-12,0.11408453174382674,2.052472252951515e-12,0.47026325332224045,2011-12-10
0.43463446010398765,0.7163135038568211,1.8462791481290835e-12,0.24644806112253623,0.021875828876437593,0.49409458113914057,2011-12-11
0.8468706316036025,0.9453385208359538,3.739601382924468e-12,0.5400317512740771,0.805613514130174,0.6597093868222614,2011-12-12
0.5681922854422398,0.698195656988754,0.2262327421881882,0.7955423718099912,1.0061810883435642,1.3800684006947845,2011-12-13
0.8499517155902567,0.9510584532959121,0.4298456263102694,0.6573045657521189,0.25273527168043425,0.6391136273077632,2011-12-14
0.8797266438844111,0.8788616770458221,0.43568669484613715,0.3963389901442617,0.9038000791977033,0.6704140380703568,2011-12-15
0.5823380393929359,0.8033328149234218,0.16885997568719577,0.5104440250424872,1.222931064533253,0.5185862451200718,2011-12-16
0.6841144979623581,1.193259191081149,0.32928146820455056,0.5640986117378857,0.030333555302223394,0.5621940190555784,2011-12-17
0.6439570660721812,1.0422109027308142,0.2045152851938826,0.35900894483237167,0.1411095783322316,0.6497406458764234,2011-12-18
0.6667038781927822,0.5371493271989941,4.446140847542171e-12,0.2217732731085779,1.4103941387422736,1.6399733669228123,2011-12-19
0.6470552123945204,0.6531418778522143,2.261014444545123e-12,0.1986123282564268,0.3455613493804255,0.5441880516543014,2011-12-20
0.9015056801843726,0.8600646852757791,2.8761039350304293e-12,0.23749896166484566,0.41686802994866184,0.4426114438892202,2011-12-21
0.7246706092177665,0.912651353576216,2.3999744253407504e-12,0.20304277762247247,0.05696362074097772,0.5197896249922199,2011-12-22
0.6060609959667802,0.5920422495917028,2.2909067665387196e-12,0.3164135990948178,0.2741772062840717,0.4975266962572533,2011-12-23
1.0817380096846076,0.9750565670189707,0.18536579386818267,0.53067426256994,0.36477371415242843,0.4800955952567572,2011-12-24
0.9014919564001826,0.9363877729315222,0.2946669227867192,0.5014669515652274,0.13787035414800985,0.5401405911442694,2011-12-25
0.6888125802570125,0.9470683166989167,0.34887619893088345,0.45754190614292983,0.29588741818023323,0.48915823296102334,2011-12-26
0.6626492577259129,0.7590244801771562,0.29516550800226143,0.4939202718874873,0.39630005545559893,0.47768621628432617,2011-12-27
0.5678130645933279,0.908165146605349,0.23344761807228945,0.3759125413308868,0.7687676659328837,0.4770660804411511,2011-12-28
0.6170114019747945,0.810647379325739,0.25539977935742003,0.33678900154049857,0.7907608554907928,0.4609808284977882,2011-12-29
0.5714224847419469,0.7720153762201333,0.19674413679518224,0.3363332297759237,0.5055301935270461,0.5019110593232624,2011-12-30
0.6892469776290452,0.7062817216882348,0.24754632587796327,0.31250006160500704,0.5047322503446785,0.5714306310325161,2011-12-31
0.522433166807194,0.7935157230907378,0.4177519370114687,1.0647702192497834,0.9550688645966408,0.38736385206340446,2012-01-01
0.6222879442488649,0.9864306618673698,0.5010519743801763,1.3043841992168042,0.5566358889939457,0.4077995237879046,2012-01-02
0.6604318273860827,0.882615508694208,0.27461988012852634,0.46178348830666405,0.13360341409447055,0.4745460145766271,2012-01-03
0.6512323896473785,1.0680341110424973,0.11806585652204339,0.3551686090177453,0.17337610855783478,0.4536194372124156,2012-01-04
0.963974886692217,0.8671187469535514,0.18072602151162673,0.35144819931438687,2.970819127857595e-12,0.6122510432170752,2012-01-05
0.5688755881381746,0.9561080975718887,0.2939428023596521,0.23372381561182376,0.1352159812367663,0.6720196125459934,2012-01-06
0.5394958819659736,0.7281745597297606,0.23624599806082247,0.37131502188320076,0.2515706047639181,0.47836250862001906,2012-01-07
1.0668014981203326,0.8298580559301969,0.15279721654532366,0.38473781011752733,0.4278505432798725,0.5267145397263056,2012-01-08
0.5193595417752357,0.9153009409633021,0.06520076602357433,0.16098360983606863,0.386565614170488,0.47011440255934017,2012-01-09
0.9705788622959662,0.47547473352715247,3.1770266874424665e-12,0.2877811440918997,1.00290921611874,0.4875995196064178,2012-01-10
0.861967829609753,0.8395055105472483,2.6394422377731513e-12,0.2392201228446931,0.21244288683420784,0.4906649853510336,2012-01-11
1.1525069961955148,0.8487268904938834,0.13314138326596178,0.3711238649636786,0.275381440256453,0.48249242384565466,2012-01-12
0.7837718769346148,0.7764784994536752,0.16053648391221637,0.3541421982158967,0.42141630884088094,0.460571267905726,2012-01-13
1.0992275368957434,0.8868458179463451,0.2523040619133397,0.5588710258489399,0.3373436516538854,0.496810418135791,2012-01-14
0.9605057459685727,0.9938060595885804,0.3251391868507371,0.41277873422336847,0.05432470043070767,0.4668821188194645,2012-01-15
0.8508354189501459,0.7525765146547078,0.25666043719627313,0.295543479134647,0.011275031436867748,0.46958154640931016,2012-01-16
0.8452610435713994,0.8623020031285495,0.15349080962444484,0.3310147594668301,0.14560429681211906,0.5208066289971256,2012-01-17
1.8515061410757279,0.7657761387112374,0.5182958697205368,1.0674492305400942,0.8849546131299051,0.5017776151708749,2012-01-18
0.6766023577555854,0.8018869118745272,0.11864323763175638,0.2905173847568971,0.12317326414194628,0.4555517001356463,2012-01-19
0.5773784429750626,0.8009005415605619,2.0681829694821947e-12,0.23485548012512975,2.0681829694821947e-12,0.46882450723058294,2012-01-20
2.882299756320036,0.7743863282901864,1.058741792085425,1.5821068830334437,0.4587854192146834,0.6323962413604945,2012-01-21
0.4368898497271687,0.8756463194657171,1.9311338074078655e-12,0.25072408212107566,1.9311338074078655e-12,0.44903560271162357,2012-01-22
0.511088502949193,0.6978601304052513,1.6164741131596915e-12,0.1856287971960819,1.6164741131596915e-12,0.3889669468404126,2012-01-23
0.47052549149648615,0.9222326497779213,1.837445620715713e-12,0.16711850795716263,1.837445620715713e-12,0.4157410574221421,2012-01-24
0.48468759644063486,0.8106334237571475,2.0097576445393894e-12,0.14904397361557728,0.1124802243669767,0.46830796318838025,2012-01-25
0.4376834745244698,0.8156476724210638,1.6999898774364973e-12,0.11101773758468032,1.6999898774364973e-12,0.43366548056087145,2012-01-26
0.5062423034496897,0.5953192814781244,0.028013350731684476,0.41011792769846084,0.14173654988726514,0.5697867017317286,2012-01-27
0.6807543145478561,0.9089742120767533,0.6651265913253767,1.2856456957501035,2.9859179941652476,1.0660841321894445,2012-03-11
0.99074215823644,0.8153401060816152,0.4646540184939417,3.1730645824304204,2.4266556881608135,0.9066177851425319,2012-03-12
0.9096991096097388,0.9460623207821537,1.237758485615613,3.3004370329707085,0.5551060525913545,1.0279659333772995,2012-03-13
0.6204589005188001,1.0511772719748405,0.09129685013990917,2.986579135215326,0.36939164488737725,1.0982960987078916,2012-03-14
0.497316981410732,0.7759011004998857,4.207905258277355e-12,1.5574807671940427,0.5152650775844362,0.8825198263331552,2012-03-15
0.6494278002681787,1.0354352165810543,0.22082068158078041,1.255396790184864,0.17961643238683267,0.8528221485112761,2012-03-16
0.8339229572168297,1.114687994735815,6.4565438698761546e-12,3.025710983148596,0.20948311326962724,1.2479509911105198,2012-03-17
0.6354055152674516,1.673102255205245e-11,0.4307172150957707,12.182193851006945,0.2051017688722521,3.182125800813114,2012-03-18
1.9899324518450475e-11,1.9899324518450475e-11,0.6235497613298506,13.976852162014051,0.11371332850118429,5.528990765132124,2012-03-19
0.6141082378171976,0.9266845349438215,0.1458215932493277,3.3295685262216375,0.19295162583639913,1.2655454685795036,2012-03-20
0.8757952327732582,1.1712913057475705,0.01523205222817269,1.6668147906522233,0.016649233710559347,1.2205044736858994,2012-03-21
0.6717220020445177,0.9259535497223705,5.5773204130173366e-12,2.6052097618936343,0.07269324628927312,1.2976031339882919,2012-03-22
0.8587310900300379,0.9745125483589664,0.3040528981462297,3.072100062651289,0.010908064754853885,1.1162177685979047,2012-03-23
0.6244119290266,0.991768788248847,0.37266284621099,5.437056989239702,0.04539706739101005,1.5632306785108976,2012-03-24
0.42496144032794586,0.665713600370321,0.49904618148084123,9.029666196106183,0.08907511991183913,1.9116356061017972,2012-03-25
0.3610794605049753,0.2866722073640097,0.295470034840043,10.654033350351853,0.10220937448164953,2.350787539247207,2012-03-26
0.9544477815646781,1.0462554367560122,0.35007241706769066,3.7308724212552247,0.003283527599649101,1.2438496374679182,2012-03-27
0.9839411672840249,0.9288797395162973,0.08329421349571528,1.542525403455872,0.005627485373931672,0.8643474044568281,2012-03-28
0.5795421781358386,0.8269322230936073,0.035059453509408874,3.5709802885449893,0.04061054875032119,1.1482387962465148,2012-03-29
0.7734324381326717,0.9645107266500048,0.06735525260083498,3.1996404709500896,0.02460472043542494,1.0152975421539598,2012-03-30
0.6631785219088974,0.9915961862717282,3.87857827119589e-12,1.4505216429840082,0.00014254192362199683,0.8366067843849826,2012-03-31
0.6236317888363372,1.121531461833624,4.895781503550133e-12,2.0849455626271824,0.12172333869700055,0.8780781899462413,2012-04-01
1.0172748833676215,0.9427326408382649,0.27244600447785894,2.3359046509290518,0.1883289711812266,1.2304027559434778,2012-04-02
0.7062033683494989,0.9506247189487584,0.24591269867387136,2.4666651493754026,0.07816915677447898,1.0233377608107102,2012-04-03
0.6463152315097744,1.031313849654605,0.2515701994644794,2.393512838199875,0.6326096191277697,1.0656573226717332,2012-04-04
0.8001349968803776,0.7966700178556012,0.8356156691350995,1.887294252298103,3.423688696507057,0.6715659209428736,2012-04-05
0.7403383117688205,0.8724009799274655,0.3588277023287019,1.4729624567045478,1.6048161565755052,0.6419875967504732,2012-04-06
0.8033208618693096,0.9629838668928763,0.5944900949476097,1.8386299049933592,1.4044342997443444,1.0583810640847915,2012-04-07
0.9322636664075656,0.9130651443865524,0.19047416871978956,1.9912857152875998,0.06886945357378733,0.9200320319424007,2012-04-08
0.5822146036725638,0.7851067196238329,0.3142340643789972,2.3943522755205136,0.016501068329184236,0.8563702996828616,2012-04-09
0.6147187097790445,0.982622048045803,0.30449147972142343,1.5591783683346958,0.06787343640761523,0.8248075387913268,2012-04-10
0.5350871538069346,1.1992912067164183,0.2024534745692117,0.47428515179252256,0.24206093787328378,0.5851495587322406,2012-04-11
0.4286451013335991,1.0277917014778346,3.5385935669117636e-12,0.2680433481060465,1.302489419413347,0.499157043355129,2012-04-12
0.3746528080249197,1.0148062529328656,2.196645795080509e-12,0.3541396473062085,2.196645795080509e-12,0.5448763836738384,2012-04-13
0.4817160205499193,1.064081661374866,2.531548378838839e-12,0.5180812264607693,2.531548378838839e-12,0.5698910755874077,2012-04-14
0.517902746319867,1.1608487679407336,3.307257235722714e-12,1.0409240285709789,0.013962196680707641,0.6181917197914394,2012-04-15
0.9322513634655931,1.2117064313060715,0.10648010961805165,1.403321465857294,4.411374416709589e-12,0.7523545280158758,2012-04-16
0.6634314899867834,0.9456503350118509,0.35407334019546105,2.07393766850069,0.0017969168415833618,0.8827445058082364,2012-04-17
0.5900651298121671,1.1846387296631389,0.0782442775193691,2.669609506125287,0.1686144501874914,0.9374336607371275,2012-04-18
0.9022339740928129,0.9259928823273154,0.2314681007154516,2.4087933648574484,5.318160499427345e-12,0.8208909501281683,2012-04-19
0.7044464866344688,0.8575248024036071,0.2867157366815377,3.40561110644394,0.021489822713883833,1.0562488874706797,2012-04-20
0.6332752027996853,0.8003951965878452,0.22178818439490583,5.339436573148677,0.02824415139504473,1.4678992644448363,2012-04-21
0.7843458849339933,0.8792032745171394,0.2293259528157716,3.971796981411829,7.179211157588655e-12,1.2694359764879737,2012-04-22
1.2002421733598394,0.821497956681637,1.766559963966149,2.801890477060293,0.012927313878276211,1.0272140330640744,2012-04-23
1.0753820627888235,1.0225745485334443,0.3038709987930686,2.674031373780467,5.922420992659523e-12,0.8481772129740313,2012-04-24
0.7152824925558697,1.0603277985586623,1.4555972229078036,3.126544319456798,7.404764319668565e-12,1.0111382948389205,2012-04-25
0.7801382638157608,0.9632754406694262,0.41285037511466793,2.9825514431977873,0.1680419458930884,0.9773223581531987,2012-04-26
0.7532440178514768,0.799210074967584,0.49223079193634656,4.352234734202796,0.26435758743759846,1.1454111539317808,2012-04-27
0.6761934769216472,0.9804640267636875,0.46125532812912373,2.967209678538892,5.871827335792097e-12,0.7694806001494457,2012-04-28
0.5686844858983242,1.1411280702989524,0.7079943450861311,5.518406977902262,0.03158009797555695,1.7690963719653374,2012-04-29
0.6510717637400043,0.6999858723753912,0.5416491949911016,8.859590381710634,0.08872669111916558,2.7652606317661066,2012-04-30
0.5565854289899466,0.9829886726776125,0.6322146477245293,7.468739078231942,0.061524305384450625,1.9508562519431694,2012-05-01
0.5569214436862227,1.0427238723879868,0.38258829231620156,7.487675094734696,0.06010586323598844,2.238622342363788,2012-05-02
0.5839787437840736,0.6599383853090155,0.26732267997917974,5.468337412384834,0.04792699320592001,1.4160992173288498,2012-05-03
0.7494221066703471,0.9686187945520836,0.4526267796388151,3.322771757960221,0.009865984733061576,1.260704863513807,2012-05-04
0.4900443321026761,0.7034751290127031,0.43700021402405304,4.224056773513007,0.7659203961148409,1.74647378039948,2012-05-05
0.4816290125770392,0.8238007083714546,0.4058510112765672,3.7338996714139374,0.025236917978540437,1.3875531009360111,2012-05-06
0.6349086247456608,0.727105855257441,0.16967455363337278,4.74066161197385,0.03475924311526534,1.3663900875560895,2012-05-07
0.5150539114772757,0.7779088941522828,0.4290451226873596,3.663405062515747,0.11002106416832323,1.0280889164913505,2012-05-08
0.5583281606351658,0.6848424720561661,0.3794551268086884,4.6355121891378355,0.04127043594325394,1.5360303107435973,2012-05-09
0.22490227213767056,0.5712310801737208,0.29773904508172155,6.885243511332454,1.2034408202971286e-11,4.0550329520780375,2012-05-10
0.5237145614307986,0.7498004773254223,0.3140618869086768,10.076536063975247,0.09317204329174718,3.2993119021016106,2012-05-11
0.7719279953046211,0.6780373453961098,0.3657430158707213,8.540854240220145,0.11491468569687778,2.2975161292658677,2012-05-12
0.5825334853235383,1.1668559774320792,0.09725217090639825,4.382755058785662,0.09740614181238054,1.2271487270899462,2012-05-13
0.903876780385458,0.841662424341055,0.5284189984752046,3.433244802465767,6.812942732687978e-12,1.1024334903249122,2012-05-14
0.6757522976763324,1.06281732925023,0.508452482504314,2.96429108860069,6.322011086834386e-12,1.060939932618359,2012-05-15
0.5053795125369676,0.8117995948287088,0.7038050663542567,4.5286273012346525,0.017550483391824044,1.390736402242349,2012-05-16
0.5094741876651989,0.6916599251549217,0.5851004735409502,4.50250678958337,0.027909297067959693,1.4185587904811365,2012-05-17
0.4482614546609865,0.809510374535455,0.6747777574266532,5.462839657739655,0.03715353529256978,1.5091871601778977,2012-05-18
0.46719019707565235,0.9116610087833115,0.8701432865597636,4.31628811902908,0.035350233703125254,1.4134395075360793,2012-05-19
0.4373020115192973,0.8737205926859745,0.4493775053429706,5.428458950275336,0.03554034666232495,1.58960957390257,2012-05-20
0.47955945633876373,0.9355784994187799,0.20607212552297424,2.9566724063374514,0.36771515125206644,1.361999895857168,2012-05-21
1.0029979106116556,1.1333352619594421,0.1694482724009456,1.8905461365831053,0.0005642595606703436,0.9127090295576241,2012-05-22
0.7377901336531819,1.1820951973614118,0.86105958704604,0.9618454234858659,4.381174832297559e-12,0.6218971312652797,2012-05-23
0.3660320548878353,0.8897916624036356,5.638276405340743e-12,3.114151020598491,0.007039478945970561,1.3817961130737964,2012-05-24
1.5291783157838985,0.6000290694646204,0.6877345910026541,11.787470154635145,0.0336390446319861,2.4437843497823346,2012-05-25
0.6966746468736409,1.0785730832908271,0.4142282589191464,6.547898276978827,1.0162173371791658e-11,1.3764808091690255,2012-05-26
0.5955618520378263,0.9565300559226131,0.05783661046078079,0.6752141873728749,2.854637763027968e-12,0.55299929687926,2012-05-27
0.5029631782297856,1.0313563054063857,2.4509951667589175e-12,0.42022517693467504,2.4509951667589175e-12,0.5170280218072314,2012-05-28
0.46207817642398785,1.1043839433329712,2.2479706566792505e-12,0.3009563298289835,2.2479706566792505e-12,0.5271610155174221,2012-05-29
0.4919881755297152,1.1749556123628937,2.625324323904484e-12,0.3598093850374834,2.625324323904484e-12,0.5777547072376977,2012-05-30
0.31355448022367416,1.0494070487616631,2.1422181047128654e-12,0.35431468863489335,0.06991081653619302,0.567475011107295,2012-05-31
0.4555204830830961,0.5248142805697649,0.17235827221680494,0.2978774921183146,1.2189204857933416,0.32018975258181376,2012-08-14
0.32551016156444706,0.4953273563852956,0.20312742880750026,0.326951361493452,0.5565990669014778,0.512802985716928,2012-08-15
0.3197483079629217,0.332453026226774,0.2877092238041051,0.2972946394155049,0.9869255490909311,2.422779910992795,2012-08-16
0.5186040687294247,0.7463919640555542,0.425770375783348,0.7231982568313712,0.2941918804979934,0.44196466732473233,2012-08-17
0.3870151714770423,0.5300988046510557,0.3067870334295772,0.5627083993953599,0.16057976724351958,0.34628985266847606,2012-08-18
0.36486429159047934,0.5491551577651232,0.27379436206587393,0.9143386519170044,0.09760534435511559,0.4130235323536281,2012-08-19
0.45223428591882975,0.6281931900684448,0.29725685648553307,0.7801666488851327,0.0794380760660065,0.451923876802369,2012-08-20
0.4524258977212625,0.8708895538050414,0.41572788703095287,0.6739027212661701,0.19879371204241064,0.3748896716013466,2012-08-21
0.5614280344628866,0.43302426828326196,0.4106037160182728,0.7539000079602722,0.3265833098728028,0.4708939076226071,2012-08-22
0.35811042631716183,0.4884583132660312,0.3473597984522381,0.8886528433035458,0.12902862225106623,0.4654264810271305,2012-08-23
0.19064194007506705,0.8650537425337087,0.34388558652551393,2.307634896723662,0.0555424563509556,0.3849849211132916,2012-08-24
0.2825610991971019,0.5657988428737083,0.40812738679057264,1.169045802726505,0.03251504121737107,0.30426394256986244,2012-08-25
0.24026839227110983,0.7352803796354425,0.335362174140559,0.9571152798542698,0.07383178462219044,0.2911077577257259,2012-08-26
0.23121593115707878,0.8160797011275117,0.33068187278296274,0.9903451165958214,0.04192298245513808,0.3161274591654236,2012-08-27
0.2265532161277861,0.6311093195591493,0.4156955640729718,0.7119948199600665,0.0548088678508206,0.3249997353168783,2012-08-28
0.3968456277956574,0.9593776026293029,0.2323662662923481,0.920237461189192,0.07530960504177076,0.34728985525461553,2012-08-29
0.4337635664841669,0.7643514408625329,0.08448907693705912,0.7233923124114782,0.10666520263220004,0.461937800880834,2012-08-30
0.355233712922377,0.6747469885372067,0.03349855536997973,0.8702975463825058,0.08142987342940199,0.5638798383628181,2012-08-31
0.3538845481296209,0.4883267253340219,0.29346355983328004,0.7973919190090114,0.10729772889184908,0.7666471418384982,2012-09-01
0.3424420493307719,0.4825368237749436,0.24088376383666874,0.5343175580740943,0.1386808739078851,0.3598589296070567,2012-09-02
0.34925264883558205,0.6653646065688434,0.264947543309578,0.5153185923248457,0.05756753985122166,0.3953835112703608,2012-09-03
0.7482399783723983,0.5958056316563815,0.21488064418513997,0.6553788776421172,0.069160410767045,0.40846154648836397,2012-09-04
0.5577083361543853,0.4963106305293136,0.0438316798851232,0.36137560980436995,0.036559050705489066,0.39848792442837944,2012-09-05
0.4978984718787979,0.6538810222886576,0.020126969401408634,0.6702009450776559,0.2973129599820132,0.48315782961102194,2012-09-06
0.5058300838017455,0.5939882508779342,0.04058503767753018,0.6296745621068113,0.3311125534749493,0.4248606526785586,2012-09-07
2.8581048607676536,0.5688358498391388,5.090752534869885e-12,0.641440864794464,0.5535373255510648,0.4147898282258462,2012-09-08
0.9635789553057755,0.9061442908914724,0.3583864832158176,0.5224072747809263,0.48238521761153313,0.6004049205621899,2012-09-09
0.7026108459569185,0.6960182760610485,0.14979577296829794,1.3161185151092982,0.6917196560216042,0.44412349928058054,2012-09-10
0.41742250310772194,0.3933825192274535,0.1873097675948102,0.5313087924331957,0.23071415664222417,0.4422236373671406,2012-09-11
0.46666986548304396,0.7183306625905028,0.27487858141994975,1.0808406945243643,0.1223138456685698,0.7959034108978968,2012-09-12
0.5055275527857341,0.5348113333073713,1.7150107131335965e-12,0.34773349071529985,0.054048003938855026,0.33939461966559453,2012-09-13
0.5143625835143661,0.582676704598792,2.048655388030494e-12,0.4859102978568306,0.08720562634393883,0.392382805952749,2012-09-14
0.4367779387403787,0.47605075721992457,0.11060829288529746,0.5125365754575425,0.05898066282766137,0.3912918322292041,2012-09-15
0.9444064089675188,0.5576931336186133,0.14320639475831262,1.006333485959707,0.1901636660946781,0.47612236602911906,2012-09-16
1.3665400414854285,0.8113144796662782,0.03939761648147493,0.5982524897895285,0.034401020806515484,0.4068742522431042,2012-09-17
0.4923463490668647,0.369119803607986,0.21970198354265646,0.41256114851937215,1.6110717547472144,0.4570595764092031,2012-09-18
0.8045379547151261,0.7291458053464628,3.5496822562593362e-12,0.7623617705055615,0.8333154474240899,0.4318471742596785,2012-09-19
0.7012837141064138,0.38412814903741466,0.11115608384661164,0.8634955090192307,0.0375801697207708,0.5272891364060245,2012-09-20
0.9866464559710629,0.597194441177168,0.19487053830803067,0.9253128969089686,0.7567036046106668,0.590751878387234,2012-09-21
1.0202459399428265,0.3160463784404214,0.1021552975696233,0.46302864228212426,0.1257059526675559,0.4095391034403932,2012-09-22
1.333110074322806,0.4908776520011866,0.048510818591669766,0.5965895168085427,0.15139561391779452,0.4771972026738425,2012-09-23
1.0919671367388764,0.40890974015300896,2.22567703795901e-12,0.23747373307866892,0.04876753302131979,0.435072381429501,2012-09-24
1.4157023877075359,0.3201011167342989,2.404785780149293e-12,0.28149885544949454,0.028950838537316295,0.3449840253486951,2012-09-25
2.050205088238888,0.301377392728656,2.765166017465264e-12,0.2178470834304887,2.765166017465264e-12,0.32248174502037047,2012-09-26
2.128115194133901,0.2058794523109412,2.9178771254851265e-12,0.3484796891512383,0.05360699232196935,0.25725206421505237,2012-09-27
2.4340637711486877,0.35486713608978093,3.6034990492576224e-12,0.5790690040171994,0.022410036239913944,0.26335992101340056,2012-09-28
3.190879492715153,0.1865723681427884,3.985103571521019e-12,0.37246146336286995,0.07133681467055873,0.2776705136105691,2012-09-29
9.4738162146139,0.248506493279382,0.2454935295373509,1.0193266381638841,0.44852134640026636,0.4396623619534528,2012-09-30
7.917444185692452,0.482037177364214,0.2524268067160533,1.020928414113741,0.7279561641881365,0.6802494968880842,2012-10-01
3.7400908843576266,0.3629338603914992,0.11165981696089437,0.8633072649391453,0.4161683819212782,0.4964597912295913,2012-10-02
3.4478053362930283,0.4219581329564292,0.11939788178150533,0.5626680333588622,4.786049771372805e-12,0.22618745360428416,2012-10-03
11.977267712871397,0.3229435822812955,0.5405825940482766,0.23188572039873356,1.3434587443772413e-11,0.37095656929086446,2012-10-04
35.62499318371601,3.5624993183716e-11,3.5624993183716e-11,3.5624993183716e-11,3.5624993183716e-11,3.5624993183716e-11,2012-10-05
3.929682124965694,0.6746008347865615,0.37493314203040334,0.9381035769731194,0.7288790048704887,0.5797369106984589,2012-10-06
2.3969767076747437,0.530272730023183,0.2087885765858951,1.1261184028794047,0.41643719503753135,0.6205094252106556,2012-10-07
2.3080280563409388,0.421325361971333,0.19071032251016798,1.645907555334983,0.35481780208766156,0.4167110806863608,2012-10-08
2.7458144065739525,0.3084799345623801,4.284745496362507e-12,0.5179695058620839,0.3728517106281641,0.40400540609733204,2012-10-09
19.116599265302693,0.11130866351905726,0.4816099618850399,0.05238256665401243,0.07669327630918268,0.3636844464919273,2012-10-10
4.915072462508545,0.559623558001914,7.75507036502174e-12,1.1011732122871931,0.5518628589046478,0.6741134504579047,2012-10-11
16.29681440097355,0.46019903014144065,0.48858995419586826,1.7570302346422065e-11,0.014531912511008238,0.301932498899013,2012-10-12
3.790310971105577,0.5461465442846005,0.23140112932308596,0.5948089638638386,0.5291241600170611,0.5630014396922812,2012-10-13
2.329360839113807,0.44736816246274086,0.15376958497764076,0.6082587817375463,0.0762278690997026,0.5734869527569737,2012-10-14
1.904709483727081,0.7269588318256314,3.692000465131568e-12,0.5875857592221978,0.1075587222854061,0.4651332756824452,2012-10-15
2.5000013168717325,0.1962999538240852,0.05317171080386611,0.45203396539778484,0.10415458038275335,0.4306718356199023,2012-10-16
2.8255387740374607,0.36482733869140394,0.13709021838207874,0.5812245711998251,0.14865629191744062,0.40586062219604657,2012-10-17
6.971833657951478,0.10743562353492067,7.65526481969164e-12,0.0881292501812952,0.24046838812754934,0.3372694020149932,2012-10-18
2.2638714909645423,0.3988316023949892,0.04015394711006212,0.6229027027376093,0.32920088947316417,0.6168528747671851,2012-10-19
4.793368688291667,0.19010096998600973,0.42049449508882275,0.4577213489266549,0.17498465415315007,1.9135106761220524,2012-10-20
1.9389329868604195,0.6341073627509859,3.9282285787448644e-12,0.5417656369256528,0.2415555529627148,0.6235348421511572,2012-10-21
1.2179852347170719,0.723487731941932,0.34619640003409125,0.9298922416797933,0.22805839206418263,0.4935598183935895,2012-10-22
1.162106676617303,0.33119916374942365,0.04978410701018745,0.8656994458671102,0.4927759202265693,0.5723316542438127,2012-10-23
4.455870747416492,0.36083484133048316,0.5706427399326088,0.5869106846493083,0.11738645859527716,0.4161398840905691,2012-10-24
3.6956662567122924,0.5041331939800767,0.058082657596454854,0.6455284722294375,0.18101752533502238,0.36575267844967646,2012-10-25
1.9941649139756663,0.6575907304418598,0.03315532408094406,0.7678438341195232,0.1650614547468097,0.6339647073197523,2012-10-26
3.5216501360379895,0.5397943096187651,0.20661988592174313,1.1399042115698683,0.16554680360588678,0.5212241838969338,2012-10-27
8.275325237151524,0.4692083892655702,0.7293941332250143,1.066047154823027,0.08491454304405142,1.0519784708856188,2012-10-28
0.8255330450064802,0.2253937709497396,2.5103390198447106e-12,0.4534734394958952,0.3872088689207005,0.6464601323973002,2012-10-29
1.4046428737911272,0.4603413191588593,0.2594794843685195,0.7270571165469867,0.2705036482915807,0.616288826969083,2012-10-30
1.0314858391843604,0.7171853204225737,0.14530303692637994,0.7767079394685037,0.14548697789596315,0.5274054125863129,2012-10-31
1.0822316264172154,0.5047247866337635,0.374678518679834,0.6660801250553979,2.4374333075244206,0.3570372388712299,2012-11-01
5.340008376893078,0.1155577395886292,1.0293626152122382,0.5576897648718189,4.202421710999181,0.3472954584434688,2012-11-02
3.7922938467996055,0.4151014502729541,5.790070150530394e-12,0.22511959015919467,0.7112806024409422,1.0217523400466957,2012-11-03
2.463652598649649,0.16772696496080453,0.031359452526366315,0.8068341935704649,0.6808615660975595,1.3173834726414637,2012-11-04
1.4335423480722096,0.4039686814256903,3.1840211889660216e-12,0.4345391581523853,0.386883652481739,0.6721388796597174,2012-11-05
4.533192445908135,0.45425769516566405,0.5212768607676665,2.57916317599541,2.4723176305991257,0.5899892069254087,2012-11-06
0.45829514643351,0.26503124387073657,0.07998905108549378,1.0036635762475221,1.361093630215088,0.6271363656589739,2012-11-07
0.5645046864173189,0.4904070394727925,1.592096357730729,1.0339159380583385,0.08973032486513922,0.5690640728299893,2012-11-08
1.2330284371122966,0.8839013068139889,1.945648558633008,0.659306843642092,0.31179832060932716,0.5383625955362505,2012-11-09
0.7035172432373346,0.8014343200243756,0.5243610918416672,1.228866713521562,0.9954283245576064,0.478369804992649,2012-11-10
0.32019947614364463,0.7529030603099136,0.11603575084962377,0.5293260589664063,0.18476718292794847,0.4978990173788008,2012-11-11
0.3466199591220347,0.853083787833025,1.7969993947683575e-12,0.32352306361178723,0.009643595255945025,0.40059117710737024,2012-11-12
0.2443569596977197,0.8308864329213773,0.006460460966170414,0.4428220202324827,0.06987811367368771,0.450414938227788,2012-11-13
0.20854538294803573,0.9464794938472757,0.00278946358098717,0.4757794976666859,0.034305925306465604,0.45975307237124674,2012-11-14
0.30796490110783586,0.8382707117804021,0.221905720612695,0.40787621227942156,0.03147180347969092,0.46356498558064047,2012-11-15
0.41778178574639213,0.7512916188755899,0.31304366512177423,0.4295812921166792,0.03100901856424306,0.4386601402370067,2012-11-16
0.6074031697403014,0.6187759442627618,0.26198357527714533,0.7224509200758346,2.647765717638273e-12,0.43658553175924203,2012-11-17
0.9700428859922569,0.7011871229870466,0.869856593819746,1.5944137756462677,0.20998158222599478,0.5594667252011326,2012-11-18
0.7596229062264039,0.9846688763682013,1.3621313547405542,1.571261301790289,0.10479258748300978,0.6002606887353482,2012-11-19
0.8816822018051316,0.7895955567116925,0.560029099634205,0.9218419655613176,0.045549536614109425,0.515719321418735,2012-11-20
0.7670843491769422,0.8578183490867983,0.5285734047128468,0.688201649387108,0.5535737093734229,0.5103208824989939,2012-11-21
1.375050876206215,0.8298624896038447,0.5428070221655772,1.2017243858408533,0.5503195918087547,0.49996961737575357,2012-11-22
1.1460873060886128,0.9226853518310298,0.36575690621469065,1.1369026383832026,0.1769075240391743,0.6830750834282259,2012-11-23
1.3341734926380748,0.9134528811719347,0.6148334065431295,0.7631419202080111,0.06447036198501664,0.5073841138084212,2012-11-24
1.6432231938423318,0.7820346324024181,0.5481269512904352,0.9421380703090565,0.6282632221859937,0.6748548402138529,2012-11-25
4.89657489334928,1.085265643896578,0.34600049492655877,2.07438760005551,0.923467382999457,0.6454179358194335,2012-11-26
5.070389544778904,0.6170526105701583,2.1830949278144525,2.91755486171501,1.2495019862983916,0.9027769745529263,2012-11-27
5.603825053122938,0.7590539086880638,0.40621542571803054,2.4310666338418847,0.5176850272958159,0.894172581124774,2012-11-28
5.17498371129142,0.608459308072179,0.2937939634021674,1.4563287629342425,0.6020396837391214,0.6404850939163877,2012-11-29
7.129727353279437,0.7057508539629525,0.03230431026014349,1.0743053859453584,0.3449538651535995,0.6132532316426589,2012-11-30
5.6862165692927045,0.5572377831858696,0.29176552630134295,0.9258428491973532,0.18631129330791799,0.5935392775982163,2012-12-01
6.626512655832694,0.723966934088623,0.16633040675008387,0.8684673295362556,0.39368896890201827,0.5793729677539887,2012-12-02
7.326801151535683,0.5886740999814101,0.27565092420874565,1.1270072571012064,0.5265614724327552,0.628752555024928,2012-12-03
9.101150778251348,0.5044239078651339,0.21932648979316097,2.0524425021210297,0.8090158599722354,0.825090300583349,2012-12-04
8.063217311450972,0.6076517865668041,0.3856169987397418,1.0671523602741382,0.8885301120462784,0.6146094076085373,2012-12-05
8.579033173076157,0.9718308265196275,0.4015478202569713,1.2195802487799927,0.3849669779381335,0.6017291674004874,2012-12-06
1.2841264027549832,0.44748385316440925,0.5443034983539526,2.0609836180735996,3.219005809302202,1.021826926593423,2012-12-08
1.360591948143256,0.72494444080916,0.5775325840379695,1.6211149618616,0.32580955153029695,1.029819355522561,2012-12-09
1.0432070489757814,0.5676157423123649,0.8765718856919341,2.042773615901303,0.1926051903535837,0.7225634604900041,2012-12-10
1.2820176449846383,0.6472127419774121,0.39224248285729313,1.107173144055491,0.16256055485713755,0.7461730554592653,2012-12-11
0.9052288137196495,0.6417112910135826,0.5007221364935419,1.1024110329960606,0.1538457813842121,0.6017314238536878,2012-12-12
0.89898523203354,0.5845100018886492,0.7164377255679752,0.9353169004188012,0.15247274292038726,0.5056779441096232,2012-12-13
0.8849738310107511,0.6418185617507713,0.3783295482387552,0.908324450579714,0.18870665669422468,0.5823870368486949,2012-12-14
0.7625436891588415,0.7817954919678198,0.5052483802346497,1.1931387011648655,1.272659626974503,0.48433485254507613,2012-12-15
0.6761567608885042,0.8325366003824172,0.39270918716113185,0.9064922401941659,0.24249746262943397,0.5148126675053322,2012-12-16
0.8298170124485028,0.8759523673551171,0.3840236051299268,1.310357672038036,0.3398199898425452,0.7153669343117169,2012-12-17
0.6579649749413902,0.9042146630608956,0.15629524704040357,1.0459257170470257,0.2263913052004975,0.6997973330055732,2012-12-18
0.7483136941000074,0.6632492562696051,0.5514878167875372,1.1219927573387372,0.11237943363898122,0.5380386982778644,2012-12-19
0.6613908312335446,0.8420691868025795,0.3362513570855721,1.0431577427822514,0.09563221663883492,0.5693015236144037,2012-12-20
0.6607380360492899,0.795628549633499,0.5794458580618221,0.8811735317427057,0.3007333961644658,0.4790109700232085,2012-12-21
0.600148280516034,0.7854606798274691,0.22351255402619716,1.3493752911697747,0.04596512244743314,0.5810129668341529,2012-12-22
1.1173564645784957,0.5884869688584592,0.1862276830351834,0.3532696407164635,0.06520250424227836,0.5241446366769887,2012-12-23
1.7021578744717516,0.6703254251285806,0.4465376510450073,0.7426704594853917,0.02132611851078118,0.4990947419410009,2012-12-24
0.7070204685154727,0.7833844810423165,0.3446407619606181,1.0097499171585456,0.2035411201773845,0.58171008165342,2012-12-25
0.6129946982480464,0.9150564736467143,0.15997698274828462,0.8756192823798498,0.14296440335429536,0.516309883971136,2012-12-26
0.28230163544043824,0.9108653351488514,0.3721938414310122,0.7343648594298396,0.19463861487377251,0.4565229499423611,2012-12-27
0.6912960440351543,0.7539453612771977,0.4220705801178834,0.7070804654723593,0.34547421422903213,0.4273430616523835,2012-12-28
0.5269907974426776,1.1374304984846442,0.33895767454572484,1.0009817099041474,0.3062241836610242,0.4699083208748592,2012-12-29
0.40081945518722173,0.8843644578561658,0.2506187126042921,0.91877882675553,0.31687181565331496,0.5639951026350893,2012-12-30
0.7604452126224825,0.6032372306260413,0.4170532679271224,0.6961379702606802,0.10738811727699793,0.46707588967823466,2012-12-31
0.5596291350342947,0.9895662857338846,0.41302808144523256,0.8738685387798384,0.06927567310137628,0.5113402437193568,2013-01-01
1.0114218238044779,0.9227104742269263,0.36779188255595063,0.8324354729715371,0.4240404214500909,0.5297477983740048,2013-01-02
0.7899154073149266,0.7710279190063836,0.35565610703181655,0.8468143376306051,0.274073861181314,0.4698288845365571,2013-01-03
0.679330751712647,1.0506646175093513,0.5965656235586189,0.958708386980915,0.31107155850866225,0.4788005695146484,2013-01-04
0.5749874805159776,0.6493918711779673,0.8480038225222875,1.8689773062236865,3.992271068204059,0.37333984564110656,2013-01-05
0.25572361039964,2.3674357149602524e-11,1.190961894646895,2.006259934550749,21.123048667210032,2.3674357149602524e-11,2013-01-06
0.995865294199546,0.7434965327113549,0.8854825547644358,1.046735564158133,2.401048046465408,0.2804998391750377,2013-01-07
1.5863047083070214,0.6561588595373546,0.9553454517255062,1.8268022523414298,1.8892679468900762,0.27065660645156947,2013-01-08
2.5490549514017182,0.7950302168693814,0.9451758180099116,1.0458570515282462,2.2513021044105184,0.27009682708262744,2013-01-09
3.5972191830157603,1.016140154667346,1.026947959030123,1.3015306628045924,0.9090112351918339,0.32520602949775873,2013-01-10
2.5434897252963715,0.6502645551032816,0.9294684103417697,1.0580925047490206,0.47292091355712373,0.3831586468039367,2013-01-11
2.054149307958068,0.7224883698836011,0.7636199764181295,1.9745628532511879,0.18463461269095188,0.3396090411287637,2013-01-12
1.0342716936723804,0.6827223989773823,0.8452597214253748,0.7448568331413368,0.6017814246171046,0.44723994105827014,2013-01-13
0.8017132790245985,0.9059220319428519,0.5521419076607533,1.3353511098611772,0.40800766982972586,0.5509552478608197,2013-01-14
0.4614560127884045,0.6687928028654245,0.2937651941671488,0.9422818252883844,0.15814345962022403,0.6826063478856441,2013-01-15
0.5014838821378925,0.7546314777413069,0.290105814674948,1.0439126518546873,0.1564514264663779,0.5878576957721092,2013-01-16
0.5752856374623787,0.8968182058007843,0.2359125809840653,0.6108122769449496,0.40179186100591535,0.5226506687087018,2013-01-17
0.7254369525673925,0.6319606816459715,0.7445970925770211,0.5840065860336752,3.195461344537234,0.39975327136546834,2013-01-18
0.42998009611267773,0.798621333871401,0.39365347920809324,0.5792313472361139,3.203370982387297,0.39990553228104664,2013-01-19
0.6858293642039164,0.7929284548511902,0.12170865843470287,0.7504636909598497,0.24471334972019618,0.5291409499225362,2013-01-20
0.6073738070601987,0.8720873329244636,0.37483689867990333,0.6007472731215368,0.17279841190098685,0.511960985039531,2013-01-21
0.6308600222657288,0.541607238951448,0.5483408749602783,0.5591779309043383,3.062366578714132,0.42519447682964046,2013-01-22
0.29695101636053844,0.7100814920264701,0.4106943421843465,0.4343160020886822,0.699282825124424,0.4786315474910647,2013-01-23
0.45327045987237274,0.6771389641158331,0.2918109352550584,0.398691204575261,0.27737718135323813,0.46434546488921674,2013-01-24
1.0204491964606335,0.8968993805287516,0.4222692037301558,0.8187655428536365,0.6779508560324966,0.5003086271700452,2013-01-25
0.7023100245048752,0.8886453968479452,0.5458654739341979,1.0715816091717445,0.35882978579507613,0.5242924358336889,2013-01-26
0.42551919422668616,0.6648914663659048,0.569980940223252,0.6843000113879362,0.1141919248959646,0.49370907192823277,2013-01-27
0.35616439127174737,0.8054645101859812,0.44498660320434896,1.1803581252794466,0.28297624731591303,0.5819079585379183,2013-01-28
0.3470202277070158,0.8038563254732182,0.23285225695156853,0.4941133847625869,0.2792744870815429,0.5140740043736884,2013-01-29
0.32466207209681014,0.682960756792386,0.4125977032210403,0.5631313485180582,0.13533612853339952,0.546804162633452,2013-01-30
0.2929716500583534,0.3260756667894479,0.12179426591647322,0.6299767268623109,1.1304703119844288,0.4848333275831726,2013-01-31
3.387850732037069e-11,3.387850732037069e-11,0.3581787149538774,3.387850732037069e-11,4.4686141594277835,30.5236898511503,2013-02-04
0.8747708428754394,0.7926915180493271,0.3116205542684203,0.8234598880936349,0.8701852078400094,0.408105590770511,2013-02-05
0.7873175376120773,0.9631395856067814,0.07103822473942602,1.1546610616651365,0.5881450477902442,0.4283630991860773,2013-02-06
0.7283551481223797,0.8236568701661066,2.6754931903012437e-12,0.5359586455708706,0.21550625685120775,0.43421669211422886,2013-02-07
0.6441619253871265,0.9476807142055083,2.7564146780024223e-12,0.5452633731196059,0.35019974858873276,0.4455086205661742,2013-02-08
0.7429943750961646,0.7834646576987128,0.0768876157915998,0.607377141430153,1.3009183241679243,0.4543619762709508,2013-02-09
0.4824991529469334,0.9945650442714533,0.02820853176733785,0.43786650314298103,0.5440538471904812,0.42974113583344214,2013-02-10
0.5104507400815671,0.7028947722717861,2.198602004497088e-12,0.2777384995782417,0.2605675466874883,0.445874635394349,2013-02-11
0.5066359585498018,0.9599516934558219,0.3683604444514325,0.552701720177098,0.13935223203576708,0.44146174728296356,2013-02-12
0.3866275059054781,0.8347667831282806,2.1793644006168387e-12,0.5189756392718816,2.1793644006168387e-12,0.4208487996031122,2013-02-13
0.27690712511845456,0.9215533797077158,0.09300770844713842,0.920518726675372,2.7564712826396073e-12,0.5345219815740203,2013-02-14
0.5203724383104111,0.9108773943672146,0.0898942001543869,1.4700245322663412,0.03189712822815379,0.6143516465257739,2013-02-15
0.528431544714212,0.8415557261533997,2.4862281819878806e-12,0.5955634027006466,0.029551540402795614,0.48125567991953333,2013-02-16
0.8663931168647685,0.8723213476995005,0.14399467602428603,1.9431526181297634,0.08832051757210706,0.7858405283975034,2013-02-17
0.6375540486868277,0.7247669294367106,0.21125953322331126,2.0182479671014613,0.045083968392963636,0.8115610919515829,2013-02-18
0.6945666704499761,1.0048662273081999,0.20704370868601088,0.748095904613962,0.03617109168252891,0.5021800308306639,2013-02-19
0.481555999054214,0.7829302134336521,0.00633726155642458,0.5827456968182809,0.21285602081572194,0.4796660403252674,2013-02-20
0.9772390436326743,1.0571430010483316,0.05159043860782181,0.4725340271551681,0.10434032064396187,0.4598839119354382,2013-02-21
0.44709483108854065,0.9656502892001696,0.06104630885168241,0.4899781918693576,0.020747248326907303,0.47243223785154675,2013-02-22
0.8875354824778532,1.010549972167814,3.05309296254963e-12,0.5783466744294408,0.11534533638220344,0.4833748916159523,2013-02-23
0.8971316907966717,0.9181891156093235,0.09464647952362787,0.5554887449903585,2.9076717571875776e-12,0.4389765419338479,2013-02-24
0.9059944485693511,0.8981095066695415,0.34443493414249343,1.3188318245771582,0.06821580675598579,0.48581240260396663,2013-02-25
1.0984465750455337,1.1926729474004725,0.3029293937361576,1.2578085361308962,0.28876960060515977,0.5451387459916234,2013-02-26
0.7066310615745,0.9771235500512337,0.45066845814709994,1.200018083845878,0.5863145620202641,0.4063162860340376,2013-02-27
0.7194766669095257,0.78443672219691,0.5206890487461037,1.3258706972490386,0.7958437939143417,0.3778877994028577,2013-02-28
1.199226594701209,0.954681860561532,0.5409290162699163,1.3190074485943908,0.14772289617846027,0.4006980274904033,2013-03-01
1.1989401544892342,0.8747307904293795,0.2789965728645743,1.6562898947761524,0.0747010721836046,0.29520714775469714,2013-03-02
0.9595674569511471,0.9739247014811359,0.4682814495856917,1.4934466944569635,0.012940504583477827,0.3210389384588046,2013-03-03
0.8529506383593418,1.3051956835010472,0.5916438455765147,1.777720683256369,4.830602792710054e-12,0.35935720329731397,2013-03-04
0.689144991224951,1.3392432458234258,0.49847353336895955,1.851118185595649,0.044201352409053284,0.526562602354369,2013-03-05
0.6152426640882931,0.7614498178840527,0.2695667654472906,1.252653195448292,0.8414948162609321,0.5965596243779487,2013-03-06
0.47187176325575514,0.7021960962618126,0.2245791622728383,1.1837848585034005,0.6283068349213099,0.7722129238409602,2013-03-07
0.8548403040318828,0.9158537189556545,0.3871761332518961,1.0159674392998,0.22131020993367048,0.5980111819406646,2013-03-08
0.575534442658785,0.721208122012701,0.2547380545877647,1.0578694023410637,0.13332471489604517,0.6289910669522055,2013-03-09
0.7535573293888335,0.7376737427005158,3.2696649548566077e-12,0.9205564240362838,0.21911485236472286,0.7640566884477316,2013-03-10
0.24989715902695328,0.766175247609453,2.084937594905194e-12,0.5566444716198884,0.2487264198310798,0.4221811582058677,2013-03-11
0.32022218738180463,0.7136880674018942,1.8522683343435587e-12,0.31540978848858353,0.315887038006785,0.3499444842562564,2013-03-12
1.757217217383678e-11,1.757217217383678e-11,1.757217217383678e-11,1.757217217383678e-11,17.572172173836776,1.757217217383678e-11,2013-03-13
0.6247069560227366,0.8671869185451198,3.4508931013995082e-12,1.1124593361925126,0.19274584869541467,0.5954763407681927,2013-03-14
1.1591160261575881,0.834187220325942,0.5949917098096956,0.7254461443489693,0.12205121768942095,0.47005998625451534,2013-03-15
0.8409383909779955,1.0172598889820876,0.2438224345645271,1.0874282711488188,0.15117521578130622,0.5441834468400398,2013-03-16
1.0917936098282164,1.0463795094653154,3.4999158236464194e-12,0.9283128429476541,0.1407714451723451,0.542400508042397,2013-03-17
1.1602055253208452,0.6090278852625678,3.3706232666366183e-12,0.5361021460354334,0.4329201780757012,0.6410739005676462,2013-03-18
0.9081256759526747,0.7730007964994088,0.28245401570700146,1.2519441271069334,3.5030973482826075,0.4643337189393922,2013-03-19
0.43368827467035054,0.6484171626660836,0.6716252892732796,2.490020280910094,7.750503948419461,0.18176392616017908,2013-03-20
0.588122568627126,0.6122940846408069,0.5176355208957074,1.7527389230995303,3.921634421886987,0.7555377369316021,2013-03-21
0.6861771857249807,0.8919308364003786,0.5899654984207873,1.1298860557056718,0.5246617307066609,0.4653696123901309,2013-03-22
0.647185110644362,1.1116037427652485,0.509674465905569,1.951033241135078,2.021790614827673,0.3888523923139621,2013-03-23
0.6330387069422433,0.939534794838948,0.6772021491427689,2.2077859593780373,2.079037475396067,0.3534857088530522,2013-03-24
0.5762991039032109,0.8582673694624655,0.622973284261872,2.2889301638447486,1.4216403129110462,0.5080088992343645,2013-03-25
0.5740477293255848,0.9534082810722877,0.64832332118501,1.6199790844246387,0.2780259082747835,0.5901282626355743,2013-03-26
0.6302945855446459,0.9257286249790155,0.3079578537465418,1.7413982958283802,0.46507886992705844,0.7936597813556276,2013-03-27
0.9372399053384476,1.045776958152657,0.4626322744418199,1.6768614711089085,0.3768555013875616,0.7049407875098713,2013-03-28
1.6152448609211312,0.783828653386964,0.329900458381878,2.3171329733342283,0.06465099256791437,0.6378391290834206,2013-03-29
0.5955332891140692,0.8353813128954021,0.3512714864253837,2.70982135137284,0.15881050363461893,0.7829127929079233,2013-03-30
0.3656389014268022,0.9280791574095109,0.34574621297241953,2.9653546165333875,0.22167345869505514,0.5559903363244891,2013-03-31
0.6736680457327605,1.0029646571741349,0.4534311285046893,2.572774063334849,0.11814087005496766,0.6323829865609419,2013-04-01
0.8035465365213053,0.5442621646565013,0.6051996129752676,6.089810504418432,0.09689451936167132,1.234356465908128,2013-04-02
0.7377185749876849,0.33421084286937436,0.7285038710210429,10.57188229913384,0.7150830041668959,2.436087838517282,2013-04-03
0.7550270388818783,0.4755955028411419,0.7147457420979932,8.067380772823144,0.13492935496433708,2.082428888696105,2013-04-04
0.6691211689431629,0.8309937214520521,0.7080686782113939,6.427578941057852,0.057894553417638626,1.0370357024653531,2013-04-05
0.8205233862233252,0.8863356342923426,0.3929966462641261,4.821531197759018,0.010339966198378637,0.8926581833876281,2013-04-06
0.46301466030307664,0.6003270564767462,0.7141938894798219,5.880851075549313,0.29043486325891676,1.222092227951242,2013-04-07
0.7127616541540529,0.9376723251409743,0.3729854825853992,3.629400298983948,0.22477128763822196,0.8554335847571467,2013-04-08
0.562420975816206,0.8794755990841064,0.46604946932084873,4.771282268986293,0.1558386083743495,0.9800833858284969,2013-04-09
0.4520721947997953,0.4714632205153001,0.9203057808920924,7.787931290834513,0.39284260508064794,1.8548455573550597,2013-04-10
0.6795919165678139,0.6615856571149631,0.4195150899366667,9.040397463874026,0.09992026388426556,1.8061645178964403,2013-04-11
0.4403344200427919,0.7250339090127259,0.6607370236207307,8.9665209897108,0.22019543511856393,1.6830825531770406,2013-04-12
0.5191752311750771,0.9085594032442519,0.46236399115660193,5.389110451493589,0.032613240026808474,1.1701481634130964,2013-04-13
0.5986251768882087,0.9744183890376249,0.21366394006728556,2.798473909296757,0.010730823520000828,0.6394385274593366,2013-04-14
0.48792277281608076,0.7920427599946556,0.38718201493054405,3.7014922684773426,0.10850858221396943,1.0377409574155254,2013-04-15
0.5284501409724376,0.9268410042491856,0.41739723396122325,3.8757505472591647,0.19747373568743953,1.0585846297531745,2013-04-16
0.6615387330294707,0.9530103703671229,0.6539347011695481,4.643201026770935,0.05355008391232204,0.9752082831905138,2013-04-17
1.144978607572636,0.8358448254857136,0.571674249902072,6.6769823635494845,0.20346671028224703,1.5248174127972483,2013-04-18
0.629984780618342,0.8845669859259279,0.48943914352035445,7.0100889291298785,0.18697034869528992,1.3368060214617714,2013-04-19
0.554922530696813,0.6892389957430619,0.44894457079310374,4.360847564834879,0.4330152648160505,1.0991878619166555,2013-04-20
0.6334882248169935,1.0545068354402631,0.3697237319746679,3.7944234191610824,0.2743716621881039,1.0810175465086136,2013-04-21
0.5515270577536326,1.1145458694067085,0.4114783211707808,1.554987607922614,4.065031246466571e-12,0.4374792050556745,2013-04-22
0.3443505364813659,0.18496956352481506,0.5584379988993644,8.455994545136587,3.5224965660508394,2.750791357294854,2013-04-23
0.15266697044728242,0.7738898898063554,0.03894215148805383,5.724087691361155,1.0463510041748232,1.525529712913374,2013-04-24
0.5494535023747908,1.060105400993739,0.3155730109680679,1.5051297569401154,0.02722898571665273,0.39162088286202523,2013-04-25
0.5916975620845518,0.8588679205297599,0.767566732734543,0.7398332574119625,3.3413585498584844e-12,0.4008848677692599,2013-04-26
3.1037083764354736,0.7057211790353163,1.0393333164569076,0.06937275326839064,0.005279280995631707,2.115949527099753,2015-07-10
1.2106612245126407,0.2455010431792493,1.730637057518955,5.806960724997643e-12,5.806960724997643e-12,2.933591721581657,2015-07-11
1.3403264321898871,0.3888322456219133,1.8254132145655573,5.296908030869107e-12,5.296908030869107e-12,1.9309470471084222,2015-07-12
1.4521588603349014,0.3372022450309862,1.3033732434303194,3.9752152318527586e-12,3.9752152318527586e-12,0.97574472504548,2015-07-13
1.1294677890807128,0.2746690284203525,1.2277670497075328,3.5198862844885825e-12,3.5198862844885825e-12,0.9342446667689757,2015-07-14
0.49673241738443824,0.2792297060351943,1.551557009740503e-12,0.11938881055332527,0.004481692858336396,0.7806101316563472,2015-07-15
0.8057833584029702,0.2671657171730769,1.8360247165432976e-12,0.047854243829657285,0.23541484835972806,0.630097963434785,2015-07-16
1.010611788661112,0.1948129588811528,0.005973375386700253,1.8169719895477385e-12,0.01135221776824984,0.5955125791805489,2015-07-17
0.7242961615849006,0.3232481750087503,1.6795239705424113e-12,0.017429698874475767,0.003373093023192601,0.6352117407594163,2015-07-18
0.7255863806395464,0.34815642266268654,1.978391600384095e-12,0.36199264660888747,0.03791757398465608,0.5793500340666896,2015-07-19
0.8442183573640487,0.38666950993467486,0.4876488870243977,0.052330165166369014,2.3101404577570194e-12,0.5352478531043003,2015-07-20
0.9173916921797483,0.39831436319989877,0.02077431190084191,0.0217352138586844,0.004554173805379232,0.5098408230497858,2015-07-21
0.7365779806319895,0.39130253189431563,0.08103653887543388,0.08356507018579955,0.008867577839973355,0.5755105402093331,2015-07-22
0.7634451898950515,0.3316110923165684,0.021499512467451704,0.3936553486455637,0.04109626695046405,0.5577348121713741,2015-07-23
0.8107553285756733,0.39206478352237256,1.7130384209038154e-12,0.06269575564675942,0.025517059445988723,0.48652990763241877,2015-07-24
0.9511088909461815,0.30988719734157627,0.08023870449287666,0.007416117910392458,0.01323952184386035,0.5141978493357013,2015-07-25
0.6587147130285228,0.4382406946099925,0.12401709559712294,0.12148931462521616,0.0015205376632317666,0.5963340749345682,2015-07-26
0.754820671004029,0.29343471845379454,0.054327340912031494,0.38674750894634197,0.026628164915414317,0.5834959993322454,2015-07-27
0.765142471358948,0.38428165386410595,1.882714544387805e-12,0.17432508514266182,0.013197790511470402,0.5518496043151486,2015-07-28
0.953268652632885,0.3573459474897522,0.0010690208247941236,0.05875146413752513,1.88912993773131e-12,0.5216320216324164,2015-07-29
0.6929820129863735,0.36989561990190345,0.08238999946105352,0.3799691192061157,2.2356809000733228e-12,0.7134974300376986,2015-07-30
0.6088973214857983,0.2003056188450091,2.758555131859767e-12,1.1006765322339607,0.10928213541196696,0.776599144068098,2015-07-31
0.899830645013363,0.30341879878095906,0.19717187904427314,0.5881443222394065,0.006042720851270925,0.6964807044381014,2015-08-01
0.7980120928367856,0.3850990512107006,1.7436024999907106e-12,0.20209783723756267,1.7436024999907106e-12,0.4939166546699962,2015-08-02
0.6139436786204013,0.33914974569753054,2.28329074371744e-12,0.6418209562647741,0.004659526011315463,0.7352757963770339,2015-08-03
0.6703984308095451,0.29986901516032355,2.6685103979889843e-12,0.9990377763790158,0.0008388163300399885,0.7074129213179926,2015-08-04
0.9130064603374209,0.35915717357788673,0.04937011703527817,0.47923574986764356,2.493287000255826e-12,0.6917963265316374,2015-08-05
1.3746928806041185,0.38147303357179035,0.590724237231109,0.1778224574801542,3.0633858945694446e-12,0.5655816841132115,2015-08-06
0.7027257752315792,0.3175636806743009,0.21473777475969832,0.35057305532236177,0.015460446669512181,0.8078383266750925,2015-08-07
0.8098612702134655,0.37215922383709527,0.07124459721449705,0.6878141304774563,0.036168900989134,0.6006663952278947,2015-08-08
0.983530273584083,0.37158039672496357,0.5068807505669378,0.6842556102790681,0.008841682693422843,0.7164231239669667,2015-08-09
0.9140568940886997,0.3234425752798249,0.40305364262094046,0.28776004733558297,0.03201444719990951,0.6430397332211123,2015-08-10
0.6747117759955538,0.46465939415619156,2.0692838251684985e-12,0.36088443241601026,0.04775382175279107,0.606725467288992,2015-08-11
0.6139793179410428,0.33898213668908084,0.03615448334409361,0.4568513306943418,0.07646844981494516,0.586315783689437,2015-08-12
1.0048085487045386,0.3732273861454748,0.041391655291164016,0.43050876739394967,0.14733654523893408,0.7035645176955759,2015-08-13
1.0999271197069314,0.4177104394948589,0.3006587920409375,0.1865407875818121,0.09602693353460948,0.4923861816535699,2015-08-14
0.9297700889591224,0.47031111465427783,0.18187493910940264,0.2800825333262861,0.054797651107158986,0.7028874191389011,2015-08-15
0.845155953264747,0.5715871893051835,0.21720030070448676,0.23349027774486092,0.005185833972026172,0.4486492238569769,2015-08-16
0.9893313169533836,0.32302276812022157,0.4716812095027907,0.2698750293343018,0.035823388824234345,0.46860576569543655,2015-08-17
0.8958441568047154,0.35439375513685245,0.26034913362888895,0.1678469348643646,0.006892215158546178,0.4821991795173957,2015-08-18
0.9670608268382516,0.3383302142096247,0.27619417605978935,0.2623492236574074,2.423930744378041e-12,0.5830343844560638,2015-08-19
1.0682492605591927,0.4106146085467739,0.1540454227201502,0.8652525175175899,0.04853742774140619,0.6000274523902567,2015-08-20
1.0250413451238578,0.31482021270599364,0.6508631607622718,1.416247627212561,0.0372636333799942,1.0241351685747073,2015-08-21
1.0737677434449378,0.3857239165883961,0.6733195394436196,1.350969520210885,0.0007355607726069407,0.8723005228766434,2015-08-22
0.8396542832725479,0.38866873567739785,0.24672329279252486,1.2818110248354482,0.03793223739655718,0.788848397196127,2015-08-23
0.9381964276614635,0.43986645345903463,0.1334391950758606,0.6322113494820473,0.07023973927186843,0.7144897217147272,2015-08-24
0.9562203958749191,0.3615910049029022,0.3872155261957536,0.48914514473279014,2.7981035827336104e-12,0.6114068939933098,2015-08-25
1.0402262522372363,0.3725545975590699,0.630324011523014,0.337006875677711,3.023844641151959e-12,0.6447243068670979,2015-08-26
0.8126480189978244,0.351340584670171,0.30179832252797373,0.25583552226785605,2.4018896161928365e-12,0.6953001107728218,2015-08-27
0.9515501030055817,0.3918707940922231,0.3624295455980415,0.4142898606228964,0.0013475776072239352,0.6330272262290345,2015-08-28
1.034038545851971,0.4855003257274839,0.4938764135974197,0.35602696192781286,0.011311403722590532,0.517990589594842,2015-08-29
1.3018392262653384,0.46829012805347875,0.527405880693664,0.20219871252546853,0.02127763403743329,0.4948107377171228,2015-08-30
0.8950952388545176,0.38930893929944843,0.2711382271361952,0.28513828067356506,0.1660560352870402,0.8027201581736412,2015-08-31
0.7360735306777655,0.436165862563893,0.23511253430251344,0.892239387065316,0.04320792825900574,0.54838604910414,2015-09-01
0.878600047013402,0.3748760812362218,0.4608579755906394,0.4543993998578284,2.7532410711061425e-12,0.5883660804495238,2015-09-02
0.9544866003513892,0.43716525228844694,0.13874112847074618,0.3334996739300379,2.4648221370479656e-12,0.616106352976942,2015-09-03
0.9890785920886921,0.38320966144303426,0.3075546761272273,0.6456890556349967,0.021928707151766653,0.690446753200658,2015-09-04
0.6534068464957105,0.4544445379657635,0.18137015222204816,0.30910999726729926,2.077795460602482e-12,0.49791320964085856,2015-09-05
0.9494107194465025,0.4014609694572325,0.33720956769641713,0.32489749252588523,0.0249637319571866,0.6604228885462681,2015-09-06
1.46007992032851,0.4109497898564667,0.6540943999458625,0.29988395782901356,3.396502474626421e-12,0.5711010062795128,2015-09-07
0.750571854251186,0.4854623738172767,0.45530406953888664,0.22786450726631452,0.03369502188483494,0.5773649689932308,2015-09-08
0.785530553203782,0.4581055357448094,0.4481738113448734,0.4286314651618672,0.02726467483563159,0.5085145311229836,2015-09-09
0.967266929721313,0.5753203099411949,0.4003660649638572,0.8514672370128201,0.04635760089793299,0.6210279666223846,2015-09-10
1.2506895223073216,0.4249332945603551,0.45472199915144973,0.5829801260025352,0.0038237592725679686,0.5303111299743835,2015-09-11
1.297329917632171,0.5104367474386933,0.32180915629779067,0.4916601848761036,3.2429146090712877e-12,0.602577709583641,2015-09-12
0.8248215936252723,0.471784681037468,0.3931322167477543,0.5019662610367159,0.009467442743072428,1.0213781366022745,2015-09-13
1.074312338805173,0.44597439120592736,0.5595683516663811,0.5952822583711691,0.04439231684963952,0.5736642987589308,2015-09-14
1.118665911403023,0.4961287282924543,0.5418423651069167,0.4482914107199638,0.04853129528496958,0.5454400460984146,2015-09-15
1.0684671443107487,0.3784633708052615,0.394971281714016,0.20753248708342154,0.011096380345161975,0.6146671720858778,2015-09-16
1.130395618691233,0.437882026638758,0.5529328290479872,0.5890662065710297,3.3319246533796557e-12,0.6278376401654641,2015-09-17
1.2072043600641382,0.45702936537314337,0.47639604588927076,0.43911770275879025,0.015935104670172673,0.6743535785891197,2015-09-18
1.0881080503670575,0.5679499245558453,0.3692920126580653,0.471754450619672,0.07247966087936325,0.778375535140888,2015-09-19
1.1045375211727577,0.36923835927927784,0.45957927380193503,0.5048117117078851,0.11466771989899772,0.6458122706324056,2015-09-20
0.9135141381947831,0.34018973314394596,0.2625053583039256,0.2885616533454996,0.012906671150661814,0.6622519184350348,2015-09-21
1.0135065005772579,0.45122536320846063,0.32571226474144105,0.5596632037512456,0.04099058746373502,0.6412560638387623,2015-09-22
1.0385777961602671,0.4736887019202633,0.307939412233387,0.5283561733755979,0.01525345602016957,0.5443925368875464,2015-09-23
0.9852334342890309,0.279695305037536,0.18276017491075355,0.2608654303437493,0.03298316626581539,0.9905194255981757,2015-09-24
1.0408102775542276,0.5024720336520028,0.20982853296115656,0.45572052423114,0.04475702839928093,0.5307315686394338,2015-09-25
1.077645134213869,0.4526938394777976,0.5635714766457142,0.6363833786812734,0.0544223991885482,0.6233990437820283,2015-09-26
1.4285060199920077,0.38949467386776593,0.6648495293664536,0.4567311962747659,0.05237340310446963,0.5295710683927062,2015-09-27
0.9716412442262252,0.3507548434776341,0.12119982112748025,0.21637784856527337,0.012716403324224973,0.5868429107606294,2015-09-28
0.9403148822894125,0.47048266187665255,0.2561575558677695,0.25979116512526507,0.019202942629707394,0.7678609662007055,2015-09-29
1.1568800496062395,0.3909083778963939,0.7388544028768664,0.18333652250295635,0.005931362837004066,0.5401702345707321,2015-09-30
1.1140073339526015,0.4886715037277462,0.2729517392023252,0.25135529412310764,0.03436597124280368,0.47385885867081307,2015-10-01
0.9399724262921428,0.32196765150911005,0.35380723110438406,0.21429239668727107,0.028362890221847264,0.5562111603099312,2015-10-02
1.2321871604735823,0.40333775483536305,0.08084550437819955,0.2906806626975591,2.63661379457247e-12,0.6274121259010716,2015-10-03
1.252335810986282,0.4873415586026918,0.2082535631010666,0.25034023980038483,2.712293349702877e-12,0.5049989852742677,2015-10-04
1.2451845289363783,0.39405654989639854,0.4103874042823119,0.34476119778876824,2.8122273073019236e-12,0.41742148662851736,2015-10-05
1.010959008708929,0.5494590071772633,0.20441877856144683,0.10330926964837457,2.413939144174037e-12,0.5424389571821586,2015-10-06
1.2564947901867605,0.49318629239143963,0.6908706541293902,0.24959595135991433,0.006501551723641169,0.480134866974306,2015-10-07
1.179237349324832,0.45482454209154954,0.3721828375312388,0.47473826979740813,0.05948153905264945,0.4709712201821884,2015-10-08
1.2309896027154938,0.25993111139435987,0.4574817411389715,0.9656327513976221,0.11655020044211908,0.49984810734362706,2015-10-09
1.4443837753589754,0.3116632475369641,0.4440270527482547,0.4523323574460036,0.04623145440853809,0.5749903400439149,2015-10-10
0.9519463490116711,0.4599464344591688,0.43708312333700594,0.6713046777128348,0.08135320227612493,0.5681015139864611,2015-10-11
1.1765196903426982,0.4448560429446864,0.44283626760178263,0.4716999668521272,0.05868402116574781,0.5040645289895974,2015-10-12
1.3425872683276725,0.4293494379666785,0.5728212264561955,0.2853079233436059,0.019813779972737738,0.4683224939462561,2015-10-13
1.1849814297398416,0.2881537090128043,0.4041367502985897,0.433716639625253,0.06586711549323825,0.7337895903094069,2015-10-14
1.113347358434967,0.3218750998731387,0.250549960815993,0.2092676529853495,0.13177209008147855,0.6225675281430378,2015-10-15
1.4194026229842083,0.3268846842207813,0.11155456401792539,0.2941252350821248,0.05769542356913403,0.5470114406831735,2015-10-16
1.2516019182247247,0.4899323776945684,0.17863287841054337,0.3712369586537,0.16122511613760587,0.5672323446412233,2015-10-17
1.0217650265912697,0.41308338697374575,0.0035861502536331047,0.12374787786984343,0.01637718517729419,0.5486205680186697,2015-10-18
1.185323223153635,0.4240562120568844,0.59140006918361,0.3730819437165118,0.08210723865779071,0.528076901892187,2015-10-19
1.2959267042304965,0.40888849145596834,0.3196871991319998,0.23879280041256473,0.0440263784214901,0.49112259371699246,2015-10-20
1.3431948175351425,0.3284035511007264,0.24039585791355703,0.19064259363687042,0.011375199325578848,0.4875890341564568,2015-10-21
1.5563689946364485,0.360357710880694,0.20327921869119034,0.373495801811572,0.10109722449981921,0.6980138756490182,2015-10-22
1.3432495302718408,0.5670217067043951,0.310618523581246,0.3894604500576051,0.05258964185280235,0.6360709817563837,2015-10-23
1.3326565242514532,0.3814778496404577,0.43728984655263803,0.3753177272814955,0.016476361430545233,0.740023044974045,2015-10-24
1.7094074610081305,0.40281682576183314,0.1877199641854108,0.3772088206877097,0.10291859558810518,0.48635449941502323,2015-10-25
1.5912723485745364,0.3260101250358984,0.6627209703664249,0.10898432315235926,0.022372861079539903,0.5226269675964865,2015-10-26
1.2233568700226334,0.44217368801589463,0.12430873585719963,0.14174013650541434,0.05535056022861238,0.44084944740473464,2015-10-27
1.450383928034572,0.3007101738948621,0.5282869452564104,0.3062888000411278,0.05463010860047398,0.44018387122391817,2015-10-28
1.4779943505364568,0.38373373578559716,0.3645071264160257,0.26283707187131944,0.07927511602396248,0.5234088890639235,2015-10-29
1.1623947946341717,0.37283942771461653,2.3149235987979067e-12,0.1949445324763882,0.05457380528810584,0.5718098199438976,2015-10-30
1.4072777272462462,0.3355921776429378,0.1602559346680884,0.11621074154759617,0.05092662365425535,0.467872199978185,2015-10-31
1.7503023161304083,0.4748493953279349,0.4521380003745217,0.2888847142381246,0.03450983633311521,0.49789406259248886,2015-11-01
2.2985699882301973,0.46741716045445886,0.34395602283142496,0.46549913409867183,0.026685144633931363,0.8099074356036191,2015-11-02
1.2727111876202006,0.3423643284481433,0.31351987352275096,0.30832795198958013,0.010250488463272837,0.5420741938759809,2015-11-03
1.2714001450647887,0.33356979632892436,0.2787655342617369,0.38199865982504294,0.038937112014707176,0.5231366527505212,2015-11-04
1.4877829848902209,0.4240276234716435,0.5936520055865934,0.4195505995670436,0.04089185169661108,0.46151709444144795,2015-11-05
1.4460432485870751,0.5495196072139041,0.14199975958679728,0.2743149131968161,0.02926164090401576,0.4689091177163159,2015-11-06
1.1488128308635985,0.3851486640325452,0.0807763052619378,0.1636495382225843,0.026546840774874094,0.5166007185616877,2015-11-07
1.20742848456807,0.5741988197929622,0.14168637736311046,0.262856959905634,0.016334946343085424,0.4980399667603829,2015-11-08
2.0141313403185186,0.4540130020964396,0.37521772791501734,0.18613233826493383,3.4812373466921495e-12,0.46465520957100404,2015-11-09
1.7670084696171353,0.42028792421520683,0.6511637907044123,0.6124270015888946,0.0317561965198382,0.41723361426222144,2015-11-10
1.2009581958541975,0.3928814451823147,1.2611429574622797,0.4044870637950332,0.03758595240794893,0.5197124649772115,2015-11-11
1.6198633299925012,0.4643248740215482,0.22824027312138756,0.3460460632823408,0.017825401619564477,0.5892138744815945,2015-11-12
1.4790298860892237,0.44396794875017165,0.2754628924913192,0.31668400141388026,0.022867959670697616,1.4327854997008906,2015-11-13
1.3882422285459972,0.3672093625395643,0.45848994700198553,0.24053640844966845,0.03245259751623072,0.4629718167925975,2015-11-14
1.1993732480726005,0.4685209943047108,0.2170943515789487,0.35467412051806657,0.02872578901018933,0.583274878033457,2015-11-15
1.2390253113093896,0.5011300750949956,0.1404387936177348,0.6791706608523025,0.05533132527242918,0.891383769886139,2015-11-16
2.3121571366029015,0.5706815285721691,0.5208947481075177,0.3079895886824125,4.199460595849147e-12,0.4764995578452844,2015-11-17
1.7245313236270985,0.39889498547580665,0.41940643350894447,0.244987294496871,0.012446955965711444,0.47050670817465,2015-11-18
0.9422577144588357,0.4123281738603577,0.07029219929576,0.259923035290607,0.012639033900010466,0.5350331606260856,2015-11-19
1.2229408318012633,0.33307609797257043,0.231198969345371,0.48856441192174255,0.04121391958508644,0.4540148662629655,2015-11-20
1.2470962730829813,0.3998111186936893,0.1745076499049045,0.15708526091546582,0.004908865109179975,0.5290809951842109,2015-11-21
1.7726295624144603,0.4613489238463776,0.5247224843477115,0.36137415851246807,0.08738094794095921,0.4805552065439444,2015-11-22
1.5959938899649404,0.33545003252281835,0.3759078739845881,0.3045423404897158,0.08159134039580923,0.5721080847563382,2015-11-23
1.8456021488040135,0.3481376695429194,0.46349792383505867,0.3560773916770974,0.27534602249379064,0.5139307559459418,2015-11-24
2.4044251567694275,0.4623224164458729,0.537938517396366,0.44086917009672155,0.03354166124587001,0.5276884423483393,2015-11-25
1.426561463880065,0.4417499044348859,0.19887348917817335,0.10792716474481776,0.004130926709489219,0.5109049375028656,2015-11-26
0.9760774416128192,0.33734078638484466,0.21480792856638997,0.20020023812229482,0.023447103261914928,0.5681205748563632,2015-11-27
0.9847226337133482,0.3855617173276748,0.14506858729551542,0.3344988011283535,0.031868472668772456,0.5270734924150748,2015-11-28
1.5727006291180425,0.40859549047626426,0.15541656674672355,0.504843728834692,0.0418461712766302,0.9773339513441877,2015-11-29
1.7842742947293262,0.30336918063669127,0.5479398368871191,0.3332830063935361,3.4415307550588276e-12,0.47040005625935916,2015-11-30
0.921532538883434,0.3680316891446352,0.04963608899899316,0.27263105220209344,0.03661663965060359,0.5554920517885567,2015-12-01
1.536622577574762,0.44140485640904703,0.1954988214545236,0.49416082042545056,0.02760645643512796,0.7416819503507573,2015-12-02
1.2751533924732388,0.44319902064867006,0.12648140167160588,0.42952112296335265,0.025961196595861526,0.5812018697474612,2015-12-03
1.7186671290331483,0.41446153803505353,0.29097613069564343,0.29508543759221223,0.05307191004421799,0.4823706836979553,2015-12-04
1.1908960676603133,0.32331724254466465,0.01401485149763088,0.28296214775621137,0.3790021174004776,0.6933570669764216,2015-12-05
0.8820378324705336,0.33696843319907105,0.09191081253804019,0.5373787607343807,0.625426111523638,0.5460095563797419,2015-12-06
1.9470737245363248,0.33331613379411024,0.25231246521547274,0.17961125989124505,0.07876590634409841,0.481745592129189,2015-12-07
2.286219900541136,0.3176242428351496,0.20406639771466561,0.21663264996342663,0.006174206613750553,0.5176294523292923,2015-12-08
1.917460884402076,0.41964382587071514,0.3139532418297585,0.3541683020131348,3.724913091181625e-12,0.7154862794464661,2015-12-09
1.0136147490810365,0.40227554951386746,0.09513088568366143,0.450817796709864,0.07873845555557756,0.5334427862688297,2015-12-10
1.4487691928951838,0.583721581125878,0.38582505670212663,0.3738232673757077,0.07896939277083113,0.5681389509621592,2015-12-11
1.2166766909397235,0.5567331079614722,0.10432472901384188,0.3345513223434451,0.009695897822607403,0.5298843407281875,2015-12-12
0.7786901446928723,0.3865304348270741,2.10130296480781e-12,0.39365327929522614,0.021826749112445618,0.5667668309901791,2015-12-13
1.0128320500410044,0.4395999628347838,0.09013937862558928,0.5508323938655408,0.08754157698838286,0.5744478900821512,2015-12-14
1.3663125230261446,0.4781822463531169,0.13086641617817993,0.5707186361705429,0.029194041385870673,0.5904248655134441,2015-12-15
2.1547014455838323,0.43099924798564887,0.7605568515519308,0.6069191931729222,4.440800404203075e-12,0.4825629504918949,2015-12-16
0.9783542331423268,0.4612594218067129,0.32860313241703826,1.0226323886942728,0.0037380760774997543,0.684689284401886,2015-12-17
1.0651431960501656,0.3647807440620762,0.3276252942108855,1.2933274901879193,0.09152298129324576,0.8585784435562336,2015-12-18
1.5269525436401181,0.4328562313120168,0.31861340370452235,0.9300559116282208,0.029149808998422438,0.598073719252005,2015-12-19
4.053111103596452,0.49064913216521994,0.2692283773435344,0.6324707193777472,0.07451438170977355,0.4732640379066136,2015-12-20
1.0772539372599916,0.3959080110283071,0.2026966815936884,0.55371853670305,0.07112192218329787,0.6610520427246649,2015-12-21
1.0592313059877234,0.5071487904829585,0.19038278543555584,0.6824191503236735,0.1698563120623373,0.5934683546446498,2015-12-22
1.3691444550229037,0.4855646937394223,0.11528253914329539,0.6615453655238814,0.11113708399386213,0.550237982055594,2015-12-23
1.556307848345771,0.2632421687072933,0.3998766163547256,0.4306645008273128,0.08228391382214621,0.48709330660713285,2015-12-24
1.2341454090733748,0.389329281856875,2.5097669382069405e-12,0.33768290300514553,0.06359711075967214,0.531608378877605,2015-12-25
2.6678884145120803,0.46956426092105974,0.20926077248208977,0.6774585719672108,0.13264340821661483,0.5008868784028853,2015-12-26
6.045364617009509,0.5864426686723206,8.063019407292359e-12,0.829751122462699,0.14423183829252184,0.6374508930592067,2015-12-27
1.8717714010142565,0.5157228686742384,0.3012003117428787,0.3946510693261286,0.038207161683140506,0.5209820367955654,2015-12-28
1.1550915583062724,0.5092379805938447,0.28648351876966294,0.7148648710539924,0.15996992955923228,0.643423249095352,2015-12-29
1.1737073319116154,0.35425744344277516,0.025894613642476808,0.6479723855397238,0.03511195745227599,0.751685681111433,2015-12-30
1.7738263326341759,0.5558832903030646,0.404286280089131,0.7965646897009017,0.062410079200558216,0.5624177233259509,2015-12-31
1.7083306384991994,0.46492292072220714,0.327186337648462,0.3921871709352926,0.031634478881369096,0.46735675944343213,2016-01-01
1.6353670718352376,0.41297260456216656,2.9647165467004165e-12,0.31870648346674973,0.0368600207043982,0.5561451009674945,2016-01-02
1.4467965797483158,0.34742158600367984,0.5354627675878567,0.3539300295886194,0.036265203880644324,0.4823733771953214,2016-01-03
1.9086460499456424,0.35776024087746355,0.43829791375341,0.42664341523724236,0.02360738550328274,0.5030120629602921,2016-01-04
3.94873121019973,0.3936159555937715,5.509380800098508e-12,0.5599793042666069,0.15526784700005655,0.5260871143332095,2016-01-05
1.4666128467225228,0.46222325087716026,0.2891963212567949,0.48376994412404645,3.2073283943899727e-12,0.5036668353745999,2016-01-06
1.8426321741007372,0.3806501329325089,0.35398921071618056,0.3848761201526331,0.03915297330248857,0.44118435913075693,2016-01-07
1.505024116909693,0.48876286175988287,0.15173196922011775,0.3352414464588792,0.045992592078546564,0.5019917746243994,2016-01-08
1.5954768505940304,0.22114740916968406,0.22305513591472004,0.23767795363576505,0.013577251752198663,0.4449802349288255,2016-01-09
0.9258885624761015,0.45391227065013334,2.329514293777224e-12,0.3565114874252673,0.054047889786434954,0.5854189138181701,2016-01-10
1.2207030861293164,0.5493615350770428,3.376000435480457e-12,0.6835779609707204,0.10770647503746948,0.8622919670303248,2016-01-11
1.3953935870488383,0.4182659024365972,0.03668614683748952,0.2916150044535296,0.02326482317352485,0.48464361100364883,2016-01-12
1.6247538275212665,0.35790161798479436,0.4595206863953725,0.1640238932239124,0.004008331777301247,0.48465266249873884,2016-01-13
1.556656767480335,0.31722872329315194,2.815224343813656e-12,0.40712799336565525,0.037718699834271695,0.515841301183579,2016-01-14
1.148676114609916,0.38827063005809453,2.4765343672411394e-12,0.3476157980776614,0.023475984857655306,0.5620743188701744,2016-01-15
1.2977770424159925,0.4582180257670549,0.11890578937932307,0.19062128350215898,2.511583933191097e-12,0.4487490666098162,2016-01-16
1.2595184641263466,0.29882063646289303,0.11302563119471,0.10759225587875723,0.018417155577154155,0.4657185005111035,2016-01-17
1.0235063403001956,0.42883977068161117,2.3313737048170763e-12,0.25553579509678265,0.05117018385457046,0.5614757920671517,2016-01-18
1.1132828571994047,0.5033374116199564,2.747688180536938e-12,0.6091467646110391,0.13161705466708504,0.4816146368684303,2016-01-19
1.5270713718995543,0.4608151329191082,0.1288765025607063,0.48142209437556516,0.2060864478089873,0.48921411588475333,2016-01-20
1.5378090966198146,0.3912170477930586,2.7616339785649203e-12,0.3430876108540797,0.010026929011607684,0.4745971727488058,2016-01-21
0.9744753862409276,0.3080258111916096,2.027813806435562e-12,0.22853492449046764,0.000884712135519768,0.5320751973749824,2016-01-22
0.8684726879354944,0.3527027145928279,0.025476786790330098,0.25572892877808623,0.007381276312355804,0.4268743575954367,2016-01-23
1.0374690409255594,0.27100339060026574,0.0227798279846926,0.1613909204750476,0.011387857664801437,0.46486413120393166,2016-01-24
1.1122442815283473,0.35973194257760027,0.06274803128748256,0.0798868039619974,0.01117896802695279,0.48189588089691054,2016-01-25
0.8378170959373025,0.3532785343522458,0.03344546050508409,0.36273447681268134,0.04743583840908295,0.5635609674163456,2016-01-26
0.7229731048697853,0.35869157987922085,1.7453799296328243e-12,0.28832189353382753,0.02920758434065501,0.47734120814947784,2016-01-27
1.3973730193599376,0.3270528409323677,0.05910312387019346,0.2778410734419233,0.03130818485366979,0.4847718644456921,2016-01-28
1.1912608730134242,0.3388369904553449,2.0867001417967643e-12,0.1342024449116681,0.054576346567898365,0.4616358759422482,2016-01-29
1.351158124779764,0.4046514943011611,2.6786713464933587e-12,0.3696403160560577,0.013649169884975007,0.5213301304739922,2016-01-30
0.8030419197255141,0.349954709977202,1.7989253112570866e-12,0.2937054461423745,0.02550589408380924,0.43553805235408716,2016-01-31
1.4057898922313148,0.4268562583677447,0.1965748427894477,0.26748295192589744,0.05167111860172289,0.449180558964604,2016-02-01
1.2724140087208657,0.4480018592257642,2.7031122119294367e-12,0.425478728194814,0.07287675644344503,0.5097469435409463,2016-02-02
1.2949842856927254,0.43567780102650316,0.19083051884047517,0.4243379597754451,0.05043806033864141,0.564900327425457,2016-02-03
1.1144940375765748,0.38054984443052153,0.1846344951013022,0.4015249961530211,0.048590241886775125,0.5741479503689156,2016-02-04
1.4373971401978531,0.4451911324953628,0.3267250823882752,0.6464537795018054,0.008928460944356792,0.48597254992675254,2016-02-05
1.2045906924076932,0.5415770548043376,0.020296961966285252,0.27818818520778565,0.04232050146007544,0.4667683176770408,2016-02-06
1.0567254330733196,0.5179322696592225,0.13578179336510807,0.3839297955125639,0.024380740557112226,0.632018667156973,2016-02-07
0.9310246380169155,0.3455481037636338,0.035858768634031424,0.12820841174805944,0.04602292258511553,0.47067009629467654,2016-02-08
2.0732484921283554,0.4275027571541609,0.3506908079118745,0.3700710588210597,0.05175314810735247,0.49505316049180664,2016-02-09
1.4193538467403974,0.46812059561683367,0.26872232271077584,0.37609704054526427,0.013435301599128457,0.45212748824742405,2016-02-10
0.940766880801778,0.4291698720593589,0.0910168489155674,0.5855625878237746,0.011677645656681699,0.5372175494649599,2016-02-11
1.1500578595802842,0.3766980562547895,0.027729663859076513,0.185560077716648,0.07906176755207732,0.5427328648809725,2016-02-12
1.8298567516213697,0.4229036062709877,0.1053657069187497,0.27513955751295016,0.25625111749532864,0.4750082538366893,2016-02-13
1.4807570013822635,0.38502464957498866,0.23634522019028795,0.1426412244915518,0.22532655550542643,0.4518987549222705,2016-02-14
0.9907239374960924,0.398953923091399,0.0869784815749037,0.21102896618289188,0.2995842990975484,0.5582204642580467,2016-02-15
0.9987338779307102,0.3858257163213895,2.395747526578002e-12,0.16146466630485531,0.39939954987404297,0.4833007579979519,2016-02-16
1.7692644134063742,0.4034301348321014,0.19061979754676187,0.33047613818817934,0.24853006422787294,0.5010559646907482,2016-02-17
1.4343017310722852,0.38419888020159787,0.37857225633449987,0.19751045018863542,0.08625736207701398,0.45624926977722885,2016-02-18
1.4160375753946803,0.41259297735052175,2.899646330335933e-12,0.3911532328066632,0.19367059814921175,0.5119949673657703,2016-02-19
0.8889094958151392,0.4128333812029958,0.006214120162906465,0.3227455859476934,0.08014804496204887,0.506785971380756,2016-02-20
1.9426720752791689,0.44356973711871117,0.021052628535161728,0.29729594626420064,0.06434634972611934,0.4651861130948235,2016-02-21
1.6375235953040963,0.41158871525466667,0.2426789082691531,0.22745658291517273,0.02800418403324519,0.48362009396329486,2016-02-22
1.2745305315596616,0.48360954647561544,0.19843560851726533,0.4010639528676395,0.2598331062692243,0.5681259477304029,2016-02-23
1.3176316184465873,0.5536718683964635,0.15651723048392926,0.7447610651777669,1.090394507749107,0.5141365597363705,2016-02-24
1.5572794378318238,0.4731487296657009,0.35564073488674114,0.9095103967441905,0.18407832614240915,0.43623700863254533,2016-02-25
1.824516153934537,0.4822809222083275,0.39453593971061696,0.7505014133483947,0.049665610231935685,0.4220387264555129,2016-02-26
1.037071681380216,0.393541218205301,0.21134942100966575,0.24491150384192906,0.10403045319405281,0.5660307930030244,2016-02-27
0.8884891927237392,0.38263648380156734,2.254044681489027e-12,0.2921041987140115,0.16447940791771365,0.6014892864042265,2016-02-28
5.0186506676581395,0.4247803379681638,0.3409728529189845,0.8493739143008155,6.969368510168868e-12,0.36287441283013094,2016-02-29
1.6859165390413198,0.6429622259300012,0.6079364847780147,1.3857317786051475,4.761262752809718e-12,0.45899377715631784,2016-03-01
1.1630684208804491,0.5831921651413025,0.3165426013035528,0.8540879281187992,0.013379282931149945,0.5027185096410168,2016-03-02
1.3874851348290451,0.41053962174846403,0.2539411148531818,1.0920779460324126,0.026929277451319362,0.3893880435204305,2016-03-03
1.6776310658927795,0.7640386108971676,0.37952894168714096,1.169881709319354,4.376186638695553e-12,0.39760932047237135,2016-03-04
1.4774042816860347,0.4392991031216278,0.4112166807985597,0.45943164733673575,3.2462308311595746e-12,0.4772511233210289,2016-03-05
0.9170949441773235,0.4271610255319533,0.40500876808646097,0.35069058147959037,0.10525992002423235,0.550906077837387,2016-03-06
1.1614659077908192,0.3709489396965493,0.03880492268680677,0.42482497705150796,0.1934441937696871,0.491690460773925,2016-03-07
1.8513973447034882,0.39038219613939085,0.2749614987604076,0.41756500239595407,0.005787470845997577,0.5103677320722911,2016-03-08
2.1172236061579164,0.3757224411210973,0.2751226935375145,0.5340273335573728,0.02194713665993418,0.49137754385616156,2016-03-09
1.638943027527541,0.4271900452735804,0.41562633615062655,0.4368209236273252,0.021856066363798065,0.5101619231374843,2016-03-10
1.1013875436531588,0.34448302967597194,0.3693471117877852,0.6768892602676118,0.0035718773168047727,0.43813474083680115,2016-03-11
2.145539111770294,0.33652912004390684,0.5428899559262983,0.720958742189992,0.0506782620224608,0.47774649751868287,2016-03-12
1.6933441477545588,0.41112404605618946,0.35988983623149423,0.49593650100650327,0.008319216784688041,0.48150231308627783,2016-03-13
0.9778497113819224,0.3233307199652371,1.9116527765342506e-12,0.18918311060357873,1.9116527765342506e-12,0.4965074752728843,2016-03-14
1.3541201487799979,0.39848945046757916,2.4352812278745617e-12,0.2521593494219988,0.02033709062381362,0.45029978252111064,2016-03-15
1.68214183847876,0.402411284399344,0.3549638888948034,0.5038290731647899,0.044915832231658154,0.5089077646685706,2016-03-16
1.662135217020374,0.47023628167651926,0.23354893472580926,0.3914641929819356,3.1656871798579174e-12,0.4478671173037405,2016-03-17
1.1626640747032044,0.4699616603877069,0.21204354018767613,0.43704088526950746,2.776792455760095e-12,0.494150995926625,2016-03-18
1.345843955942981,0.3513795766680511,0.43113871043470603,0.289618503680643,0.09036253095054922,0.46209743396073955,2016-03-19
2.2923876059329977,0.4372596225618919,0.4545209365853231,0.3770992718088655,4.047884000730529e-12,0.4763001753359877,2016-03-20
2.3140517910407987,0.4266881140552776,0.2811397615135674,0.38375830838409886,0.024028740524702302,0.4972296848537865,2016-03-21
1.3817587907729596,0.4246154785779646,0.345631657125247,0.23946622344244156,0.019639518928676915,0.5096607293596475,2016-03-22
1.4005317742088035,0.4085153729310452,0.2589658688692081,0.29567783928178537,0.061882646920539026,0.45531837786552065,2016-03-23
2.3482045428274527,0.22141325128390957,0.8034786207451519,0.5611397389908623,0.046564675192434714,0.55867234520919,2016-03-24
2.0346884633707134,0.39896120331969964,0.5028301048402881,0.24788354164053705,0.050676859011306266,0.48225952989073523,2016-03-25
1.6255733915513428,0.47864376860606944,0.05872252401254123,0.4908953656357917,3.160097411292197e-12,0.5126673281054486,2016-03-26
1.7181937874788622,0.6707354473617716,0.31667573146242334,1.0437370179879486,0.026621249552786507,0.6151876204573649,2016-03-27
2.5329271728287877,0.2346547593938168,0.19298589015384432,1.0258302504742836,7.594263121304383e-12,3.6591463116259035,2016-03-28
2.028388830776571,0.3868405930985584,0.33305945946109305,0.5020594976054551,0.05825134057569285,0.573687083279379,2016-03-29
1.8116441713168865,0.3643016005432798,0.20763258148070296,0.46611986275000306,0.13880717731384654,0.546446610942913,2016-03-30
2.0037958037684582,0.4586133329068573,0.08992874947826268,0.9220395783012835,0.2790135452297925,0.6152832699401181,2016-03-31
2.7325462463500556,0.28912190828280504,0.845938998680484,0.5157616183272501,0.21114334219081243,0.5069711006042484,2016-04-01
2.700195240874232,0.2764193990461713,0.2361400266073202,0.30215072170125495,3.950549402511035e-12,0.46330588595963973,2016-04-02
1.8134797928916597,0.4603045893228536,0.14718681845408693,0.352301078732115,0.024381298603821586,0.5351296462421078,2016-04-03
1.9517659193174448,0.25062347348075054,0.20493632760090186,0.6428881347762392,0.024432037050934167,0.6309319744613426,2016-04-04
2.8765353169685435,0.38130673818026994,0.3586269777140774,0.9145655199137959,0.07208515870775647,1.3025224522918122,2016-04-05
2.0163550945241306,0.32513943100089066,0.1257707393924311,0.1268502611185191,0.023054530721047507,0.4628901449511443,2016-04-06
1.7703356633632346,0.31763816373712916,2.8047352773524477e-12,0.1772080568665324,0.11763952486613499,0.4814873336183073,2016-04-07
1.8921931551016844,0.4709824290135155,0.15157242303667404,0.7814928010834598,0.5763182972182863,0.6022883588161624,2016-04-08
3.005892325020929,0.32444689006091704,0.5813552850479035,0.6323631706935964,0.44601569237634137,0.6046757600918068,2016-04-09
2.7177928827746176,0.2813240971262254,0.1472125383120684,0.23985235408104888,0.11057965710203693,0.5118725844695606,2016-04-10
2.1565118095159805,0.2483320111606177,0.09459177751852743,0.13529660681365624,0.27675293162786274,0.7792820542307511,2016-04-11
2.443267037082467,0.10647374051903188,7.192336956095208e-12,0.18542916064452789,4.2917730878262885,0.3074771614023539,2016-04-12
3.712510335631475,0.19280437539988474,0.5823888046178619,0.1586538206715044,3.6747048485720963,0.5405307035612691,2016-04-13
3.0955719888275284,0.23987995992885483,0.4532417239398075,0.16876977990335187,0.1538026793663442,0.7820312209063799,2016-04-14
2.2130993442786036,0.40658545812902336,0.15490646652349072,0.15213995253508353,3.456652121639545e-12,0.5385733140762241,2016-04-15
2.214758509907044,0.470951592969422,0.31354007736839673,0.6228146280243059,0.06036700257399829,0.5344877619869105,2016-04-16
3.622385331108619,0.32290892204026433,0.712774024124167,2.6407803533771905,0.12245536900661157,0.5090764221770654,2016-04-17
2.831185630001646,0.1990246344559171,0.6819022796720579,0.25443604158128985,0.027870865572579253,0.5205071046038533,2016-04-18
1.992190314457661,0.4378854938724006,0.1453517936380889,0.49129834926197746,0.03665366550269056,0.603080647851821,2016-04-19
2.0669974585723767,0.2754386838636934,0.2391272804641733,1.3722892234463353,0.17569935276667153,0.538159209997295,2016-04-20
3.3980658675872566,0.37528079068217135,0.47192615413767103,0.8484641131296018,0.08733933515607642,0.6942703786913254,2016-04-21
2.8607968230825898,0.35527163189074007,0.3894769336166315,0.35355666947149617,0.006200580785152744,0.4666870168044315,2016-04-22
2.747159895983092,0.5271253690751827,0.4285541675037282,0.29780861962937016,4.569163910243979e-12,0.5455465665683038,2016-04-23
2.761827089406792,0.43415987482664903,0.15573706237561905,0.5263434580145541,0.05960965939041243,0.5940995589707286,2016-04-24
1.6874017584823195,0.3377241766503325,0.549377066348201,1.000461127240391,0.10788271166550681,0.7993342868539577,2016-04-25
1.9855439062244737,0.43271245845746525,0.3151059903303194,0.7135603385229468,0.08720705991164147,0.6579484019287324,2016-04-26
1.0719052564131155,0.20364383039969194,0.03755165958463108,0.7835869205364968,0.4552864800188819,0.8678820898898248,2016-04-27
1.442166733505403,0.357427388544195,0.3600459329634417,1.1579946565404842,0.4869762673363172,0.7269617586931953,2016-04-28
3.0353117131321543,0.28224330258600927,0.2717298095373025,1.0922016499618736,0.0938069388674024,0.7687810267777292,2016-04-29
22.703276444788735,0.3923655814406292,1.930191084983928,0.1472729303983224,2.5671776768151794e-11,0.6918236576387405,2016-04-30
9.081542030958802,0.2337248229742907,0.03715896367645596,0.5783042721196615,0.0013509798679485936,0.7083277994918764,2016-05-01
1.3222144676092034,0.39454718374740555,0.05458799874509874,1.171473219161241,0.11077121045156711,0.7986841465549511,2016-05-02
1.7019177722131982,0.2097824761953345,0.3729573099004509,0.8064749570581051,0.05384698890176835,0.6525072996870839,2016-05-03
1.5028622162723806,0.45474085228922223,0.24998631472132143,0.6533499744567717,0.09725770948258106,0.547578832806993,2016-05-04
1.051247048360601,0.42532127119527213,0.3460002522213473,0.6944822582802288,0.05749681600759649,0.6238369054997942,2016-05-05
1.5613153284380548,0.3246629180121234,0.11936911854173107,1.0845276730106257,0.07742317769891888,0.7550252886875354,2016-05-06
4.685375940590373,0.27692423376037306,0.44614108455998613,1.379314409666368,0.03686851430028977,0.7939599051648049,2016-05-07
8.995905002009343,0.4142477387005707,0.4901865744116275,0.9819556528408062,1.1501362041638201e-11,0.6059112876601753,2016-05-08
1.9917945928866239,0.334763104148724,0.23686475289156345,1.9356081389712372,0.0474672278855574,1.1073854736808748,2016-05-09
0.9423825176404058,0.299988264732875,0.4375900745586758,2.9193108501752913,0.07923474011641944,1.504234952230746,2016-05-10
2.088368532383332,0.3812428796945354,0.44119319842659516,2.092248460059043,0.05840634647302073,1.0568535310465033,2016-05-11
2.129953917915273,0.3813653729122171,0.4921504145456782,1.232474131369506,0.0007795361964036656,0.4922107410241151,2016-05-12
1.5293049986779574,0.45667562567767694,0.23722422220300307,1.0880100962585204,0.1993381568518692,0.7497439741037709,2016-05-13
1.1755222763062003,0.23760515741426672,0.02577014994651678,1.3759528410103632,0.1686559537427139,0.9257653435480647,2016-05-14
4.935907307399787,0.35626014066427414,0.23415485751936221,1.330681916543979,0.09441024784444955,0.8671005437575757,2016-05-15
2.344311845247345,0.3411376218502435,0.4751068626713275,0.5179323953617628,0.060465755440026504,0.5858870442153746,2016-05-16
1.5480426902711346,0.2123704349991026,0.024224125983724625,0.5430909982739475,0.05615594207730897,0.6671362406932466,2016-05-17
1.8464262706335464,0.29109663197374935,0.01919638370848301,1.997856291229181,0.19317216086782749,1.042861899201297,2016-05-18
2.684885622473404,0.38710270074327496,0.5158365606624148,0.9790190416706324,0.06729134788543586,0.6950528393247516,2016-05-19
2.237548597938316,0.37386701767634384,0.12244197758612682,0.3562367867519486,0.04333864219649344,0.5117215471446285,2016-05-20
1.2273896293287931,0.4144055393657593,0.18754366317093493,0.3888624914903388,0.0025030870119660646,0.5590488365023174,2016-05-21
1.183542483831631,0.4762255587364611,0.1809709621821272,1.105793992097478,0.35569499764686774,0.7723946969421622,2016-05-22
1.980285754598753,0.4133608767091601,0.7084352643543126,0.9412195679474549,0.07102016200350843,0.8903839925129069,2016-05-23
2.064038530321269,0.24192945877001887,0.38365287309746304,0.6647940043957734,2.698708087040662,0.48599593727397233,2016-05-24
2.791945989088831,0.3388594959139801,0.3917032645205901,0.5679299307065462,0.0672348483358417,0.7504420901476594,2016-05-25
1.4550837391101943,0.2958216345694982,0.15030961400525117,1.9896365613630183,0.11410050612927067,1.2500812976587712,2016-05-26
2.9137169146197683,0.3503757153096528,0.7874754884305714,2.438934624347078,0.02436899750990407,1.347850454592506,2016-05-27
2.432372777582884,0.5547134619265833,0.4684358433030201,1.1964512088243073,5.433344093555912e-12,0.754663775041314,2016-05-28
0.7498836365951381,0.27724563236406974,0.013961696116195061,1.1289839434561695,0.04723536028493848,0.8077738663733545,2016-05-29
0.9265426018126788,0.3619805673558721,0.18164633510522737,1.8788181114666773,0.09756576130277443,1.085646315690097,2016-05-30
1.8399047403283,0.32817571368659043,0.2554540271008289,1.7616943887520164,0.018567768685212708,1.0864155793137529,2016-05-31
2.2022400287772603,0.3879098399022812,0.43165494444005936,1.3615879102791333,0.03993784548704161,0.909677617198099,2016-06-01
1.316410672508301,0.38440295902265353,0.42134104987108734,0.4943944819676428,0.012829158820724221,0.5737601590725657,2016-06-02
1.2401396375637335,0.3128079814205478,0.21176808388140042,0.8724360798047635,0.034260730284139694,0.7083869704261994,2016-06-03
1.661784058068787,0.3545098523083636,0.4225242542397681,0.7043505738897422,0.03890165355336953,0.6798842675228243,2016-06-04
1.254999619270695,0.5010072671310257,0.538335823472528,0.4083537997405003,0.019235301830748706,0.5241462270922057,2016-06-05
0.6909261665072848,0.34785656543864163,0.051013835321085846,0.24667295635528227,0.04800919524696806,0.5605399307007104,2016-06-06
0.7375822039848547,0.30614186864888165,0.21681617312821988,0.6126188460915786,0.12845963058002588,0.8235078805358086,2016-06-07
0.9130525331050142,0.3487588970185782,0.1539207357963185,0.7594299011068147,0.07604277735233997,3.432031991812499,2016-06-08
0.796883566307891,0.18702252683791404,0.5181040511916885,1.0037235202561231e-11,1.0037235202561231e-11,8.703687994404095,2016-06-09
0.9700260180598809,0.15220983080345202,0.13605170955517462,1.1711203792943717e-11,0.05042382745869772,10.534071925917182,2016-06-10
1.3894272550493343e-11,1.3894272550493343e-11,1.3894272550493343e-11,1.3894272550493343e-11,1.3894272550493343e-11,13.89427255049334,2016-06-11
0.6860871459678497,0.030630117792274904,0.7175613321963497,1.5177697828742037e-11,1.5177697828742037e-11,13.953756605655741,2016-06-12
0.6675433933361506,0.11940157870795506,0.5645603128515788,0.0019131862771185454,9.643410344097334e-12,8.38333487524016,2016-06-13
0.04395329368926534,0.07479451101453237,0.07856234163923877,9.28265261952387e-12,9.28265261952387e-12,9.380016973519108,2016-06-14
1.2605113122736313e-11,0.07138124328983078,0.26684755746166955,1.2605113122736313e-11,1.2605113122736313e-11,12.570168325468739,2016-06-15
5.032973264493655,0.1577308795599319,0.9299111323244633,1.8668808037090005e-11,1.8668808037090005e-11,12.904980858641519,2016-06-16
