SampleDate,Cu,Ni,Pb,S,Zn,Al,Ca,Cl,Si,Ti
2003-05-17,0.15755387199999998,1.2245000000000008e-4,4.92610000000001e-4,8.583053728,0.103254313,13.734631084,1.0696585299999999,9.146049137999999,24.554205312,0.46676567399999996
2003-05-18,0.133738082,1.2245000000000008e-4,4.92610000000001e-4,25.066058115999997,0.360885894,2.43553752,1.732597126,4.560391244,6.2410035530000005,0.00267995
2003-05-19,0.017159135,1.2245000000000008e-4,4.92610000000001e-4,32.051211621,0.080820104,6.24470001,2.887399758,0.015303524000000013,6.377385132,0.09229198999999999
2003-05-20,0.02538282,1.2245000000000008e-4,4.92610000000001e-4,57.931913371,0.047048174000000005,9.614565297999999,3.097640986,0.014492120000000025,10.13894215,0.11751128800000002
2003-05-21,0.039330188,1.2245000000000008e-4,4.92610000000001e-4,28.140400217,0.09435080500000001,7.06568372,5.140776950999999,2.426399999999997e-5,9.805214078999999,0.099441113
2003-05-22,0.047312643,0.0019992459999999997,4.92610000000001e-4,19.163229166999997,5.58e-5,19.332174945000002,2.488101513,1.9860710680000002,17.767867586,0.138717429
2003-05-23,0.032466152,1.2245000000000008e-4,0.231600907,44.800202855,0.039438524,12.221758281,9.420645372,0.516356156,4.1516833779999995,2.059243745
2003-05-24,5.58e-4,1.2245000000000008e-4,0.704429885,94.66243969000001,0.013188524999999996,32.968973189,1.384417302,0.858044752,18.568437763,0.453870938
2003-05-25,5.58e-4,1.2245000000000008e-4,0.151776346,55.127066881000005,5.58e-5,16.303074074,1.055733092,2.426399999999997e-5,8.366113203,0.344353394
2003-05-26,0.9772249239999999,0.014104508000000002,4.92610000000001e-4,15.8440625,0.277991157,15.803710035,2.951698004,1.594185103,20.717801798,1.234375323
2003-05-27,0.066281942,0.012898368,4.92610000000001e-4,16.557308115,0.0575087,20.830486350999998,1.37215853,0.9645140510000001,9.077560571,0.716590236
2003-05-28,0.049790715,0.022701,4.92610000000001e-4,19.817461625,0.049657822,6.116517052,0.589351512,0.7551719450000001,3.643284254,0.45246742900000003
2003-05-29,0.031501241,1.2245000000000008e-4,4.92610000000001e-4,21.115444079,0.009219227,3.490909284,0.581149758,0.990281594,1.284534255,0.261699885
2003-05-30,0.190952995,1.2245000000000008e-4,0.404079008,29.201036187999996,0.28750869999999995,7.489258281,0.865491863,1.3610272079999999,1.7219903950000002,0.286941113
2003-05-31,0.261194223,1.2245000000000008e-4,4.92610000000001e-4,36.596672148,5.58e-5,4.439214421,0.6845050210000001,1.1033737000000001,8.201464079,0.393388481
2003-06-01,0.28400124,1.2245000000000008e-4,4.92610000000001e-4,18.060707237000003,0.027662208,14.821736351,0.8017418629999999,1.125742121,3.277999167,0.365011288
2003-06-02,0.40389158999999997,0.0014071400000000003,0.231600907,16.076540570000002,0.021741156,6.689587228000001,0.271478706,0.827737735,1.10514829,0.236502516
2003-06-03,0.239593346,1.2245000000000008e-4,4.92610000000001e-4,21.844544956,0.11926308599999999,9.708393619,0.8912155479999999,1.025303525,1.734490395,0.218059534
2003-06-04,0.156347732,1.2245000000000008e-4,0.191776346,17.487001096,0.024855191999999998,4.478008281,2.169351512,0.844711419,4.810367588,0.285033218
2003-06-05,0.28922053799999997,0.002920298,0.156776346,14.440509869,0.004263086000000003,2.529063001,2.228583969,0.462189489,3.8945123250000004,0.267906025
2003-06-06,0.19891352199999998,0.0032931049999999993,4.92610000000001e-4,7.260729167,5.58e-5,6.005508281,0.41125940699999997,0.602650015,2.349578114,0.142949885
2003-06-07,0.33955679499999997,0.029031409,0.262390381,1.631854897,1.6951899999999645e-4,6.360139982000001,0.07593907300000001,1.0010061518,0.10464520799999999,0.044175133000000005
2003-07-11,0.008538609,0.005219252,0.065863033,2.159569357,0.01996768,5.538919171,0.128545088,0.204415424,0.5367099790000001,0.00267995
2003-07-12,0.009739693,0.004979036,0.077437107,2.163412823,0.023483578,3.113310331,0.166275696,0.8534729019999999,0.9451839479999999,0.00267995
2003-07-13,0.014762404,0.00554682,0.085386094,6.109604298,0.059494235,8.327364314,0.13305854,1.3498600440000001,0.7229687130000001,0.00267995
2003-07-14,0.024589448,0.012775156999999999,0.108512404,11.946912123999999,0.042140985000000006,6.989570813,0.115531461,0.350093272,1.114086812,0.005359306
2003-07-15,0.022340146999999998,0.011421209,0.151183613,11.440448113999999,0.041660552000000003,9.197722455000001,0.8477300980000001,0.6442913849999999,1.429762913,0.031017062999999997
2003-07-16,0.030201782000000003,0.007184661,0.052061495,9.305118797999999,0.052251922,6.419881784,0.113129295,0.142824754,1.67215023,0.012587642
2003-07-17,0.026380154000000003,0.013080887,0.114277603,12.185840322,0.049893431,2.3014721639999998,0.38977150299999996,0.40411493499999995,2.186033877,0.021823317
2003-07-18,0.016531271,0.011683263,0.08968815499999999,12.604122991,0.049281970999999994,4.793766306,0.251383138,0.136903195,1.8412120740000002,0.00267995
2003-07-19,0.019173654999999998,0.012316562,0.11139500299999999,9.956084032,0.047884345999999994,3.604835488,0.19292489200000001,0.09495962399999999,2.037759944,0.010862450999999999
2003-07-20,0.023584905,0.010198288,0.07883473099999999,11.50185622,0.047622292,9.663727870999999,0.204540895,0.344125418,3.4837566239999997,0.011735964999999998
2003-07-21,0.020221873,0.008516771,0.09691649199999999,10.277231831,0.064874214,7.729065048,0.153289149,0.054786668000000004,1.2714068680000001,0.00267995
2003-07-22,0.026074424,0.012600454,0.129476764,14.000458596,0.07262666000000001,3.552601037,0.09528425700000001,0.077405466,2.4688701809999998,0.054953120999999994
2003-07-23,0.027974317999999998,0.012949861,0.17061932200000002,15.868077390000002,0.091415094,3.7669624969999997,0.16418275300000001,0.033694774000000004,0.6733731510000001,0.034032437
2003-07-24,0.023781447,0.016531272,0.086718204,10.251703355,0.057064116000000005,4.149389122,0.368388728,0.005265354,1.3227477140000001,0.00267995
2003-07-25,0.030769566999999998,0.012884347,0.17352376,17.694116876,0.119979035,5.278750582000001,0.46108527,0.012864935000000001,2.452814975,0.054581877
2003-07-26,0.03402341,0.016334730999999998,0.16050838599999998,20.116439554,0.11845038499999999,4.457258619,0.189712977,0.006597464999999999,1.03550016,0.00267995
2003-07-27,0.061517296,0.017382948999999998,0.174266247,13.647078093000001,0.097333159,3.206707431,0.133693586,0.078386424,1.1032045629999998,0.00267995
2003-07-28,0.029219076999999996,0.013190077000000001,0.153280049,11.859320405,0.15518169199999998,13.95831033,0.254628246,0.061843796,1.168440412,0.00267995
2003-07-29,0.03269129999999999,0.009717855000000001,0.07370283,6.3398846959999995,0.082701782,7.016580771,0.182537925,0.50802042,0.601354458,0.00267995
2003-07-30,0.023038958999999998,0.013539482000000002,0.138102725,10.693920336000001,0.045970475,8.727467389000001,0.186191838,0.038873845,1.229852012,0.00267995
2003-07-31,0.028913348,0.017033543,0.12510918999999998,15.377729734999999,0.076543501,6.099035348999999,0.135180308,0.041994914,0.581811306,0.00267995
2003-08-01,0.020331062,0.014522187,0.174266248,4.635504018,0.035837701,1.212852609,0.075675591,0.006903195,1.0765099439999999,0.00267995
2003-08-02,0.024676800000000002,0.017273759,0.182215234,4.8860281269999994,0.045642906999999996,1.9836868159999999,0.052156199,0.033148828,0.15367888100000002,0.00267995
2003-08-03,0.018256464,0.016793326,0.109866353,6.942872117,0.028543851000000002,1.542173014,0.035120909,0.0042171367,0.316613892,0.00267995
2003-08-04,0.014019916,0.018780573,0.15175139799999998,6.811495457,0.02804158,1.527109248,0.165580378,0.01373845,1.4846467360000002,0.00267995
2003-08-05,0.04256201999999999,0.016640461,0.144588574,8.971414221,0.045708421,0.929828499,0.10795022400000001,0.0032999459999999998,1.211914381,0.00267995
2003-08-06,0.024065338000000002,0.012556779,0.156140811,14.595213141,0.11812281599999999,10.459955159,0.35069480799999997,0.07876815,1.921399007,0.00267995
2003-08-07,0.028694969,0.016902515,0.109866352,10.56022886,0.08545335500000001,4.10628727,0.283808889,0.028719233,1.9342344370000002,0.00267995
2003-08-08,0.025877882,0.016269217,0.113491439,7.919876834,0.058003144000000006,2.2064820640000002,0.36484575199999997,0.012491944000000001,1.992078602,0.00267995
2003-08-09,0.024327393,0.01511181,0.111373165,11.127205626,0.068070405,4.52176945,0.156969267,0.013629261,0.962061132,0.00267995
2003-08-10,0.028957023000000002,0.020920685,0.232071104,11.306975017,0.056299791,1.7258365370000002,0.08207059500000001,0.014959624000000001,1.841131711,0.051641626
2003-08-11,0.085124039,0.025419287999999998,0.135897099,20.407145354999997,2.5207040530000002,5.905843524,0.5682943890000001,0.016903195,1.9364540380000002,0.6232611229999999
2003-08-12,0.030529350000000004,0.019173655,0.13954402500000002,32.142513978,0.128015373,1.100894188,0.202812209,0.010681148000000001,1.6864715080000001,0.08342796400000001
2003-08-13,0.023432041,0.028345562999999997,0.15107442399999998,15.074357964999999,0.06905311,2.830337759,0.291927338,8.541039999999996e-4,2.71517958,0.00267995
2003-08-14,0.028192697,0.027100804,0.174288085,24.619584204,0.096503319,2.047214943,0.06545371900000001,0.032491944,2.524611796,0.00267995
2003-08-15,0.036163521,0.027362858999999996,0.164832285,44.971392388000005,0.115851677,8.251628815000002,0.41507810700000003,0.012491944000000001,3.2049463520000003,0.017109830000000006
2003-08-16,0.025746856,0.024065338999999998,0.133014501,32.15260308,0.089427847,8.588761938,0.5002030190000001,0.056908436,2.686281956,0.019706790999999998
2003-08-17,0.019042628,0.021466632,0.15328004899999997,17.944793851,0.07674004100000001,7.13991061,0.287654103,0.106718883,3.372317945,0.00267995
2003-08-18,0.033630329,0.022689552,0.135198288,20.638168235000002,0.089449685,3.709042336,0.26615515100000003,0.037081392000000005,2.906435695,0.015077160999999995
2003-08-19,0.028476590000000003,0.027253668999999998,0.125065513,16.163128929,0.071084032,6.276548451,0.67938803,0.030681148000000002,7.852255052,0.045100746
2003-08-20,0.02775594,0.021532145000000003,0.203834731,18.980214887,0.08875087400000001,9.307921616,1.098029714,0.031531078,8.436730069,0.07765228299999999
2003-08-21,0.137185534,0.032101677,0.177105171,17.406249999,0.192109539,4.558752329,1.129822167,0.078677304,4.666138699,0.10624679699999999
2003-08-22,0.02817086,0.028083508,0.156883298,13.241002794,0.07553895899999999,4.112626369,1.805357632,0.172150399,3.420156869,0.00267995
2003-08-23,0.024611286,0.021925226,0.146029875,25.092046645000003,0.118232006,6.4964969130000005,0.33968677300000005,0.07084449500000001,5.461557987,0.032067027
2003-08-24,0.025703179,0.028236373,0.160486548,47.372204757,0.094603424,2.956018227,0.24649058000000001,0.050992118,4.479613541999999,0.016627649999999997
2003-08-25,0.024371069,0.02817086,0.13805905,33.1804682,0.077788259,3.475619031,0.444139079,0.028826675,5.086962424,0.012520382
2003-08-26,0.024087176,0.026270964,0.12722746399999998,29.203769219,0.148411949,2.8237243769999996,0.346003159,0.136753824,4.196048727,0.413368565
2003-08-27,0.020549441,0.752860762,0.105542452,34.3166492,0.073071279,1.412416725,0.150643271,0.013148827999999998,1.8390553659999997,0.008236665
2003-08-28,0.20304856699999999,0.024458422,0.141684137,20.73410203,0.373560447,4.264960401,0.058096102,0.011510987,1.138743522,0.00267995
2003-08-29,0.025397450000000002,0.025550313999999998,0.144566737,31.474012927,0.073180469,1.0820970189999999,0.088994948,0.0124063397,1.018149531,0.00267995
2003-08-30,0.028825996,0.022929769,0.14749301199999998,11.930599231,0.270573026,1.458802994,0.230522726,0.061978318,1.698431676,0.00267995
2003-08-31,0.028017994999999997,0.027013452,0.150375612,12.97881726,0.277604821,3.882717214,0.7040971490000001,0.063372448,3.699226576,0.061131492999999995
2003-09-01,0.020374738,0.019348358000000003,0.162670335,15.662124393000001,0.084536163,1.7884072899999999,0.11860186600000001,0.044724648,1.423737406,0.00267995
2003-09-02,0.024785988,0.02251485,0.139500349,16.07400856,0.083291404,3.8112750409999996,0.138670874,0.049179575,0.706219937,0.00267995
2003-09-03,0.023977988,0.015308351,0.13447763799999998,14.270680468,0.11960779099999999,1.4301630570000001,0.35021874199999997,0.31856986100000007,1.6963055409999999,0.00267995
2003-09-04,0.026074423,0.01963225,0.171339972,15.520571278999999,0.102421384,2.6741218260000004,0.26712649899999996,0.160940581,2.753183598,0.00267995
2003-09-05,0.033586652999999994,0.022318308000000002,0.174943222,17.031315514,0.108426799,2.472121477,1.452393796,0.26225260100000003,2.736263612,0.00267995
2003-09-06,0.052956848,0.012294724,0.12292540199999999,15.999213837,1.551124214,5.28674936,0.33464921100000006,0.268133978,2.2560766799999996,0.00267995
2003-09-07,0.022449336,0.020462089,0.148213661,10.375218379,0.053810273000000006,2.380223329,0.303355535,0.40021469099999996,0.764414381,0.00267995
2003-09-08,0.031424703,0.020112684,0.162692174,14.046798568,0.071782844,3.232714594,0.101872307,0.346808855,0.682514486,0.00267995
2003-09-09,0.027122641,0.017404787,0.13808088699999999,13.130459469,0.064445318,1.1730238179999999,0.298700574,0.44336633299999995,1.5305962469999999,0.07897653199999999
2003-09-10,0.025004368,0.022755066,0.173480084,12.562172431999999,0.06256726,2.131904845,0.059844878,0.179129785,0.85770928,0.00267995
2003-09-11,0.026816912,0.024917016,0.15908892400000002,23.597091196999997,0.068026729,2.131904845,0.059844878,0.179129785,0.85770928,0.00267995
2003-09-12,0.032866003,0.022842418,0.085276904,22.103402338,0.268105346,3.8112750409999996,0.138670874,0.049179575,0.706219937,0.00267995
2003-09-13,0.026489343999999998,0.018256464,0.190841196,24.218487943,0.08158805,1.6354521889999998,0.26870843599999994,0.084744739,1.4845777279999999,0.00267995
2003-09-14,0.035158980000000006,0.019959818,0.151795074,22.104581586,0.102224842,2.837866585,0.304816926,0.175923111,3.263249985,0.00267995
2003-09-15,0.028847834000000003,0.023453879000000004,0.12144042599999999,24.890504896000003,0.07855258500000001,1.857417599,0.22132810600000002,0.042777583,1.315281782,0.00267995
2003-09-16,0.045029699,0.048043327000000004,0.11486722500000002,27.283455624000002,0.11714011199999999,2.703681575,0.095806618,0.033170666,1.001539643,0.022819124000000003
2003-09-17,0.034634871,0.033586651999999995,0.09977725399999998,15.542343639999999,0.095717156,2.759692231,0.547492502,0.061054138,4.853332096,0.03152108
2003-09-18,0.036272711,0.018584031,0.149633124,12.667256290000001,0.071367924,7.70993769,0.166663536,0.027034221999999997,1.513229021,0.00267995
2003-09-19,0.020549440000000002,0.018736898,0.180730258,8.021750525000002,0.054094165,1.5223669340000001,0.158472586,0.026903194999999998,1.231944954,0.00267995
2003-09-20,0.031555731,0.015810622,0.13661775,6.419374563,0.048110587,6.100768403000001,0.290971713,0.021510987,2.371626121,0.00267995
2003-09-21,0.029677672999999998,0.019610413,0.141684137,6.2940469949999995,0.04262928,2.9501717910000003,0.21665916899999998,0.069246836,0.897974828,0.003961682000000001
2003-09-22,0.017251922000000003,0.012010831999999999,0.07012141899999999,3.886377533,0.126792453,2.450453063,0.23534016200000002,0.061662105,1.0988142760000001,0.00267995
2003-09-23,0.024392906,0.014238295,0.130088225,3.460801013,0.043568309,8.833867633999999,0.130293865,0.185991246,0.449012565,0.00267995
2003-09-24,0.050773061,0.044636618,0.137316562,6.976502446,0.22204926600000002,3.920560506,0.066374403,0.38052391500000005,0.452210503,0.00267995
2003-09-25,0.023759609,0.015352027,0.156075297,5.323462613,0.028631201,5.736335313,0.344734816,0.082952287,1.1707674559999999,0.00267995
2003-09-26,0.029066213,0.015089972,0.14096348800000003,5.675183438,0.060077742,6.634412707000001,0.169178386,0.140327374,1.136281082,0.015901758000000002
2003-09-27,0.033346436,0.022187281,0.127926275,16.669003324,0.06796121599999999,6.677249010000001,0.232867241,0.215009414,1.271691635,0.006444211999999998
2003-09-28,0.027974318999999997,0.023781446999999997,0.121462264,18.537801362,0.073770091,4.142950442,0.324808191,0.07607685,1.9335452329999998,0.00267995
2003-09-29,0.023017120000000002,0.0217942,0.102659854,14.957241439,0.057631902,7.704662532,0.32339397000000003,0.067627339,2.053600265,0.00267995
2003-09-30,0.024196366,0.015308351,0.139544025,11.666601153,0.095389588,4.6894100860000005,0.229909518,0.127568813,0.918263962,0.00267995
2003-10-01,0.041579315,0.032320057,0.11205013899999999,17.421558352,0.097202132,3.0237663059999997,0.15035239,0.548023915,0.713317246,0.00267995
2003-10-02,0.029852376000000003,0.024327393,0.163369147,12.595125786,0.202962963,1.652436816,0.24639536699999998,0.044129785000000005,1.136366687,0.00267995
2003-10-03,0.025550314,0.019282844,0.15978773699999999,11.015635919000001,0.09318396200000001,3.778713895,0.133686598,0.12802042,0.715664381,0.00267995
2003-10-04,0.025375612,0.013626834,0.09827044,6.503537736,0.067262403,1.3199918469999998,0.073600993,0.536795753,0.284361097,0.00267995
2003-10-05,0.030027078999999998,0.021641333999999998,0.148213662,7.111613381,0.096699861,1.703027312,0.095431881,0.312256969,1.0954896779999999,0.00267995
2003-10-06,0.026161774999999998,0.015133648,0.135198288,5.385635046,0.162235325,17.479045834,0.07916440999999999,5.9981645509999995,0.876963298,0.00267995
2003-10-07,0.021663173,0.017208247000000003,0.060687457,5.963770964,0.042105171999999996,1.7022341610000002,0.059559239,0.07256269900000001,0.9784631229999999,0.00267995
2003-10-08,0.022340147,0.018453005,0.112028302,7.516553109999999,0.059619147,1.077166026,0.155514865,0.1199491422,0.769946352,0.00267995
2003-10-09,0.026401992,0.021641335,0.115697065,9.161403739,0.07855258600000001,3.5991908340000003,0.836836492,1.119694075,0.7038291259999999,0.00267995
2003-10-10,0.023650419,0.019304681999999997,0.12425751200000001,10.209883822,0.062348882,1.066729269,0.38278775,1.2599168219999999,0.34018918899999995,0.00267995
2003-10-11,0.026249125999999998,0.018365653000000003,0.090365129,8.496658805000001,0.06905311,2.4461510019999997,0.042876849,0.109927304,0.267054143,0.00267995
2003-10-12,0.033259084,0.028716805999999998,0.176384522,16.183722044,0.09506202,4.447924237,0.057462803,0.131481288,0.5584185740000001,0.00267995
2003-10-13,0.031490217,0.027100804,0.175685709,21.894894306999998,0.099626135,9.47896372,0.060127024,0.299767451,0.627320565,0.00267995
2003-10-14,0.028301886,0.023956150000000002,0.104778128,15.547322675,0.08067086,11.873851909999999,0.233030588,0.564432021,0.956371929,0.00267995
2003-10-15,0.037604821999999996,0.027799616,0.160486547,22.748820752999997,0.110304857,13.786740624,0.18634121,0.487807283,1.731552746,0.00267995
2003-10-16,0.031948812,0.025593991,0.10263801499999999,25.883582289,0.108295773,28.136982584,0.43565375269999995,0.522118079,3.03441176,0.04024050800000001
2003-10-17,0.033936058000000005,0.027253668999999998,0.18145090800000002,18.452721,0.08875087300000001,4.084978453,1.172909169,2.17771207,5.457842927,0.122474959
2003-10-18,1.0322108669999999,0.022624039,0.170597484,16.281970651,1.174180643,23.91433671,0.517365842,3.411281252,2.686385031,0.021146342999999998
2003-10-19,0.035988819,0.026030748,0.133713313,21.561036864,0.088860063,11.277095271,0.318405326,0.31105239100000004,2.411643591,0.00267995
2003-10-20,0.050751223,0.019916143,0.07593029400000001,12.386508561,0.259697764,8.88426945,0.14650717800000002,0.278542783,1.870004004,0.00267995
2003-10-21,0.026795073000000003,0.019261004999999998,0.067937631,8.427913173,0.15500698699999998,4.9224813649999994,0.243816751,0.074227618,3.6844370919999996,0.00267995
2003-10-22,0.027930642,0.017623166,0.14812630999999998,8.711084906,0.08313853900000001,6.483389820999999,0.372592083,0.111825452,3.6651822000000003,0.010052703
2003-10-23,0.028323724999999998,0.020331063000000003,0.093269567,6.557127883,0.084972921,6.279732413,0.148712803,0.027931322,1.497142369,0.038953821
2003-10-24,0.023060797,0.017535814,0.090321454,7.2672955980000005,0.058745632000000006,2.856862916,0.086310637,0.022885026,0.89378545,0.00267995
2003-10-25,0.020156359999999998,0.019785115,0.134412124,6.028694969,0.06385569499999999,5.625695026999999,0.046370909,0.23462681500000002,0.714551522,0.00267995
2003-10-26,0.029481133,0.017666842,0.184333508,4.764456674,0.065013103,8.70348416,0.13602674399999998,0.22981200000000002,1.0000878610000001,0.00267995
2003-10-27,0.026161775999999998,0.020898847,0.162604823,4.646444794,0.06424877699999999,7.974496564000001,0.112903928,0.39686563399999997,1.030153374,0.00267995
2003-10-28,0.029240915,0.021291928,0.11344776300000001,6.599231307,0.068987596,4.542552993,0.248029714,0.781968709,0.858346072,0.00267995
2003-10-29,0.029939727,0.022121768,0.15323637299999998,6.599122117,0.06802672900000001,6.872445551,0.266781461,0.345275837,1.565826855,0.00267995
2003-10-30,0.028389238,0.018278302,0.139522187,6.364517821,0.068157757,6.696747612999999,0.310790895,0.098904418,1.818174863,0.00267995
2003-10-31,0.026074423000000003,0.016771489,0.13587526300000002,15.011290182000002,0.077635395,9.513232588,0.352897813,0.090076675,2.83107668,0.00267995
2003-11-01,0.031315513,0.019959817,0.093968378,15.600104822,0.087790007,2.7080456560000004,0.294253509,0.036140616,2.180690586,0.00267995
2003-11-02,0.032516597,0.023017121,0.153978861,15.082634521,0.085933788,2.80513423,0.114236039,0.040943202,0.641257498,0.00267995
2003-11-03,0.030725891,0.024436582999999998,0.16847921000000002,14.262600454,0.079295074,1.548264908,0.089562732,0.151814096,0.651100265,0.00267995
2003-11-04,0.035552062,0.025004367000000003,0.163369148,11.783259084,0.09427585599999999,1.123990799,0.018110951,0.173366333,0.23357930100000002,0.00267995
2003-11-05,0.036469252,0.015395702,0.141749651,11.987661600000001,0.15618623299999998,4.1604792690000005,0.064580204,0.113683418,0.498813403,0.00267995
2003-11-06,0.041688505,0.018933439,0.16478861,10.178437282,0.08313854,4.856744992,0.09095336799999999,0.129317591,5.013327729,0.00267995
2003-11-07,0.0326913,0.022274633,0.139522187,8.36565339,0.092004716,15.617407989,0.043768707000000004,0.21597202799999998,0.690295757,0.00267995
2003-11-08,0.032232705,0.018147275,0.111285814,6.211936582,0.086195842,3.0047166900000004,0.055166332,0.213679051,0.9102040389999999,0.00267995
2003-11-09,0.024502096,0.014434836,0.106241265,8.963377883000001,0.059575472000000004,2.8590152570000003,0.067590336,0.223828422,0.838888525,0.00267995
2003-11-10,0.028607617000000002,0.022711389999999998,0.101895527,8.842133997000001,0.07885831600000001,1.888710401,0.144960182,0.048257144,1.4821301390000001,0.00267995
2003-11-11,0.027428372,0.019544898999999998,0.11999912700000001,9.443156008999999,0.078901992,4.220895062,0.517254032,0.10832440399999999,3.0073406560000002,0.034318076
2003-11-12,0.027515723,0.024895178,0.127926276,16.408739519,0.09595737200000001,4.0168218609999995,0.227507352,0.317205432,1.9006748640000002,0.00267995
2003-11-13,0.026860587,0.025768694,0.140242837,10.560097833,0.082352376,3.733823957,0.239581076,0.26165599,1.7349524659999997,0.00267995
2003-11-14,0.027384696,0.021925227,0.16192784799999999,10.062499999,0.096001048,2.033609947,0.700388205,0.48552478899999996,2.525559559,0.010558466999999998
2003-11-15,0.033695842999999996,0.016007162,0.14380241100000002,15.260351153,0.218729909,1.9900460050000002,0.319339113,0.169266053,3.345751733,0.00267995
2003-11-16,0.074270615,0.016269217,0.117771663,10.270724145,0.368668763,4.101930177,0.301330727,0.132547849,3.237501383,0.00267995
2003-11-17,0.028105345,0.019894305,0.144566736,9.125480434,0.085693571,1.8044965640000001,0.230707038,0.158682546,2.412231467,0.00267995
2003-11-18,0.031468379000000005,0.017623166,0.171339972,15.053022362,0.18621331200000002,26.717772245,0.339659693,0.374238975,2.075426785,0.00267995
2003-11-19,0.04428721099999999,0.018627708,0.119256638,10.362617923999998,0.511532145,2.370446075,0.201380518,0.625443552,1.85067661,0.00267995
2003-11-20,0.037386443,0.015614082000000001,0.166186234,10.663281796,0.653740391,9.173374097,0.17654299199999998,0.9835550120000001,1.630101837,0.00267995
2003-11-21,0.054791229,0.019959819,0.152493885,12.618273934000001,0.09006114600000001,0.772009666,0.101642572,0.59352706,0.659251034,0.00267995
2003-11-22,0.028214535,0.018474842999999998,0.130088225,11.832503494000001,0.079775506,1.2757448169999999,0.101662663,0.239733384,1.1193392580000001,0.00267995
2003-11-23,0.03424179,0.016487597,0.14742749900000002,10.971064815000002,0.08676362800000001,0.573808234,0.11415218,0.370604278,1.2255586850000002,0.00267995
2003-11-24,0.03258211,0.020877009000000002,0.15397886100000002,17.398606739999998,0.113296645,1.7974761240000001,0.226138554,0.47540773799999997,1.5632456179999998,0.018574715
2003-11-25,0.02509172,0.014260133000000001,0.156206324,16.345038434,0.08490740699999999,4.513780281,0.14852849099999998,0.29372010600000004,0.795550824,0.00267995
2003-11-26,0.032887841,0.022471173,0.199510831,21.958027603,0.107727987,5.7333295490000005,0.158193935,0.110080169,3.904020426,0.00267995
2003-11-27,0.030092593,0.022667714999999998,0.180795772,22.775375611,0.10661425499999999,1.631340263,0.667207737,0.163244915,4.721391146,0.009836069999999995
2003-11-28,0.031839622,0.020833333,0.114976415,23.028411078999998,0.10285814100000001,7.448930526,0.342303823,0.674377863,3.6798825850000005,0.00267995
2003-11-29,0.037604821999999996,0.022798743,0.13875786099999998,20.392732356,0.17837351499999998,3.398471057,0.339199351,1.10472989,1.990151628,0.00267995
2003-11-30,0.042256289,0.020200034999999998,0.20095213099999998,24.272340147,0.109693396,4.005958829,0.17143292899999998,0.175171888,4.544739328,0.10618652500000002
2003-12-01,0.420073375,0.024043501000000002,0.25231481499999997,18.572174178,1.98445318,1.0468105060000001,0.156301028,1.051531078,0.9992125989999999,0.00267995
2003-12-02,0.056494584,0.023366527,0.19662823299999999,29.188963137,0.174420859,3.3294965640000003,0.239436073,0.088879086,2.1669676659999997,0.35437398099999995
2003-12-03,0.058132426,0.023890637,0.203812893,26.252336657,0.125525855,3.9189785699999997,0.07754666,0.017578422,1.019096422,0.00267995
2003-12-04,0.10176450000000001,0.025593989999999997,0.214011181,26.215212264,0.164528302,3.763968961,0.378190441,0.028149701,3.8349524660000003,0.013373805999999995
2003-12-05,0.064574598,0.020090845,0.214033019,36.798065169000004,0.191410727,2.226146634,0.259318149,0.105539639,2.004113018,0.00267995
2003-12-06,0.047104296999999996,0.028323725,0.219754542,41.303852198,0.138279175,1.422794084,0.173804521,0.30973251,2.747122278,0.00267995
2003-12-07,0.070580015,0.024523934,0.250873514,40.729363212,0.16210429799999998,10.191211274,0.15955312500000002,0.322838729,1.1219432070000002,0.00267995
2003-12-08,0.047650244999999994,0.020789658000000003,0.163369147,18.188242487,0.079688155,5.452225425,0.491618114,0.039787542,1.63237385,0.00267995
2003-12-09,0.039111636000000005,0.027537561,0.149633124,21.488229389,0.078683613,3.831167598,0.053117066000000004,0.233316543,0.5811666520000001,0.00267995
2003-12-10,0.054878581999999995,0.02734102,0.148912474,31.236940947,0.110654262,1.15680177,0.045886982,0.287931322,0.515071264,0.00267995
2003-12-11,0.041819532,0.022820579,0.15834643599999998,18.843618974,0.54745545,12.103706032,0.13207933,0.56710323,1.3245244439999997,0.00267995
2003-12-12,0.036316387,0.022864256,0.143125436,16.167103424,0.07328965700000001,1.163490275,0.10648184599999999,0.064415424,0.474847644,0.00267995
2003-12-13,0.033193571,0.02076782,0.138059049,17.741046471,0.06962089499999999,7.355276613000001,0.07408142599999999,0.248716613,0.517163333,0.09515228300000002
2003-12-14,0.033302761,0.016553109000000003,0.130874389,13.861962789,0.101176624,2.267240275,0.095062383,0.278361091,0.45487297699999996,0.00267995
2003-12-15,0.06466195,0.024895179,0.146051712,12.962089447,0.11375524100000001,0.883973328,0.040187296,0.32195123800000003,0.496110748,0.00267995
2003-12-16,0.037648498,0.017666841,0.170575646,14.136006289000001,0.077307827,1.000094049,0.127378945,0.349212769,1.920245094,0.00267995
2003-12-17,0.118099231,0.018147273999999998,0.189378057,17.004804332,0.571782844,0.9284728040000001,0.216312383,0.166117905,0.880384857,0.00267995
2003-12-18,0.035857792,0.027319182,0.133756988,22.916077048000002,0.085933787,1.010460051,0.10113680700000001,0.41261511,0.8811928569999999,0.00267995
2003-12-19,0.033390112,0.02581237,0.132992663,16.737901817,0.07868361299999999,1.9833339159999999,0.367414759,0.077059555,2.965409315,0.00267995
2003-12-20,0.025615828,0.021182739,0.16850104700000001,21.781162649000002,0.120612335,7.997638598,0.25037946899999997,0.06678265,2.473715569,0.00267995
2003-12-21,0.028957023,0.019064465,0.122881727,19.354690775999998,0.088619846,1.342152923,0.312716996,0.13253299899999998,1.712074234,0.00267995
2003-12-22,0.029830537999999997,0.020724145,0.10991002799999999,12.065404438,0.067240566,3.087050722,0.124039497,0.418988276,1.0249673160000001,0.00267995
2003-12-23,0.022252795,0.017339273,0.10121855299999999,11.185927673,0.062414396000000004,1.808825704,0.093995822,0.09019110500000001,2.056668049,0.00267995
2003-12-24,0.035617575,0.016989867,0.110565164,14.508866177,0.114672431,4.745945726,0.141556968,0.070688136,0.9652721719999999,0.00267995
2003-12-25,0.024480259,0.019108141999999998,0.110652515,18.641989862,0.079819182,4.789300897,0.49527464800000004,0.7117590650000001,2.60420037,0.00267995
2003-12-26,0.027646750999999997,0.017230084,0.1373384,18.687980433,0.088598009,1.482125844,0.124916506,0.119100959,1.034555017,0.00267995
2003-12-27,0.031228163,0.021772362,0.121462264,24.230149367,0.149962439,1.89268402,0.21472520699999997,0.13868254600000002,1.2885321310000002,0.00267995
2003-12-28,0.031271837999999996,0.022886094,0.159067086,26.986962787000003,0.13751485,1.6504513159999998,0.116722063,0.110024264,1.18800016,0.00267995
2003-12-29,0.027712264,0.022580363,0.154743186,16.799200734000003,0.103578791,0.8482733520000001,0.097224333,0.29670315999999997,1.366773745,0.00267995
2003-12-30,0.029896052,0.020680469,0.17928896,10.226284067999998,0.105151118,1.2577643840000001,0.060840685,0.053627513,0.540741251,0.052116817999999995
2003-12-31,0.036949686,0.02672956,0.144566736,16.781206324000003,0.124674178,2.136079373,0.173999315,0.20055099399999998,1.8236989719999999,0.644650011
2004-01-01,0.030070754999999998,0.023322851,0.133713313,23.949510833,0.10419025200000001,0.916061904,0.057828805999999996,0.0273417,1.511934471,0.00267995
2004-01-02,0.031512054,0.028957023,0.153935184,32.813591892,0.122424877,0.87734335,0.075559413,0.020637472,0.6675415650000001,0.00267995
2004-01-03,0.033739517,0.026795074000000002,0.10774807900000001,34.437936758,0.13504717,10.881716165999999,0.25262877,0.381066368,2.28163573,0.00267995
2004-01-04,0.029896052,0.021422956,0.198833857,26.657451084,0.25777603000000004,1.071876893,0.140059763,0.237898129,1.810785799,0.00267995
2004-01-05,0.031708596000000006,0.02589972,0.156140811,33.087220477,0.144088049,2.061510016,0.20509295600000002,0.187169617,2.0782604680000003,0.15101968400000002
2004-01-06,0.033411949999999996,0.030310972,0.158324598,42.645200034,0.172804856,5.3558496390000006,0.11678233399999999,0.28936825499999996,0.8707307679999999,0.00267995
2004-01-07,0.028716806,0.026533018999999998,0.16555293399999998,16.918238994,0.127163696,2.6856801769999996,0.159732194,0.339766577,1.14291805,0.00267995
2004-01-08,0.030725890999999998,0.020025333,0.121418588,14.283914221,0.136663174,2.428417773,0.077637505,0.20484956199999999,1.1506294400000001,0.00267995
2004-01-09,0.026205450999999998,0.022951607,0.13229385,14.178699336000001,0.09910202700000001,2.520892441,0.069008051,0.054217137000000006,0.521632235,0.00267995
2004-01-10,0.026576695,0.024371069,0.174178896,14.135700558,0.09825034899999999,3.0845725600000002,0.203533732,0.368507842,0.6953167219999999,0.00267995
2004-01-11,0.024567609999999997,0.02312631,0.117116528,17.429267119,0.09296558299999999,2.311718786,0.325466821,0.082416822,1.699838909,0.00267995
2004-01-12,0.029721348,0.028563941000000002,0.07442348,22.316408983,0.11545859500000001,1.7073101560000001,0.257385934,0.058845019,1.532466442,0.00267995
2004-01-13,0.06208508,0.068243361,2.8454970299999998,22.295597479,0.12181341700000001,1.4941620080000002,0.177593831,0.057254348,0.566196352,0.00267995
2004-01-14,0.051537387000000004,0.028214535,0.180009608,35.034831415,0.12825559,3.6747123219999995,0.085319197,0.19051692699999997,0.870307113,0.00267995
2004-01-15,0.038827743,0.03804158,0.158368274,54.420553811000005,0.162126136,6.260121127,0.168272551,0.290742294,0.503194081,0.00267995
2004-01-16,0.033018868,0.028978861,0.19160552,43.387818834,0.17011879800000002,13.963298976,0.26699023099999997,0.386994041,2.533305017,0.054627300999999996
2004-01-17,0.043348183,0.032254542,0.16769304699999998,28.374060969,0.138191824,6.632494467999999,0.160962104,0.374879261,0.8409465269999999,0.00267995
2004-01-18,0.041055206,0.032145352,0.140985325,50.00355958,0.18859364099999998,6.632494467999999,0.160962104,0.374879261,0.8409465269999999,0.00267995
2004-01-19,0.04485499700000001,0.042998777,0.21615129299999997,51.974406011,0.21368535900000002,2.015499359,0.063399211,0.174034572,1.202404423,0.00267995
2004-01-20,0.039854123,0.034154436999999996,0.17996593300000002,37.760591368,0.173416318,3.6174499190000002,0.068618463,0.26600958900000005,0.47915145299999995,0.00267995
2004-01-21,0.035093467,0.034875087,0.152537561,28.001201084999998,0.147844165,2.852105753,0.055168078999999995,0.291790512,0.31430431799999997,0.00267995
2004-01-22,0.036098008,0.036796821,0.171339972,18.350235849,0.18774196399999998,2.370965817,0.03815637400000001,0.375226046,0.260206659,0.00267995
2004-01-23,0.026445668,0.033586654,0.204620895,23.742378582,0.11960779199999999,2.886917074,0.096461754,1.459303615,0.191545758,0.00267995
2004-01-24,0.028498427000000003,0.125873515,0.199554508,26.339404265,0.137995283,1.5685776260000002,0.073577408,0.83477968,0.16272325599999998,0.00267995
2004-01-25,0.037582984,0.027537561,0.177847659,18.30664745,0.10497641599999999,0.706524866,0.057046136,0.396952112,0.023496317000000003,0.00267995
2004-01-26,0.030289134,0.024349231,0.18142906999999997,15.061189726999999,0.10379717,0.243520848,0.006078281000000001,0.285246137,0.058651802,0.00267995
2004-01-27,0.035006115000000004,0.033368274,0.150397449,14.943658281000001,0.114323026,1.952647333,0.136930832,0.237016753,0.632043661,0.00267995
2004-01-28,0.027777778,0.027930643,0.173501921,24.463989342999998,0.101569706,2.559424936,0.112516087,0.138680798,0.646493347,0.00267995
2004-01-29,0.034984277,0.021182739,0.151773236,14.602288608999999,0.096481481,1.216097717,0.060607456000000004,0.37593272,0.206435694,0.00267995
2004-01-30,0.021903389000000002,0.026751398000000003,0.13152952499999998,12.560993186000001,0.090410552,2.426487305,0.10930242600000001,1.141240197,0.419626645,0.00267995
2004-01-31,0.026467505000000002,0.026860587,0.18005328399999998,22.508625965,0.11181167,1.330907291,0.141879294,0.631151972,0.5547506839999999,0.00267995
2004-02-01,0.020527603,0.0232355,0.118514151,12.519457547,0.074621768,3.3390257400000003,0.130856409,0.38479278299999997,0.9643619700000001,0.00267995
2004-02-02,0.027581237,0.03083508,0.111263976,14.73591457,0.08820492599999999,4.280009318,0.114894669,0.29052129400000004,0.929142718,0.00267995
2004-02-03,0.027603075,0.025135394999999998,0.117749825,14.168391859,0.08837963,4.604281679,0.12081273299999999,0.473745438,0.495200544,0.00267995
2004-02-04,0.024480258,0.024458421,0.108403214,20.282123517000002,0.100368623,14.242041987,0.13093851899999998,1.031485655,0.6696930320000001,0.00267995
2004-02-05,0.029524807,0.033171733,0.09829227800000001,29.123733403000003,0.16861198500000002,4.39356103,0.25998376700000003,2.631518849,1.690970111,0.00267995
2004-02-06,0.039919636,0.033652166,0.11132949,48.918937805999995,0.141729559,3.4153491149999997,0.308991454,4.573219582,0.40345176800000004,0.00267995
2004-02-07,0.037364604999999995,0.028389238,0.21473183099999998,32.988928193,0.164899546,4.667520673,0.23287946999999998,2.218950714,0.816316897,0.00267995
2004-02-08,0.040028826000000003,0.026685884,0.153258211,26.732180297,0.133147275,13.112847368,0.246859204,2.798478143,1.058263961,0.00267995
2004-02-09,0.05046733,0.044156185,0.190098708,48.007381199,0.158610237,22.600916028,0.296929958,1.866036668,2.1646135419999997,0.11865420399999999
2004-02-10,0.08630328400000001,0.047955975000000005,0.16411163499999998,29.207787392,0.148368273,25.619375145,0.685442363,3.121871748,2.9691584410000003,0.111557768
2004-02-11,0.044178023,0.038369148,0.139456674,34.928066037,0.178308001,27.503616063,0.58924652,3.65184729,2.464999636,0.247275798
2004-02-12,0.040858665,0.041142557999999996,0.138015374,26.564203359,0.182457198,42.378219488,1.178922446,6.507067416,4.031161410999999,0.452217272
2004-02-13,0.026205450999999998,0.028214536,0.109844515,22.009619586999996,0.36851589799999995,9.67779321,0.450693934,4.180650575,1.5495462819999999,0.00267995
2004-02-14,0.03360849,0.029044373999999998,0.202458944,31.096654432999998,0.134282844,5.510677555999999,0.51670896,3.105008541,2.285695827,0.324148614
2004-02-15,0.035704927,0.037233578,0.130131901,42.960386092,0.181299791,4.334876544,0.823262942,8.551980938,2.4440763309999998,0.08381929899999999
2004-02-16,0.025615828,0.025768693,0.191583683,38.743514146,0.161558351,3.477067318,0.593926814,7.893134852,1.917788769,0.034927789
2004-02-17,0.024436582,0.021903389,0.138102726,21.309202481,0.148018868,3.119349813,0.368317974,3.834360392,1.7311063789999999,0.187270557
2004-02-18,0.037299091,0.022361985,0.184333508,32.743623345,0.151360063,3.451267179,0.402672446,1.92939708,2.20802986,0.00267995
2004-02-19,0.047672082000000005,0.021575821999999998,0.156206324,37.482180291,0.272123516,1.9796992199999999,0.397926639,0.850551867,1.292514486,0.00267995
2004-02-20,0.042299965,0.021357442999999997,0.175642034,18.755372115,0.18708682799999998,2.069662532,0.605417031,0.864508016,2.533418574,0.04781563
2004-02-21,0.042671209,0.027341021,0.170597484,19.191933089,0.216677149,3.344004775,0.469190616,1.785724824,1.329804842,0.00267995
2004-02-22,0.038063417,0.014369322,0.20239343199999998,28.120894477,0.381684138,2.3600477520000003,0.197132614,1.829975347,0.694858126,0.00267995
2004-02-23,0.027559399,0.023497554,0.284831412,26.893256468,0.19304856699999998,0.845556137,0.300078107,1.563123496,1.097716267,0.00267995
2004-02-24,0.025222745999999997,0.019457548,0.175620196,24.730018344,0.21573812,1.624790065,0.128803649,0.6650522160000001,0.929797854,0.00267995
2004-02-25,0.027646751,0.018889763,0.141684137,19.534591195,0.206566213,1.014569939,0.21676661200000003,0.9107676259999999,0.8374629490000001,0.00267995
2004-02-26,0.023868797999999997,0.022209119,0.107704403,23.01294986,0.15828267,1.9541288140000002,0.41302010499999997,1.552575802,1.276830524,0.00267995
2004-02-27,0.024087176000000002,0.019151816999999998,0.172759434,26.706236897,0.208968379,3.0993323439999996,0.23305242600000003,0.287975871,0.525584017,0.00267995
2004-02-28,0.030725890999999998,0.024414746,0.114168414,23.182324427999998,0.16354559800000001,2.0877451660000004,0.411765738,0.44904854799999994,1.481472383,0.00267995
2004-02-29,0.034001571999999994,0.020265549,0.190098707,45.02102987,0.26050576599999997,4.742451665,0.996170874,1.095767626,3.7571301399999997,0.031326286999999994
2004-03-01,0.038609362999999994,0.023104472999999997,0.250939029,63.43125437,0.37150768599999995,7.360507221000001,1.044012419,2.999173461,3.873836987,0.019335546999999995
2004-03-02,0.042081587000000004,0.033455626,0.210407931,43.460560799999996,0.37860499699999994,7.939243245,0.78417401900000006,7.517861440999999,2.641502082,0.00267995
2004-03-03,0.034176275000000006,0.026947938000000005,0.289897798,50.687958595,0.302718379,2.607607151,1.3586341860000002,15.454183073,2.9779066939999996,0.00267995
2004-03-04,0.039788609,0.029240915,0.24794724,63.78732093,0.321717331,1.655784999,1.054632614,8.716357248,1.659139224,0.00267995
2004-03-05,0.10054157899999999,0.021750524,0.20959993,54.56018519,0.342441474,3.7733452720000003,0.461317624,2.892252601,1.411811306,0.00267995
2004-03-06,0.035442872,0.029415618,0.20309224399999998,44.536294557000005,0.259217331,1.921124796,0.669509448,1.373796976,1.271507323,0.00267995
2004-03-07,0.040269042,0.039439204,0.25445492599999997,82.99305555,0.342092068,3.8435662709999994,0.9406520059999999,2.33639481,2.487987931,0.005097250999999997
2004-03-08,0.044156184,0.030507512,0.245785289,71.04461478,0.376552237,9.30646372,2.317693411,4.446374719,6.690503655,0.12754222
2004-03-09,0.048087002000000004,0.029633998,0.320274283,86.98043325999998,0.399067086,9.938486780999998,1.4826427469999999,2.745890792,4.913585415,0.08523876000000001
2004-03-10,0.050882250000000004,0.040006986999999994,0.356437805,120.85936408,0.564620021,18.70380474,1.045474682,0.84232685,2.734753305,0.01868041
2004-03-11,0.061954052999999995,0.037845039,0.276205451,109.21597659,0.53882949,10.110812951000002,0.7729458570000001,0.48564446000000006,2.213463123,0.00267995
2004-03-12,0.06326432600000001,0.035552060999999996,0.33693658299999996,121.21425139,0.58292016,7.452073433,0.781464375,0.7595272340000001,3.1789662670000003,0.10065106
2004-03-13,0.072414396,0.042168938,0.342024808,67.44215147,0.750416667,8.605432972,0.904107632,0.676692678,5.100039817,0.087557069
2004-03-14,0.071453529,0.045160727000000005,0.356459644,44.14168413,0.822481656,10.107836012,1.2396457170000001,1.2096766049999998,4.712862145,0.09784707699999999
2004-03-15,0.047431866,0.039766771,0.19959818299999998,41.66297607,0.5003511540000001,15.890252153999999,1.9951147939999998,4.760039988,7.654972557,0.23424208
2004-03-16,0.058634696,0.041317261,0.237901817,56.6003232,0.587986548,13.77865799,2.602010322,1.425060078,9.633145164,0.23365507800000002
2004-03-17,0.169003319,0.082066736,0.957940251,43.18431167,1.827460692,21.162459527,4.925848547,0.996055012,17.818392369,0.41906999799999994
2004-03-18,0.037976066,0.030158106000000004,0.273322851,80.81210691,0.293633822,48.368354876,5.743695332,0.90872098,22.908717316,0.465646692
2004-03-19,0.055970476000000005,0.05046733,0.35578266999999997,20.57948987,0.5895807129999999,31.9130343,20.961042467,4.861094321,26.929170673,3.5570897389999994
2004-03-21,0.092046646,0.045007861999999996,0.553917715,12.05199598,0.892930643,41.986294259,12.945062383,0.38883803100000003,44.700292261,1.3409856160000002
2004-03-22,0.062303459,0.033695842,0.33551712100000003,40.28603249,0.553722922,9.472574831,3.25430854,0.208412629,11.399223081999999,0.202637433
2004-03-23,0.051515548,0.031992488,0.21977638100000002,44.27111722,0.42112334000000007,5.347975774,0.9717989309999999,0.057125068,4.186081048,0.07772129
2004-03-24,0.048218028999999996,0.030179944,0.22707023099999998,101.90542016,0.371551363,6.214748137,0.91711165,0.09099211800000001,3.176237407,0.01092447
2004-03-25,0.051493711,0.026795074,0.268998951,84.45606218,0.327810098,4.157923363,0.585726255,0.025923985000000004,2.900284402,0.028747671000000002
2004-03-26,0.044920509,0.021706848,0.17136181,77.94232617,0.27413259900000003,2.232777487,0.574217694,0.054440756,2.6734770990000003,0.00267995
2004-03-27,0.053808526,0.025310098,0.184399022,78.24050052,0.281339098,1.936090729,0.593967869,0.086655116,2.038895513,0.018351095
2004-03-28,0.074860237,0.031097134999999998,0.308001397,81.78590147,0.327962963,4.5686422659999995,0.6858791200000001,0.088838905,3.3509692380000002,0.00267995
2004-03-29,0.05396139,0.027166318000000002,0.19737072,79.5187369,0.321258735,5.562014035000001,0.751288799,0.073374194,3.6182805580000004,0.024531214
2004-03-30,0.274807827,0.025637666000000003,0.17570754700000002,80.55549004,0.36611373199999997,3.4475512459999997,0.986974508,0.03928527,5.170892369,0.036425868
2004-03-31,0.249454053,0.020352901,0.225563417,66.62196453,0.27463487099999995,3.506691707,0.944764515,0.010921364,6.368604633,0.14354501500000003
2004-04-01,0.047781272,0.026642208,0.242902691,70.80913697,0.31512229199999997,4.152912881000001,1.1278218180000001,0.015026884,7.953398483,0.098228803
2004-04-02,0.048043327,0.020833333,0.192304333,62.64474144,0.26731918200000004,2.4272070809999997,0.788107457,0.023150574,4.126617384999999,0.00267995
2004-04-03,0.033324598,0.020593117,0.176362683,45.03105346,0.23327393400000002,2.323329548,0.611728177,0.025026884000000003,2.290252082,0.00267995
2004-04-04,0.031490217,0.022886093000000003,0.197392558,39.865085601000004,0.191410727,2.666279408,1.090130518,0.009283523,4.278924339,0.062558816
2004-04-05,0.039111635000000006,0.023934312,0.12574248799999999,41.83916405,0.212986548,3.5153071860000003,1.06440288,0.011904068,4.610922068,0.025907
2004-04-06,0.055337177,0.023257337,0.16118536,47.802738469999994,0.256094515,5.669203063,2.199883313,0.044111441,7.982088211000001,0.08038551099999999
2004-04-07,0.078157757,0.028716807000000004,0.20165094300000003,49.47600018,0.368843466,7.772767878,3.585949875,0.069658261,10.109397785,0.149569648
2004-04-08,0.026052587000000002,0.019151816999999998,0.182171558,42.49513016,0.232422257,12.225502853999998,5.710180308,0.219509764,13.938509418999999,0.464384463
2004-04-09,0.035399196,0.020156359,0.17424441000000002,51.05444183,0.234715234,12.490473154,8.197409518,0.14770857599999998,22.477705786,0.42551915900000004
2004-04-10,0.029328267000000005,0.020309225,0.206040357,46.083704581999996,0.219603424,13.107770498,8.885504382,0.116871748,22.321661065999997,0.523907524
2004-04-11,0.028367401,0.01674965,0.204577218,36.038631206999995,0.1978529,12.187447297999999,5.983405325,0.08256619300000001,16.517959104,0.64288027
2004-04-12,0.038172607,0.020811496,0.169134346,29.990675232,0.154613907,9.911801771,7.0589154579999995,0.10339952699999999,18.312773044,0.381976182
2004-04-13,0.026947939,0.015286513000000002,0.187980433,32.000524111000004,0.172520964,11.299597892000001,7.904864969,0.14285882,20.959074587,0.433933729
2004-04-14,0.027974319000000004,0.010198288,0.152515723,35.082394303,0.20781097099999996,10.996698696,6.358094354,0.115392014,20.339697396,0.406352492
2004-04-15,0.07077655499999999,0.015242836999999999,0.182914046,33.951061318,0.162715759,5.936124796,3.6768845359999998,0.051166822,10.867531083,0.17721465200000003
2004-04-16,0.024327393000000003,0.019610413,0.156861461,28.478205796000005,0.146686757,4.338869381,3.042871607,0.07970717899999999,8.692204388,0.12474697100000001
2004-04-17,0.089862857,0.018278301,0.191561845,28.602900067,0.13491614200000002,7.937283078,3.159392397,0.071301343,9.692331921000001,0.116601444
2004-04-18,0.030201781,0.015963487999999998,0.140941648,32.586849232,0.15004979000000002,4.914867808,3.286258226,0.065252252,9.151771998000001,0.108061088
2004-04-19,0.024917017,0.020221873,0.16625174799999998,35.785639412,0.148346436,5.103084964,2.771400608,0.043763781999999994,9.606705610999999,0.127194561
2004-04-20,0.024283718000000003,0.019872466,0.140941649,32.793653913,0.14939465500000002,4.441322211,1.993496172,0.043743691,8.286460153,0.158805322
2004-04-21,0.026598532,0.017972572,0.124344864,32.066540012,0.147210867,3.306821861,1.624288449,0.023980413,5.301282829,0.07807943099999999
2004-04-22,0.023934312,0.019392034,0.13886705100000002,27.285966979,0.123778825,3.229252853,1.272213851,0.033303439,5.189914905,0.016778768
2004-04-23,0.039461042,0.01932652,0.181363557,49.864648852,0.210453354,10.068499884000001,1.74185571,0.067850959,7.103051697,0.09833624499999999
2004-04-24,0.062904001,0.018070842,0.139489431,33.325089534,0.14150026100000002,3.0505072209999997,1.3529231449999999,0.026970456,6.037336289000001,0.092599872
2004-04-25,0.045029700000000006,0.018998951,0.133756988,25.741679765,0.13100716299999998,7.489413581,1.785038798,0.118975173,7.603556589,0.127473212
2004-04-26,0.031097134999999998,0.017033544,0.157603948,26.654088051,0.11200821,4.544928081,1.85215882,0.051212245000000003,8.276725701,0.20656824999999998
2004-04-27,0.040793152,0.016574948,0.117094689,25.042889592,0.17230258599999998,7.145374446,1.89202954,0.015638345999999997,9.22923007,0.16760947999999998
2004-04-28,0.038019740999999996,0.018955276,0.129454927,23.661141683999997,0.125504018,4.660773643,1.513413187,0.013629261,7.750784052999999,0.065850222
2004-04-29,0.077568134,0.014434836,0.11272711299999999,25.267732357,0.11941125100000001,4.568902574,1.527634012,0.0032999459999999998,8.195842578,0.120619613
2004-04-30,0.056756639,0.00842942,0.076607268,18.859014675,0.301015025,3.037059457,1.092382439,2.426399999999997e-5,5.351135204999999,0.07982471499999999
2004-05-01,0.17330538099999998,0.009630503,0.120763452,13.720890111000001,1.410138889,1.991522245,0.569825661,8.541039999999996e-4,2.8797122490000002,0.00267995
2004-05-02,0.343509784,0.014980783000000001,0.115631551,24.886901636999998,0.132055381,2.1866873389999997,0.797189393,2.426399999999997e-5,3.872486533,0.00267995
2004-05-03,0.056450907999999994,0.018038085,0.106241265,26.309136965,0.20436058699999998,4.401558059999999,1.0360843960000001,2.426399999999997e-5,4.593686743,0.006169054
2004-05-04,0.111875436,0.019828791000000002,0.16262666,21.844798215,0.48960691799999995,3.942853482,1.358952146,0.010024264000000001,3.744967316,0.05903680399999999
2004-05-05,0.026118099999999998,0.020855171000000002,0.12510918899999998,22.864081063,0.10938766600000001,3.544362043,1.9070077010000002,0.023956829000000002,5.695286149,0.029199278
2004-05-06,0.034023409,0.018955276,0.102616178,28.273104468,2.873342068,6.623453587,3.362737087,0.04332353,8.37133524,0.08078383400000001
2004-05-07,0.027712264,0.016334730999999998,0.106263103,32.566998604,0.13033018799999999,11.190178488,4.701121084,0.23116944299999997,12.756661062,0.21116031899999999
2004-05-08,0.025877882999999997,0.018212789,0.159067086,35.057324421,0.140746856,26.911234568,6.306848721,0.42378736699999997,16.680367386,0.28641887899999996
2004-05-09,0.028105345999999996,0.020374738,0.106241265,31.844274112,0.166209818,26.70293355,5.063374752,0.35955606100000004,16.518581918,0.361879222
2004-05-10,0.030114431000000004,0.017645004,0.172824948,27.188679241,0.142078966,4.41903331,2.701114969,0.352989848,7.295204039000001,0.092163114
2004-05-11,0.027122642000000002,0.018540357,0.177148847,30.401816912999998,0.170773935,5.71577539,1.291636457,0.059052042,3.656804318,0.031084322999999997
2004-05-12,0.028039832,0.034045248,0.17059748400000002,27.759564985,0.13576782,1.469186466,0.663827233,0.036406165000000004,2.038886777,0.00267995
2004-05-13,0.221064815,0.021466631,0.09973357799999999,30.220737249000003,0.127622292,1.501744119,0.655696556,0.0057676260000000005,2.1829407610000002,0.00267995
2004-05-14,0.027712265,0.018627708,0.17136180999999998,37.346894651999996,0.13904350199999999,1.6233732239999998,0.843797534,0.011510987,3.1141060300000003,0.00267995
2004-05-15,0.048130678,0.022449336,0.181494584,46.82324423,0.154089798,1.9914506170000001,1.067386808,0.0041297849999999995,3.638317246,0.030865945
2004-05-16,0.118776206,0.048283543000000005,0.11419025099999999,38.205953,0.191432564,2.265396284,1.156027618,0.010024264000000001,4.370123675,0.009750465999999992
2004-05-17,0.030638539,0.037277253999999996,0.156905137,31.030441998,0.17361285799999998,2.822716341,0.9868993850000001,0.018892189,4.089582095000001,0.00267995
2004-05-18,0.019806953000000002,0.022034417,0.151795074,31.001528651,0.120481307,1.695307186,1.1182253819999999,0.034986703,3.652614067,0.01953034
2004-05-19,0.024480258999999997,0.017251922,0.106263103,23.758866177,0.122381201,2.033699045,1.216299281,0.0035401619999999995,4.592428882,0.003304798000000001
2004-05-20,0.026904263,0.023934312,0.13952218700000002,23.184792101,0.11314378000000001,2.1487077799999996,0.895922796,0.011662104999999999,2.889791739,0.00267995
2004-05-21,0.026358316,0.018584032,0.11639587800000001,19.669068831,0.107072852,1.200930002,0.7542893230000001,0.003472902,2.5002940110000003,0.00267995
2004-05-22,0.018038086000000002,0.018387491,0.11349144,18.148956149,0.106985499,1.547945201,0.562917904,2.426399999999997e-5,2.6566208799999997,0.00267995
2004-05-23,0.040247204,0.021859714,0.14607355,22.230062019000002,0.1542645,1.401963371,0.812841909,0.023472901999999997,2.79086529,0.00267995
2004-05-24,0.020789658000000003,0.023453879,0.093946541,26.151620369,0.167760308,2.173635278,0.8961525309999999,0.0173417,3.077215744,0.00267995
2004-05-25,0.024807826,0.022187282000000003,0.15255939899999998,21.982202131,0.175490915,5.006959003,0.5329528450000001,0.015767626,1.5807980289999999,0.00267995
2004-05-26,0.023213662,0.022842418000000003,0.11565339,22.255852552,0.290489168,0.995283602,0.269192362,2.426399999999997e-5,1.3848135780000002,0.00267995
2004-05-27,0.021401118,0.026292802000000004,0.118514151,26.942064117999998,0.227814466,8.019546354000001,0.6874566879999999,0.168714865,3.1763527110000003,0.00267995
2004-05-28,0.024349231000000002,0.021051712,0.19737072,29.779590321999997,0.269721349,1.254928081,0.512710008,0.006597464999999999,2.088403724,0.00267995
2004-05-29,0.023781447,0.022755066,0.14530922500000001,36.272602205999995,0.38788609399999996,2.577211449,0.778599246,2.426399999999997e-5,3.843161761,0.006143722000000001
2004-05-30,0.026947938,0.023366526999999998,0.17568571,42.032472921,0.395267296,2.602961798,1.027177163,2.426399999999997e-5,3.433154772,0.00267995
2004-05-31,0.033674005,0.022645877000000002,0.11499825300000001,36.420684842,0.36213923800000003,1.83394887,0.951261719,0.003472902,3.490437267,0.00267995
2004-06-01,0.027253669,0.026511181,0.173501922,30.007206496,0.363580538,2.823714769,0.9678480230000001,0.030854103999999997,4.331639224,0.004875379000000001
2004-06-02,0.070951259,0.028258210000000002,0.20531970699999996,28.260110931999996,0.361680644,1.374217039,0.40554368999999996,1.9896699999999998e-4,2.675044186,0.00267995
2004-06-03,0.028542104,0.033761355,0.16847921100000002,29.829970299,0.394568483,1.169921966,0.5539189520000001,0.648909659,2.300508021,0.00267995
2004-06-04,0.032036164,0.020571278999999998,0.158324598,22.091282318,0.49347222200000007,2.322960051,0.511176989,0.028719233,3.750390097,0.00267995
2004-06-05,0.030463837,0.023082634999999997,0.15686146099999998,28.531905138,0.738798917,0.933653622,0.40715357799999996,0.0075784220000000005,1.632925911,0.00267995
2004-06-06,0.033237247,0.023082634999999997,0.155398323,27.836019387,0.721765374,0.33822996699999996,0.361359553,2.426399999999997e-5,0.9205158840000001,0.00267995
2004-06-07,0.08211041200000001,0.047344514,0.171318134,25.114692525000002,1.5789675060000001,0.515301945,0.15855819100000001,2.426399999999997e-5,0.6097864989999999,0.00267995
2004-06-08,0.109866353,0.075821104,0.096894654,17.133931691,0.400595738,0.433340904,0.178013991,2.426399999999997e-5,1.483930454,0.00267995
2004-06-09,0.123515025,0.075493536,0.08676188,21.375524111,0.321258735,5.010926508,0.21457408900000002,0.059203160000000005,0.765439888,0.00267995
2004-06-10,0.079882949,0.065622816,0.234953704,16.970955625,0.269699511,1.387449919,0.189049106,2.426399999999997e-5,0.9550782520000001,0.00267995
2004-06-11,0.08097484299999999,0.07405223600000001,0.16919986,19.251266596999997,0.313178721,2.841438388,0.24816248800000001,0.06330868099999999,3.23607668,0.0030899140000000026
2004-08-05,0.074641859,0.067042278,0.031839623,20.316387141,0.24394479400000002,0.0215915,4.82750000000004e-4,2.426399999999997e-5,0.011460540000000019,0.00267995
2004-12-14,0.025416666,0.035875,5.018833333,36.02875,0.10270833299999999,3.658020833,0.151229167,0.548208333,1.6622916660000002,0.085125
2004-12-15,0.025833333,0.038166667,5.521708333,38.995270837,0.115145833,4.562666666,0.42485416600000003,0.504354167,2.337625,0.150979167
2004-12-16,0.029687499,0.0388125,5.0198125000000005,55.648437503000004,0.107625,3.9065625,0.344270833,0.553895833,1.498416666,0.126354167
2004-12-17,0.016020833999999998,0.0343125,6.1419999999999995,33.38804167,0.045958333,2.6958125,0.20274999999999999,0.669333333,1.061958333,0.2115625
2004-12-18,0.027291667,0.028645833000000002,6.075208334,35.672208337,0.099791667,2.1326875,0.19549999999999998,0.38114583300000004,0.9025416669999999,0.16322916699999998
2004-12-19,0.023166666,0.026562500000000003,5.319833334,42.66749999300001,0.077854167,2.295916667,0.297479167,0.39275000000000004,1.6931250000000002,0.15541666599999998
2004-12-20,0.018083334,0.031416666,5.647645834,47.125666669999994,0.09689583299999999,2.0961666670000003,0.210770833,0.340583333,1.379875,0.14504166699999999
2004-12-21,0.020229166,0.024020833,4.381958333,28.053625,0.065520834,0.8504375,0.11449999999999999,0.629604166,0.7033958339999999,0.096291667
2004-12-22,0.0238125,0.0283125,5.241979166,25.388812497,0.060291665999999994,1.4761250000000001,0.10743749999999999,0.537291667,0.8345625,0.0389375
2004-12-23,0.020729166,0.033166667,5.271541667,16.573,0.08299999999999999,2.37825,0.1415625,0.80375,0.681666667,0.143729166
2004-12-24,0.016395833999999998,0.029083333999999995,4.788375,23.842374999999997,0.09360416699999999,2.674708334,0.142375,0.475416667,1.252604166,0.106354167
2004-12-25,0.02925,0.031395833,5.735333334,23.73145833,0.085229167,2.215291667,0.22522916699999998,0.442375,0.6230625,0.275875
2004-12-26,0.014562499999999999,0.028833333000000003,4.207770833,33.385354166999996,0.086479167,2.068375,0.12554166700000002,0.7906875,0.993541667,0.179145833
2004-12-27,0.018291666999999998,0.030812499,6.151333333,26.963125,0.096291666,5.2285625,0.103333334,0.596479167,0.8412916670000001,0.0425625
2004-12-28,0.0233125,0.024666666,5.242541667,31.516500002999997,0.101395834,2.675,0.080125,0.4968125,0.938104167,0.018104166999999997
2004-12-29,0.0240625,0.030520833,4.479937501,37.36695833,0.13827083299999998,2.59475,0.120291667,0.44804166700000003,0.684145833,0.044875
2004-12-30,0.013041666,0.028749999999999998,5.059666667,31.76510417,0.07100000000000001,2.7005,0.22904166599999998,0.455270833,0.9150625,0.034833333
2005-01-01,0.025854165999999998,0.027145834,4.778916666,21.83097917,0.090729166,3.1036458330000003,0.14150000000000001,1.0364375,1.0090625,0.057416666
2005-01-02,0.028395833000000002,0.028541667,6.537520833,19.78597917,0.0874375,4.597791667,0.172104166,0.30364583300000003,1.368270834,0.087833333
2005-01-03,0.031,0.030520832999999997,5.1754999999999995,19.898479164,0.107687499,3.106291667,3.133895833,1.468291666,1.757875,0.16743750000000002
2005-01-04,0.022645833,0.033229166000000004,5.794166667,23.539291666,0.125187499,1.783270833,0.16418750000000001,1.056041667,0.809458333,0.0541875
2005-01-05,0.018520833,0.03425,4.643604166,27.364937496999996,0.105541666,10.596104167,0.312041667,1.8748749999999998,1.4342916669999999,0.11685416600000001
2005-01-06,0.022666667,0.032895833,5.8903958329999995,33.057916663,0.202020833,6.1780416659999995,0.444666667,1.309229166,4.279583334,0.11981249999999999
2005-01-07,0.032979167000000004,0.033770833,7.640479167,35.647374997,0.16160416700000002,11.365229166,0.449729166,1.042104167,4.854104167,0.202708334
2005-01-08,0.027354167,0.03375,5.273270833,41.666583329999995,0.18733333300000002,6.13875,0.49856249999999996,0.6563125000000001,5.558166667,0.100979166
2005-01-09,0.041895833,0.027437498999999997,4.8474375,44.751291663,0.18714583299999998,8.173020832999999,0.5435625,2.621979167,2.5182291670000003,0.31379166599999997
2005-01-10,0.044479167,0.045979166,4.806791667000001,56.067541663,0.234791666,5.144229167000001,3.084333333,0.801291666,2.2078958330000003,0.164541667
2005-01-11,0.086791667,0.0424375,5.782729166999999,41.339708337000005,0.186791667,1.640041666,0.402708333,0.616541666,1.3327291669999999,0.076395833
2005-01-12,0.026375001000000002,0.041895833,6.460479167000001,37.785875,0.183520833,1.2673541670000001,0.23754166699999998,0.910916666,0.589354167,0.023395833
2005-01-13,0.019125001,0.035624999,5.620083333,31.578541663,0.18543749999999998,1.783583333,0.20452083399999998,1.562583333,0.966166666,0.0216875
2005-01-14,0.024729167,0.0378125,6.151937499999999,32.959875000000004,0.166854167,4.488104167,0.314833334,2.244458333,1.166520833,0.076125
2005-01-15,0.017020834,0.033791667,5.350375,32.996145833,0.132,2.634854167,0.315916667,2.3076875,0.743020834,0.0656875
2005-01-16,0.020541667,0.027270833,4.8087708330000005,31.175916667,0.172375,12.843729166,0.4535,7.6099375,1.656354167,0.15281250000000002
2005-01-17,0.030374999,0.037375,5.832770833,44.327729167,0.229333334,2.578958333,0.256916666,2.4721875,0.852270833,0.068270833
2005-01-18,0.024958333000000003,0.033354167000000004,5.2814791670000005,52.62054167,0.23533333299999998,1.836854167,0.374791667,1.4960624999999999,1.333625,0.071083333
2005-01-19,0.054625,0.0391875,6.123416667,77.681104163,0.247104167,5.504791666,0.5646875,2.330208334,1.52925,0.06675
2005-01-20,0.038104166,0.028937499999999998,7.120708333,84.71927083300001,0.2840625,11.028374999999999,0.680020834,0.96575,2.4489374999999995,0.114145834
2005-01-21,0.032499999,0.034645834,5.436104167,68.78641666300001,0.21906249900000002,9.136395833999998,0.352895834,1.1345625000000001,1.302583334,0.075729167
2005-01-22,0.026645833,0.034125,4.5671666669999995,58.11616667,0.211229167,4.584812500000001,0.787020834,1.2879375,1.673708333,0.116291667
2005-01-23,0.027458332999999998,0.03025,5.872104166,31.732999997,0.11731250000000001,3.6424166669999996,0.29118750000000004,1.3380416670000002,1.5425,0.096979167
2005-01-24,0.022791667,0.029708334000000003,5.977666666999999,15.755145834,0.106895834,3.591104166,0.557916667,1.792645833,0.8310000000000001,0.10929166700000001
2005-01-25,0.017104167,0.029166666,5.465,4.771229167,0.077354167,2.594770833,0.257291667,1.9939375,1.121020833,0.025583333
2005-01-26,0.017166667,0.027395833,5.53325,5.385333333,0.085854167,0.66375,0.319770833,2.110333333,0.864375,0.09125
2005-01-27,0.024145833,0.028791667,4.923291667,4.047666666,0.091770834,3.454541666,0.303895833,2.6129791669999998,0.9853541669999999,0.105645833
2005-01-28,0.015791666,0.031770834,5.339708333,4.817208334,0.07518749999999999,20.138104167,0.688729166,3.356979166,1.6510625,0.20458333300000003
2005-01-29,0.015979167,0.032895834,5.020729166,9.9962291659999991,0.066895833,5.869249999999999,0.489645833,3.176645833,1.503583333,0.136166667
2005-01-30,0.0125625,0.036625000000000005,6.3630625,9.5356875,0.06293750000000001,25.472833333,1.5029375,4.762395833,3.662083333,0.521583333
2005-01-31,0.019645832999999998,0.027291666,4.45975,15.312125,0.08081250000000001,3.9533125,0.672083333,1.0242499999999999,2.50525,0.1281875
2005-02-01,0.013333334,0.025458333,4.5950625,10.439770833,0.044333332999999996,6.831291667,0.630145834,1.144729167,1.791479166,0.132770833
2005-02-02,0.021958333,0.026520833,5.977583333,7.090479167,0.085874999,2.381958334,0.565541666,1.085083333,1.2089791669999999,0.0726875
2005-02-03,0.015166667,0.034125,4.7591874999999995,11.337916667,0.055333334,3.9658541659999997,0.9053958329999999,1.6319791670000001,2.0668124999999997,0.146604166
2005-02-04,0.02,0.0396875,5.020125,11.746791666,0.060020832999999996,0.9305625,0.43100000000000005,2.0099166669999997,1.1539583340000001,0.104729166
2005-02-05,0.021145834,0.043416667,6.316354167,19.658541667,0.085479166,3.040833334,0.30977083400000005,1.902041667,1.135291667,0.0525625
2005-02-06,0.019999999999999997,0.041604166,4.566458334,34.597520833,0.1158125,4.537020833,0.310645834,2.246625,1.3423749999999999,0.060166667
2005-02-07,0.024812501,0.042541666000000006,4.914604166,18.552791666,0.089479166,2.6237500000000002,0.3419375,2.145625,1.350583334,0.050979167
2005-02-08,0.0193125,0.030895833,4.111229165999999,23.881625004000004,0.08508333300000001,1.6256249999999999,0.318770833,1.801479166,1.2609791659999998,0.040458334
2005-02-09,0.025729167,0.036750001,6.0450625,21.889250003,0.080895833,11.0450625,0.314854167,1.6579375,1.1249375,0.048333333000000006
2005-02-10,0.023166667,0.046875,6.026541667,18.295395833,0.077729167,8.312333334,0.331729167,1.106416667,1.065166666,0.021666666
2005-02-11,0.027291667,0.0403125,6.721541667,21.499854167,0.083354167,2.7482499999999996,0.379395833,1.5592291669999998,1.277479167,0.059833332999999995
2005-02-12,0.017416666,0.039250001,5.785125001000001,21.044708330000002,2.7692499990000004,2.6144375,0.4538125,1.433479167,1.2952083330000002,0.072104167
2005-02-13,0.026958333,0.040395833,4.372437499,15.401333333,0.095270833,2.369333333,0.3485,2.598458333,0.9809375,0.045562500000000006
2005-02-14,0.022083333,0.039645834000000005,6.239312499,10.8396875,0.069333333,3.790666667,0.417645833,3.6475625000000003,1.144208334,0.08791666699999999
2005-02-15,0.018958333,0.041479167,4.237479166,16.969166666,0.120604167,3.5204166659999996,0.299125,2.145666667,1.720625,0.0400625
2005-02-16,0.034312499999999996,0.040749999,6.1612916659999994,23.620208329999997,0.116729166,4.4035,0.5136666670000001,2.4813125,1.9747916669999999,0.07025
2005-02-17,0.0209375,0.040395834,5.919791666999999,20.0784375,0.159208333,3.2620833339999997,0.28331249999999997,1.13225,1.121541667,0.021124999999999998
2005-02-18,0.0243125,0.0410625,6.741729166000001,26.567937504,0.088604167,3.9712291659999996,0.48827083299999996,0.815729167,1.6233541660000002,0.09241666700000001
2005-02-19,0.058208334,0.039645834,3.773166667,31.101187496,0.193458333,4.157520833,0.46687500000000004,1.003104166,1.548583333,0.37345833300000003
2005-02-20,0.030291667,0.035979167,6.084958333,37.255499993,0.148770833,2.360645833,0.325020833,1.528375,1.2505,0.0576875
2005-02-21,0.020395833,0.037770833000000004,3.860333333,47.283437500000005,0.104854167,3.216979167,0.3685625,1.8019375,1.2231875,0.028770833000000003
2005-02-22,0.036020833,0.0381875,3.569479167,48.49045833,0.14608333299999998,2.968541666,0.321541667,0.855395833,1.1603333340000002,0.035458332999999995
2005-02-23,0.0166875,0.041583333,4.6150833339999995,40.87158333,0.13193749999999999,2.226708333,0.458416666,1.090083333,1.113958333,0.217958333
2005-02-24,0.024166667,0.0418125,5.408291667,38.616250003000005,0.140645834,6.115791667,0.362875,2.615645833,1.5795208330000001,0.050645833
2005-02-25,0.027604166,0.034041667,3.9285625,36.65020833,0.12808333300000002,5.610083334,0.418583333,3.725520833,1.9163125,0.043854167
2005-02-26,0.027729166000000003,0.037999999,6.3548958330000005,39.189020837,0.11852083299999999,6.39975,0.464375,5.2583125,1.1675625,0.08910416700000001
2005-02-27,0.020354166,0.06466666700000001,5.619625,46.589729167,0.151249999,2.110895833,0.300854167,1.8754583329999999,1.5181458329999997,0.0156875
2005-02-28,0.027875,0.039333334,4.807604167,50.766187503000005,0.156166667,1.838770834,0.331333333,1.453479167,1.162520834,0.023520832999999998
2005-03-01,0.028104167000000003,0.072333334,5.2714166669999996,41.489749997,0.19093750000000004,1.855895833,0.215041667,1.0030625,1.2490625,0.009062500000000001
2005-03-02,0.014291667000000001,0.037375001000000005,5.350125,23.927562496000004,0.14779166700000002,1.592958333,0.19225,0.37506249999999997,1.3323125,0.037541667
2005-03-03,0.024583334,0.035562499,5.852270833,24.92170833,0.131020834,1.0695,0.168583333,0.39291666700000005,1.1148749999999998,0.025937500000000002
2005-03-04,0.020145833000000002,0.034770833,5.0391041659999996,19.541125,0.111895833,2.432645833,0.326854166,1.5677291660000001,1.2150416659999999,0.025979167
2005-03-05,0.06175,0.042624999999999996,4.314916667,36.598749997,0.155104167,3.210395833,0.364708333,1.437833333,1.3651875,0.030395833
2005-03-06,0.017541666999999997,0.035395833,5.455291667,20.019666666,0.0983125,3.0965625,0.3095,1.182270833,1.088041667,0.05875
2005-03-07,0.015354166,0.0335625,4.894833333,37.805166667,0.11274999899999999,4.126479166,0.396020834,2.882854166,1.9599583340000002,0.028749999999999998
2005-03-08,0.0280625,0.037104167,4.7105,24.901104166,0.10650000000000001,2.034875,0.36039583399999997,2.026645833,1.66075,0.0411875
2005-03-09,0.012291667000000001,0.030791666000000002,5.8145208329999996,23.144979167000002,0.104333334,3.0760625,0.9838333340000001,0.846791667,2.1753958339999997,0.07591666600000001
2005-03-10,0.021229167,0.040791667,3.9945,26.654062500000002,0.107875,2.2776458330000002,0.38691666700000005,0.33085416700000003,2.438083333,0.061333333
2005-03-11,0.010020833,0.0328125,5.3301458329999996,32.690916673000004,0.084541666,2.193979166,0.331916667,0.3485625,1.4512708330000001,0.033208334
2005-03-12,0.021583334,0.041499998999999996,4.623458334,49.42529167,0.131020833,3.5534375000000002,0.42860416599999995,0.528041667,1.595145833,0.044
2005-03-13,0.026708334,0.029749999,5.407624999,50.857458337,0.134520834,5.852020834,0.47083333299999997,0.6578333329999999,3.030479167,0.074708334
2005-03-14,0.02025,0.034583334,5.8621666669999994,38.162791663,0.144479167,5.852833334,0.466895833,1.8067708329999999,1.9727708329999998,0.048
2005-03-15,0.02,0.041229167,5.591395833,64.711500003,0.131416667,5.206770833,0.5265625,5.819729167,1.8634583329999999,0.075354167
2005-03-16,0.0303125,0.039854167,5.2615,40.011583327,0.142729167,3.112,0.393166667,2.481020834,1.6823541670000002,0.054645834000000004
2005-03-17,0.021333334,0.043895832999999995,5.069125,38.60010417,0.142354166,3.284083333,0.710583334,0.625020833,2.0093125,0.053354167
2005-03-18,0.161812501,0.0514375,7.1354375,48.399749993,1.1638125,3.0419166669999997,0.657583334,0.7974375,2.0660625,0.061583333000000004
2005-03-19,0.0204375,0.036875,4.652208333,51.151770833,0.12585416700000002,4.8446875,0.553041667,0.6281875,2.7284791659999996,0.043375
2005-03-20,0.023604166000000003,0.033520833,4.645333333,31.478916663,0.114583334,6.4348125,0.507145833,0.674895833,3.327604167,0.048020833
2005-03-21,0.025312499999999998,0.042416666,4.295395833000001,24.857708335999998,0.1209375,7.453229167,0.48822916699999996,0.5724166669999999,3.4047916669999996,0.076208333
2005-03-22,0.027979166,0.035979166,5.948979166999999,46.809437507000005,0.14202083299999999,13.693562499999999,0.9793125,0.539916667,5.382020833,1.2247083330000001
2005-03-23,0.02725,0.036562499,5.493604166,24.944624997,0.12875,15.574145834,0.9358333329999999,0.6883333330000001,4.306208334000001,0.1271875
2005-03-24,0.027645833999999998,0.0418125,6.9449787999999995,44.019664,0.1389375,13.400000333,0.8749375,0.606291667,3.727749833,0.144833337
2005-03-25,0.0324375,0.043291667,6.6732499999999995,61.27123,0.19597913000000003,18.230042,1.7262084,0.42608333000000004,6.829458000000001,0.29131253
2005-03-26,0.034479159999999995,0.03895834,5.677458,75.89811,0.18606250999999996,11.152812,1.14675,0.5268333000000001,5.291083,0.23347916999999999
2005-03-27,0.02175,0.04064583,6.249855,90.43823,0.20879166999999998,7.847688,0.8484583299999999,0.6489375,3.7124582000000004,0.10689583
2005-03-28,0.035020837,0.0400625,6.5001869999999995,53.831630000000004,0.36762500000000004,6.816834000000001,0.90137497,0.6602708,3.5326043,0.109208333
2005-03-29,0.030333332999999997,0.032708333000000006,6.0643329999999995,83.79595,0.22937496000000002,10.746749999999999,0.9230209,1.52050033,4.7111042,0.17264583
2005-03-30,0.024041667000000003,0.048875,5.851083,96.11875,0.2085417,9.601332999999999,0.65229163,2.3050205000000004,3.7646247999999995,0.07820832999999999
2005-03-31,0.038625003,0.05735416,8.007854,48.53783,0.3222083,7.9694377,0.8849375,0.47895833,3.9607082,0.132625
2005-04-01,0.033958329999999995,0.0424375,4.208667,40.151559999999996,0.33035413,13.757521,1.1677917,0.33431247000000003,5.604896,0.21212499999999998
2005-04-02,0.025875003,0.04979167,4.1991657,93.27121,0.21491663,13.157479,1.0835,0.2033125,5.083042,0.23839583
2005-04-03,0.020375004000000002,0.0505625,4.556813,96.01517,0.22629169999999998,10.150458,1.1483333,0.42549996999999995,4.7817498,0.19085417
2005-04-04,0.041875010000000004,0.070375,5.137333,33.18563,0.26993754,11.108167,0.8284166,0.87949997,4.3637084,0.14704166000000002
2005-04-05,0.020708334000000002,0.04102084,4.894792,62.729792,0.19602084,8.650625,1.0822917,0.9396874700000001,4.6699165,0.160687503
2005-04-06,0.036749997,0.039687507,6.083563,39.762985,0.19239583,7.693833,1.0562708299999999,0.1713125,5.7684997000000005,0.159999997
2005-04-07,0.034,0.036895833,4.276083,29.699897,0.15885417,16.953771,1.4467083,0.27781247000000003,6.6307288,0.220354163
2005-04-08,0.015062500000000001,0.05587500299999999,5.223792,29.164255,0.17283334,16.602001,1.4198125,0.5670000000000001,6.8804792,0.23535416
2005-04-09,0.029499993000000002,0.035833340000000005,5.726834,33.500618,0.20079167,16.7456665,1.4107292,0.59922917,6.281417,0.23235417000000003
2005-04-10,0.03029167,0.036645827,5.716479,60.617308,0.25391666999999996,14.487854,1.52962497,0.65020834,6.579729,0.23283337
2005-04-11,0.029562503,0.0409375,5.4175830000000005,69.54258,0.28735417,23.176997,1.3865832999999999,1.419958367,7.059041000000001,0.33725003
2005-04-12,0.03862500000000001,0.039875,6.567875000000001,94.21722,0.39147913,19.484724999999997,1.0021459000000001,1.5985417,3.8853337999999997,3.33674983
2005-04-13,0.03272916,0.032687499999999994,5.726771,129.7121,0.43139583000000004,20.966808299999997,1.1339791,1.83389583,3.823146,0.1466875
2005-04-14,0.04266666300000001,0.044125,5.156062,126.66136,0.49554170000000003,6.7116875,1.0935417,1.8209585000000001,5.7278122,0.23960413000000003
2005-04-15,0.043145829999999996,0.03604167,6.229187,133.62044,0.4681875,5.5847083,1.0385417,0.5958749999999999,5.882229000000001,0.25485417
2005-04-16,0.040708339999999996,0.03772917,5.687542,121.44358,0.6492709000000001,6.496542,0.9683333,0.35677083,4.3954580000000005,0.27750003
2005-04-17,0.05327082999999999,0.029,5.465624,86.26006,0.5597292,8.812896,0.9709166,0.21885416700000002,4.480916499999999,0.204625
2005-04-18,0.040958339999999996,0.03716666,5.619292,130.01956,0.5176042,25.465978,0.943,0.25504167,4.0793542,0.16220832999999998
2005-04-19,0.04629166999999999,0.04029166,6.422916000000001,110.86852999999999,0.366875,9.293771000000001,1.1040417,0.49787497000000003,4.2879795000000005,0.18604167
2005-04-20,0.036395833,0.029249999999999998,5.3789169999999995,109.17419000000001,0.40654159999999995,42.168248,1.6765,0.35516667,7.0760837,0.43241667
2005-04-21,0.032,0.02908333,5.978,100.33578999999999,0.3692083,40.870082000000004,1.578125,0.5688541,7.1448955000000005,0.30077083
2005-04-22,0.04064583,0.032854163,7.147813,98.13703,0.32397913,16.104209,2.4496249999999997,1.3547500300000002,8.7580002,0.38547916700000007
2005-04-23,0.027583333,0.030375,4.606042,84.5459,0.29693747,41.041166999999994,2.1782500000000002,0.5653125,9.0108537,0.3206667
2005-04-24,0.042083333,0.03102083,5.7363539999999995,82.77579,0.28527086999999995,37.45486,2.0378542,0.6116250000000001,8.3210205,0.40397917
2005-04-25,0.025437504,0.032645839999999995,6.074125,101.65241999999999,0.25987504,16.583187,1.5629165999999999,0.381,6.2105628,0.39891663
2005-04-26,0.030041663000000003,0.030875,5.484479,50.64521,0.2001875,12.062833200000002,1.4618333700000001,0.21577083,7.0101877,0.220020837
2005-04-27,0.025541670000000002,0.030854163,5.252333,67.01414,0.19866666,11.672,1.2854166999999999,0.17825000000000002,6.4403749999999995,0.17912500000000003
2005-04-28,0.019437503,0.033541667,5.483435999999999,51.35837000000001,0.16870834,12.525041,1.9046250000000002,0.13243749999999999,9.9618752,0.30416663
2005-04-29,0.022416666,0.03377083,6.636479,49.876670000000004,0.19685417,27.948103999999997,2.564375,0.40570836699999996,9.8315208,0.41710420000000004
2005-04-30,0.028229167,0.031249993,5.726165999999999,47.54388,0.16489583,18.995125,2.4666038,0.18529167000000002,11.837854,0.388604133
2005-05-01,0.028208336,0.026937502999999998,4.808333,42.05629,0.19304167,14.568792,1.61591663,0.23568750000000002,7.4456039999999994,0.28722913
2005-08-14,0.002418,0.0052018,0.0647652,4.832174,0.0108066,0.3847162,0.1518605,0.001140025,0.3628775,0.0282968
2005-08-15,0.0050654,0.0029016,0.0087358,6.359334,0.0176204,0.6301649,0.3535403,1.157121,0.1828109,0.0905324
2005-08-16,0.0039269249999999995,0.006437149999999999,0.10301688,27.857367999999997,0.0460009,3.3236777,0.13927362,0.016600675,0.590314,0.030162400000000002
2005-08-17,0.003558025,0.0052219499999999995,0.07053197,35.40612,0.0377115,1.5474276,0.14352313,0.029638675000000003,0.7187923,0.0224192
2005-08-18,0.0013942250000000002,0.0028566499999999996,0.061259869999999994,21.490764,0.0558992,1.8869145,0.21753382,0.10789934999999999,0.6384238,0.0457678
2005-08-19,0.002218825,0.00452755,0.08482607,3.887638,0.038192,4.621243699999999,0.18209082,0.03548278,0.530923,0.0344838
2005-08-20,0.007947625,0.00817315,0.09325497499999999,40.571801799999996,0.03797810000000001,2.7437001000000003,0.5864749199999999,0.42674257499999996,0.4913446,0.045187500000000005
2005-08-21,0.0034774249999999997,0.00617675,0.07611197,29.645498,0.03813,3.1883027999999998,0.129219725,0.029483675,0.52835,0.0357517
2005-08-22,0.006007025000000001,0.0062945499999999995,0.043276774999999996,18.822249199999998,0.0524396,3.2987723,0.168732975,0.03048868,0.6391365,0.018500799999999998
2005-08-23,0.004705025,0.00486235,0.08402937499999999,17.526915,0.04868549999999999,2.5018708,0.12804173000000002,0.09371878,0.33098538,0.0280234
2005-08-24,0.0037192249999999996,0.00494295,0.06752807,7.281001,0.036921,1.64552417,0.075811025,0.058109680000000004,0.19169980000000003,0.027800199999999997
2005-08-25,0.007668625,0.00505145,0.07327858,4.579525,0.0471634,0.7818130799999999,0.11623443,0.034279380000000005,0.42699188,0.025764099999999998
2005-08-26,0.005263025,0.0026086499999999997,0.016942275,3.5365381,0.04402930000000001,5.3448845,0.11918561999999999,0.04103737,0.4978212,0.0379496
2005-08-27,6.192249999999999e-4,0.00404085,0.057694880000000004,2.4784463,0.0587853,2.5323623,0.083861725,0.025322874999999998,0.36987108,0.041356500000000004
2005-08-28,0.005390124999999999,0.00460815,0.03497187,2.0396692,0.0439146,3.1362154799999997,0.11407122,0.07361218,0.44421160000000004,0.0351416
2005-08-29,0.009274425000000001,0.0026768500000000006,0.048295674999999996,3.3364401,0.0490792,4.1897009999999995,0.15770622,0.06623418,0.66847,0.034964300000000004
2005-08-30,0.005914025,0.00690835,0.047542375,4.33903,0.0552668,2.2268819,0.14187082,0.09887098,0.4649141,0.0140368
2005-08-31,0.002876025,0.00649605,0.03549887,3.5256050000000005,0.0566773,3.4382631000000003,0.25830565,0.07041857500000001,0.57628543,0.0388796
2005-09-01,0.005957425,0.00544825,0.029878570000000004,4.8556102,0.0571547,4.2362123,0.18020853,0.09996097000000001,0.99058042,0.0472899
2005-09-02,0.012575929999999999,0.0046453499999999995,0.027903875,7.438561999999999,0.0826088,18.3038913,0.29980785,0.16243895,1.8699678,0.27440210000000004
2005-09-03,0.005098725,0.00228625,0.015999875,6.766863,0.053732300000000004,16.5903625,0.7436536,0.11697555000000001,3.4219679999999997,0.13799899999999998
2005-09-04,0.001973925,0.00245985,0.0070811749999999994,5.922278,0.0486979,14.4626216,0.7411802999999999,0.13631025000000002,3.4793830000000003,0.1446175
2005-09-05,0.007088925000000001,0.00490575,0.053314570000000006,19.298842,0.0384679,9.4325485,0.4729695,0.18340915,1.062942,0.0761013
2005-09-06,0.005396325,0.00588225,0.056482775,23.422755999999996,0.04742999999999999,7.7064602,0.31647965,0.09033047,0.8982104000000001,0.07247740000000001
2005-09-07,0.006723125000000001,0.0032534499999999997,0.021830975000000002,16.749303,0.034800599999999994,7.284530299999999,0.24573452,0.26342097,0.6080207,0.076216
2005-09-08,0.014144525,0.01241085,0.060044675000000006,11.797948000000002,0.0534843,6.768374999999999,0.32351417000000005,1.03003713,0.56764017,0.0981616
2005-09-09,0.014931924999999999,0.00380835,0.011445974999999999,3.9934814000000003,0.10024469999999999,15.562674000000001,0.8100216,4.7566174000000006,1.72381988,0.10778090000000001
2005-09-10,0.007901125,0.00845215,0.027417175000000002,12.748737,0.0458428,9.4754428,0.51801167,3.18025262,1.357155,0.079166
2005-09-11,0.009017125,0.0030395500000000002,0.055819379999999995,20.496604,0.0456723,13.601499,0.39883808,0.5532012,1.0996739,0.1013019
2005-09-12,0.006955625,0.0016724499999999998,0.06604007,22.100814,0.046995999999999996,6.763359300000001,0.24579217,0.19409578000000002,1.0415581,0.091584
2005-09-13,0.007104425,0.00493365,0.032262475,10.056849999999999,0.041158700000000006,4.3093971,0.31792545,0.046229269999999996,0.8707341,0.1073301
2005-09-14,0.005910925,0.0029372499999999998,0.02531848,10.885138999999999,0.03158899999999999,3.7361221000000002,0.20079993000000002,0.07702157999999999,0.39710027000000003,0.0867188
2005-09-15,0.004184224999999999,0.00310155,0.04232197,16.54464,0.055152099999999996,15.2180064,0.2717857,0.040936280000000005,1.115929,0.0599069
2005-09-16,0.004661625,0.00466395,0.06143967,12.037570000000002,0.054001999999999994,13.6171142,0.3090916,0.16924418,1.0064091,0.0652668
2005-09-17,0.006313925,0.00430745,0.05307587,15.107288,0.029601900000000004,10.939072,0.3083,0.15719027000000002,1.0403044,0.0819355
2005-09-18,0.0010625249999999997,7.9205e-4,0.012344980000000004,18.119332,0.020032199999999993,6.0208761,0.41056468,0.15289788,0.9066176,0.11331
2005-09-19,0.010920525,0.005683850000000001,0.04940857,11.086335,0.0432357,3.4875221,0.40899097,0.28258023,0.9306148,0.1215889
2005-09-20,0.002132025,0.00418655,0.09272178,7.074047,0.0414997,9.526061,1.40797218,0.38272572,3.1561888000000002,0.3537609
2005-09-21,0.009882025,0.004394250000000001,0.04081847,9.841437,0.0386663,7.3113819,0.29464255,0.8913421300000001,0.38038653,0.058031400000000004
2005-09-22,0.009296124999999999,0.00534905,0.04472447,12.279194,0.045046100000000006,7.881239000000001,0.2924688,0.25295342,0.9294907,0.0564473
2005-09-23,0.013174225,0.00783215,0.07531527499999999,6.1781878,0.0436511,5.93239,0.31551977999999997,0.21681363,0.8526493,0.0994363
2005-09-24,0.009051225,0.00546685,0.08043647000000001,5.6246431,0.039463,6.943536999999999,0.23755167,0.20787698,0.6899755000000001,0.0534
2005-09-25,0.004987124999999999,0.00219325,0.01622308,6.9286025,0.03619870000000001,6.213112000000001,0.24098473,0.25888757,0.6365456,0.0784914
2005-09-26,0.009023324999999999,0.006750250000000001,0.07676608,22.258566000000002,0.0617613,8.782558,0.47401737,0.48389382999999997,1.1884259,0.1243578
2005-09-27,0.003613825,0.00157945,4.92610000000001e-4,14.98227,0.052793,9.121121,0.7559253699999999,0.9149568000000001,1.8529759,0.22879
2005-09-28,0.003874225,0.00131905,0.01165057,8.334192,0.0433535,3.1099375,0.35922117,0.21309678,0.85672688,0.060908199999999996
2005-09-29,0.007932125,5.7195e-4,0.002536575,5.752667,0.0391468,3.536095,0.377909275,0.08447577,1.36882687,0.0752792
2005-09-30,0.005154525,0.00193905,0.006355775,13.25338,0.0651868,5.598334,0.39772507,0.37420305,1.19715127,0.0977821
2005-10-01,0.002767525,0.00131905,0.01801797,8.732055,0.0395684,7.7165127,0.23465676000000002,0.35951540000000004,0.68870556,0.07840865
2005-10-02,0.003744025,0.00136245,4.92610000000001e-4,10.08833,0.0543027,0.9970208,0.257316,0.1264965,1.1198493,0.0528172
2005-10-03,0.0019502880000000001,3.30925e-4,0.01715656,5.492368,0.0328104,1.1064467,0.2175691,0.1001726,1.1003186999999999,0.07452125
2005-10-04,5.58e-4,1.2245000000000008e-4,4.92610000000001e-4,0.021093115,5.58e-5,0.0215915,4.82750000000004e-4,2.426399999999997e-5,0.011460540000000019,0.00267995
2005-10-05,5.58e-4,1.2245000000000008e-4,4.92610000000001e-4,0.021093115,5.58e-5,0.0215915,4.82750000000004e-4,2.426399999999997e-5,0.011460540000000019,0.00267995
2005-10-06,5.58e-4,1.2245000000000008e-4,4.92610000000001e-4,0.021093115,5.58e-5,0.0215915,4.82750000000004e-4,2.426399999999997e-5,0.011460540000000019,0.00267995
2005-10-07,5.58e-4,1.2245000000000008e-4,4.92610000000001e-4,0.021093115,5.58e-5,0.0215915,4.82750000000004e-4,2.426399999999997e-5,0.011460540000000019,0.00267995
2005-10-08,5.58e-4,1.2245000000000008e-4,4.92610000000001e-4,0.021093115,5.58e-5,0.0215915,4.82750000000004e-4,2.426399999999997e-5,0.011460540000000019,0.00267995
2005-10-09,5.58e-4,1.2245000000000008e-4,4.92610000000001e-4,0.021093115,5.58e-5,0.0215915,4.82750000000004e-4,2.426399999999997e-5,0.011460540000000019,0.00267995
2005-10-10,5.58e-4,1.2245000000000008e-4,4.92610000000001e-4,0.021093115,5.58e-5,0.0215915,4.82750000000004e-4,2.426399999999997e-5,0.011460540000000019,0.00267995
2005-10-11,5.58e-4,1.2245000000000008e-4,4.92610000000001e-4,0.021093115,5.58e-5,0.0215915,4.82750000000004e-4,2.426399999999997e-5,0.011460540000000019,0.00267995
2005-10-12,5.58e-4,1.2245000000000008e-4,4.92610000000001e-4,0.021093115,5.58e-5,0.0215915,4.82750000000004e-4,2.426399999999997e-5,0.011460540000000019,0.00267995
2005-10-13,5.58e-4,1.2245000000000008e-4,4.92610000000001e-4,0.021093115,5.58e-5,0.0215915,4.82750000000004e-4,2.426399999999997e-5,0.011460540000000019,0.00267995
2005-10-14,5.58e-4,1.2245000000000008e-4,4.92610000000001e-4,0.021093115,5.58e-5,0.0215915,4.82750000000004e-4,2.426399999999997e-5,0.011460540000000019,0.00267995
2005-10-15,5.58e-4,1.2245000000000008e-4,4.92610000000001e-4,0.021093115,5.58e-5,0.0215915,4.82750000000004e-4,2.426399999999997e-5,0.011460540000000019,0.00267995
2005-10-16,5.58e-4,1.2245000000000008e-4,4.92610000000001e-4,0.021093115,5.58e-5,0.0215915,4.82750000000004e-4,2.426399999999997e-5,0.011460540000000019,0.00267995
2005-10-17,5.58e-4,1.2245000000000008e-4,4.92610000000001e-4,0.021093115,5.58e-5,0.0215915,4.82750000000004e-4,2.426399999999997e-5,0.011460540000000019,0.00267995
2005-10-18,5.58e-4,1.2245000000000008e-4,4.92610000000001e-4,0.021093115,5.58e-5,0.0215915,4.82750000000004e-4,2.426399999999997e-5,0.011460540000000019,0.00267995
2005-10-19,5.58e-4,1.2245000000000008e-4,4.92610000000001e-4,0.021093115,5.58e-5,0.0215915,4.82750000000004e-4,2.426399999999997e-5,0.011460540000000019,0.00267995
2005-10-20,5.58e-4,1.2245000000000008e-4,4.92610000000001e-4,0.021093115,5.58e-5,0.0215915,4.82750000000004e-4,2.426399999999997e-5,0.011460540000000019,0.00267995
2005-10-21,5.58e-4,1.2245000000000008e-4,4.92610000000001e-4,0.021093115,5.58e-5,0.0215915,4.82750000000004e-4,2.426399999999997e-5,0.011460540000000019,0.00267995
2005-10-22,5.58e-4,1.2245000000000008e-4,4.92610000000001e-4,0.021093115,5.58e-5,0.0215915,4.82750000000004e-4,2.426399999999997e-5,0.011460540000000019,0.00267995
2005-10-23,5.58e-4,1.2245000000000008e-4,4.92610000000001e-4,0.021093115,5.58e-5,0.0215915,4.82750000000004e-4,2.426399999999997e-5,0.011460540000000019,0.00267995
2005-10-24,5.58e-4,1.2245000000000008e-4,4.92610000000001e-4,0.021093115,5.58e-5,0.0215915,4.82750000000004e-4,2.426399999999997e-5,0.011460540000000019,0.00267995
2005-10-25,5.58e-4,1.2245000000000008e-4,4.92610000000001e-4,0.021093115,5.58e-5,0.0215915,4.82750000000004e-4,2.426399999999997e-5,0.011460540000000019,0.00267995
2005-10-26,5.58e-4,1.2245000000000008e-4,4.92610000000001e-4,0.021093115,5.58e-5,0.0215915,4.82750000000004e-4,2.426399999999997e-5,0.011460540000000019,0.00267995
2005-10-27,5.58e-4,1.2245000000000008e-4,4.92610000000001e-4,0.021093115,5.58e-5,0.0215915,4.82750000000004e-4,2.426399999999997e-5,0.011460540000000019,0.00267995
2005-10-28,5.58e-4,1.2245000000000008e-4,4.92610000000001e-4,0.021093115,5.58e-5,0.0215915,4.82750000000004e-4,2.426399999999997e-5,0.011460540000000019,0.00267995
2005-10-29,5.58e-4,1.2245000000000008e-4,4.92610000000001e-4,0.021093115,5.58e-5,0.0215915,4.82750000000004e-4,2.426399999999997e-5,0.011460540000000019,0.00267995
2005-10-30,5.58e-4,1.2245000000000008e-4,4.92610000000001e-4,0.021093115,5.58e-5,0.0215915,4.82750000000004e-4,2.426399999999997e-5,0.011460540000000019,0.00267995
2005-10-31,5.58e-4,1.2245000000000008e-4,4.92610000000001e-4,0.021093115,5.58e-5,0.0215915,4.82750000000004e-4,2.426399999999997e-5,0.011460540000000019,0.00267995
2005-11-01,5.58e-4,1.2245000000000008e-4,4.92610000000001e-4,0.021093115,5.58e-5,0.0215915,4.82750000000004e-4,2.426399999999997e-5,0.011460540000000019,0.00267995
2005-11-02,5.58e-4,1.2245000000000008e-4,4.92610000000001e-4,0.021093115,5.58e-5,0.0215915,4.82750000000004e-4,2.426399999999997e-5,0.011460540000000019,0.00267995
2005-11-03,5.58e-4,1.2245000000000008e-4,4.92610000000001e-4,0.021093115,5.58e-5,0.0215915,4.82750000000004e-4,2.426399999999997e-5,0.011460540000000019,0.00267995
2005-11-04,5.58e-4,1.2245000000000008e-4,4.92610000000001e-4,0.021093115,5.58e-5,0.0215915,4.82750000000004e-4,2.426399999999997e-5,0.011460540000000019,0.00267995
2005-11-05,5.58e-4,1.2245000000000008e-4,4.92610000000001e-4,0.021093115,5.58e-5,0.0215915,4.82750000000004e-4,2.426399999999997e-5,0.011460540000000019,0.00267995
2005-11-06,5.58e-4,1.2245000000000008e-4,4.92610000000001e-4,0.021093115,5.58e-5,0.0215915,4.82750000000004e-4,2.426399999999997e-5,0.011460540000000019,0.00267995
2005-11-07,5.58e-4,1.2245000000000008e-4,4.92610000000001e-4,0.021093115,5.58e-5,0.0215915,4.82750000000004e-4,2.426399999999997e-5,0.011460540000000019,0.00267995
2005-11-08,5.58e-4,1.2245000000000008e-4,4.92610000000001e-4,0.021093115,5.58e-5,0.0215915,4.82750000000004e-4,2.426399999999997e-5,0.011460540000000019,0.00267995
2005-11-09,5.58e-4,1.2245000000000008e-4,4.92610000000001e-4,0.021093115,5.58e-5,0.0215915,4.82750000000004e-4,2.426399999999997e-5,0.011460540000000019,0.00267995
2005-11-10,5.58e-4,1.2245000000000008e-4,4.92610000000001e-4,0.021093115,5.58e-5,0.0215915,4.82750000000004e-4,2.426399999999997e-5,0.011460540000000019,0.00267995
2005-11-11,5.58e-4,1.2245000000000008e-4,4.92610000000001e-4,0.021093115,5.58e-5,0.0215915,4.82750000000004e-4,2.426399999999997e-5,0.011460540000000019,0.00267995
2005-11-12,5.58e-4,1.2245000000000008e-4,4.92610000000001e-4,0.021093115,5.58e-5,0.0215915,4.82750000000004e-4,2.426399999999997e-5,0.011460540000000019,0.00267995
2005-11-13,5.58e-4,1.2245000000000008e-4,4.92610000000001e-4,0.021093115,5.58e-5,0.0215915,4.82750000000004e-4,2.426399999999997e-5,0.011460540000000019,0.00267995
2005-11-14,5.58e-4,1.2245000000000008e-4,4.92610000000001e-4,0.021093115,5.58e-5,0.0215915,4.82750000000004e-4,2.426399999999997e-5,0.011460540000000019,0.00267995
2005-11-15,5.58e-4,1.2245000000000008e-4,4.92610000000001e-4,0.021093115,5.58e-5,0.0215915,4.82750000000004e-4,2.426399999999997e-5,0.011460540000000019,0.00267995
2005-11-16,5.58e-4,1.2245000000000008e-4,4.92610000000001e-4,0.021093115,5.58e-5,0.0215915,4.82750000000004e-4,2.426399999999997e-5,0.011460540000000019,0.00267995
2005-11-17,5.58e-4,1.2245000000000008e-4,4.92610000000001e-4,0.021093115,5.58e-5,0.0215915,4.82750000000004e-4,2.426399999999997e-5,0.011460540000000019,0.00267995
2005-11-18,5.58e-4,1.2245000000000008e-4,4.92610000000001e-4,0.021093115,5.58e-5,0.0215915,4.82750000000004e-4,2.426399999999997e-5,0.011460540000000019,0.00267995
2005-11-19,5.58e-4,1.2245000000000008e-4,4.92610000000001e-4,0.021093115,5.58e-5,0.0215915,4.82750000000004e-4,2.426399999999997e-5,0.011460540000000019,0.00267995
2005-11-20,5.58e-4,1.2245000000000008e-4,4.92610000000001e-4,0.021093115,5.58e-5,0.0215915,4.82750000000004e-4,2.426399999999997e-5,0.011460540000000019,0.00267995
2005-11-21,5.58e-4,1.2245000000000008e-4,4.92610000000001e-4,0.021093115,5.58e-5,0.0215915,4.82750000000004e-4,2.426399999999997e-5,0.011460540000000019,0.00267995
2005-11-22,5.58e-4,1.2245000000000008e-4,4.92610000000001e-4,0.021093115,5.58e-5,0.0215915,4.82750000000004e-4,2.426399999999997e-5,0.011460540000000019,0.00267995
2005-11-23,0.0031062,0.003224,0.078616,6.480606,0.0214148,0.0215915,4.82750000000004e-4,2.426399999999997e-5,0.011460540000000019,0.00267995
2005-11-24,0.0116126,0.0062186,0.030225,6.94594,0.0143406,0.0215915,4.82750000000004e-4,2.426399999999997e-5,0.011460540000000019,0.00267995
2005-11-25,0.0011098,0.003131,0.040765,6.561094,0.0088226,0.0215915,4.82750000000004e-4,2.426399999999997e-5,0.011460540000000019,0.00267995
2005-11-26,0.0025854,0.006386,0.0776984,4.475768,0.0079112,0.0215915,4.82750000000004e-4,2.426399999999997e-5,0.011460540000000019,0.00267995
2005-11-27,0.0036208,0.001333,0.0538594,3.939374,0.010013,0.7533744,0.06916061,0.09238039,0.07410821,0.01099725
2005-11-28,0.0038812,0.0037634,0.0411432,4.469202,0.0194308,4.542954,0.1743758,0.5135638,0.1814283,0.0292361
2005-11-29,0.008018538,0.005932625,0.060610813,5.389709,0.0247876,5.3432466000000005,0.21031212,0.4708209,0.50811584,0.06961765
2005-11-30,0.012377525,0.00700135,0.04907998,8.301686,0.0503936,8.432875,0.4084888,0.7794432,0.9936247,0.10795069999999998
2005-12-01,0.01665552,0.00752835,0.06835888,6.343281,0.048130599999999996,9.8594511,0.48161715000000005,0.6062003,1.2543023,0.0896458
2005-12-02,0.01622152,0.00663865,0.05178008,3.9786979999999996,0.05242720000000001,8.9159018,0.30274775000000004,0.7505339,1.1305721,0.0655154
2005-12-03,0.013050225,0.007013750000000001,0.046429475000000005,3.1608441000000003,0.0471789,11.762384,0.36596300000000004,0.5783649,0.9994062,0.0720992
2005-12-04,0.026070220000000005,0.006926949999999999,0.03876937,2.3275411999999998,0.05149720000000001,6.397186,0.31739105,0.4808996,0.39389362000000006,0.0391152
2005-12-05,0.016590425000000002,0.0026551500000000002,0.06735137,0.7428155999999999,0.064015,4.191322899999999,0.50219388,0.5756431,0.6562132,0.084214
2005-12-06,0.01494123,0.00476005,0.059691275,1.5857090000000003,0.0476098,4.4931495,0.47279727,0.5884134,0.4778323,0.0667238
2005-12-07,0.03272282,0.008309549999999999,0.10732278,10.998267,0.12403410000000001,13.856329,0.45437398,0.9809551999999999,0.9920888000000001,0.10952680000000001
2005-12-08,0.020896319999999996,0.007615149999999999,0.11554708,9.797714,0.0831079,29.525099,0.5889072,1.9449443,1.1450341000000002,0.1637334
2005-12-09,0.014163124999999999,0.007878650000000001,0.033849675,2.8835074,0.0407309,12.5165654,0.32153278,1.0622407,0.3298061,0.0966606
2005-12-10,0.014315024999999999,0.007531449999999999,0.061864375,4.55072,0.055920899999999996,5.6981272,0.24849467,0.5501641,0.49428150000000004,0.0525196
2005-12-11,0.013450125,0.00404705,0.024121875,12.959345999999998,0.07733570000000001,3.0875874000000003,0.2814576,0.2869089,0.6125044,0.0439022
2005-12-12,0.01865812,0.007367149999999999,0.057192675,10.12691,0.0708908,8.415284,0.7545535999999999,2.4723813499999996,0.6681792,0.10833639999999999
2005-12-13,0.010123825,0.0014182499999999998,0.03798198,7.868445000000001,0.0572136,1.3393199,0.44405439999999996,1.8703549,0.9961733,0.0944161
2005-12-14,0.01648193,0.0050421500000000005,0.059052675,3.7887590000000007,0.0641142,11.5499764,0.3158217,2.0053929000000004,0.5725671299999999,0.16081810000000002
2005-12-15,0.012486025000000001,0.00784145,0.057499579999999995,4.431177,0.056156500000000005,13.270591600000001,0.3736696,3.1856481,0.493859325,0.5347649
2005-12-16,0.02507203,0.00562805,0.05945257,7.0166889999999995,0.0697624,10.770047700000001,0.44978949999999995,3.8432529,0.67266043,0.5024536000000001
2005-12-17,0.02908962,0.00520025,0.01775758,20.197116,0.063891,12.4417524,0.6171808,7.797387499999999,0.95287873,0.0789601
2005-12-18,0.059020119999999995,0.00828475,0.11931667,20.954204,0.0939486,16.996939,0.7177418,3.5577237000000004,1.7337159,0.1355066
2005-12-19,0.024693830000000003,0.0041772499999999995,0.105357375,26.011400000000002,0.0682341,19.2933316,0.7477859,1.4853595,1.5403399,0.20936659999999999
2005-12-20,0.03316922,0.00829095,0.053909769999999996,56.57595400000001,0.09977349999999999,16.916842,0.8886703,1.1658603,1.0501471000000002,0.1343063
2005-12-21,0.03986213,0.00772365,0.09630538000000001,9.368262,0.1390877,7.869543,0.35999247,0.8699227,1.0268169,0.12279910000000001
2005-12-22,0.023199620000000004,0.00606205,0.09532578,54.934014,0.0838984,2.6419588,0.1655541,0.4761284,0.20095380000000002,0.06652920000000001
2005-12-23,0.02826192,0.00396025,0.086314075,52.188618,0.31405479999999997,1.9495267,0.3676881,0.3369997,0.3409103,0.0425494
2005-12-26,0.018217925,0.00339295,0.07340258,25.762349999999998,0.0961589,7.18749,0.5203310999999999,0.5059548,0.983074,0.07249420000000001
2005-12-27,0.015310125,0.0061705499999999995,0.07589808,17.800968,0.08543910000000002,9.117749,0.49348307,0.8545082,0.7185136000000001,0.09740019999999999
2005-12-28,0.012501525,0.00314185,0.07864468,11.661942999999999,0.05611,11.459321,0.52176448,0.9037204999999999,0.6782966699999999,0.175002
2005-12-29,0.008248325,0.00353245,0.06397548,5.875398,0.0410502,12.887396,0.38966457,0.9017495,0.68932658,0.1167064
2005-12-30,0.007671724999999999,0.0021126499999999998,0.06478457,4.83693,0.0621364,5.1374163,0.27851778,0.832506,0.34497330000000004,0.061558600000000005
2005-12-31,0.010688025,0.00287215,0.075612875,10.810159,0.0757206,4.4258457,0.25492732,1.43502973,0.44514422000000003,0.0643672
2006-01-01,0.018565125000000002,0.00593805,0.06588818,21.215144000000002,0.08064030000000001,4.7901612700000005,0.20548598,3.7782727,0.22499742,0.040953500000000004
2006-01-02,0.014225125,0.00498325,0.07610887999999999,23.357686000000005,0.0797072,13.454376700000001,0.3413826,5.3920275,0.28043462500000005,0.0827229
2006-01-03,0.011673825,0.00525605,0.08674807,16.212903999999998,0.0749363,9.3987749,0.47159898,4.5145212,0.51980502,0.049317299999999994
2006-01-04,0.008505625,0.00827235,0.057409675,20.264706,0.08628539999999998,5.59114988,0.35888317000000003,7.4868305,0.30791512,0.0820056
2006-01-05,0.016661725,0.0047259500000000005,0.09293567000000001,26.004478000000002,0.0919925,3.82494948,0.3915723,4.6145485,0.30262663,0.055179399999999997
2006-01-06,0.012777425,0.00277295,0.09673317000000001,13.359067999999999,0.0672545,4.2630134,0.435149,3.099942,0.38242022000000003,0.0809057
2006-01-07,0.012625525,0.00374635,0.05723917,5.335459,0.086676,11.423249299999998,0.48869597000000004,2.3608771,0.7975153,0.09347810000000001
2006-01-08,0.015468225,0.00329065,0.039423475,4.731767,0.07280969999999999,14.100213700000001,0.35942578000000003,1.6818842,1.2403734,0.1252636
2006-01-09,0.020081025000000002,0.00250015,0.11394437,2.2866406,0.0488591,12.2838244,0.32998948,1.0568858,0.6953998,0.2211937
2006-01-10,0.015393825,0.0016538500000000001,0.09484837000000002,0.706164,0.054002,10.9862784,0.5465556,1.4813386,0.7260803299999999,0.0643616
2006-01-11,0.02356543,5.6265e-4,0.09739348,0.20057309999999995,0.0667368,15.098571199999999,0.3938687,1.8511422,0.80621722,0.077518
2006-01-12,0.03109533,1.2245000000000008e-4,0.052148975,0.058112799999999964,0.07533000000000001,4.2603116,0.5822588,9.9260477,1.3619505200000002,0.11813109999999999
2006-01-13,0.02769772,1.2245000000000008e-4,0.05518388,0.9490588000000001,0.0650008,2.6216304000000004,0.7020254000000001,11.181246999999999,2.9335385,0.1503042
2006-01-14,0.022511430000000002,1.2245000000000008e-4,0.09528548,1.13429,0.052111000000000005,5.298412000000001,1.4368203000000002,7.520869,3.48334363,0.24822390000000003
2006-01-15,0.019442425,1.2245000000000008e-4,0.06458928,0.7398584,0.0817408,4.557001,1.0674023,2.4145412,3.2065209300000004,0.26196369999999997
2006-01-16,0.03124723,1.2245000000000008e-4,0.096466575,1.074646,0.0719758,5.803095900000001,0.5870062,1.5866134,1.83584902,0.3113851
2006-01-17,0.03145803,9.9665e-4,0.05837688,0.9188617,0.10377249999999999,36.787483,0.6833506,3.5926166000000004,2.2331807,0.2801149
2006-01-18,0.021758125,1.2245000000000008e-4,0.057053175,0.021093115,0.0725679,58.176441999999994,0.7506764,3.7498508,2.3374924,0.1952921
2006-01-19,0.03095892,2.526500000000001e-4,0.06962677,1.118496,0.0781169,18.3729926,0.29179073,1.4370938999999998,0.78771872,0.0852631
2006-01-20,0.018589925,1.2245000000000008e-4,0.04291408,2.1226413,0.07564309999999999,23.029894000000002,0.41972468,1.6833358999999999,0.6154574,0.1549691
2006-01-21,0.046610825,1.2245000000000008e-4,0.06389486999999999,3.542949,0.0938649,20.664917000000003,0.9533328999999999,3.1124812000000004,1.307818,0.2662926
2006-01-22,0.028296019999999998,0.00303025,0.049269070000000005,3.2169724,0.0641576,25.995202,0.27481508,1.4518734,0.7891694200000001,0.10170860000000001
2006-01-23,0.022297525,1.2245000000000008e-4,0.05083457500000001,2.8637058,0.0618326,7.075398,0.4802439,0.8529549000000001,2.9162824300000003,0.1275886
2006-01-24,0.027418725000000005,1.2245000000000008e-4,0.059774975,3.0893416,0.0724222,1.5108066,0.38257715,1.1462383,4.671855829999999,0.0967039
2006-01-25,0.028110025,1.2245000000000008e-4,0.09439576999999999,3.6663299,0.0691021,0.85065168,0.36772315,1.1143016000000001,3.96297723,0.0641762
2006-01-26,0.02366153,1.2245000000000008e-4,0.07716598,4.955656,0.08077669999999999,19.7952054,0.26406607000000004,1.2128154,0.94594543,0.0556853
2006-01-27,0.02600202,3.7974999999999993e-4,0.07358238,5.04852,0.0710985,7.6897913,0.26849278,3.24468593,0.5179483300000001,0.0662018
2006-01-28,0.03947772,1.2245000000000008e-4,0.07857337,2.7704545,0.0590767,32.55781,0.3726547,5.5817612,1.3212112999999999,0.1256995
2006-01-29,0.02698163,0.00273265,0.10001918,3.3284450000000003,0.0689688,18.86983,0.32638918,4.0568976,1.3018798200000001,0.0761131
2006-01-30,0.02303222,1.2245000000000008e-4,0.07391408,3.8511554,0.0601152,9.419482799999999,0.33984190000000003,3.0143639,0.7888457,0.062036600000000004
2006-01-31,0.02907413,2.1855000000000003e-4,0.08033108,5.86977,0.0616125,11.4311646,0.4489881,2.01014092,0.9348113,0.0882192
2006-02-01,0.03213383,2.836500000000001e-4,0.13134778,6.135031,0.0587698,11.3187586,0.3652768,1.0180704999999999,0.9276174,0.0673159
2006-02-02,0.021522525,0.00491505,0.07182777,4.3774630000000005,0.0634012,18.843783,0.3829015,0.8563973,1.2435218,0.1064627
2006-02-03,0.027490030000000002,0.0050018499999999995,0.098518775,8.844561,0.0614916,23.09437,0.4715225,0.9254805,0.9313769,0.10015360000000001
2006-02-04,0.024607030000000002,0.00556295,0.045301074999999996,12.241419,0.06511549999999999,2.961816,0.3297384,0.8165887000000001,0.9206063000000001,0.0513546
2006-02-05,0.024997619999999998,0.0035882500000000003,0.08609707999999999,10.074979,0.0659184,22.428758,0.60304448,1.094427,2.1907232999999997,0.1303532
2006-02-06,0.023081829999999998,0.0046019500000000005,0.053543969999999996,7.097947,0.0692819,12.83378,0.55588157,0.5311371300000001,2.1724856,0.1803476
2006-02-07,0.024579125,0.0060992500000000005,0.08663647499999999,6.290859,0.0676544,9.500017,0.55526798,1.13636393,1.5160198999999999,0.0964423
2006-02-08,0.019423825,0.0029434500000000002,0.05447087,4.500742,0.0540764,11.801078,0.4406174,1.6098542999999998,1.0709433000000002,0.0992218
2006-02-09,0.025109225000000002,1.2245000000000008e-4,0.06653607,5.279815,0.057635200000000004,8.1433297,0.28776736999999997,0.6749465,0.89977348,0.0446332
2006-02-10,0.03949632,0.0043136500000000005,0.09917598,56.247448000000006,0.11137680000000001,7.8033037,0.37561907499999997,0.6325824,0.9443089,0.049345799999999995
2006-02-11,0.03537333,0.0022955500000000004,0.10236587,6.218128,0.1154998,4.7281092000000005,0.31303117,0.41081042,0.8203325800000001,0.056074700000000005
2006-02-12,0.053685025,1.2245000000000008e-4,0.08466177000000001,46.954906,0.0696198,4.6235286,0.52054897,0.20611118,1.8519990000000002,0.09851560000000001
2006-02-13,0.033438924999999994,1.2245000000000008e-4,0.061095580000000003,39.015100000000004,0.053214599999999994,6.9721850000000005,0.70673898,1.1512392,1.8595834,0.117167
2006-02-14,0.02171782,0.00159805,0.10677718000000001,40.33421,0.030872900000000002,7.185983,0.5778705,0.43633285000000005,1.6240747,0.1521226
2006-02-15,0.043114025,1.2245000000000008e-4,0.10938117,25.38146,0.0436976,10.673157000000002,0.41164540000000005,0.43077259999999995,1.109294,0.1037905
2006-02-16,0.036672225,6.277499999999999e-4,0.08544918,22.021386,0.046825500000000006,8.0687929,0.402003,0.4943372,0.9455351,0.1327507
2006-02-17,0.025301425000000002,1.2245000000000008e-4,0.04723548,24.810160000000003,0.045197999999999995,5.1195111,0.33279868,0.5694124,0.5755971,0.09766929999999999
2006-02-18,0.019395925,1.2245000000000008e-4,0.08222827499999999,24.024608,0.0429195,17.007581000000002,0.50883797,1.6456827,1.1604471,0.1849331
2006-02-19,0.020003525,1.2245000000000008e-4,0.06317567,15.472764000000002,0.043982799999999996,6.353898,0.67342177,1.547602,1.6481479,0.2399172
2006-02-20,0.019947725,2.9604999999999996e-4,0.04523287000000001,5.713265,0.045945099999999996,3.9093875,0.56926807,0.9671075,1.4289816,0.138079
2006-02-21,0.033531925000000004,1.2245000000000008e-4,0.10640517,12.35466,0.0535401,17.5710406,0.4975382,0.8559452000000001,1.2918385,0.14603670000000002
2006-02-22,0.02811932,1.2245000000000008e-4,0.050186675,6.932081,0.0529635,8.173463,0.4511133,1.016513,1.0960877,0.08378930000000001
2006-02-23,0.080893725,1.2245000000000008e-4,0.05789018,6.4597359999999995,0.0849927,13.410806,0.416733075,1.57473092,1.6149513,0.1042921
2006-02-24,0.028804419999999997,1.2245000000000008e-4,0.071951775,14.003234,0.049922400000000006,12.439045,0.64066608,3.3004618,1.6323356,0.1331327
2006-02-25,0.02828363,1.2245000000000008e-4,0.077029575,8.855208,0.04566920000000001,14.2188604,0.55116517,3.8199612,1.5799417,0.1535592
2006-02-26,0.02396843,1.2245000000000008e-4,0.04542508,6.746334,0.0419554,13.019214000000002,0.56158188,2.8647788,1.7458521,0.1376425
2006-02-27,0.021711630000000003,1.2245000000000008e-4,4.92610000000001e-4,20.576334000000003,0.0472068,17.2888162,0.60813507,1.4972033000000002,1.8373728,0.1311753
2006-02-28,0.02491082,1.2245000000000008e-4,0.055314075,7.071112,0.040296900000000004,12.286683100000001,0.5324690000000001,0.949047,1.9942554,0.1365848
2006-03-01,0.031551029999999994,1.2245000000000008e-4,0.027928675,9.063542,0.052362099999999995,6.340492,0.7753326,0.9238993,1.758866,0.12121749999999999
2006-03-02,0.029123729999999997,1.2245000000000008e-4,0.09719818,23.731168000000004,0.1075979,6.157147,0.7896107699999999,0.8090607000000001,2.1886628,0.1490394
2006-03-03,0.025608330000000002,2.4645e-4,0.10550928000000001,24.46448,0.1168204,15.851059000000001,1.3980208699999999,0.9543807000000001,4.1284084,0.2583157
2006-03-04,0.01990123,1.2245000000000008e-4,0.02557577,17.309758,0.1010073,13.664419,1.6990792,0.48421800000000004,4.2727327,0.2741704
2006-03-05,0.025109229999999996,1.2245000000000008e-4,0.06448388,15.219219999999998,0.0900488,19.462825000000002,2.34373567,0.5071406199999999,6.7228025,0.41035900000000003
2006-03-06,0.023630520000000002,1.2245000000000008e-4,0.12865077,22.054014,0.08717509999999999,17.469205,1.5652121700000001,0.8892865000000001,3.9241392,0.3456634
2006-03-07,0.025258020000000003,1.2245000000000008e-4,0.09872647000000001,23.330755999999997,0.1157106,18.116867,0.97229037,1.694439,2.6706152000000003,0.2497139
2006-03-08,0.02433732,1.2245000000000008e-4,0.10457928,23.954497999999997,0.1223942,13.825655,0.98896757,2.9267867,2.6295731,0.2458711
2006-03-09,0.024467529999999998,1.2245000000000008e-4,0.16058697,26.923057999999997,0.1230886,15.133609,1.4084344,1.8772989999999998,4.606604900000001,0.3073497
2006-03-10,0.02760163,1.2245000000000008e-4,0.09827388,33.163987999999996,0.12378920000000002,7.738268,1.2813702999999999,0.9969977000000001,3.5737433999999997,0.3275444
2006-03-11,0.028578130000000004,1.2245000000000008e-4,0.10782188000000001,29.378992,0.1270008,9.456994,1.2455043,0.5944602999999999,3.2528159,0.2767286
2006-03-12,0.024039730000000002,1.2245000000000008e-4,0.08465247000000001,24.27287,0.1320383,11.771338,1.7451344,0.7304077999999999,4.5710755,0.32243679999999997
2006-03-13,0.02558043,1.2245000000000008e-4,0.16426978000000003,29.15062,0.1299985,10.714421999999999,1.5864599,0.5609561000000001,4.318476,0.2792364
2006-03-14,0.02247422,1.2245000000000008e-4,0.08025977,35.605524,0.1443267,6.698433,0.9104116000000001,0.4854605,2.6573252,0.20276490000000003
2006-03-15,0.028506820000000002,1.2245000000000008e-4,0.12546087,44.524029999999996,0.1640737,15.923952,1.5815972,0.524583,6.995883300000001,0.2871495
2006-03-16,0.033401730000000004,1.2245000000000008e-4,0.13372238,61.80261,0.21962259999999997,12.136582,2.2209592000000002,0.22539875,11.5485994,0.553356
2006-03-17,0.03804553,1.2245000000000008e-4,0.14194668,76.92605999999999,0.2585524,12.201287,2.08568747,0.22158575000000003,10.4331799,0.5660499
2006-03-18,0.03802073,1.2245000000000008e-4,0.11553778,78.98324000000001,0.2571295,20.207117,3.1958556,0.58595022,20.76275,0.8450837
2006-03-19,0.03322502,1.2245000000000008e-4,0.11045997000000002,73.94863,0.2474947,14.155807,2.2634611,1.6721751999999999,14.224209700000001,0.7007842
2006-03-20,0.037093829999999994,1.2245000000000008e-4,0.15127147000000002,64.415942,0.23031759999999998,16.661876,1.3194831,4.525453300000001,5.4467264,0.2999699
2006-03-21,0.03579183,1.2245000000000008e-4,0.14931846999999998,61.426064,0.2329867,14.433052000000002,1.229272,6.15541403,4.5866463,0.2855033
2006-03-22,0.02645152,1.2245000000000008e-4,0.15520537,50.331946,0.18161349999999998,10.892105,1.4368777000000001,1.5846506,5.04297,0.39378139999999995
2006-03-23,0.03116042,1.2245000000000008e-4,0.10998258,45.227128,0.1555084,8.423404999999999,1.7461712,0.6437835000000001,4.673334,0.32027479999999997
2006-03-24,0.03060552,1.2245000000000008e-4,4.92610000000001e-4,37.420794,0.10609129999999999,14.594464000000002,2.0894944,0.39975665,6.227327,0.3706523
2006-03-25,0.028826120000000004,1.2245000000000008e-4,0.06406537000000001,37.154144,0.1261204,6.077345,1.9488771,0.46439836999999995,5.813831,0.2768891
2006-03-26,0.022858620000000003,1.2245000000000008e-4,0.07062187,37.395094,0.11751479999999999,7.165277,1.1574878000000002,0.49750795000000003,3.1112590000000004,0.1797877
2006-03-27,0.025397520000000003,1.2245000000000008e-4,0.054715780000000006,38.390366,0.1188819,4.5814466,1.2085192,0.81768943,3.6540093000000002,0.2091441
2006-03-28,0.02848202,1.2245000000000008e-4,0.08497178,43.540786,0.136214,9.164712,1.99766858,4.1784044,8.1931136,0.4832984
2006-03-29,0.022840020000000003,1.2245000000000008e-4,0.11750007,40.793262,0.12163159999999999,6.336676000000001,1.39700878,3.61622683,5.572357500000001,0.2614225
2006-03-30,0.027576830000000004,1.2245000000000008e-4,0.04615358,52.71403600000001,0.1270659,5.904089,1.06896807,1.34651983,4.0498152,0.1875185
2006-03-31,0.02809762,1.2245000000000008e-4,0.08825158,56.978846000000004,0.1406284,7.128044,1.1772951,0.5997364000000001,3.4626262,0.2118423
2006-04-01,0.02562692,1.2245000000000008e-4,0.14412907,45.309039999999996,0.15818680000000002,5.10764,1.46060848,0.41135742,3.4610563,0.22922530000000002
2006-04-02,0.024411719999999998,1.2245000000000008e-4,0.09953558,47.021024000000004,0.1533043,8.211879999999999,1.60368298,0.06030397,5.16295467,0.2367961
2006-04-03,0.02578503,1.2245000000000008e-4,0.10352217,50.23325,0.1465866,6.413937000000001,1.56592698,0.6307327,4.5810537,0.2487441
2006-04-04,0.03075432,1.2245000000000008e-4,0.12389847000000001,49.290838,0.15819609999999998,9.061577,1.78141638,3.4358793,5.6708599,0.3449365
2006-04-05,0.024737220000000004,1.2245000000000008e-4,0.07376527999999999,47.113146,0.1253547,6.913311,1.56662137,1.65517082,5.1376291,0.30242
2006-04-06,0.03042263,1.2245000000000008e-4,0.05085008,41.822033999999995,0.11328950000000002,12.424107,1.0020438999999999,1.1095222,3.2039429999999998,0.2383219
2006-04-07,0.029852220000000006,1.2245000000000008e-4,0.05813198,41.35219,0.1288236,3.067921,1.1666081,0.8349038,3.265249,0.2010345
2006-04-08,0.02594623,1.2245000000000008e-4,0.08165478,34.735038,0.0937564,2.655637,1.5774578,1.1116574,4.3880719,0.268922
2006-04-09,0.017002725,1.2245000000000008e-4,0.04202127,22.512946,0.05326729999999999,4.519309,1.2531536,0.7552991,3.3891748,0.28045159999999997
2006-04-10,0.01150022,1.2245000000000008e-4,0.02112107,10.01516,0.0529542,8.838868,1.24611478,0.4616361,3.05286997,0.19738889999999998
2006-04-11,0.01110653,1.2245000000000008e-4,0.005351375,3.214495,0.0434155,18.407456,1.07655797,0.64131613,3.64857677,0.32237530000000003
2006-04-12,0.004965425,1.2245000000000008e-4,0.01685237,0.1013483,0.0312852,16.134113,0.86158778,1.59843623,2.5887378,0.2976206
2006-04-13,0.008945825,1.2245000000000008e-4,0.007732175,0.021093115,0.0308853,5.4449247,0.39836547,0.6546204200000001,1.10004067,0.066053
2006-04-14,0.007665525,1.2245000000000008e-4,4.92610000000001e-4,0.021093115,0.0253735,12.5765613,0.24044578,0.30525663000000003,0.67204978,0.0283681
2006-04-15,0.003778125,1.2245000000000008e-4,0.001724375,0.021093115,0.01767,3.5874211750000002,0.132158525,0.18871703,0.50016368,0.0560282
2007-09-02,0.0482925,0.0106027,1.2509796999999998,4.3478019,0.1932994,17.962714,0.37503770000000003,0.0345861,3.0138600999999996,0.47879989999999994
2007-09-03,0.0685256,0.0232889,0.7994619999999999,3.9239254,0.5159641,19.058588,0.128675463,0.1295937,3.658402,0.4544461
2007-09-04,0.049672240000000006,0.02522424,1.750603,3.1584849999999998,0.16535272,16.275569,4.82750000000004e-4,0.03985504,2.4768266,0.4269531
2007-09-05,0.13913304999999998,0.03058115,1.5421372,16.160135,0.32664345,15.805342,0.49104241299999996,0.0669498,4.4181852,0.44194510000000004
2007-09-06,0.098528,0.03503366,1.2618294,68.22396,0.4427947,21.61188,1.4444288,0.27100937,12.3317504,0.6631511
2007-09-07,0.0614417,0.03437775,1.2576469,76.35178,0.3089336,24.23229,2.1402945,0.2450891,21.541518,0.843829
2007-09-08,0.08745304,0.023409279999999998,1.1167189999999998,74.90196,0.36342410000000003,18.678317,2.6787316,0.18286648,14.785495,0.705568
2007-09-09,0.0542652,0.0258817,1.2296585,9.397117999999999,0.236127,18.739303,4.82750000000004e-4,0.11322665,3.0576365,0.4529182
2007-09-10,0.06608713999999999,0.0264836,1.3672699,17.68214,0.266546,20.02237,0.057404299999999985,0.14485726,3.0313149,0.4111247
2007-09-11,0.048524,0.02372875,1.3859906,10.85566,0.2459888,15.782424,1.5586049,0.1474655,3.7234537,0.4763923
2007-09-12,0.06867376,0.027872599999999997,1.464043,4.850545,0.25954548,16.545239000000002,0.23572105000000002,0.2138134,4.189314899999999,0.47484589999999993
2007-09-13,0.06905033,0.021637530000000002,1.3809437999999998,7.282264,0.23882777,15.442805,0.3121777663,0.18828667,3.33461143,0.43625020000000003
2007-09-14,0.060538850000000005,0.0237519,1.4390040000000002,12.076452,0.2557581,17.348684,0.1573814,0.1578367,4.3809831,0.47011860000000005
2007-09-15,0.05567272,0.02902084,1.2225978,26.464885000000002,0.25578592,16.977793,0.2187937,0.14675248000000002,4.669594,0.4890692
2007-09-16,0.06896545,0.031229350000000003,1.7849576,23.019019,0.2640227,16.226024,0.7051335,1.25711445,3.4993383000000002,0.4762997
2007-09-17,0.08182913,0.03099014,1.1683034,16.084945,0.35377519999999996,17.330611,0.13910830000000002,0.13886913,3.0222711999999996,0.5057001
2007-09-18,0.0659328,0.01090365,1.1231685,12.616079,0.2633281,12.459751,1.51353113,0.2035116,2.4309201,0.4634745
2007-09-19,0.07672996,0.01839036,1.329699,21.709711,0.2806212,11.746004,0.042261030000000026,0.31471044000000004,1.112254,0.5206088
2007-09-20,0.09595835,0.02229345,1.7182856000000002,16.606536,0.2934232,15.723113,0.007438780000000013,0.19753895,2.1876598,0.4182627
2007-09-21,0.10226287,0.022131403,1.3560344,14.077622999999999,0.392019,15.916763,0.38496127,0.13149199,3.1034821,0.45270210000000005
2007-09-22,0.08929115,0.0248631,1.3269579999999999,23.381893,0.3399315,24.247684,0.9106824,0.30678384999999997,6.0843836,0.5854288
2007-09-23,0.09378688,0.02363152,0.8441972,23.885141,0.3717581,17.703682999999998,0.090246493,0.1005636,2.5916692,0.4459177
2007-09-24,0.12504246,0.033798999999999996,1.2738982,40.58916,0.5341291,22.039720000000003,0.19081,0.22205476000000002,2.7762642,4.4774989
2007-09-25,0.07669755,0.01141295,1.1427303,8.186141,0.3443764,23.050919,0.09957580000000002,0.25939575,3.0758330999999997,0.5098672
2007-09-26,0.09754644000000001,0.023872280000000003,1.3482189999999998,17.377789,0.4477086,29.500131,1.1321816,0.53094982,3.6458083999999995,0.5873363
2007-09-27,0.08702245,0.01599665,1.2275287000000001,17.389187,0.4394534,18.348022999999998,0.27287673,0.3739188,3.0068686,0.4700723
2007-09-28,0.07204440000000001,0.014229533999999999,1.3007214,12.143024,0.2816707,17.854295,0.27689719999999995,0.15007373999999998,2.6493399,0.46328939999999996
2007-09-29,0.1577689,0.01358905,1.1673156,5.292576,0.35602069999999997,19.071784,0.06982803,0.14984995,2.898943,0.4971116
2007-09-30,0.07132212,0.01539012,1.270972,10.845877,0.26167525999999997,51.661750999999995,0.37362089,0.7592645,4.6608339999999995,0.5769096
2007-10-01,0.06790055,0.0196775,1.2865844,17.477396,0.1646397,24.241673,0.4613872,0.5387699499999999,4.692211299999999,0.530054
2007-10-02,0.04867833,0.023643863,1.2247892999999999,15.667749,0.25373633,26.746855,0.2045457,0.09219873,3.1749076,0.43751569999999995
2007-10-03,0.03660175,0.0127788,1.3717532000000001,11.146284999999999,0.1161173,17.050465,0.6226731999999999,1.06781695,3.1062517,0.4458343
2007-10-04,0.06665508,0.012926960000000001,1.4864337,10.118355,0.12994244,22.748681,0.28052089999999996,0.993598,3.8019511,0.5382397999999999
2007-10-05,0.0468572,0.013025733000000001,1.18991,12.346651,0.20947353,16.634877,0.026938899999999998,0.11917620000000001,3.2612107,0.46452400000000005
2007-10-06,0.050792699999999996,0.01358905,1.4048809,7.21567,0.19204935,20.765437000000002,4.82750000000004e-4,0.08942844999999999,2.5389606999999996,0.42210559999999997
2007-10-07,0.062025079999999996,0.01992752,1.0560659000000001,15.728767999999999,0.1333502,16.440342,0.07530079,0.48592778,5.506346199999999,0.4918473
2007-10-08,0.05192705,0.0164365,1.4613901,16.972977,0.18665535,16.383838,0.06218858000000001,0.45999049999999997,3.0605770000000003,0.49268989999999996
2007-10-09,0.06608713000000001,0.02654533,1.4141255,20.971197,0.18027363,14.978818,0.1793585,0.20723877,2.9756631000000002,0.49785999999999997
2007-10-10,0.05350125,0.01479285,1.0739054,7.545164,0.17917785,14.966339000000001,0.08325513,0.3176411,3.3052494,0.4843327
2007-10-11,0.07317412,0.00929704,1.2590265999999999,6.577776,0.23415452,12.951402999999999,0.03120459000000001,0.63329136,1.026562,0.5435736999999999
2007-10-12,0.0810729,0.0074543,1.053788,6.331317,0.2081154,22.938549000000002,0.43948728000000004,0.334286,2.5544713,0.49991260000000004
2007-10-13,0.1026024,0.024045137,1.3222972,17.115578,0.26663863,19.151991,0.21732440000000003,0.3292856,3.1772221,0.5171826
2007-10-14,0.05535325,0.0061347500000000004,1.1068478000000002,4.0319199999999995,0.1565372,17.259649,0.031954700000000016,0.29812574999999997,2.8541014000000002,0.4311572
2007-10-15,0.0455608,0.00246316,1.1901138,1.4742383000000001,0.1140338,15.999806999999999,4.82750000000004e-4,0.17810684,2.7009739,0.4242307
2007-10-16,0.03163993,0.0025619329999999997,1.6848261,1.5362187999999999,0.12832506999999999,20.779162,0.010209200000000009,0.33564412999999993,2.7813877000000002,0.4267433
2007-10-17,0.0415327,0.012547299999999999,1.3982831999999998,3.01788,0.18107615,16.751205000000002,0.14177829999999997,0.05993535,2.5014813,0.512784
2007-10-18,0.052598400000000003,0.02470568,1.1508142000000001,10.815579,0.3351811,19.709604,0.83736169,0.8476974,3.8471582,0.5543522
2007-10-19,0.0688034,0.02979405,1.5747556,52.55934,0.3943109,16.507112,0.1375651,3.66871985,3.4114383999999998,0.4646553
2007-10-20,0.07920546,0.02586627,1.2357779,75.97023,0.6184877,17.162048,0.0628677,0.9536874,2.5062732,0.4418679
2007-10-21,0.06915065000000001,0.03062745,1.5490127999999999,49.80173,0.32675909999999997,16.568343,0.15904819999999997,0.2774527,3.6655549999999995,0.48762000000000005
2007-10-22,0.08180444,0.02618728,1.2948814,44.29751,0.2877699,16.444547,0.02427820999999998,0.12341727999999999,4.2889341000000005,0.45317739999999995
2007-10-23,0.0830175,0.0205109,1.3411259000000002,27.70541,0.4235261,18.814356,0.6415636,0.48628895,6.060122399999999,0.6857145
2007-10-24,0.0704702,0.02404514,1.1311707,40.6629,0.33229200000000003,25.267145,1.9521857,0.33879257,9.4269496,0.8310966
2007-10-25,0.09793536,0.022668479999999998,1.2564522999999999,66.00003,0.2823991,22.618596999999998,1.1389228999999998,0.57058268,5.1417254,0.5867992
2007-10-26,0.0689886,0.0233815,1.4151827,56.11601,0.21047675,16.882512,0.12617523000000003,0.1028786,3.2912897,0.4520847
2007-10-27,0.08559487,0.03117533,1.093143,81.93877,0.4214041,15.610443,0.04360690000000003,0.17387193,2.7940123,0.46075829999999995
2007-10-28,0.07873474999999999,0.0255576,1.2379231,65.293,0.28372325,16.097357,0.11112767999999998,0.50779525,2.70490005,0.4364123
2007-10-29,0.10239867999999999,0.037854879999999994,1.64778,53.89515,0.559662,14.660849000000002,0.14434339999999998,0.5467289599999999,2.7814246999999996,0.4502328
2007-10-30,0.08760119999999999,0.0247705,1.4457870000000002,24.39478,0.3693783,18.801738999999998,0.20412119999999997,1.0145256,2.8917435000000005,0.5004915000000001
2007-10-31,0.06948247,0.07080813,1.6737759,24.550123999999997,0.2602183,16.568049000000002,0.39530160000000003,0.27783086,9.214649999999999,0.7713387
2007-11-01,0.08470745,0.034262,1.4649320000000001,26.84821,0.4764238,13.885351,0.5199336,0.77265435,2.4487685999999997,0.49667169999999994
2007-11-02,0.06396968,0.01229728,0.9885606,12.121293999999999,0.28841814,11.897997,0.07163370000000001,0.26913268,1.3533104,0.5002553
2007-11-03,0.085564,0.00831085,1.144536,11.653732999999999,0.3013173,13.212797,0.06691118,0.25256649999999997,2.0075987,0.4502097
2007-11-04,0.09747853000000001,0.0090747997,1.2013307,15.047577,0.304049,13.629142,0.08901173000000001,0.27458983000000003,2.8918591,0.46770330000000004
2007-11-05,0.08860128,0.02003864,1.3649795999999998,18.080124,0.2854549,20.034648,1.5716613,0.172236,8.343574,0.46404870000000004
2007-11-06,0.1001022,0.0168532,1.3470057999999998,16.014429,0.4780676,18.772894,0.54910248,0.57708325,3.2792972999999996,0.5060937
2007-11-07,0.0663958,0.023767332999999998,1.2774787,11.880904000000001,0.28395479999999995,16.789889,4.82750000000004e-4,0.24860017,2.7013809,0.4022042
2007-11-08,0.0783875,0.015417900000000002,1.4379853,23.323,0.22723735,15.987972,0.2604452,0.3542645,3.244318,0.48322149999999997
2007-11-09,0.12123352000000001,0.017464359999999998,1.2860288,20.632328,0.4261884,17.841325,0.528411153,0.231074,3.7912275,0.5117192
2007-11-10,0.07530855,0.0127325,1.1374521,11.25215,0.32687489999999997,19.96255,0.43080602999999995,0.19626565,3.466836,0.4937548
2007-11-11,0.26860337,0.02882947,0.985017,49.6571,0.3394839,16.277872000000002,0.1856861,0.23406197,2.9812184999999998,0.4729197
2007-11-12,0.1228818,0.023474099999999998,1.3645304999999999,33.9694,0.4149376,14.931452,0.29690643,27.757221599999998,4.1177451000000005,0.5039407
2007-11-13,0.07004424000000001,0.01918672,1.2960296,17.109638,0.2778617,18.028636,0.21066342,0.30691335999999997,3.1857722,0.5109599
2007-11-14,0.14619385000000001,0.037502999999999995,1.1866689,41.622350000000004,0.6146988,17.13091,4.82750000000004e-4,0.40794925000000004,2.6530901,0.49451880000000004
2007-11-15,0.0917682,0.0292616,1.0490654,30.485753000000003,0.2898812,14.722044,1.340686433,2.0898524,4.246171299999999,0.691499
2007-11-16,0.07445199999999999,0.021520240000000003,1.3248837999999998,25.10215,0.2715464,15.887946,1.18864011,0.37909516,5.1526697,0.6642036
2007-11-17,0.07894309999999999,0.0300024,1.3627248,56.01459,0.27733395,15.876621,0.248986,0.24103785,4.4240651,0.5900586999999999
2007-11-18,0.11729493,0.014723400000000001,1.3847713000000001,23.124524,0.3555655,15.316406,0.06737420000000001,0.1082494,3.1356446,0.4262494
2007-11-19,0.092046,0.029099550000000002,1.6910844,23.171365,0.3632667,17.093014,0.002693129999999988,0.13591365,2.4976385,0.38650090000000004
2007-11-20,0.06054348,0.0192608,1.4215211,19.366540999999998,0.1708532,15.842238000000002,0.12087846,0.16884684,2.9159729999999997,0.4854949
2007-11-21,0.056117200000000006,0.018983,1.3010531,15.999868,0.1643619,12.809431,0.14460266,1.04112495,1.7936466000000002,0.35534097
2007-11-22,0.28446879999999997,0.0320396,1.1420821,13.722439999999999,0.7199156,0.0215915,4.82750000000004e-4,0.67119567,0.011460540000000019,0.00267995
2007-11-23,0.07584099999999999,0.0117602,1.5118802,9.923618000000001,0.1932994,0.0215915,4.82750000000004e-4,2.426399999999997e-5,0.011460540000000019,0.00267995
2007-11-26,0.0780291,1.2245000000000008e-4,1.0954366,0.772156,0.2734788,14.913550999999998,0.3481415,0.09165343000000001,0.011460540000000019,0.46949070000000004
2007-11-27,0.02256614,1.2245000000000008e-4,0.967381,1.1825264,0.3177072,20.744871,0.3854794,0.011298502,1.0239044,0.48771600000000004
2009-08-21,0.026381170000000002,0.024344131999999997,0.28583980000000003,7.169426,0.06489711000000001,1.2590892,0.1367438,2.426399999999997e-5,0.511115,0.03344907
2009-08-22,0.030455249,0.023510801,0.1690342,8.176279000000001,0.06809156,6.0161494,0.10699849,2.426399999999997e-5,1.5149808,0.026458330000000002
2009-08-23,0.028950616,0.018557098,0.1722981,10.827784,0.06637860000000001,2.0008721,0.19253091,2.426399999999997e-5,1.0301428,0.02180556
2009-08-24,0.033580239,0.021905862,0.13907279,6.5275360000000004,0.06614711999999999,5.0045912999999995,0.07902777999999999,0.003912038,0.25699459999999996,0.02425926
2009-08-25,0.028186733,0.021496915,0.1728768,13.249009999999998,0.054688789999999994,41.4592741,0.28896603,2.39399674,1.5436381000000001,4.593055969999999
2009-08-26,0.013950617,0.018649691,0.10442773,12.842644,0.03610082,3.335177,0.23313271000000002,2.426399999999997e-5,0.5950502,0.13467592
2009-08-27,0.028858024000000003,0.021774691,0.2171592,8.548385,0.03897119,3.8745296000000002,0.16225309000000002,2.426399999999997e-5,0.5273881,0.07145833
2009-08-28,0.024984565,0.015733023999999998,0.12117154999999999,4.1325818,0.04029836,1.13218361,0.17387346,0.18851084499999998,0.34676302999999997,0.0624537
2009-08-29,0.02966821,0.021797838,0.14440457,8.797643,0.09036008000000001,2.13383506,0.14241512,2.426399999999997e-5,0.6128511299999999,0.5050463000000001
2009-08-30,0.033533957999999996,0.025918207999999998,0.18873328,6.599080000000001,0.06901749,1.5789275,0.15692900999999998,0.070594133,0.491902,0.07449074
2009-08-31,0.11202932,0.015594136,0.15646476,9.8395880000000009,0.03279065,2.8908720999999997,0.19475304999999998,2.426399999999997e-5,0.7800734,0.15081018000000002
2009-09-01,0.022978394,0.016550927,0.1982086,7.331889,0.024356999999999997,10.5947605,0.4741667,0.0028935190000000006,1.6097569,0.08712963
2009-09-02,0.026427465,0.015455247000000002,0.151487903,7.978941,0.03380915,3.2323068,0.50852624,0.004783948,1.3737539,0.0936111
2009-09-03,0.011867283999999999,0.020408955,0.13072402,2.9893103,0.01327675,2.1599461,0.3372994,0.125316381,0.8542631,0.0749537
2009-09-04,0.027484567,0.015084876,0.16314686,2.7565948999999996,0.02677984,6.932693500000001,0.27058638,2.426399999999997e-5,1.289294,0.09587963
2009-09-05,0.026033949999999997,0.015131172,0.15211291,3.2116482,0.119110084,2.7757332999999997,0.32709103,2.426399999999997e-5,0.9550038,0.09305556000000001
2009-09-06,0.035293212000000004,0.017584876,0.24785363,4.256625,0.045776750000000005,10.4704552,0.30155862,2.426399999999997e-5,0.58426316,0.06476852
2009-09-07,0.340293169,0.013117284,0.15364069000000002,4.241417,0.06948045,3.6248298,0.4637577,0.13661266,1.3680363,0.1505787
2009-09-08,0.028163576000000003,0.014884259,0.18871786000000002,9.876100000000001,0.048153299999999996,3.3582791,0.2265278,0.033742285999999996,0.7904205,0.06657407
2009-09-09,0.025895062,0.170177466,0.16526104,6.340584,0.044480450000000005,1.0480247,0.22347998,0.037492287,0.7518326,0.08585648
2009-09-10,0.032006172,0.020501544,0.27308515,7.199032000000001,0.02420267,5.4602699999999995,0.15790123,0.037584875000000004,0.66514276,0.06986111
2009-09-11,0.026404320000000002,0.017839505999999998,0.20132588,6.10718,0.13323046,2.6546687,0.14644291,0.040941354500000006,0.6993788999999999,0.07585648
2009-09-12,0.028225307999999998,0.015424382,0.23215920999999998,3.206085,0.07691872,12.0063298,0.46294753000000005,0.059760798,1.2291705,0.08746913
2009-09-13,0.031496915,0.014668211,0.14044624,3.243755,0.05786009,7.3141131,0.56410493,0.04920524500000001,0.88014269999999994,0.07523148
2009-09-14,0.024969138000000002,0.011612653,0.150330503,3.886903,0.06561470999999999,7.8872841,0.36600307,0.10281636,1.2585454,0.09166667
2009-09-15,0.026435183999999997,0.016257715,0.18507587,6.2395879999999995,0.07843106999999999,7.113850500000001,0.17106480999999998,0.011921293000000001,0.7318865999999999,0.10680556000000001
2009-09-16,0.023834877000000004,0.017006172,0.16132586999999998,8.019843,0.025336939999999995,3.6044597,0.13176696999999998,2.426399999999997e-5,0.6217632,0.07263889
2009-10-04,0.005532407,1.2245000000000008e-4,4.92610000000001e-4,1.907685,0.04740741,0.0937192,0.10887346,2.426399999999997e-5,0.4544946,0.07666666999999999
2009-10-05,0.007569444,0.001481481,0.0334375,1.491435,0.04421296,0.15957560000000004,0.06984567,0.02800154,0.4675038,0.06347222
2009-10-06,0.026010801,0.006381173,0.13843236,5.098731,0.12297585999999999,1.5562884,0.10479938,0.008302472000000002,0.44549,0.11770833
2009-10-07,0.023472221,0.0095061735,0.21658047000000002,3.1971278,0.09509773,1.2489275,0.11524692,2.426399999999997e-5,0.5291397,0.07172839
2009-10-08,0.027885803,0.007862655,0.16736754,2.2728288,0.09517489999999999,3.4756631000000002,0.14669753,2.426399999999997e-5,0.8174575,0.42122686000000004
2009-10-09,0.04684413,0.012978395,0.1990574,3.0607697,0.1219573,3.2655241999999998,0.19313272,0.038603399999999996,0.5432446,0.06125
2009-10-10,0.037700617,0.007816357999999999,0.087413838,2.1950514,0.19133234999999998,4.33128884,0.09255401,0.47277006899999996,0.4847492,0.07368056
2009-10-11,0.04145062,0.011959877,0.14658051,2.5580688,0.23338473999999998,7.8838664,0.16790123,0.070223767,0.542735259,0.07395062999999999
2009-10-12,0.038580241,0.0102932095,0.082992541,2.019195,0.28107773,3.90351109,0.12410494999999999,0.08017747,0.47586033,0.06694444
2009-10-13,0.031311735,0.006566359,0.15583976,1.8364170999999998,0.08825358999999999,3.02277,0.10007716,0.10869598400000001,0.304263159,0.10666666
2009-10-14,0.028371909,0.009552469000000001,0.17887217,2.5730149000000004,0.07100822000000001,2.8664507,0.08290124,0.09709876,0.3246103,0.06858796
2009-10-15,0.041666663,0.00518518447,0.18191229,3.3756769999999996,0.13764403,2.4600227,0.08432099,0.483140409,0.47454090000000004,0.26625002
2009-10-16,0.036705251,0.009320987,0.20956662,4.8493794,0.15154064,1.0504088,0.09354938,0.010223764,0.26935573,0.06925926
2009-10-17,0.023163575,0.004899691,0.20074721,5.552019100000001,0.22420271,1.4449455000000002,0.12345679000000001,0.009575621,0.5630363300000001,0.08284721
2009-10-18,0.03479167,0.008495369999999999,0.23179657,6.9534313,0.167821502,1.0622917,0.28535493,0.049714509999999996,1.08322917,0.10308642
2009-10-19,0.028371905000000003,0.009945987350000001,0.2265342,9.388269,0.17878602,2.6748768,0.20301697000000002,2.426399999999997e-5,0.8558835,0.09224536
2009-10-20,0.032445987999999995,0.013765432000000001,0.144844399,9.748848,0.24661002999999998,1.9324458,0.24174384999999998,2.426399999999997e-5,1.4047725,0.11023147999999999
2009-10-21,0.028395065,0.011589506,0.10109438999999999,12.873084,0.17911005,6.425595,0.49655866,2.426399999999997e-5,2.3826429,0.23039352000000002
2009-10-22,0.034081789,0.009699072999999999,0.14251415,9.518222,0.340298369,2.3451923,0.2398611,0.016535492,0.7903897,0.08873456
2009-10-23,0.03237654,0.010131173,0.24516847,6.584265,0.198184182,3.4591364000000002,0.21438270999999998,0.015686729,0.9139622,0.08513888
2009-10-24,0.052654319000000005,0.019945987999999998,0.12088607,1.8684774,0.37783687,6.470131499999999,0.18044753,0.12184412500000001,0.58092979,0.12861112
2009-10-25,0.035910493,0.0094675927,0.14849409000000002,3.0267722,0.19144033100000002,5.5100616,0.18002311,0.20064818,0.60245755,0.07393517999999999
2009-11-02,0.035617278,0.005270061,0.13121014,2.188848,0.24436472999999997,2.8755251,0.11604938000000001,0.13344135999999998,0.41715656,0.07307870999999999
2009-11-03,0.03469135,0.0072608025,0.10496013,2.7801207,0.23767493,2.4324231999999997,0.16324845999999998,0.17994597,0.34537419999999996,0.07182870999999999
2009-11-04,0.027469135,0.0101311737,0.21831660999999997,2.71732,0.07559156,1.5475848,0.24257717999999998,0.54642744,0.35583722,0.07870371
2009-11-05,0.050401230000000005,0.069097225,0.20081660999999998,4.8057300000000005,0.25481993000000003,42.0196203,0.28260804,0.52783178,0.6167631499999999,0.09154321
2009-11-06,0.03763117,0.009552469000000001,0.132274954,3.1310468,0.14760545600000002,5.9097834,0.31658178,0.034158949,0.9819251,0.11287037
2009-11-07,0.030570989999999996,0.011797839000000001,0.14933512999999998,2.7185234,0.10952675,1.8955946,0.11063271,0.24665897,0.272827934,0.06893519000000001
2009-11-08,0.030825618000000003,0.011080248000000001,0.1816268,2.9916256,0.26661007000000003,5.9215655,0.18364194,0.6419599500000001,0.36243448,0.07418982
2009-11-09,0.035185188,0.009992284,0.17481353,3.1713483,0.23534469000000002,13.864776299999999,0.15592592,0.054807099000000005,0.47600701,0.06848765
2009-11-10,0.03890432,0.0081404315,0.17058515000000002,3.522991,0.29339253,16.481243000000003,0.09674383,0.048626539999999996,2.8773883000000002,0.14537037
2009-11-11,0.034922845,0.013186728,0.1898444,4.706348,0.13198042,1.6506867,0.13567901,0.40883488999999995,0.25815204,0.06402777
2009-11-12,0.040895057,0.013487655000000001,0.111997175,5.859959,0.28617022999999997,4.69622,0.12905865,0.21980708999999998,0.58303629,0.07483796
2009-11-13,0.24010807,0.0066589512,0.091295002,4.3958541,0.40500507,3.5776474,0.15277778,0.06517747,1.1398495,0.08376543
2009-11-14,0.026311728,0.007654321,0.14384903,5.053801,0.24332306999999997,6.5001997000000005,0.14699846,0.11584879,0.5558372199999999,0.08006945
2009-11-15,0.089691365,0.006381174,0.21285366,4.0506996,0.32531377,27.16319,0.16572531,0.067631167,0.8174576,0.33578703
2009-11-16,0.03842592,0.009035493,0.12816229,6.5412859999999995,0.3012706,3.1761967,0.19518518,0.020254621999999996,1.0477971300000002,0.09746914
2009-11-17,0.03712191,0.005802468,0.1240805,2.7379685,0.20364713299999998,1.7350154999999998,0.16199847,0.12052468800000002,0.66761963,0.10981482
2009-11-18,0.023626544,0.00327932,0.14604809395,3.4625046,0.10350823,1.871659,0.13864198,0.173881193,0.6616705300000001,0.0762963
2009-11-19,0.03716820999999999,0.007839506,0.16625643,5.9319489999999995,0.52816094,3.2352233999999997,0.14264661,2.426399999999997e-5,0.77826779,0.07979167
2009-11-20,0.04594136,0.0080169757,0.21762217,5.98198,0.35199587,13.773263519999999,0.30771612000000004,0.10099536999999999,1.035544,0.09344136
2009-11-21,0.04374228,0.008834876,0.16410365,5.475421,0.272420255,6.3072612,0.26982253,0.287191376,1.1455131,0.08796297
2009-11-22,0.034367287999999996,0.002631173,0.18877958,3.8330599000000003,0.15036004,2.4707333,0.24438268000000002,0.072770062,0.6268557,0.09587962
2009-11-23,0.04663581,0.3246913375,0.17403421,4.81813,0.25691098999999995,2.7517056,0.57132713,1.69888115,0.7928279,0.10881944
2009-11-24,0.27172844100000004,0.009128086300000001,0.22271476,5.48232,0.43444962000000004,3.3534802999999997,0.30887349,0.046396610000000005,1.1639854,0.09563272
2009-11-25,0.12570988,0.00804784,0.18313142,3.7332460000000003,0.14790637,2.0157328999999997,0.24535493,2.426399999999997e-5,0.6400501000000001,0.07402778
2009-11-26,0.038950610000000004,0.011867284,0.10329347,5.422898999999999,0.237998938,2.7580941,0.21426697,2.426399999999997e-5,0.8428047999999999,0.08347222
2009-11-27,0.040787040000000004,0.0106249993,0.14237526,3.3876898000000004,0.249650223,3.9453630000000004,0.16913581,0.011813274,0.5743403,0.10202161000000001
2009-11-28,0.035246918,0.009182097,0.15206661,2.8631301000000002,0.36894803,3.192469,0.1302855,0.0053626609999999995,0.683152,0.06418982000000001
2009-11-29,0.036959878,0.013557099,0.14382587600000002,3.5137091,0.24920265500000002,1.30226087,0.09530864,2.426399999999997e-5,0.27477234,0.06851850999999999
2009-11-30,0.034390437,0.0105478395,0.16840921,3.6894489000000004,0.30820726000000004,12.45277245,0.16264661,0.02202932,0.3277585,0.07444444
2009-12-01,0.045694444,0.0080324077,0.21428884,10.953308,0.39590017,1.53244597,0.14030863999999998,0.013958329999999998,0.43699457999999997,0.07091049
2009-12-02,0.07695987,0.009945987,0.09447402399999999,3.5475285000000003,0.16755914700000002,0.76103403,0.055354940000000005,0.09316358,0.1075733,0.058171299999999995
2009-12-03,0.032376550000000004,0.006797839,0.067112909,2.8856997,0.13318416,0.0215915,0.054660490000000006,0.03874228,0.27241122,0.04944445
2009-12-04,0.043626539000000006,0.0076311725,0.18104809,4.971648,0.34163325,0.7683487999999999,0.08597995,0.015246912999999999,0.39437888,0.06462963000000001
2009-12-05,0.04674383,0.0094367283,0.25084747,5.398801,0.31012857,1.8284954,0.16054012,0.0038657390000000004,0.34114586,0.0729784
2009-12-06,0.037746909999999995,0.009853396,0.26539998,3.1652836,0.18448049,0.6096219,0.11498457000000001,2.426399999999997e-5,0.48199455999999996,0.0650463
2009-12-07,0.042006180000000004,0.01054784,0.20736754,5.26857,0.27917951,8.3485343,0.27804012,2.426399999999997e-5,1.1449807,0.09233796
2009-12-08,0.043703706,0.006180555,0.19671165000000002,3.8830299999999998,0.280807643,4.7010262,0.17040123000000001,0.003695982999999997,0.43605320000000003,0.08402778
2009-12-09,0.050756169999999996,0.0070061725,0.19535365000000002,1.4427135,0.47589244000000003,6.4517287,0.16567896000000001,0.05066358,0.41958715,0.06965277
2009-12-10,0.043719141,0.014205247,0.01118698,1.8524588,0.21086934,4.1132795,0.11956791,0.096612651,0.36319826,0.07398147999999999
2009-12-11,0.038348761999999995,0.006450617,0.12579346,1.5073893999999999,0.29809157,11.691913000000001,0.19940587,0.108603389,0.43391596000000004,0.11532408
2009-12-12,0.07788581,0.009591049,0.12702032,1.4705298999999998,1.5472273,9.029205999999999,0.15950617,0.14821759,0.6345718100000001,0.10449074
2009-12-13,0.028649688,0.011635803,0.15634902,3.0502133000000002,0.23688784200000002,2.8649919629999996,0.09530864,0.039575620000000006,0.30215664,0.07469907
2009-12-14,0.030293208,0.004899690999999999,0.19086291,4.3806069,0.13216564,4.4458252,0.25067905,0.037723766,0.8109761,0.12453703
2009-12-15,0.038695989,0.008140432999999999,0.21611758,2.9441024999999996,0.28714251,8.138095,0.39595675,0.034807098,1.1469483,0.17953703999999998
2009-12-16,0.03811729,0.002615741,0.052143784,1.734357,0.302674869,5.277692999999999,0.18320987,0.13457562099999998,0.8552199,0.1687037
2009-12-17,0.032561728,0.003001544,0.20183508,2.9168567999999997,0.29304519,2.5676312,0.22405862999999998,0.957862647,0.77880016,0.10287036999999999
2009-12-18,0.04450617,0.004714505000000001,0.16896477,3.590978,0.52772113,6.1653624,0.26132718,0.56348769,0.9738464499999999,0.09393519
2009-12-19,0.032978396,0.0050077157,0.14089377,7.417598,0.29086931000000005,37.585767499999996,0.25151234,0.510609579,1.0023495699999998,0.0890432
2009-12-20,0.039945984,0.009899692,0.14107124799999998,3.8870655999999997,0.46760549999999995,4.0983253,0.13968364,0.05135803,0.52937886,0.08141203
2009-12-21,0.028024695,0.004529320999999999,0.16248329,2.6615789,0.09211934,4.3900380000000006,0.15535494,0.010038581999999997,0.7861149,0.06870371
2009-12-22,0.035594132,0.009367284,0.17884903000000002,3.669728,0.20276748300000003,2.9149458999999998,0.2313503,0.049228398,1.1864159,0.21361114
2009-12-23,0.049243819999999994,0.0078472217,0.11748328,4.39607,0.54015947,6.719436,0.16080246,0.28746138,0.6733218,0.11393518999999999
2009-12-24,0.032376551,0.0080015435,0.15752958,6.7701910000000005,0.27265179,27.629808,0.13817901,1.06772334,0.37123078000000004,0.064375
2009-12-25,0.038256170000000006,0.012862655,0.087899947,6.465052000000001,0.24619337,4.2163810999999995,0.41748455,0.46906638,0.34440204,0.0724537
2009-12-26,0.040084869999999995,0.0113117285,0.17227494999999998,10.151973,0.27936467,6.484829963,0.10463734999999999,0.29890434,0.27755016,0.0900926
2009-12-27,0.03535494,0.0132947537,0.13688144,11.382396,0.256625478,2.8353084,1.6805868,0.25076391,0.7474112980000001,0.10050925999999999
2009-12-28,0.02871914,0.007677468999999999,0.27739069,10.143476999999999,0.16836934,4.0069368,0.20405865,0.10767747,0.7959761000000001,0.11726851999999999
2009-12-29,0.032770066,0.010918209,0.12845551,11.726163,0.16672577,8.0849229,0.13991513,0.026334874000000005,0.9073649,0.09136574
2009-12-30,0.03026235,0.00826388867,0.13467463999999998,5.096239000000001,0.122042188,3.5877850999999996,0.12992283999999998,0.054112654,0.72165506,0.07151234000000001
2009-12-31,0.04103395,0.005339506,0.24410368999999998,6.175352,0.214804508,2.8633951,0.18442901,0.004112660000000002,0.7855363,0.08708333
2010-01-01,0.030015434,0.008649691000000001,0.15030736,3.3057461999999997,0.08286009,1.235733,0.17554013000000002,2.426399999999997e-5,0.8002817,0.07995369999999999
2010-01-02,0.028487653999999998,0.0087422839,0.17505273,2.8246584,0.21056845999999999,1.72969146,0.18033179,0.019575611999999996,0.7448881,0.07217593
2010-01-03,0.03856482,0.0113966057,0.09817772,3.9834465000000003,0.233477404,2.8864581,0.2588426,0.05574845,0.7216705999999999,0.09700617
2010-01-04,0.030038583,0.006705247,0.12630273,3.262227,0.12211933999999999,12.822841500000001,0.30570213999999996,2.426399999999997e-5,1.2934066,0.07798611999999999
2010-01-05,0.03260802,0.0051774690000000005,0.087899954,2.2370885,0.095313787,7.859112999999999,0.29947532,0.007770054000000005,1.1031518999999999,0.13537037
2010-01-06,0.029058645,0.0058719129999999994,0.16495242,1.9201131,0.24838479000000002,32.384896999999995,0.7122377,0.037569450000000004,1.2461765999999999,0.25205249
2010-01-07,0.035547838,0.00617284,0.10875643200000001,0.021093115,0.020568410000000006,4.1792754,0.173317904,6.8673e-4,0.6001890799999999,0.09046296000000001
2010-01-08,0.01853395,0.008279321000000001,0.12845551,0.021093115,0.027026750000000002,3.7695758,0.13905865,2.426399999999997e-5,0.531115,0.12055556
2010-01-09,0.027932095,0.007214505999999999,0.16137216,0.021093115,0.025452680000000002,3.3650623,0.092600301,0.020223770000000002,0.35060575,0.13599537
2010-01-10,0.027569444999999998,0.009510415999999999,0.18200348,0.5256459,0.23740277999999998,2.8638086,0.0706493,0.0649132,0.4008438,0.06761805
2010-01-11,0.025229163,0.004906249999999999,0.09494792,1.4970208,0.1944167,3.9893639,0.07248958,0.08373958000000001,0.36332288,0.08460417
2010-01-12,0.043625,0.008260416,0.14615626,0.28952092,0.22345833999999998,4.5805725,0.09080208,0.15901041999999999,0.33184369999999996,0.07072917000000001
2010-01-13,0.027895837,0.004322917,0.13880208,0.4926666,0.2817292,3.0500734,0.08494792,0.32273955,0.32971872,0.07647916
2010-01-14,0.039666663,0.006288194,0.14750348000000002,1.5491597000000001,0.4731388000000001,5.955615,0.18778819,0.77969095,1.4528575000000001,0.10254861000000001
2010-01-15,0.09741667000000001,0.007968751,0.11757292,5.126563,0.18672917,5.756135,0.39105208,0.05090625,1.4883646000000001,0.09862499999999999
2010-01-16,0.129208387,1.2245000000000008e-4,0.137406303,1.7158958,0.18041666,2.8215309,0.23534373,0.16480205,0.8717188,0.08610417000000001
2010-01-17,0.034347218,0.010135416999999999,0.1619618,1.345882,0.30724999,4.0285732,0.16732985,0.11264930000000001,0.958441,0.08321527000000001
2010-01-18,0.024916667,0.008302083,0.11457292000000001,3.9337299999999997,0.07237500000000001,3.8895932,0.48332295000000003,0.03678125,2.3678024,0.13187500000000002
2010-01-19,0.027374996999999998,0.005635417,0.19740622000000002,2.0986459,0.026916673,3.4355722999999996,0.37659372,0.07846875,1.63667705,0.10747915999999999
2010-01-20,0.02397917,0.008447916,0.22105209,0.8912708,0.15668749999999998,2.6628232,0.18082289999999998,0.09517708,0.7969271,0.07864583
2010-01-21,0.031097222,0.014885417,0.16523958,1.6462987,0.32509727,2.3828648,0.08216319999999999,0.10470486,0.39757984,0.06349305999999999
2010-01-22,0.024958334,0.0063020839999999995,0.17630208,0.7794375,0.26212497,2.1010732,0.047927087,0.248572887,0.26886455,0.05872917
2010-01-23,0.02175,0.006635416,0.19553125,1.6664793,0.04783333,2.5270733,0.04913542,0.26855205,0.22155207000000002,0.056979169999999996
2010-01-24,0.03295833,0.00971875,0.17576041000000003,3.9083954999999997,0.33927076999999994,3.7276568,0.08661458,0.47607295,0.39905199999999996,0.07716666
2010-01-25,0.033958336000000006,0.008357639,0.18032291,1.0316458,0.5371249,3.8932117,0.12062152,0.49773267,0.49238541,0.07167362
2010-01-26,0.022416666000000002,0.00746875,0.15605208,1.8781667,0.15547916,3.3322599,0.14571875,0.44734372,0.59176048,0.0796875
2010-01-27,0.025208337,0.00484375,0.17082292,1.7597709000000001,0.07345834,2.2766145,0.10896875,0.39334378699999994,0.60538545,0.09485415999999999
2010-01-28,0.026069442999999998,0.006746527299999999,0.15373958999999998,1.3929653000000002,0.23441664,2.0246421000000003,0.0823993,0.20077432,0.6240243000000001,0.07461805
2010-01-29,0.0288125,0.0068854170000000004,0.16584374,2.6318127000000002,0.18020833,3.0379891,0.08690624999999999,0.09592708999999999,0.6602604000000001,0.08291667
2010-01-30,0.026083333,0.011635415999999999,0.16003124999999999,2.4406874,0.076166673,2.7746977999999998,0.09363542,0.07842709,0.6319271200000001,0.07877083
2010-01-31,0.016812501,0.007677083,0.15257292,10.003291999999998,0.1608125,2.3506356999999998,0.10413541000000001,0.067177087,0.49859378,0.07454166
2010-02-01,0.030000001999999998,0.005593751,0.16261457999999998,3.2371599,0.14579166,2.6292115,0.08213540999999999,0.040329863,0.49160767,0.06427084
2010-02-02,0.031249997,0.007197917,0.14959375,2.0108122,0.15466666,2.9931567,0.048218747,0.05571875,0.42098962000000006,0.07545833
2010-02-03,0.018625,0.009427083999999999,0.13228125000000002,3.0047713,0.11429167,4.5920313,0.06671875,0.079760417,0.33167708,0.12872917
2010-02-28,0.021416666,0.00971875,0.19940625,9.256187,0.10483333,17.34266,0.39434368,1.42321892,0.9399271,0.10385416
2010-03-01,0.026187496999999997,0.00840625,0.18657292,5.376979,0.11277083999999998,4.6948439,0.76019785,0.285593787,1.7351354200000002,0.11874999
2010-03-02,0.031680559999999997,0.008565972,0.17347569,4.545979,0.25691668,3.9661426000000004,0.47588542,0.730857632,1.2348021,0.11502082999999999
2010-03-03,0.035645837,0.005635417,0.15648958,1.6283333,0.21639579999999997,3.8091559999999998,0.20526042,0.34505211,0.6505521,0.09372916
2010-03-04,0.029000003,0.009802083999999999,0.13040626,1.9426042000000001,0.13183333,4.0255312,0.22013546,0.35617705299999997,0.64384375,0.07952084
2010-03-05,0.04583333,0.008364584,0.16882292,2.0514375,0.32318753,3.0551977,0.19609377,0.30355208,0.6814271000000001,0.09633333
2010-03-06,0.026861114999999998,0.009593751,0.22111457999999998,2.4632153,0.14297222,2.8296003,0.21474651,0.41581598,0.64652429,0.07638194000000001
2010-03-07,0.037625003,0.006552083,0.17721875,3.8086873999999997,0.12602083,3.0983858000000004,0.15492708,0.17023962,0.5883646,0.07510416
2010-03-08,0.03154166,0.011927083000000002,0.13636462000000002,4.939687999999999,0.07491667,4.740073,0.15613542,0.22109371,0.4518438,0.06943751000000001
2010-03-09,0.025833336999999998,0.010510416,0.22113539,5.857521,0.14504167,3.5013648,0.39963534999999994,0.08796874600000001,1.2392395999999999,0.088
2010-03-10,0.026930553000000003,0.004260417,0.17869792,2.720299,0.21091666000000003,6.202878,0.40771872000000003,0.053607642,1.18820483,0.09454861
2010-03-11,0.014750001000000002,0.008927084,0.22011458,9.667687,0.06495833,7.146198,0.717843717,2.426399999999997e-5,2.3437607199999997,0.14706249999999998
2010-03-12,0.021062497,0.008864582999999999,0.2216563,5.527292,0.11812500000000001,8.043031,0.47319802,0.13465625,1.7185312000000001,0.11254167000000001
2010-03-13,0.028263886000000002,0.0072187499999999995,0.15139236,5.480271,0.22065277,7.562907,0.5613438,0.43701037000000004,1.2944548999999999,0.08746528
2010-03-14,0.027583337,0.010406249000000001,0.14319790999999998,7.863854,0.13235417,8.412573,0.50844792,0.13253125999999998,1.40959428,0.1195625
2010-03-15,0.0275,0.008552082999999999,0.10578125,2.1611047,0.038124997,14.472906,0.33651043,0.09851042,1.0900937,0.1005625
2010-03-16,0.026104164,0.004760417,0.13682291,1.5843959,0.062145830000000006,9.407197,0.46907295,0.112260416,1.2546771,0.09604166
2010-03-17,0.02909722,0.005552083,0.16554512999999998,2.1764374,0.10840278,12.646225,0.46349654,0.07106596999999999,1.5155382,0.15711806
2010-03-18,0.033791666,0.010968751,0.10078124000000001,4.479563,0.32958337,17.295865,0.82048958,0.07505208699999999,2.4188021,0.16183333
2010-03-19,0.028124997,0.008427083,0.12344792,3.3566036,0.10137501,17.216071,0.61205208,0.067052083,1.6769275,0.0989375
2010-03-20,0.027166662,0.0036076384,0.14317013,3.3440202,0.15252779,16.803339,0.6913715,0.066538199,1.80070456,0.12743749999999998
2010-03-21,0.016666666,0.00540625,0.116572913,2.8517505,0.057666667000000005,19.121327,0.46890634999999997,0.04711458,1.055323,0.11256249999999998
2010-03-22,0.02341667,0.010760417000000001,0.21515624999999997,3.6927291999999996,0.13333333,15.438406,1.8137599500000001,0.03642708,1.5874271000000002,0.12035417000000001
2010-03-23,0.026791666,0.0037187495,0.23284379,3.8967089,0.08737500000000001,12.46651,0.84790625,0.06976041699999999,2.9658643,0.16381255
2010-03-24,0.033375,0.004815971699999999,0.20304515,13.67302,0.17091667000000002,15.037768,1.5642602399999999,0.121704864,4.4843437,0.28777085999999996
2010-03-25,0.029666667,0.0055937502,0.13882292,9.527999000000001,0.27472916000000003,14.544926,1.4799271200000002,0.15536458,5.138551400000001,0.3264167
2010-03-26,0.027124996,0.009135417,0.21815625,20.910854,0.054333336999999995,16.839949,2.2175108199999998,0.06246875,7.341593699999999,0.5999375
2010-03-27,0.07752084,0.00278125,0.17863545,51.62314,0.32029167,28.223713999999998,4.9458229,0.07959379999999999,14.912069599999999,0.7116666700000001
2010-03-28,0.021916671,0.0019270834,0.13761458,11.677201,0.12793055,23.244045,7.2641625,0.04351042,18.5475274,0.62243744
2010-03-29,0.024312501,0.0045312500000000006,0.25901041999999996,14.444728999999999,0.19968750000000002,17.371157,3.9532808999999998,0.00498958,10.2814066,0.3547083
2010-03-30,0.024083333999999998,0.005760417,0.15803124,4.8245623,0.053625,19.551073,3.7930937499999997,0.009593749999999998,8.7691361,0.4002292
2010-03-31,0.026180555,0.006024305000000001,0.18000347,22.758561999999998,0.13515278,23.217450999999997,5.5296073,0.04309375000000001,13.3758299,0.47129858999999996
2010-04-01,0.008041666,5.416665e-4,4.92610000000001e-4,2.674427,0.0144375,17.44001,4.2809273999999995,0.046385420000000004,11.6706981,0.4283334
2010-04-22,0.067416663,0.01609375,0.23398963,14.265354,0.5320832999999999,11.316958,2.0261112,0.08786805,6.679903,0.26937500000000003
2010-04-23,0.043249996,0.010781249,0.25036453,24.174004,0.09670833999999999,8.123208,2.802834,2.426399999999997e-5,10.161542,0.3957501
2010-04-24,0.041625,0.013260416,0.08998958,30.658436,0.090458327,7.274334,3.379167,2.426399999999997e-5,10.038374999999998,0.4121249
2010-04-25,0.052458333,0.012593749999999999,0.18719796,27.258939,0.15154166,12.005739,3.0436006,0.01660764,8.646142189999999,0.41934727
2010-04-26,0.09676388200000001,0.016663194,0.23026736000000003,52.777505,0.1884167,22.721666,1.7191772,0.05438265,6.4777627,0.26231525
2010-04-27,0.10958332999999999,0.020927083,0.2522604,45.556647999999996,0.324729204,34.21054,1.2993125,0.31690624999999994,5.177781599999999,0.31004165
2010-04-28,0.292375034,0.012552079999999998,0.20536458,48.617354,0.229208303,19.33507,0.74123261,0.05051042,3.7789969,0.14761805
2010-04-29,0.069958331,0.012843747,0.22996875,15.338667000000001,0.1283542035,3.5605,0.7343334,0.072093754,2.6618853000000002,0.15342708
2010-04-30,0.045499997,0.008065972,0.15867014000000002,14.680049000000002,0.09886110699999999,8.462923,1.0560882,0.24273543000000003,4.2314741,0.24463472000000003
2010-05-01,0.02604166,0.012385416,0.09982292,13.925562,0.072874993,12.097211,2.0483019999999996,2.426399999999997e-5,11.047135,0.42620142
2010-05-02,0.028104170000000005,0.005822916000000001,0.22657291999999998,19.412875,0.07375,8.695344,2.2480104,2.426399999999997e-5,10.664145999999999,0.45428135000000003
2010-05-03,0.023416662,0.00771875,0.20307292,11.084659,0.064694445,5.00101,1.5662535,2.426399999999997e-5,7.777558999999999,0.28997922
2010-05-04,0.0171041665,0.007260417,0.16196874,14.703104000000002,0.054125003,4.267438,1.0453751,2.426399999999997e-5,5.321458,0.26972912
2010-05-05,0.032124997,0.00684375,0.11165625,12.221271000000002,0.038583333000000004,3.909125,0.9329167,2.426399999999997e-5,4.322792,0.17049999999999998
2010-05-06,0.022854168,0.005218749,0.15748958,9.187895999999999,0.069145833,2.6755206,0.7785209,2.426399999999997e-5,3.563604,0.138
2010-05-07,0.027458337,0.008496528,0.19617014,14.548757,0.08827777700000002,5.485847,1.5754861,2.426399999999997e-5,9.759083,0.36877780000000004
2010-05-08,0.020583333,0.00865625,0.16096875,38.92606250000001,0.07870834,7.827249999999999,2.0004163999999998,2.426399999999997e-5,13.091000000000001,0.45347919999999997
2010-05-09,0.034083333,0.014885417,0.15211458,15.792979,0.09679166700000001,7.94775,2.0842919,2.426399999999997e-5,12.841958,0.5059583999999999
2010-05-10,0.029833333,0.0049270830000000005,0.22703125,14.9642708,0.056666667000000004,9.38375,2.5814589999999997,2.426399999999997e-5,15.672374999999999,0.5623334
2011-01-22,0.019705881999999997,7.254900000000001e-4,0.9449706000000001,1.7750915,0.17027778,6.546925999999999,0.356633946,0.04836602,2.1970327,0.102617642
2011-01-23,0.00867648,0.0025882355,0.7813922,2.9192579,0.14302289,8.244572,0.25820259999999995,2.426399999999997e-5,1.8856597000000002,0.07413726000000001
2011-01-24,0.017132354000000002,0.017955883,0.90087751,11.608497999999999,0.20640522,7.451639,0.16245916,2.426399999999997e-5,2.2962484,0.2684837
2011-01-25,0.035137257,0.04000000200000001,1.3147843000000001,57.2685,0.34499344000000004,9.247709,0.19629085000000002,0.08509151000000001,2.053366,0.09653918
2011-01-26,0.051593139999999996,0.025725487,0.84303436,11.093988999999999,0.4135376,17.105944,1.16055557,1.03042489,4.0607337,0.60729899
2011-01-27,0.030196077,0.013209151,1.0615229,11.447967,0.20094771,9.737464,0.29901962000000004,2.83977096,1.5210849999999998,0.5551503
2011-01-28,0.1072352932,0.031666664,0.53388235,12.015954,0.30779742,7.374345999999999,0.176732,1.2260520560000001,2.2642489,0.10617647000000002
2011-01-29,0.034362745,0.022343134,0.5408039,12.991562,0.29868464,8.539302,0.311094781,2.45052292,1.4253906,1.11264217
2011-01-30,5.58e-4,0.020758168,1.07214377,5.772672999999999,0.29797381,7.955569,0.15732024,0.43277776,1.4653987000000002,0.180019639
2011-01-31,5.58e-4,0.017759804,0.89933329,8.78193,0.30417485,8.027391,0.16540850000000001,0.627214,1.9027433999999999,0.14210294
2011-02-01,0.015823529,0.031490193,0.9281961000000001,24.462135,0.24318953999999998,7.193092,0.21304579,1.186542604,1.9903659999999999,0.12417647199999998
2011-02-02,0.031274508,0.018789212,1.11379413,22.335727,0.31407678,8.993101,0.17190355000000002,0.2457435,1.8395572000000002,0.15935784
2011-02-03,0.159542499,0.014614378,1.1350522,11.739961000000001,0.20999999000000003,6.2612879999999995,0.32852937000000004,0.9927124279999999,2.0114447,0.15485618
2011-02-04,0.0132352932,0.021828426999999997,1.2078627000000002,19.560043,0.25142973999999996,8.903027999999999,0.17624187,2.00954223,1.4301944,0.08587746
2011-02-05,0.056607833999999996,0.033941177,1.0113333,40.351734,0.34966015,10.735955,0.16412419,3.68583709,1.3118758000000001,0.09364706
2011-02-06,0.05166666,0.044181376,1.3257305000000001,67.703969,0.45483665,7.06364,0.16859475000000002,2.3316988260000002,1.49823363,0.127348039
2011-02-07,0.044215684000000005,0.037130718,1.33482351,75.921695,0.4151307,10.625798,0.250032678,3.1049350799999997,0.9086993000000001,0.15181698999999999
2011-02-08,0.062431379999999995,0.035156859,1.7799412,27.345696000000004,0.38864051,7.273875,0.168967338,1.58593472,1.08985623,0.12435294
2011-02-09,0.057549023000000005,0.015039216000000001,1.4820294,10.505606,0.20459151,6.0210671,0.23692809999999997,0.9372140899999999,0.6814935,0.1227402
2011-02-10,0.11888889000000001,0.01445098,1.0746601,16.507411,0.41166668,2.1018434,0.1577124,0.5739869599999999,0.36677123,0.20162091
2011-02-11,0.063235291,0.010333333699999999,0.5273481,9.389381,0.40417479,1.8833217,0.094991829,0.48142968999999997,0.31418953999999993,0.15126961
2011-02-12,0.04596079,0.027882353000000002,0.9622354,12.434621,0.36971892,6.933523000000001,0.14186928999999998,0.64862087,1.1922876,0.1653921528
2011-02-13,0.031372549799999996,0.0091568627,1.1524216,10.689944,0.29593952999999995,9.659058,1.42070217,3.63814552,2.52882236,8.106147389999999
2011-02-14,0.013169933000000002,0.017588234,1.1926666000000001,11.110942,0.24395423,7.939261999999999,0.26702619000000005,0.63117652,1.7459215000000001,0.147274501
2011-02-15,0.020784308999999997,0.014132353,1.1042843,5.1018810000000006,0.3976552,10.598297,0.200212439,0.67189545,1.529263,0.114946084
2011-02-16,0.104117653,0.014235293999999999,0.6805686200000001,6.918993,0.5211700100000001,7.683504,0.12430067,0.37048366,1.5061111999999999,0.10582352
2011-02-17,0.060849678000000004,0.021934644,0.9287451,4.760908,0.5518954,11.948739,0.21624188,0.31735292,1.616183,0.12050980000000001
2011-02-18,0.035098039,0.0036176472000000004,0.7920049,4.782712999999999,0.5010866,10.52413,0.34442812100000003,0.6681209100000001,1.9007579,0.166980398
2011-02-19,0.052960789999999994,0.0045098036,0.58739211,6.333622,0.4582876,10.393561,0.229418288,6.029856402,3.9009932000000003,0.20664706
2011-02-20,0.046421567999999996,0.018838235,0.92597556,10.903106,0.40096400000000004,10.375331999999998,0.18325165999999998,0.21334147,1.7228415000000001,0.10153921000000002
2011-02-21,0.040588238000000006,0.019189543000000003,1.1515882,14.13496,0.39192811,10.250667,0.32892157,0.07539214999999999,2.1061503999999998,0.142437916
2011-02-22,0.046151957,0.023519604,1.1000932,13.157053000000001,0.43081702,10.55864,0.32133985,0.05010621000000001,2.5930375999999997,0.19342643
2011-02-23,0.027313726999999996,0.030823525999999997,1.2164706,25.256306,0.4311699,10.02717,0.44498691999999995,2.426399999999997e-5,2.8753854,0.138196079
2011-02-24,0.014509797999999999,0.02587255,1.107005,18.729331,0.32415034,12.02793,0.80837417,2.426399999999997e-5,4.0875226,0.17342644000000002
2011-02-25,0.075980399,0.044058822,1.3965555,20.218687,0.43993467000000003,9.446125,0.84071896,2.426399999999997e-5,4.455006,0.19894117
2011-02-26,0.020122553799999998,0.025161761999999997,1.1782548999999998,18.704871,0.27961597000000005,12.179033,1.2499918,2.426399999999997e-5,5.7754635,0.24308329
2011-02-27,0.035901967,0.022078430000000003,1.3196275,19.112482999999997,0.3161895,10.963621,0.40769277000000004,0.34916998,2.6754639000000005,0.20600004100000002
2011-02-28,0.0341176407,0.02588889,1.4940065,17.019666,0.20866013,11.982202,0.23738562000000002,0.16395424,2.1302028,0.13799346
2011-03-01,0.09387255,0.036485290000000004,1.6366127000000001,51.44115000000001,0.44802290999999994,7.413273,0.39567814,0.33660131,2.4917391,0.1457549
2011-03-02,0.12978431000000001,0.03719608,0.8168235,28.446582,1.0073463999999999,10.586542999999999,0.47210459000000005,0.58516992,2.2783071,0.15713725200000003
2011-03-03,0.057573524,0.010676471,1.4222499,13.272126,0.23674836999999999,7.3781508,0.6292320600000001,2.3982926399999998,1.9247532299999999,0.18411275
2011-03-04,0.048594772999999994,1.2245000000000008e-4,1.2094966999999999,7.598097,0.1701634,4.2905358,0.2969608,0.416732,1.09667333,0.19096732000000002
2011-03-05,0.070882361,0.0026372540000000003,1.3023235,12.245851,0.29368465,3.4496694999999997,0.31241825700000003,0.5359640689999999,0.59504738,0.1357303915
2011-03-06,0.042941175,0.016803924999999997,1.6891961000000002,18.376813,0.3175228,5.7806009,0.31867316,1.56636555,1.1249543000000002,0.12141176000000001
2011-03-07,0.046568632,0.04253922,1.0603137,27.992445,0.38718949,8.736312,0.63254089,2.22356191,2.1599003999999997,0.17006862
2011-03-08,0.13545755,0.038764705999999996,1.3733529,32.51751,0.565817,12.042628,0.47091499000000003,0.54241832,2.3302680000000002,0.25501963
2011-03-09,0.06311275,0.039352942,1.2426912,57.26632000000001,0.44848859999999996,9.056851,0.47249182999999995,1.16407688,2.0940918,0.14580393
2011-03-10,0.10994117,0.041470599999999996,1.4479216,118.07242,0.7064641,12.094111,0.55061439,0.9672483199999999,2.9647579,0.16796078
2011-03-11,0.12496731,0.05667320000000001,0.9430588200000001,89.84611000000001,0.7460458,12.396256,0.76973854,0.21130716500000002,3.1032422,0.1835817
2011-03-12,0.06504902000000001,0.04347059,1.4337450999999999,95.88212,0.6292728000000001,9.439988999999999,0.8367075,2.55503285,2.8264201,0.19411276
2011-03-13,0.10764706000000002,0.0447451,1.1609412000000001,97.49283000000001,0.6923071999999999,6.404561999999999,0.90251639,6.90818974,2.4309342000000003,0.18752942
2011-03-14,0.07151961,0.05337255,1.4903383,107.15035999999999,0.6237581999999999,8.505186,0.95847214,0.8799101460000001,4.4041654,0.23494604
2011-03-15,0.09813726,0.044483655999999996,1.2173072399999998,145.86427,0.836732,11.457595000000001,1.42199359,0.5179084860000001,7.1509544,0.36054252
2011-03-16,0.07561274,0.05278431,1.2030098999999999,115.49298999999999,0.7995916,8.446042,1.21651152,0.64748368,2.2316409999999998,0.182544139
2011-03-17,0.10696079,0.05788236,1.4533922000000001,109.40661,0.8597581,11.77466,1.23596736,0.23526795,5.4653079,0.26499996
2011-03-18,0.08041667,0.03886274,1.1162451,109.15587,0.7399836,13.198273,2.41327577,0.09167484000000001,12.411297900000001,0.46006863
2011-03-19,0.09163399,0.03448365,0.5782549100000001,103.96251000000001,0.6135948,9.79521,1.21016349,0.58555553,4.6213792,0.34704581
2011-03-20,0.29794115,0.04878431,1.6679216,99.08499,1.0753660999999999,12.289954999999999,0.87396737,0.514954249,4.2794832,0.23780388000000002
2011-03-21,0.09955881999999999,0.05557844,1.1494313999999999,124.74187,0.8147386000000001,10.409253,1.03974674,0.5365768639999999,3.874018,0.19555882
2011-03-22,0.09898694,0.06147712,1.0140065,135.38503000000003,0.6498366,5.4746534,0.95647053,0.8429411900000001,3.7515422,0.14959477
2011-03-23,0.10705882,0.05484314,0.897397,138.67279000000002,0.7280964,6.746163999999999,4.33964908,36.9145888,5.264507699999999,0.5076421799999999
2011-03-24,0.14335293999999998,0.0654902,0.97425498,140.34314999999998,0.7498171,9.169580999999999,0.94939869,0.59156209,3.1885423,0.20435293999999998
2011-03-25,0.11362746,0.05954902,1.29519119,114.00261,0.674469,6.1649641,0.90572707,0.87993462,2.7719344,0.20962746000000002
2011-03-26,0.15794118000000001,0.04967974,1.0855751,112.10842,0.7930717999999999,3.8831833,1.16310462,4.89493462,2.6668366800000003,0.24220914999999998
2011-03-27,0.1747549,0.07484313,1.0288431,94.9384,0.6902043000000001,2.7445472,0.95303107,3.27476325,1.7985280000000001,0.33291177
2011-03-28,0.12566665999999999,0.04033334,1.5172940999999998,94.37257999999999,0.6674248,7.978149999999999,1.1745555,0.48622877800000003,4.7109744,0.38211763
2011-03-29,0.11656861999999998,0.04572549,1.1445048,68.85144,0.6017729,10.111288,1.18165853,0.77527769,4.340439,0.20813231
2011-03-30,0.12745098,0.04252288,1.4253137,48.709950000000006,0.6259477,17.854457,5.29637246,0.5112091400000001,9.4665749,0.36318961
2011-03-31,0.16066667,0.037039219,0.9337255,35.983344,0.7006014,21.34311,3.7842806700000002,1.0085816630000002,10.557719500000001,0.50931375
2011-04-01,0.13360295,0.045774510000000004,0.9934264,34.883099,0.5862582199999999,23.805699,8.4262661,3.41736112,21.985705000000003,2.0909266399999997
2011-04-02,0.101209152,0.026640524000000002,0.9737778,30.237249,0.38232028,43.222826,5.29232109,0.88918303,20.4164411,0.82155551
2011-04-03,0.21975495,0.028887255,0.8150196,33.885385,0.707018,39.1756,4.276928809999999,1.15304743,15.627252599999998,0.77207844
2011-04-04,0.18309804000000002,0.029784309999999998,1.2173530000000001,28.16507,0.5309347,16.980307,1.47414382,0.90154253,7.174816999999999,0.41541172000000004
2011-04-05,0.24617645999999999,0.031215681000000002,0.5730833,21.773376,0.5627778,21.034435000000002,2.3061681,1.3926552,9.298895,0.7891127
2011-04-06,0.17800653,0.036150325999999997,0.8126994000000001,17.077674,0.5014706,25.811687000000003,4.451014,1.5326469999999999,12.49298,0.9271764
2011-04-07,0.16784314,0.024034313999999998,1.2905098,14.05519,0.5252777,18.651642,1.8181295,0.9319934999999999,6.9720816999999995,0.377152
2011-04-08,0.18580392,0.041156871,0.70368627,13.481464,0.5992875,20.38513,1.16961432,0.6903855999999999,4.7420719,8.382901599999999
2011-04-09,0.15808823,0.027441181000000002,0.84548527,17.705043,0.6036602,16.933469,3.0137175750000003,0.9057435,10.8892883,0.59036279
2011-04-10,0.33728755,0.015071896700000002,0.9767517,15.087019999999999,0.5300980399999999,26.170076,2.51114339,0.717614364,11.873406,0.40792812
2011-04-11,0.25466666,0.031000005,0.4726863,18.263229,0.6287582,18.833993999999997,3.3297124,0.8566404999999999,11.9617778,1.5864706000000002
2011-04-12,0.24968133999999997,0.067490197,0.46729895,14.858695,0.47885623,17.796337,2.53479624,0.9304983699999999,8.258993,0.44693133999999995
2011-04-13,0.22604575,0.024483658,1.371,19.452575,0.375,13.989882,3.2319938820000003,1.6836600899999998,9.0362483,0.6357059
2011-04-14,0.13712417999999998,0.034352939,0.6844967900000001,24.632738000000003,0.37235299,11.2548,1.454689469,0.37008984,7.329051,0.39399023
2011-04-21,0.07315047,0.004712962,1.4490602,2.4117454,0.5091296000000001,7.795054999999999,1.7362781,3.518759296,3.9825377,0.5003704
2011-04-22,0.024562497699999998,0.002907407,1.8522314999999998,2.9115603,0.48950000000000005,9.449199,0.7843102,0.41049539999999995,5.80749,0.4940972
2011-04-23,0.040789354,0.012375001,2.1679491,6.5348239999999995,0.4996157,11.427417,0.5051436,0.17646755,4.213648,0.40534729999999997
2011-04-24,0.070928242,0.01462037,2.1516526,13.662733,0.5056419,9.330148000000001,0.58137034,0.2443766,5.358061999999999,0.44246915
2011-04-25,0.10541898000000001,0.032259261,2.1953797,57.13272,0.6738518,26.859065,1.4683612,0.81133644,7.404033,0.5887963
2011-04-26,0.29816898999999997,0.2593796,1.6193564999999999,65.272057,1.4516296,41.361259000000004,1.8586667399999999,1.2593519,10.365870000000001,0.6516482
2011-04-27,0.15243288000000002,0.041148144,1.8764676,54.5775,0.8156342,26.659619999999997,2.0960926,1.410981559,10.802491,0.7278935
2011-04-28,0.09574305999999999,0.015114198,2.2229181,40.174962,0.7158889,16.137398,1.1361851,2.14132092,6.212167,0.5401235
2011-04-29,0.09308102,0.026263892,1.7436897999999998,35.768138,0.6741064999999999,27.289125000000002,2.6694024799999996,0.88690738,11.273232,0.5908796000000001
2011-04-30,0.089298607,0.032527778,1.9095231,63.662703,0.6577037,31.475700000000003,5.681056,0.49851850999999997,22.69785,1.0215371000000002
2011-05-01,0.3943542,0.048046293000000004,1.0761589,73.88113299999999,1.6913519,53.25209099999999,3.4499506999999996,0.87039507,15.078433,0.8612655
2011-05-02,0.18347449,0.044689821000000005,1.478389,43.739611000000004,0.9765137999999999,40.3584763,1.904324,0.6361667,9.452083,0.5723055
2011-05-03,0.21526156,0.04539815,2.150449,40.480259,0.9824259,37.349198,2.9421853000000002,3.6158617,12.712722,0.7347360999999999
2011-05-04,0.09416898000000001,0.027652781,1.5508426,22.511491,0.58503244,11.847070000000002,1.2040788,6.10813374,6.074040999999999,0.4031713
2011-05-05,0.077749234,0.03668828,1.7830416999999998,31.705857,0.5349629,30.7158531,1.2220185,1.46088887,6.392938,0.42657409999999996
2011-05-06,0.12405324000000001,0.024944449,2.0436667,30.581999999999997,0.6104259400000001,17.9422597,1.4824352,1.22100468,6.357283000000001,0.47155094999999997
2011-05-07,0.13940972000000001,0.022750000000000003,2.3511160999999996,32.4452467,0.7959074,25.826126,1.9245371,1.73905559,7.939519000000001,0.49349999999999994
2011-05-08,0.08592824199999999,0.0219583353,2.1800788,33.170402200000005,0.6027869499999999,25.136166,10.8575976,0.33042587999999995,29.835617999999997,1.1873147
2011-05-09,0.09148379899999999,0.018694445,1.412301,37.905052100000006,0.6090678,13.279778,9.4657836,0.26440742,28.715014000000004,1.2466358
2011-05-10,0.09889120400000001,0.036124997,2.1797777,49.2833406,0.7321156999999999,27.720634,3.8178052,0.2312824,14.913671,0.9257407
2011-05-11,0.17666898,0.033509259,2.1230602000000003,60.360047,0.7193148,28.912092599999998,1.7514815000000001,0.26098148,7.888610699999999,0.5922592999999999
2011-05-12,0.17731713,0.037058640000000004,2.2338133,46.193815,0.6728643,24.223826000000003,2.7119875,0.36999378000000005,11.501456000000001,0.7510185
2011-05-13,0.12977083,0.032074075,2.3834352,46.061485000000005,0.6743842999999999,13.656741,3.6740551999999997,0.5438980999999999,17.277005000000003,0.7740278
2011-05-14,0.10257638,0.03908334,1.9643194,61.47788,0.6430001,21.912707,6.8572957,0.47161116,30.240586999999998,1.2861296
2011-05-15,0.10083564,0.033486109,2.096329,48.716322000000005,0.5601944000000001,23.040307400000003,4.5434075,0.12970832599999998,22.380798,0.8958796
2011-05-16,0.06444676,0.03594753,1.9905108,40.185382,0.5145000000000001,14.903820600000001,3.0813091999999997,0.11129012299999999,15.820006,0.7287037
2011-05-17,0.10618287,0.030731481,2.3654028,29.145198999999998,0.4956575,33.949497,2.4217867,0.22093521,11.550592000000002,0.6823148000000001
2011-05-18,0.048020839999999995,0.034990741000000006,1.6548194999999999,23.500801,0.38390743000000005,24.8274285,2.6773889,0.39196299,11.240870000000001,0.5769814
2011-05-19,0.06396065,0.027097221,2.5970232,22.51487,0.4661204,37.0391957,3.3907456999999996,0.263759266,12.565893,0.6406712999999999
2011-05-20,0.06213194,0.033570993,2.4310355,24.985665,0.40524076,19.058387800000002,3.2607531000000005,0.032833331,14.003618,0.6449691399999999
2011-05-21,0.09044213,0.028995368,2.5722544,37.115081000000004,0.5241296,24.9457222,1.54035184,0.19313425999999997,9.071494999999999,0.5230555
2011-05-22,0.07933565000000001,0.0449537,2.4992083999999997,46.430916999999994,0.3819444,16.225222,1.5212222400000002,0.054629638,8.566278,0.511037
2011-05-23,0.06987886,0.040762351,2.2090293,108.816497,0.45388269999999997,15.7446543,4.2635919,0.11159876099999999,14.774389,0.7545062
2011-05-24,0.18585878,0.1054074,1.8308657,54.00657,0.7663981,32.939771,5.5771114,2.72350511,24.859173,1.0474537000000002
2011-05-25,0.10402083000000001,0.056675930000000006,1.8227269,41.66363,0.6311111,26.630720999999998,5.5926107,0.18825928599999997,28.916593,1.3003519000000001
2011-05-26,0.05997917,0.03843982,1.7615833,108.76387,0.4947547,19.139476000000002,4.4814163,0.11741665800000001,27.679186,0.9465509
2011-05-27,0.07244058,0.047459879999999996,1.9918069999999999,91.50502,0.5153333,11.692431899999999,3.2082528999999997,0.052771610000000004,17.295346,0.9285494
2011-05-28,0.060511577,0.03728241,1.9322546,65.73885000000001,0.5480649,17.013504,4.3908608000000005,0.10841202999999999,27.106545,1.1359954
2011-05-29,0.06461343,0.038842589999999996,2.3370602,63.654239999999994,0.5183704,19.686019,6.078647500000001,0.19701855000000001,32.274353000000005,1.4785741
2011-05-30,0.05757176,0.03892592,2.33825,44.28615,0.40044911,15.218713000000001,4.2056292,0.11306481000000002,19.666799,0.9035185
2011-05-31,0.058952929999999994,0.032675933000000004,2.1155725,39.6273,0.44558020000000004,31.80802,5.1712153999999995,0.06656790200000001,24.74399,0.9921913
2011-06-01,0.05407775000000001,0.025497558,2.0449269,29.591165,0.4670641,7.4371290000000005,1.2869999,0.148592633,7.510315,0.5040370000000001
2011-06-02,0.026543980000000002,0.009749997,1.135125,7.452695,0.2419583,2.952996,0.6120879,0.1346806,4.125555,0.41200459999999994
2011-06-03,0.08175231,0.0099969167,1.4207577,3.704863,0.2693272,2.367401,0.6330061,0.07965432000000001,3.3350064,0.4272223
2011-06-04,0.038951384,0.004101852,1.2973704000000001,4.092116000000001,0.2721667,5.60112,0.7366482,0.167138852,4.771496,0.4317361
2011-06-05,0.018881944999999997,0.014898143999999999,1.2373750000000001,31.369280000000003,0.2948704,10.70459337,3.5396297,10.316147411000001,17.088296,0.8169815
2011-06-06,0.03670602,0.02840741,1.4661898,53.6888,0.3907547,19.043342,5.4986158,0.28514811,29.735915999999996,1.2033565
2011-06-07,0.03882022,0.02765124,1.060696,72.88764,0.4144506,21.126381000000002,6.536740699999999,0.40079630499999996,35.995102,1.7320988000000002
2011-06-08,0.04024769,0.023592593000000002,1.5867917,62.085800000000006,0.40295369999999997,25.215982,5.8346575000000005,0.34915283,31.576588,1.6075231
2011-06-09,0.04432639,0.021138893,1.6615787000000002,61.20462,0.39768519999999996,22.772076,5.363482100000001,0.18055556,26.354461999999998,1.3168888
2011-06-10,0.033025461,0.016625,1.2123473,38.17642,0.3764954,39.538779,3.9857459000000004,0.22114354000000003,23.624731,1.1231248999999999
2011-06-11,0.0478017,0.02712655,1.5989368000000002,33.03069,0.4410864,24.1898993,1.32041355,0.23761732000000002,8.167228,0.55058644
2011-06-12,0.05519676,0.02360185,1.3558565,36.72569,0.4232593,17.683297999999997,1.458037,0.30412959,8.710852,0.6221482
2011-06-13,0.038696755,0.0297037,1.1826249999999998,49.03116,0.3793658,13.3044079,2.7635,0.011953700000000001,15.186240999999999,0.6920371
2011-06-14,0.037030099999999996,0.018083338,1.4813133,49.53187,0.5423518,16.85055,4.006185,2.426399999999997e-5,24.184764,1.0544753
2011-06-15,0.054043980000000005,0.024333340000000002,1.4683194,43.83767,0.5317732,8.7338288,1.6179213,0.073435181,11.694227,0.6288657
2011-06-16,0.03978935,0.018675926000000002,1.2529676,46.625730000000004,0.5326482,11.222871,2.7158894,0.09133334,17.438704,0.7791296999999999
2011-06-17,0.04821065,0.02706482,1.6817921,63.256299999999996,0.7089954,24.501558,10.1197497,0.18380559999999999,49.498534,1.6874537
2011-06-18,0.02974615,0.023268514,1.5245231000000001,66.82406,0.5781852000000001,18.687679999999997,6.6082526,0.025549379999999997,32.60637,1.3652469
2011-06-19,0.04325694,0.01588426,1.0190139,72.62549,0.48968979999999995,17.490773,5.7701671,0.059361106999999996,25.393674,1.1162732
2011-06-20,0.053048609999999996,0.023305559,1.5025787,63.97417,0.45725930000000004,16.520686,4.6784998,0.052870360000000005,22.927968999999997,0.9330001000000001
2011-06-21,0.02994676,0.02370833,1.3396157,36.03321,0.36093980000000003,9.5603801,2.6472267,0.054916664000000004,13.474111999999998,0.6934954
2011-06-22,0.04897454,0.02999691,1.6830729999999998,34.249430000000004,0.31250619999999996,14.204744999999999,1.6792407,0.02579629,9.52405,0.5082716
2011-06-23,0.0339375,0.020805558000000002,1.5360417000000002,17.133116,0.364963,23.7596673,1.8624075,0.10681481200000001,10.952093000000001,0.6428889
2011-06-24,0.0394375,0.022527774,1.5465833999999998,49.65436,0.39471290000000003,15.2360264,3.4240560999999996,0.1314675915,19.284527,0.9733564000000001
2011-06-25,0.08811034,0.02382407,1.2701405000000001,41.32249,0.33262959999999997,13.9554524,7.6089325,0.24471607,44.575193999999996,1.5685494
2011-06-26,0.06277083,0.017944449,1.1585741,36.86913,0.31089350000000004,16.096676000000002,5.69472722,0.13322682,33.278147000000004,1.16125
2011-06-27,0.03686342,0.020620368,1.6023935,23.84432,0.28309259999999997,8.797537,1.9293704,0.14251852,11.800427000000001,0.8463704
2011-06-28,0.04057176,0.015513889,1.3186667,18.728783,0.28605559999999997,8.965727,1.53312966,0.08417592,10.654018,6.8755091
2011-06-29,0.0393449,0.02079939,1.3533195,19.590172,0.31988269999999996,8.642000000000001,2.0402282,0.06638271,10.308679,0.6592593
2011-06-30,0.04267824,0.02509722,1.3972547,39.390249999999995,0.3170509,9.541883899999998,2.5920644,0.0137361117,13.876842,0.6601851999999999
2011-07-01,0.03549305,0.02637963,1.5526157999999999,22.712429999999998,0.2762222,11.9684266,1.42740737,0.09733333000000001,8.721278,0.42183331999999996
2011-07-02,0.054576379999999994,0.023847220000000002,2.0294309,22.744194,0.3287408,12.139429999999999,1.1868101699999998,2.426399999999997e-5,8.201032,0.45949081999999997
2011-07-03,0.03703009,0.021756177,1.7789676,36.23052,0.3222593,9.68021,1.8968331800000002,2.426399999999997e-5,10.900779,0.6398147999999999
2011-07-04,0.0304375,0.024916663999999998,1.6828194,19.888582999999997,0.2695556,8.665611,1.9905925999999998,0.073944442,8.119464,0.4251667
2011-07-05,0.027863431,0.02393981,1.3921158,35.19281,0.3016342,8.077694,1.8513009999999999,0.804685155,9.55631,0.5315509
2011-07-06,0.0589128,0.024966047,1.5321775,83.02823000000001,0.33883339999999995,8.231167,6.7649813,0.032771605,10.002445,0.9170062000000001
2011-07-07,0.04552547,0.03074538,1.850495,86.53648999999999,0.35381019999999996,10.045518,2.8826206,0.6530648099999999,10.180384,0.5369212999999999
2011-07-08,0.03839583,0.023523148,1.6850095,47.03656,0.31996749999999996,13.873304000000001,1.2906574,0.04898611,7.494653,0.40883329999999996
2011-07-09,0.04758564,0.024842597,1.454338,59.2598,0.2760556,16.877092299999997,2.4595182,2.2878337,7.142352000000001,1.4444444
2011-08-16,0.41920782,0.036697533000000004,0.8927778399999999,1.7344032999999999,1.95055514,22.354728,0.27128598,0.40032928,2.9038582,0.31128598
2011-08-17,0.29816617,0.046813273,1.524537,14.855491,1.4057408,29.229827999999998,0.47496655,0.414727359,4.2196912,0.34404069000000004
2011-08-18,0.053791152999999994,0.015771601700000002,1.7939351,13.707691,0.26548611,12.930357999999998,0.3525823,0.030792187000000002,3.3610803000000002,0.30163328
2011-08-19,0.03751029,0.0015432095,1.0171914000000002,3.782058,0.28648153,13.861894,0.38144034,0.059897120000000005,3.2710498,0.31292175
2011-08-20,0.04643004,0.0228780807,1.8508796,11.154240999999999,0.27423609,12.929663,0.6206147399999999,0.0501208883,4.0217751,0.35498969
2011-08-21,0.032485599000000004,0.0131975266,1.5919815,8.683682000000001,0.26794448000000004,13.302806,0.33926752,0.018940329,3.1894501,0.30961929
2011-08-22,0.06022634,0.022299382,1.5890509000000002,24.618293,0.27481477,14.383042,0.397073,0.03262089,4.36196,0.32679528
2011-08-23,0.058960900000000004,0.024135801,1.3332099,25.562182999999997,0.23070992,19.300041,0.62332304,0.177026735,4.272407,0.40332309
2011-08-24,0.05872634,0.020753086,1.6254815,17.148996,0.25112963,19.348453,0.61898973,0.06788477,5.053951,0.38510085
2011-08-25,0.0768467,0.0132253078,1.3880323199999998,6.088616,0.31233795,42.792186,0.66008225,0.26391714,3.3795059999999997,0.44952678999999995
2011-08-26,0.044701649999999996,0.031820984000000004,1.8081477000000001,15.862365999999998,0.21250000000000002,16.428838,0.6897427500000001,0.111471186,4.3123454,0.40134775
2011-08-27,0.06818930000000001,0.031952162,2.2424305,25.296999,0.28048607999999997,11.588158,0.30376288,0.06519032999999999,2.9666129,0.27802217
2011-08-28,0.05385597,0.017290126,1.5852222,8.455217000000001,0.31842593,16.502269,0.36621198,0.08203292,3.3274877,0.7178971599999999
2011-08-29,0.06277263,0.023595681,1.4951157,16.496695,0.24333336,5.347297,0.54193411,0.051116249,4.690988,0.34917957
2011-08-30,0.07794238,0.026913579,1.7903087,17.425885,0.31546293999999997,30.781647,0.49014402,0.2930761717,4.227130000000001,0.38230451
2011-08-31,0.07811986,0.023989195999999997,1.5612036,14.393871,0.29634259,19.707232,0.33561474999999996,0.061880146,3.2554553,0.34283691
2011-09-01,0.07822634,0.030179018000000002,1.3148704,17.325644999999998,0.24175924,18.334543,0.40963781,0.153606987,3.3498020000000004,0.33767489
2011-09-02,0.09043468,0.028155868,1.7526158,13.099727000000001,0.27756939999999997,11.141028,0.34765179,0.080005148,3.262654,0.36758228000000004
2011-09-03,0.12513375,0.014135805000000001,1.3536728,7.633478,0.25719133,7.992756,0.5448045,0.07113169,3.220679,0.33789095
2011-09-04,0.20526343,0.03247531,1.5705186,17.723034,0.25861111999999997,22.791417,0.8023600799999999,0.150255099,4.056117,0.5286933899999999
2011-09-05,0.059369859999999997,0.016859569,1.4985185,7.795214,0.25777776999999996,9.498806,0.3301749,0.050606996,2.7086501999999997,0.30441106
2011-09-06,0.13815844,0.019259257000000002,1.3028704,5.3037849999999995,0.5430556,21.305351,0.25779832999999996,0.24215021,2.6641973,0.36076136000000003
2011-09-07,0.05705504,0.014637346,1.4252315,11.264147999999999,0.30657410999999996,28.467322999999997,0.5907304,0.438523665,3.1732565,0.40501286000000003
2011-09-08,0.055355971,0.019882713,1.3252593,10.760829999999999,0.27924077,40.983382,0.6971193099999999,0.573329192,3.5912652,0.45045268000000005
2011-09-09,0.08893004,0.03732253,0.7770832999999999,12.720537,0.33293982,22.447207,0.58383231,0.442574595,4.0063569999999995,0.44480449
2011-09-10,0.3444856,0.043858022999999996,1.2604013,7.70644,2.2017287999999997,42.923652000000004,0.41563789,0.80353909,3.2937960000000004,0.37236624
2011-09-11,0.07756431,0.0211651172,1.3622454,6.5279226,0.453125,22.264964999999997,0.43149437,0.463616258,3.4272144,0.34172578
2011-09-12,0.0609856,0.0199753062,1.9875556,4.957737,0.3422963,23.692047000000002,1.10797116,0.19377364,6.408747,0.48489704
2011-09-13,0.06803498000000001,0.019444445,1.3087963,8.953478,0.37864200000000003,23.667541999999997,1.48286008,0.18326130300000001,7.1102463,0.6576440499999999
2011-09-14,0.057518,0.017577165,1.5063889000000001,12.324195,0.25530096,30.908943,1.29633225,0.2846116715,6.063904,0.6959851100000001
2011-09-15,0.057744854,0.024623458,1.9352963,27.389070999999998,0.29696297000000005,34.378654,2.0321929599999997,0.39379220000000004,9.023913,0.82413786
2011-09-16,0.07159209,0.019660492800000002,1.2748611,10.997899,0.37872680000000003,22.618018,1.6324665,0.163500544,7.552932,0.76823049
2011-09-17,0.11550412000000002,0.02080247,1.1549074,7.003940999999999,0.8039815,42.193286,0.52850824,0.62316875,3.6217591999999996,0.41387856999999995
2011-09-18,0.10700873999999999,0.027600310000000003,1.5149073999999998,12.472805999999999,0.6645371,26.753294,0.6783925,0.399981989,4.208511,0.44568421999999996
2011-09-19,0.08565227,0.0081604934,1.4681296000000001,3.7025699000000003,1.4622412999999999,26.976014,6.095952179999999,0.307681093,3.6524509999999997,0.45732301
2011-09-20,0.056522635,0.009567901,1.4565740999999999,3.3294726,0.31541666,13.561468999999999,2.720615,0.170907947,5.6250160000000005,0.4772119
2011-09-21,0.06173868,0.033055551,1.5073148,6.208014,0.37966049999999996,13.816399,0.40073039,0.02137861,3.721019,0.3304218
2011-09-22,0.06258745,0.014313271999999998,1.508588,4.193038,0.28409719,11.088807,0.52107771,0.10206533200000001,4.413117,0.34390173
2011-09-23,0.055763366,0.013734567999999999,1.7526111000000002,8.792495299999999,0.30292597,9.404678,0.32337863,0.10619958,3.1467279999999995,0.31702673
2011-09-24,0.13609054,0.019259258,1.5741359,1.48758218,0.39052469,13.461430999999997,0.25924897999999996,0.045298356,2.4037962999999998,0.298107
2011-09-25,0.1069856,0.009151234,1.4514120000000001,1.1898894100000001,0.2668981,7.289547000000001,0.25297581,0.12486624999999998,2.2706867,0.31899431
2011-09-26,0.16668929,0.011679011999999999,1.2743148,3.6661631000000003,0.3832408,12.318158,0.39978601,0.21068105,2.3262095,0.41682308999999995
2011-09-27,0.06531893,0.018132716,1.9470832,8.677551000000001,0.26990736,12.263043,0.36045265000000004,0.17093108,3.2876773,0.38059160000000003
2011-09-28,0.12584361,0.0087345683,0.8897839999999999,3.5736627,0.5234259,18.450036,0.36579215,0.3496193443,3.0451547999999997,0.3200514
2011-09-29,0.08941616,0.0034336418,1.7742129999999998,4.378477,0.36104164,20.232228,0.41985081999999996,0.30528292,3.687539,0.33584622
2011-09-30,0.07963374000000001,0.015845678,1.3755185,12.754698999999999,0.3828148,63.912235,0.71898971,0.28142177,4.3822104,0.40776745000000003
2011-10-01,0.12913837,0.017577159999999998,1.6449769,13.803894,0.3515741,23.067049,0.81906386,0.127713471,5.0156410000000005,0.40070725000000007
2011-10-02,0.07747943,0.021635802000000003,1.1055865,7.764835,0.46592589999999995,16.306307,0.4925206,0.15026749,3.6811109999999996,0.36841566000000003
2011-10-03,0.08879115000000001,0.017924382000000003,1.7453241,8.944982,0.4561111,30.095751,0.53570726,0.16157921,3.919807,0.4247351
2011-10-04,0.11504116,0.03871605,1.9497592,31.263015000000003,0.5193704,18.955915,1.57536033,0.1952366,6.84321,0.45534156000000003
2011-10-05,0.1011214,0.028240743999999998,1.2512963,18.213446,0.4262346,11.563991999999999,0.53600826,0.0480144017,3.7037342,0.34489711
2011-10-06,0.13196244000000001,0.042901238,1.6084491,24.44017,0.6108796000000001,20.606472,0.7366563800000001,0.15602370999999998,5.1678619,0.39260541
2011-10-07,0.15894857,0.037179007,1.7321852,16.470885,0.7780555,20.860802,0.53939709,0.153773642,4.386191,0.43091562000000005
2011-10-08,0.131893,0.029729937,1.5124074,17.32225,0.61976850000000006,14.616561,0.51860085,0.105352366,4.39733,0.34998974000000005
2011-10-09,0.0681893,0.026018519,1.9989506,19.506194,0.47929009999999994,12.783930000000002,0.45390942,0.017767490999999996,4.02355,0.38474275
2011-10-10,0.13962449000000002,0.027160494,1.7311343,21.490884,0.642963,12.810843,0.4252675,0.11711163,3.8095990000000004,0.35427213
2011-10-11,0.16102263,0.032493826,1.594,21.33724,0.6887962999999999,11.118714,0.5566194,0.09371810900000001,4.3933016,0.36287857
2011-10-12,0.13832819,0.038549383,1.7493750000000001,36.961978,0.5946527,14.677093,1.3186706,0.104588477,7.882075,0.48154067
2011-10-13,0.12420782,0.010216049,1.4436727999999999,18.899742,0.5316974999999999,18.502108,0.8953601,0.45656381999999995,5.425525,0.45397117
2011-10-14,0.10737911000000001,0.014753085999999999,1.6878009,12.165652999999999,0.589375,31.759966,0.6179063300000001,2.3710934800000003,3.767956,0.40522115999999997
2011-10-15,0.14111522,0.037679013,2.0661666,27.622531000000002,0.7115556000000001,14.809844,0.7471194,0.24736624000000001,5.8320620000000005,0.43211931
2011-10-16,0.23467083,0.023919757,1.5496913,11.426132,0.8833641000000001,10.3669858,0.39465019,0.27036009,3.3921605,0.39150207
2011-10-17,0.8996476,0.05470679,1.1557870000000001,9.256117,4.535811000000001,19.0410977,0.54191093,0.84111622,3.4954323,0.42348508
2011-10-18,0.32878187000000003,0.029753088000000004,1.1992406999999998,23.323426,1.3131111999999998,11.077547,0.6491378,0.948607008,3.3722285,0.402749
2011-10-19,0.4780967,0.048179010999999994,1.465787,51.535083,1.5941206999999997,10.779015000000001,0.7232305,0.10208845,5.1246454,1.3698505500000002
2011-10-20,0.10676954999999999,0.03490741,1.5926235000000002,26.985176,0.617284,14.215843,0.4777367,0.257613134,3.7306169999999996,0.39446503
2011-10-21,0.18816614999999998,0.029266976,1.3335185,22.357709999999997,0.6999306000000001,12.071746000000001,0.86329989,0.14194959000000001,5.093534,0.40487402
2011-10-22,0.28554113,0.040753085,1.6169073,38.608413,1.0834631,16.701159,0.8817119099999999,0.21292181,5.8939319999999995,0.44619343
2011-10-23,0.22256433000000003,0.028341047,1.8916435,21.311833,0.9916203000000001,17.216515,0.5622582,0.32486621,4.402052899999999,0.4155453
2011-10-24,0.13402263,0.01731481,1.115679,23.555139999999998,0.7387037,12.130875,0.64236629,0.473909436,4.912254,0.42150202000000003
2011-10-25,0.28439303,0.03547531,1.3088704,12.098033000000001,1.1769815,19.160807,0.43945267,0.37529214,3.8866549,0.36526745
2011-10-26,0.28626805,0.026975308999999996,1.4318982,13.043477,1.1518286999999998,15.967092999999998,0.7657999,0.33979676999999997,4.16784,0.40114716
2011-10-27,0.14213992,0.021913581,1.58006168,29.094984,0.7981172999999999,14.368714,1.59653295,0.12057612000000001,6.159753,0.43526748000000004
2011-10-28,0.25531891,0.028757712,1.8175926000000002,30.613596,0.9972454000000001,16.95582,0.9174897599999999,0.31014401999999996,5.2464969,0.40769809
2011-10-29,0.21670781,0.036030862999999996,1.6187407,29.023958999999998,1.1208147,17.191214000000002,0.41548965000000004,0.25836627,3.7783944,0.39128606
2011-10-30,0.17233281999999997,0.043016976,1.5682639,23.309658000000002,1.0146758999999999,14.559177,0.5806147,0.21056068,4.304506,0.38834616
2011-10-31,0.16408436000000004,0.027314817999999998,1.4590741,14.680885,0.9069753,29.9985,0.46329212999999997,0.36900206,3.865803,0.4128601
2011-11-01,0.25494856,0.024614198,2.0186574,22.166232,1.1464813999999999,13.919524,0.31549896,0.23398662,3.6610801,0.34253602
2011-11-02,0.15626336999999998,0.032530861,1.4820741000000002,55.689884,0.750111,16.101251,0.8087675000000001,0.17840328,4.555803,0.40269340000000003
2011-11-03,0.15622170999999999,0.032924377,1.5962499,72.02237,0.8558333,35.676468,0.7761702699999999,0.34495883800000005,4.7867750000000004,0.58693415
2011-11-04,0.15417696,0.030864192,1.4711729,68.659122,0.5239198,7.107571999999999,0.26199589,0.039866252,3.403673,0.3273972
2011-11-05,0.11615226000000001,0.030702155999999998,1.8068054999999998,15.763429999999998,0.6057638000000001,5.2379967,0.27644803,2.426399999999997e-5,2.6764273999999997,0.2665638
2011-11-06,0.10423685,0.032357801,0.939289,57.953500000000005,0.6279961,35.8802702,1.52428834,0.22000698,7.0409872,0.6061268230000001
2011-11-07,0.13125661,0.025147706,1.2429144,9.011213999999999,0.6961463999999999,41.512566,0.93374121,0.21712304,2.8955244,0.6848876
2011-11-08,0.17470571999999998,0.045873007,1.6187169,17.671947,1.0138392999999999,21.151385,0.5665575899999999,0.05376653,2.1501620999999997,0.6164153
2011-11-09,0.1121455,0.041363759,1.5593650000000001,26.258347999999998,0.8507697999999999,29.774085000000003,0.6891733,0.07253043,1.9649444,0.6170358
2011-11-10,0.12641865,0.038812831,1.8522817999999999,73.88920999999999,0.8605522,28.405703,1.6929005,0.6543452300000001,6.916249260000001,0.8002115999999999
2011-11-11,0.15943563,0.031351409,1.6681305000000002,21.430318999999997,0.926702,46.06859,1.1078461,0.5853020999999999,3.9270686,0.6917703000000001
2011-11-12,0.08165013,0.017493387,1.9670503,14.953914999999999,0.7014549999999999,49.938379999999995,0.66845566,0.38513231000000003,2.3055327599999997,1.8994714
2011-11-13,0.15146031,0.03395635599999999,1.6540688,8.55987,1.3308625,49.32143,0.7087843,0.9546786,1.801963,0.7352394
2011-11-14,0.10463624,0.04159061,2.3799438,14.331439,0.7818255000000001,25.891645,1.2178771,2.426399999999997e-5,5.695369899999999,0.7272255
2011-11-15,0.30906525,0.034005729,2.1454454,22.680845,0.9169489,28.114477,1.4159325,0.0261971,5.2245983,0.735937
2011-11-16,0.11531217,0.034715612,1.7339021,18.469517,0.7022884,21.437325,0.9619511000000001,2.426399999999997e-5,3.8904443,0.686721
2011-11-17,0.12919642,0.040780423999999996,1.9268883,8.425651,0.9768717,53.2972,0.386858474,0.5510119,0.34358800000000006,0.6271329
2011-11-18,0.15582452,0.023758823,1.9955688,4.866924,1.1524427,33.431826,0.35426582,0.24443781,0.18003084,0.6034987
2011-11-19,0.19581683,0.028048938000000002,2.4452447,4.270929,0.8796493999999999,34.470719,0.21343254,0.16853500700000001,0.26187503,0.5933598
2011-11-20,0.0736455,0.028289681,2.3443836,9.001499,0.6523995,25.181714,0.42113625,0.06708599,0.5742778,0.56292469999999994
2011-11-21,0.0732242,0.042423945000000005,1.7778605,16.774749,0.5730291000000001,18.469372,0.42921955999999994,2.426399999999997e-5,1.1482407600000002,0.6204430999999999
2011-11-22,0.09557760000000001,0.04953043,2.3952601,20.508191,0.7145414999999999,19.543091,0.36744493,0.39039462,0.273179,0.5988691
2011-11-23,0.09722883,0.046984123,2.6820734,32.389765,0.6771495000000001,20.914441,0.5109557,0.408673892,0.79321751,0.5750728
2011-11-24,0.11610846,0.038882269,2.2484947,43.246230000000004,0.776418,26.298544999999997,0.5221733,1.9485303200000001,0.31570371,0.5824986999999999
2011-11-25,0.15971341,0.05277116,1.8846120000000002,45.8189,0.844171,29.834076,0.44562389999999996,1.5940671599999998,0.011460540000000019,0.6137147999999999
2011-11-26,0.15310847,0.04041005,2.0617493,33.825332,0.8040245,24.564020000000003,0.2729001,0.24598876,0.011460540000000019,0.6097024
2011-11-27,0.18349736,0.036234131999999995,1.8008281,22.124091,4.3489555,24.02486,0.31937701,0.40666009999999997,0.011460540000000019,0.5984801
2011-11-28,0.13840939000000002,0.03108135,1.9333001999999997,12.309424,0.7068253,34.63937,0.25655753,0.44156742000000004,0.12608793999999998,0.5595635
2011-11-29,0.15246031999999998,0.05209216,1.7991182,17.17566,0.7454672999999999,24.31472,0.2955622,0.25011683,0.11586424,0.563437
2011-11-30,0.12019179999999999,0.033396167000000004,1.9807077,9.088152000000001,0.6189087,21.470714,0.22794636000000001,0.11661370900000001,0.154097241,0.5521561
2011-12-01,0.1344418,0.03434525,2.0069762,12.628312999999999,0.8412698000000001,24.607400000000002,0.23815474879999998,0.1510859754,0.011460540000000019,0.5780357
2011-12-02,0.12505291000000002,0.026359126,1.9559622,15.238081999999999,0.5647652,20.789094,0.24706683,0.031590572,0.203749952,0.57417
2011-12-03,0.12181217,0.022308205,2.1685008999999997,11.571121999999999,0.567597,19.09269,0.200994289,0.13659833,0.08487654,0.552295
2011-12-04,0.0883168,0.024970234,1.9568188,9.265512000000001,0.5401819,22.109511,0.22489086400000002,2.426399999999997e-5,0.43490739,0.5309292
2011-12-05,0.08781217,0.028974862999999997,1.8479947,16.589146,0.5694921,18.758473,0.303451026,0.18714156999999998,0.09311112499999999,0.5728134
2011-12-06,0.10085538000000001,0.023913135000000002,1.8558775,14.307017,0.5421031999999999,20.885621,0.267136293,0.313203225,1.29836463,0.581585
2011-12-07,0.06093254,0.024136901000000002,1.4953604999999999,4.954147,0.46302909999999997,16.281964,0.45857139,1.7235817618,0.08356482999999998,0.5435217999999999
2011-12-08,0.08921957999999999,0.013419312000000001,1.8319390999999998,4.078925,0.5675662,27.522478,0.28771032,0.9756786,0.011460540000000019,0.5608875
2011-12-09,0.04458995,0.0105257942,2.2864484000000003,1.7953274,0.38432542,15.756153999999999,0.17419639,0.061382276,0.011460540000000019,0.49400789999999994
2011-12-10,0.07795414999999999,0.009499559000000001,1.9975749,1.8264617,0.4246032,16.267689,0.17043873,2.426399999999997e-5,0.320679,0.5208444
2011-12-11,0.038478837,0.004414682,1.5592030000000001,1.6137301,0.35633921,23.489672,0.22465939000000001,0.07541005299999999,0.06645833,0.5397024
2011-12-12,0.0871455,0.00782672,2.0830317999999997,5.784129,0.62015874,34.727775,0.6745066000000001,2.3106600999999998,0.69066675,0.7491283
2011-12-13,0.06681216999999999,0.019854495,1.6457308,9.855212,0.45733469,27.688189,1.4053075000000002,2.8616605,2.4602318999999997,1.5010681
2011-12-14,0.09971340000000001,0.03033289,1.9148588000000002,9.050165999999999,0.45750441000000003,40.530651999999996,0.622414,0.7033885,0.263425959,0.6849801
2011-12-15,0.09602514,0.031058201,2.0151985,10.719009,0.6555292,21.05642,0.49246029999999996,2.5970306,0.98944443,0.7647024
2011-12-16,0.06875662,0.017289679000000002,1.8169577,10.347054,0.40525128,26.00564,0.7350066,3.4440493,0.10540740999999999,0.6122023999999999
2011-12-17,0.07585538,0.028635363999999996,2.6327292,14.843561,0.51574515,22.720620999999998,0.6314264,0.17311067,1.9260181,0.6257209
2011-12-18,0.08567791,0.022030424,2.3490873,10.044979999999999,0.38795968,19.588908999999997,0.5758631,0.49747018,0.2939815,0.7155357
2011-12-19,0.10231217000000001,0.007771164,1.3762168999999997,6.499999,0.37736242999999997,19.790752,0.37719181,4.11567864,0.011460540000000019,1.8077584
2011-12-20,0.08991402,0.003002646,1.5506845999999999,4.722943,0.37217264,18.030853,0.22926591,1.09369754,0.011460540000000019,0.6361839
2011-12-21,0.1286023,0.011567461,1.897328,4.7753499999999995,0.37719568000000003,23.445127,0.19676587,1.236597835,0.011460540000000019,0.5006900000000001
2011-12-22,0.09403439000000001,0.010271164,2.0456382,3.869517,0.40150135000000003,20.064488,0.27125668000000003,0.23858137,0.07650462999999999,0.5716005
2011-12-23,0.06968255000000001,0.007474867,1.2778836,7.810406,0.39445506999999996,18.430696,0.239877,0.8110674112,0.36555558,0.5494616
2011-12-24,0.14195106000000002,0.021729497,2.1045734,20.702873000000004,0.58742723,25.112963999999998,0.27329366,1.12182254,0.06361113999999998,0.5636144999999999
2011-12-25,0.12008378,0.025209436000000002,1.956433,15.8839,0.44500439999999997,28.865589,0.23695108,0.456876111,0.011460540000000019,0.6007209
2011-12-26,0.09176588,0.027308204,2.0927216,18.160860999999997,0.41286707999999994,19.697566000000002,0.35456677000000003,0.92656742,0.3466435,0.5646561
2011-12-27,0.09260847,0.023123012,1.6782910000000002,19.808055,0.37280687,17.685751,0.34632147,1.20225217,0.48155552999999995,0.5584986999999999
2011-12-28,0.07631832999999999,0.021320547,2.0324515,13.308345,0.34059088000000004,21.558801000000003,0.32485227,2.2218454100000002,0.011460540000000019,0.5592701999999999
2011-12-29,0.07211309,0.021590608,1.8506382000000001,13.079795,0.4544875,17.006595,0.36102512,2.28633579,0.011460540000000019,0.5446098
2011-12-30,0.0663492,0.018308201,1.6951984,10.011794,0.38895499,20.411381,0.3047843,1.46397454,0.011460540000000019,0.5647949999999999
2011-12-31,0.08359458,0.02050265,1.5722123,9.79748,0.44011249,18.834440999999998,0.31165018,1.47478532,0.011460540000000019,0.6397023
2012-01-01,0.07705908,0.028697094,1.7553527,53.957512,0.43114639,15.185282,0.5824449,2.8365980700000004,0.02774690000000002,0.5434987
2012-01-02,0.09083995,0.034808201999999996,2.1280919,69.08605,0.5207605399999999,15.291293,0.49868716,1.7659429100000001,0.64497685,0.5767162
2012-01-03,0.08271958,0.023326720000000002,1.9060872999999998,21.069275,0.43230687,18.655029,0.20513616,0.4715674354,0.011460540000000019,0.5439801
2012-01-04,0.08324735,0.018419313,2.3722817,17.507897,0.42779764,17.273677000000003,0.21493719,0.6009192999999999,0.011460540000000019,0.5239153
2012-01-05,0.12934303,0.020734126999999998,1.9467106999999997,15.042572999999999,0.53694891,16.664789,0.33864859999999997,0.06934523000000001,0.011460540000000019,0.6859678
2012-01-06,0.07257142999999999,0.024845238000000002,2.1623466000000002,7.652369,0.37043653000000004,16.859678,0.3629325,0.47636373,0.2428704,0.7316469
2012-01-07,0.06526124,0.019530423999999998,1.5859391,11.273151,0.35136251,18.680831,0.35699731,0.7600859400000001,0.166412,0.5330357
2012-01-08,0.11742945,0.018727954999999998,1.8114329999999998,12.015165,0.72068344,22.129691,0.33111775,1.26298735,0.011460540000000019,0.5963999
2012-01-09,0.06002976,0.014298941,2.1211012,8.820999,0.41048273,11.170414,0.26975194999999996,1.18300224,0.011460540000000019,0.5364384
2012-01-10,0.12938625,0.005789683,1.153328,5.283739,0.5301031700000001,17.876103999999998,0.48771030000000004,2.91625232,0.011460540000000019,0.5835172000000001
2012-01-11,0.10996032000000001,0.010618386,1.8808466,6.101276,0.48501982,19.262681999999998,0.28882604,0.67760914,0.011460540000000019,0.5491237
2012-01-12,0.14455908,0.018573633,1.8818342,11.957604,0.65454149,20.364818999999997,0.39852518000000003,0.8632032412999999,0.011460540000000019,0.5518012
2012-01-13,0.10026123999999999,0.0177480125,1.74749,10.969726,0.46249676,17.511015,0.39250661,1.25642865,0.49678239,0.5293087999999999
2012-01-14,0.13788624,0.023900794,1.9298467000000001,20.684535,0.65108466,22.544081,0.40126586,1.04195587,0.38049999999999995,0.5807395000000001
2012-01-15,0.11695107000000002,0.027585978,2.1798512,15.343452,0.5944642899999999,20.481524,0.39583999999999997,0.252493391,0.011460540000000019,0.5298644
2012-01-16,0.10712081,0.021814378,1.6362477,8.783035,0.47327600999999997,18.637566,0.29506834,0.10548721,0.011460540000000019,0.5157208999999999
2012-01-17,0.10142328,0.018308201,1.8787540000000003,8.021517000000001,0.5067513100000001,21.25877,0.29208076000000005,0.47377112,0.6774629999999999,0.5722024
2012-01-18,0.21259920999999998,0.03631283,1.7204993,15.385559,1.1526124000000002,35.596845,2.09757556,2.4998079,0.011460540000000019,0.6077348
2012-01-19,0.07999118,0.015641534,1.7527911,8.770505,0.42957231999999995,18.217381,0.29170412,0.4108267,0.011460540000000019,0.5031901
2012-01-20,0.05996032,0.009785053,1.7819344999999998,6.41248,0.44363093,16.202612,0.28757606,2.426399999999997e-5,0.10391204100000001,0.5139848
2012-01-21,0.3463862,0.06543783,1.7005502,74.88915,1.9136218999999999,16.77626,0.987914,1.5485304000000002,2.2146114999999997,0.8453135
2012-01-22,0.05357142999999999,0.0071924602,2.012467,5.8270637,0.30608462999999997,19.036455,0.3471594,2.426399999999997e-5,0.011460540000000019,0.5089154
2012-01-23,0.06113316,0.0016600523300000002,1.7028836,4.6216159999999995,0.40025137,15.697227,0.26105595000000004,0.013943999999999991,0.06783952,0.4671098
2012-01-24,0.05632606,0.0055720907,2.2192955999999997,3.6387300000000007,0.36409392,17.124696,0.2850067,2.426399999999997e-5,0.222731521,0.4866699
2012-01-25,0.051330684,0.0084748672,1.8358466,1.8986098999999999,0.36776989,16.064937,0.29615479,0.37490077499999996,0.011460540000000019,0.5121839
2012-01-26,0.0450992,0.005433201,1.9411011999999999,1.0822254999999998,0.37680227,14.856895,0.28188156,0.034414683,0.011460540000000019,0.4930588
2012-01-27,0.055839942999999996,0.009206349,1.3679299,1.0262302,0.36164019000000003,16.117566,0.9964418,0.426984155,1.10532407,0.6112301
2012-03-11,0.09147762000000001,0.04099537,2.3361688000000003,21.553121,0.56433257,28.825038999999997,1.7655888000000002,8.4033009,8.490738,1.290071
2012-03-12,0.13484182,0.031813269,2.200814,34.829187000000005,0.7472955,39.935839,5.4010058999999995,6.7400594599999994,18.336391999999996,1.1519227
2012-03-13,0.12261188,0.065879629,2.3481598,23.510756,0.62505015,44.79842,5.8292239,1.4736482,20.94831,1.1812979
2012-03-14,0.08335261999999999,0.016597221,2.6503352000000002,9.514533,0.48248072000000003,38.64389,5.718736399999999,0.96049995,20.911661000000002,1.2272238
2012-03-15,0.04735725,0.0061342595,1.7851273,8.618676,0.45808258,31.376016999999997,1.9963292,1.40762959,13.612892,0.9826173
2012-03-16,0.06846837,0.021689812,2.2614001,6.714904,0.47551303,34.023889000000004,1.4108668999999998,0.48093978000000004,11.003447000000001,0.9164597999999999
2012-03-17,0.08291281,0.009537037,2.4256362,10.477103,0.6381983,62.43378,4.2537832,0.42320834399999996,23.027154000000003,1.3552792999999999
2012-03-18,0.13971836,0.023356476,1.9651963,16.121663,0.8607909699999999,43.61343,27.0784147,0.16355555000000002,87.883403,3.6155109000000003
2012-03-19,0.11386188,0.034351855,2.4459141,48.1469,0.70701779,44.43216,42.1722348,0.24869447,38.573655,6.3214828999999995
2012-03-20,0.05369984,0.016712963,2.0541088000000003,18.71775,0.5935224100000001,54.84782,4.8478804,0.37952775000000005,23.865391,1.3755803
2012-03-21,0.09052855,0.014837964,2.4782289,6.918214,0.60944833,47.31664,1.8330426000000002,2.426399999999997e-5,13.781687,1.2872469
2012-03-22,0.071084103,0.0083796297,2.1443402000000003,11.295343999999998,0.56488808,44.874719999999996,4.1009818,0.11800000000000001,19.443382,1.4134275
2012-03-23,0.11157021,0.025810183,2.2285069,33.400161999999995,0.60877696,42.52293,4.4248009,2.426399999999997e-5,19.990642,1.255071
2012-03-24,0.09346836,0.028425927000000004,2.6540859,37.34766,0.59278159,50.15966,9.7005889,2.426399999999997e-5,36.342567,1.7734741
2012-03-25,0.08918596000000001,0.030486106,2.4522805,58.8715,0.63370753,57.763929999999995,17.8209581,2.426399999999997e-5,54.850188,2.2397697
2012-03-26,0.09138503,0.0187268515,1.9865856,63.07916,0.7046335,50.65585,21.723857000000002,2.426399999999997e-5,66.355574,2.7450481
2012-03-27,0.13184799,0.029189817,2.4676046,45.46284,0.6873650099999999,41.01052,5.1662367,2.426399999999997e-5,26.223819,1.4232885
2012-03-28,0.11467205999999999,0.015949069,2.0086689,11.300181,0.6145177100000001,36.14201,1.8302184000000001,2.426399999999997e-5,11.943933000000001,0.9355340000000001
2012-03-29,0.0755054,0.011689809999999998,2.1513771999999998,12.048237,0.48583721,38.94983,6.5500556,2.426399999999997e-5,26.108604,1.2731729
2012-03-30,0.10763504,0.015138894,2.4046412,14.611964,0.5132214900000001,38.5477,5.7105424,2.426399999999997e-5,22.969932,1.138034
2012-03-31,0.08106094999999999,0.0076157429999999995,2.3615857,4.4414084,0.47643899,28.125245,2.3406583000000003,2.426399999999997e-5,12.909071999999998,0.9314599
2012-04-01,0.05832947999999999,0.010782408,2.2579005,8.703759999999999,0.42692522,59.18529,2.4306166,0.201374948,14.263072000000001,0.9325524999999999
2012-04-02,0.09696374,0.023842588999999997,1.9910763999999999,12.286478,0.7797261,52.0805,2.9840378,0.41709718100000004,17.304998,1.3168302
2012-04-03,0.08013503,0.022152779,2.1651735999999997,15.913329000000001,0.54403166,39.42819,3.5082506,0.15376386,19.268771,1.1221079999999999
2012-04-04,0.08085263,0.023472222,2.2728821,40.2828,0.5338696700000001,39.59126,2.6437599,1.7766574,14.75259,1.2210663
2012-04-05,0.10953317,0.047013883,1.9580204,47.50247,0.63428623,32.908487,1.4779962,9.61742117,11.705067,0.9332422
2012-04-06,0.09298225,0.02664352,1.9335301,34.84351,0.54275848,31.916711999999997,0.9363989,4.512004330000001,9.298099,0.8012747
2012-04-07,0.11214892,0.038356477,2.1936926000000003,30.798861,0.51396217,38.581475,1.9549409999999998,3.946680089,11.712728,1.2279645
2012-04-08,0.08707946999999999,0.020162038,1.9832755,20.859001,0.791115,36.504571,2.4593615,0.15788427,14.062798,1.0117839
2012-04-09,0.06846836,0.023263884000000002,1.8506597999999999,18.765412,0.48148537,30.995843999999998,3.6373482,2.426399999999997e-5,17.749604,0.955071
2012-04-10,0.06395448,0.024814816,2.1911921000000003,12.626802,0.5020178200000001,31.698928,2.1321855999999997,0.175662015,11.580089999999998,0.8996081
2012-04-11,0.046176698,0.022129633000000003,2.5954516,6.3941170000000005,0.4669946,25.532216,4.82750000000004e-4,0.70800005,5.5997889999999995,0.633821
2012-04-12,0.033908184,0.0104629647,2.3630208,0.021093115,0.42812886,22.281982,4.82750000000004e-4,3.66573155,4.4605071,0.5814367
2012-04-13,0.027125774000000002,0.006087967000000001,2.3043402,0.021093115,0.37727241,22.933976,4.82750000000004e-4,2.426399999999997e-5,5.516271000000001,0.601159
2012-04-14,0.04427855,0.0059722214999999995,2.3905212999999996,1.2722881999999998,0.40308256,27.906315,0.18658411,2.426399999999997e-5,6.415878,0.6310201
2012-04-15,0.044695213,0.0080786997,2.4420487,7.941431290000001,0.4124344,42.091412000000005,0.8885285599999999,2.426399999999997e-5,7.041108,0.6723627000000001
2012-04-16,0.12471837,0.020486114,2.7179052,30.050894999999997,0.5975733,25.39533,1.3148479,0.031171309999999952,9.787174,0.8668997
2012-04-17,0.07909337,0.026851853000000002,2.0549188999999997,28.132731,0.50058258,36.31413,2.5824642,2.426399999999997e-5,12.83707,0.9839482
2012-04-18,0.07823688,0.017476856,2.6365861,49.89622,0.5254668499999999,35.550568,3.1825563,0.52151849,15.173077,1.0959044
2012-04-19,0.12217206,0.022499999,1.9743171,46.71718,0.58393909,35.656405,2.4513992,2.426399999999997e-5,14.236873000000001,0.9584043
2012-04-20,0.09032022,0.0232407438,2.0016551,35.332499,0.5610686,42.036121,5.1487598,2.426399999999997e-5,21.636158000000002,1.198659
2012-04-21,0.10407021999999999,0.020462964,2.2120951,49.101479999999995,0.5665779,41.20906,9.0373711,2.426399999999997e-5,35.692907,1.694284
2012-04-22,0.12201002,0.022129627,2.0845946,60.15398,0.5768557,35.18738,4.9304727,2.426399999999997e-5,28.405873999999997,1.4759044000000001
2012-04-23,0.14812113999999998,0.088564817,1.7576272999999998,42.98634,0.8080595,42.17812,3.0694079999999997,0.01749076000000005,19.493121000000002,1.1655803
2012-04-24,0.16159336000000002,0.027777777,2.2217013999999997,61.73245,0.6266705,33.007856,2.4244544,2.426399999999997e-5,16.304419000000003,1.0251172
2012-04-25,0.09573688,0.07638888999999999,2.3351736,60.49009,0.6102816999999999,36.8043,3.3352882000000004,2.426399999999997e-5,20.559192,1.1843303
2012-04-26,0.09890817,0.029930555,1.9515624000000003,61.89291000000001,0.6055826,42.644185,2.3167693,0.48026857,19.581637999999998,1.141946
2012-04-27,0.10798225,0.032731481,1.7518170999999998,98.7224,0.7307909,34.356775,4.3855884,0.8122361069999999,25.686248,1.4078718000000001
2012-04-28,0.07918596,0.03231482,2.0289004999999998,76.36412999999999,0.6815085000000001,31.768672000000002,2.302857,0.020662052000000014,17.295599,0.9497701000000001
2012-04-29,0.07775077,0.044050926000000004,2.7329054,63.98326,0.6626196,45.332542000000004,6.217510600000001,2.426399999999997e-5,50.140692,2.0116679
2012-04-30,0.10263503,0.033217595,2.07818293,76.35454,0.7940548000000001,56.45125,11.258250799999999,2.426399999999997e-5,82.68728000000002,3.1158808999999996
2012-05-01,0.08258873,0.03921296,2.6445950000000003,72.31504,0.7465084,48.91689,10.0677183,2.426399999999997e-5,64.500767,2.2515294
2012-05-02,0.07650078,0.029189816,2.7322343,73.42761,0.7919483,51.15948,9.5670007,2.426399999999997e-5,66.822097,2.5468304
2012-05-03,0.07501928999999999,0.020138892000000002,1.7389702000000002,55.14097,0.667226,38.88992,7.2260045999999996,2.426399999999997e-5,45.936039,1.6347237
2012-05-04,0.09265818,0.031944441000000004,2.2528588,38.562360999999996,0.6449345000000001,33.353357,3.5678112,2.426399999999997e-5,30.882888,1.4183116
2012-05-05,0.07314428,0.028402779999999996,1.9525347,32.001199,0.5162307100000001,37.089315,6.419939999999999,2.05038434,35.007615,1.9610895
2012-05-06,0.06119985,0.027615742,2.0141552,34.579921999999996,0.51268907,34.2861,4.7797555,2.426399999999997e-5,33.158179,1.5479413
2012-05-07,0.09696373,0.017245375,2.0326736,34.281223,0.54933257,36.18101,7.8516769,2.426399999999997e-5,36.123634,1.5574784
2012-05-08,0.07071373,0.028541664,1.6856365,77.28869,0.5658833999999999,30.739989,3.3933441,0.34309261,24.98157,1.2341218999999999
2012-05-09,0.07735725,0.025138887999999998,1.6582523999999998,46.79851,0.53120755,39.967116000000004,5.1879031,2.426399999999997e-5,43.082847,1.7259737
2012-05-10,0.08256559,0.025671297,2.3582755,73.42218,0.6261612000000001,32.77636,15.2903767,2.426399999999997e-5,30.15421,4.4988668999999994
2012-05-11,0.09703317,0.024074078999999998,2.3477897,85.32821000000001,0.7776659,60.09585,13.3419536,2.426399999999997e-5,92.533215,3.7065759
2012-05-12,0.11802854,0.026412037,1.8818403,117.00398000000001,0.9483834000000001,50.994839999999996,10.9764453,0.2174676,64.509068,2.6912519
2012-05-13,0.08615355000000001,0.0187731463,2.6845021,90.19881000000001,0.6769020000000001,30.360964000000003,4.5243850000000005,0.36047683999999997,30.591736,1.4856728000000001
2012-05-14,0.1342091,0.035439821999999996,1.8576273,76.38433,0.6705825999999999,28.118461000000003,2.8764687999999996,2.426399999999997e-5,25.308813,1.318983
2012-05-15,0.10103781,0.035162033,2.4410302,39.729771,0.46694836,36.748857,3.850403,2.426399999999997e-5,20.937868,1.2104181999999999
2012-05-16,0.08629243,0.040995368,2.1647336999999998,44.8574,0.47428630000000005,34.388020000000004,7.1236903,2.426399999999997e-5,33.442943,1.5928488
2012-05-17,0.08425541,0.034537042000000004,1.8823495000000001,39.273764,0.46048996000000003,36.28196,7.1900336,2.426399999999997e-5,33.379652,1.6090756
2012-05-18,0.08099151,0.039351851,2.2670022999999997,45.876616,0.47940202,39.15428,8.9126034,2.426399999999997e-5,41.021800999999996,1.7328256
2012-05-19,0.06488039999999999,0.047962963,2.0328125,51.90914,0.45798998999999996,52.225249999999996,5.4197325,2.426399999999997e-5,30.931893,1.5910201
2012-05-20,0.06603781,0.029930563,2.1926505,59.89581,0.5463002,47.26708,7.9037595,2.426399999999997e-5,38.435092,1.8183809000000002
2012-05-21,0.05603781,0.019560188,1.9475578000000002,38.997637,0.42877703,53.247219,3.4078566,0.9566342400000001,17.999603999999998,1.5034505999999999
2012-05-22,0.08913966000000001,0.021412042,2.2501277,37.826693,0.8609297,44.60173,1.2710055,2.426399999999997e-5,10.849187,1.0120848
2012-05-23,0.08749613,0.05159722,2.5316548,22.438330999999998,0.5061613,29.159788000000002,0.43223229999999996,2.426399999999997e-5,7.2446277,0.6967608
2012-05-24,0.05788965,0.0045833347,2.5530904,19.0636518,0.47391584,16.666835,5.97686161,0.03867130000000002,26.468518999999997,1.5869928
2012-05-25,0.25430172,0.043287030000000004,2.1840166,153.80801000000002,1.3558141,63.011480000000006,19.1969098,2.426399999999997e-5,70.54367900000001,2.9803251
2012-05-26,0.10110726,0.032129623999999996,2.7059369999999996,110.87344999999999,0.8968788999999999,39.847491,9.246977300000001,2.426399999999997e-5,39.161018,1.7059278999999998
2012-05-27,0.057982248,0.013935187000000002,1.997118,17.5639537,0.47970295,24.061822999999997,4.82750000000004e-4,2.426399999999997e-5,5.0844649,0.6091451
2012-05-28,0.043954479,0.010069445,2.253669,5.7335140000000004,0.43750386999999996,22.398717,4.82750000000004e-4,2.426399999999997e-5,4.8082616,0.5628256
2012-05-29,0.04423225,0.005532408,2.5964236,0.021093115,0.41102236,22.543395,4.82750000000004e-4,2.426399999999997e-5,5.1259935,0.5994228
2012-05-30,0.040898926700000005,0.012731485,2.5574885,0.021093115,0.42319821,23.911799,4.82750000000004e-4,2.426399999999997e-5,5.57611,0.6096079999999999
2012-05-31,0.004903548999999999,1.2245000000000008e-4,2.4877890739999997,0.021093115,0.46572149999999995,26.513,4.82750000000004e-4,0.21728235600000007,5.067776,0.6583117
2012-08-14,0.07997939,0.014202527999999999,1.2287354000000001,2.0922894000000003,0.1080388,17.978138,4.82750000000004e-4,3.4215722,3.9944102000000004,0.39496679999999995
2012-08-15,0.055394083,0.014850725,1.0701578999999999,2.3800441,0.07581399999999999,19.643921,4.82750000000004e-4,1.5610536999999998,3.4857128000000004,0.5606282
2012-08-16,0.07238618999999999,0.020360425,0.9681358,5.4681141,0.14959305,12.354406000000001,0.20252240000000002,2.9242173499999997,5.037133,2.5888232
2012-08-17,0.07995623,0.026865571999999997,1.4447713,12.913317199999998,0.1334112,34.482122000000004,4.82750000000004e-4,0.80759015,4.4523874,0.48664070000000004
2012-08-18,0.07238619,0.020499325,1.2135953,17.540446,0.13021649999999999,10.432562,0.5390307000000001,0.5307625,2.5775844,0.41232929999999995
2012-08-19,0.05615803,0.018601025,1.0532584,31.597121,0.19244365,20.081018,4.82750000000004e-4,0.3217874,4.81524,0.4852981
2012-08-20,0.06507079,0.020615071999999998,1.2524641,23.11031,0.22770115,21.390591,4.82750000000004e-4,0.26250019999999996,5.06526,0.5128697
2012-08-21,0.06849698,0.028324025000000003,1.8592488,24.496346,0.24240145000000002,18.989655,4.82750000000004e-4,0.6341041,4.1632896,0.44723939999999995
2012-08-22,0.08639193999999999,0.024573725,0.9722335,21.270007,0.2844187,9.765542,4.82750000000004e-4,0.9800345,8.364875999999999,0.5535442
2012-08-23,0.055093140000000006,0.021008622,0.9435041999999999,22.688378,0.16306635,20.41088,4.82750000000004e-4,0.3790142,7.252032000000001,0.5264818
2012-08-24,0.06382069,0.024990422,1.4979930000000001,115.736101,0.1410507,26.364687,4.82750000000004e-4,0.36917545,3.3203986000000003,0.5878525
2012-08-25,0.051666935000000004,0.024434825,1.0242284000000001,50.646057,0.15825115,20.13595,4.82750000000004e-4,0.1735348,3.3199821,0.3981614
2012-08-26,0.041504084999999996,0.022675422,1.4459519,40.919413999999996,0.154524,20.351754000000003,4.82750000000004e-4,0.2841223,2.8390407,0.37221030000000005
2012-08-27,0.044305239999999996,0.023416225,1.6291379,45.210739000000004,0.14412965,20.094677,4.82750000000004e-4,0.21745029999999999,2.4266236,0.40596299999999996
2012-08-28,0.04340239,0.02552288,1.3245532,32.368162999999996,0.13371215,11.962523000000001,4.82750000000004e-4,0.2462721,3.0728091,0.40022175000000004
2012-08-29,0.06567269,0.020591924999999997,1.9018216000000001,32.911423,0.1511904,29.906679999999998,4.82750000000004e-4,0.2696999,3.0271576,0.41716765
2012-08-30,0.06877478,0.012396825000000002,1.5178093999999998,16.589514,0.13088785,28.269790999999998,4.82750000000004e-4,0.31866219999999995,4.5607747000000005,0.5105779
2012-08-31,0.054051379999999996,0.009063225000000001,1.2337357,25.412904,0.13003130000000002,31.975812,4.82750000000004e-4,0.24428119999999998,2.9514107000000003,0.62017
2012-09-01,0.06002408,0.019064025,0.9204930000000001,22.071853,0.11977584999999999,24.342934,4.82750000000004e-4,0.33523745,4.7928774,0.83324259999999994
2012-09-02,0.05421343,0.016239728000000002,0.94327285,14.371141999999999,0.112391,20.051036,4.82750000000004e-4,0.4061691,2.8166778000000003,0.40168024999999996
2012-09-03,0.05557929,0.019156625000000004,1.3484441,15.207712999999998,0.1222066,21.578145,4.82750000000004e-4,0.19805070000000002,2.3785873000000004,0.4385119
2012-09-04,0.13778493,0.018276928,1.2038954,25.720188999999998,0.13056375,21.567500000000003,4.82750000000004e-4,0.29062745,1.8589384000000002,0.4819182
2012-09-05,0.09465648,0.009109525,1.03832675,11.920020000000001,0.1410044,15.968349,4.82750000000004e-4,0.1670065,1.4874966,0.4445772
2012-09-06,0.08284998,0.008739125,1.2591082,14.580996,0.0980843,31.144354,4.82750000000004e-4,0.8374074,3.1430684,0.53402885
2012-09-07,0.06703854,0.008368728,1.0502257,5.6422494,0.1460048,37.972838,4.82750000000004e-4,0.8591451999999999,3.0289398,0.44869795
2012-09-08,0.37055817999999996,0.014781272000000002,1.0284185,3.3321798,1.2328972999999999,47.225781999999995,4.82750000000004e-4,1.54959445,3.1329299999999995,0.47902439999999996
2012-09-09,0.14000733,0.027768427999999998,1.9220551000000001,9.44378,0.37153215000000006,31.040995000000002,4.82750000000004e-4,1.3947899000000001,3.8231004000000004,0.668785
2012-09-10,0.10674078000000001,0.014943327999999999,1.3550649,18.769781,0.21682065,45.479369000000005,1.5166778,1.88040715,2.9318256999999996,0.5199999
2012-09-11,0.07122867999999999,0.013577475,0.77402315,14.285694999999999,0.1062331,18.730237000000002,4.82750000000004e-4,0.6741304,3.0967459,0.49395619999999996
2012-09-12,0.07060364,0.019758522,1.2258416,19.308851999999998,0.09822320000000001,46.696736,4.82750000000004e-4,0.2974336,5.8352059999999994,0.8417849000000001
2012-09-13,0.08062758,0.0031831249999999985,1.1390754,4.683145,0.15213955,21.496382999999998,4.82750000000004e-4,0.17693785,2.4725294,0.3842021
2012-09-14,0.07743288,0.0049888250000000006,1.1234492,4.2599160000000005,0.1252161,30.435895000000002,4.82750000000004e-4,0.2291874,2.8686723,0.42191339999999994
2012-09-15,0.06319563,0.010521675000000001,0.872179,7.364979,0.12227605,26.165526999999997,4.82750000000004e-4,0.14934304999999998,2.9027032,0.41420445000000006
2012-09-16,0.13764604,0.013438577999999998,0.7875196,11.847398,0.1817947,54.89876100000001,4.82750000000004e-4,0.4379541,3.8714614,0.5002761
2012-09-17,0.22978301,0.014665525,1.6953468,12.022760000000002,0.2748346,29.863558,4.82750000000004e-4,0.18673030000000002,4.272998,0.4686764
2012-09-18,0.07676153000000001,0.015012774999999999,0.8814854000000001,8.527295,0.21182025,18.43061,4.82750000000004e-4,4.5187894,3.7815459999999996,0.5592161
2012-09-19,0.10349978,0.0051740250000000005,1.2806608000000002,4.050756,0.264718,55.353781999999995,4.82750000000004e-4,2.2472884,2.5744356,0.4766863
2012-09-20,0.09875404,0.010475375,0.5987544,13.328281,0.2280716,32.29623,4.82750000000004e-4,0.07341104999999999,6.146828,0.5629895
2012-09-21,0.14535498000000002,0.016563824999999997,1.0229782,6.624226,0.23487765,50.306692999999996,4.82750000000004e-4,2.02342795,6.286121,0.6429033
2012-09-22,0.14023884,0.010637427999999999,0.5180073000000001,2.42812657,0.3494007,28.967487,4.82750000000004e-4,0.3303992,2.7423196,0.43358090000000005
2012-09-23,0.19651649000000002,0.011447675000000001,0.9343368000000001,7.386347,0.4211194,30.588754,4.82750000000004e-4,0.44721410000000006,4.330572,0.5252087000000001
2012-09-24,0.15697628000000002,0.008090925,0.9491297,2.5505208,0.4523256,10.419367000000001,4.82750000000004e-4,0.21268145,3.9231553000000003,0.48390910000000004
2012-09-25,0.1993408,0.007836275,0.6327849,1.138624767,0.5263593,20.695418,4.82750000000004e-4,0.1207528,2.0860634,0.37920165
2012-09-26,0.31599363,0.0058222280000000005,0.6841316000000001,2.10492967,0.7477890999999999,18.812627,4.82750000000004e-4,0.0401908,1.756708,0.39077665
2012-09-27,0.31446573,0.007211224999999999,0.5784982,6.562092000000001,0.8850454000000001,9.065601000000001,0.6586468,0.28442245,1.636493,0.334962
2012-09-28,0.35365867,0.009827174999999999,0.7864315,11.421068,0.9692651,21.523773,0.5520642,0.17679820000000002,2.373519,0.3413977
2012-09-29,0.42922022000000004,0.009225275,0.59083725,6.917652,1.6367726999999999,6.420972,0.7237214,0.36929045,2.869369,0.37577550000000004
2012-09-30,1.22101972,0.047584825,0.639892,12.146704,4.5668213,45.29218,1.3042077,1.5513062,4.668633,0.6352637
2012-10-01,0.98884841,0.044816085000000006,1.2176603999999998,15.507178,4.1225633,37.95347,1.3538459999999999,2.3030192,5.3723980000000005,0.8816908999999999
2012-10-02,0.49505887000000004,0.021934625,0.7435113,14.63607,1.7094864,35.28277,0.823359,1.2744091,2.693244,0.6071134
2012-10-03,0.45783368,0.021934622,0.9016028,13.342472,1.5919076,24.395835,0.43987930000000003,0.0961204,1.7174712,0.3087794
2012-10-04,1.5741034999999999,0.07267942499999999,1.1721104,17.58376,5.8084256000000005,12.30218,0.5889422,0.5677784,2.1724848,0.6236193999999999
2012-10-05,4.787278,0.13479087,1.1007854,21.34286,16.148327000000002,43.026650000000004,4.82750000000004e-4,1.6575886,5.736865,0.6396623
2012-10-06,0.51985253,0.036472825,1.2944119,18.747353,1.7528232,49.93678,4.82750000000004e-4,2.1291542999999997,4.845845,0.7026302
2012-10-07,0.31675757,0.022397622,0.9587370000000001,22.082244,1.0833482,39.833887999999995,4.82750000000004e-4,1.20063055,8.476528,0.7181408
2012-10-08,0.31140991999999995,0.021078072,1.1686611999999998,12.517637,1.1435151000000001,23.606807,3.5780009,1.0499243,6.958838,0.5314129000000001
2012-10-09,0.354468975,0.008808575,0.6285485,7.28965,1.3827704,25.552957000000003,4.82750000000004e-4,1.1301855,4.5076920000000005,0.4897891
2012-10-10,2.6321281,0.095482175,0.9752660999999999,9.880203999999999,8.279549,21.66693,4.82750000000004e-4,1.1784994,7.0597259999999995,0.7417307
2012-10-11,0.67750402,0.017258325,0.9260029000000001,9.287633,1.9762434999999998,68.16783000000001,4.82750000000004e-4,1.6225854000000002,6.660734,0.7959478999999999
2012-10-12,2.1704702,0.087541725,1.5328338000000001,9.323654999999999,7.543356200000001,26.66455,4.82750000000004e-4,0.81384075,2.9879184,0.6065345999999999
2012-10-13,0.51811632,0.028763874999999998,1.0638379,6.594408,1.5368568500000002,45.08364,4.82750000000004e-4,1.5760773000000001,2.8482773999999997,0.66005745
2012-10-14,0.31043757,0.018855677999999997,0.7468450999999999,5.960354000000001,0.9422953,41.29074,4.82750000000004e-4,0.23495175,2.4865819000000005,0.6220914000000001
2012-10-15,0.247978955,0.0065861750000000005,1.4047217,1.7898346,0.8808784,45.25510799999999,4.82750000000004e-4,0.3001652,3.2494667,0.5181479999999999
2012-10-16,0.34294017000000004,0.012906125000000001,0.2684503,1.9674417,0.9552594000000001,32.899238,4.82750000000004e-4,0.32699615,2.2258201,0.4774271
2012-10-17,0.37296573,0.018948278000000002,0.58162355,4.564755,1.1773604500000001,40.514547,4.82750000000004e-4,0.44100985,2.5270713000000002,0.4570551
2012-10-18,0.9862324000000001,0.024110722,0.47555015,3.2875704,2.9287040999999996,16.532263,4.82750000000004e-4,1.0374928,2.24519635,0.4961323
2012-10-19,0.32682787,0.014318271999999998,0.8684054999999999,10.518564999999999,0.8695118,23.399339,4.82750000000004e-4,1.0239038,6.5878121,0.7088808
2012-10-20,0.62810188,0.040107375,0.5901196,5.013217,2.3676868,20.040047,4.82750000000004e-4,0.74737705,8.612349,2.0849401000000003
2012-10-21,0.29020450000000003,0.010035525000000002,1.3207103,10.088114000000001,0.6891963,33.29428,4.82750000000004e-4,0.7776803999999999,2.9835198,0.71330245
2012-10-22,0.17146818,0.025777525000000003,1.396897,15.254639000000001,0.4590622,36.453621,4.82750000000004e-4,0.64216025,7.646114,0.5540536
2012-10-23,0.17061163,0.009734575,0.6726493,16.202354,0.45501105,21.304608,4.82750000000004e-4,1.41224535,9.06764,0.6576498
2012-10-24,0.5825658,0.044366975,0.7458727,9.275503,2.0678020000000004,30.135779,4.82750000000004e-4,0.4684195,5.498419,0.5127077
2012-10-25,0.5224453800000001,0.020707675000000002,0.9703351,13.637564999999999,1.4006654,38.892848,4.82750000000004e-4,0.6387803999999999,2.4963739,0.4582589
2012-10-26,0.29001936,0.015035928000000002,1.2756605,15.681293,0.703017,37.438048,4.82750000000004e-4,0.5355546,4.2384344,0.71219125
2012-10-27,0.47160793,0.025800671999999997,0.7929366,21.762262000000003,1.4351589,58.789435,4.82750000000004e-4,0.49761160000000004,3.9145668000000002,0.6055391999999999
2012-10-28,1.1076774,0.06837353,1.1156245999999999,42.76305,3.8956800000000005,31.37255,4.82750000000004e-4,0.6759592,7.265969,1.3005947999999998
2012-10-29,0.13347904,0.004085975,0.49316730000000003,9.907613,0.26978785,15.33194,4.82750000000004e-4,1.1582664,4.1544468000000006,0.7287203999999999
2012-10-30,0.1941783,0.020244675,0.7653187,11.785264,0.5148306500000001,39.627578,4.82750000000004e-4,0.7508494499999999,3.0363938,0.6694794000000001
2012-10-31,0.14929048,0.016610125,1.3613617,17.213198,0.3599109,35.785257,4.82750000000004e-4,0.43073130000000004,3.6745703,0.5840096
2012-11-01,0.17924658999999998,0.026171071999999997,1.3386978,35.491395000000004,0.4842726,10.294288,4.82750000000004e-4,7.005077,3.593916,0.5569241
2012-11-02,0.70924263,0.065664975,0.6233860999999999,21.349131999999997,2.6264814,26.928091000000002,4.82750000000004e-4,11.980727100000001,4.5884160000000005,0.6425329
2012-11-03,0.68289803,0.004711025,1.2424632999999998,9.439312999999999,0.9271088,21.91636,4.82750000000004e-4,2.4820292999999998,2.6016368,1.2767039
2012-11-04,0.36495591,0.013855269900000002,0.3831816,29.0653027,1.0002166,21.657283,4.82750000000004e-4,2.0992903,4.7634078,1.48688295
2012-11-05,0.26779536000000004,0.003715575,0.9713305999999999,12.891647699999998,0.26511155,19.669596,4.82750000000004e-4,1.28156345,3.3449839,0.80613395
2012-11-06,0.63070242,0.045007455,1.0211571,109.22037,2.3156532999999997,27.25426,0.4113046,7.2826830000000005,12.221118,0.9668335
2012-11-07,0.09901681500000001,0.007861079,0.64596451,9.683688465000001,5.58e-5,24.748638,0.8528425,3.78627076,8.691657300000001,0.7347
2012-11-08,0.1319211,0.07715068200000001,1.34167566,8.405512,5.58e-5,13.83062,2.6253257000000003,0.329997463,4.7339080000000004,0.6500347000000001
2012-11-09,0.20924206,0.09780048200000001,2.0260359,7.413558,0.3018419,27.546833,0.8021475,0.95548731,5.6407869999999996,0.6139669
2012-11-10,0.15412195,0.033350877,1.7742565,27.774822999999998,5.58e-5,32.140072,0.997001,2.8539491,6.299288000000001,0.6046142999999999
2012-11-11,0.07184684999999999,0.013974331999999999,1.7264055,4.71267,5.58e-5,17.44158,0.6910042999999999,0.572216,4.417287,0.5511611
2012-11-12,0.08319035,0.003904082,2.1283358,2.7622363000000005,5.58e-5,14.468055,0.4088058,0.11831385999999999,4.153307,0.48101649999999996
2012-11-13,0.04971545,0.009436932,1.8532444,2.0403269,0.027028200000000002,18.095684,0.41281084999999995,0.23445741,4.787385,0.4869198
2012-11-14,0.04022395,0.010293482,2.12653,2.2062197,0.058118649999999994,18.491709999999998,0.625513,0.14042211,4.452774,0.4971752
2012-11-15,0.04869685,0.019021035000000002,1.8676899,2.4583698,0.12717509999999999,17.565155,0.38639665,0.12866186,4.392238,0.49879570000000006
2012-11-16,0.06499445,0.022586135,1.6825825,4.3454422,0.17072025000000002,15.986279,0.374891,0.13361601,4.526831,0.4783312
2012-11-17,0.0893714,0.019970184999999998,1.3518848,16.084992,0.2922345,16.88443,0.523028,0.005040909999999996,4.960408999999999,0.4975455999999999
2012-11-18,0.13963005,0.048421530000000004,1.5039109,41.082750000000004,0.5307953,25.737935999999998,1.4960456,0.6645380500000001,7.370971,0.6796667
2012-11-19,0.10092325,0.07076129,1.9976772,33.467867,0.42967620000000006,40.09434,1.2863297999999999,0.30538905,7.664398,0.6884406
2012-11-20,0.13013855000000002,0.03555014,1.7041583,25.322214,0.41351745,21.964836,0.6431764999999999,0.21519665,4.794284,0.5987343
2012-11-21,0.07994935,0.034276885,1.9179255000000002,20.371446,0.62920605,18.260766,0.4603377,1.6153784,4.008088,0.5999381
2012-11-22,0.15314965,0.035712185,1.6556128,24.06172,0.8660304999999999,38.951941000000005,0.7246182,1.5305333,5.913447,0.587275
2012-11-23,0.10826179999999999,0.028049534999999997,1.8534064,13.335535,0.8313519,40.750643,1.014595,0.4598458,6.049106,0.7395326
2012-11-24,0.1193275,0.040156985,1.9912415,16.768889,1.1074387,20.665782999999998,0.6482694,0.23024409999999998,5.054119,0.5742878
2012-11-25,0.0961312,0.036615035,1.7134416,14.11958,1.708459,23.92675,1.0990462,1.7311744,5.8662220000000005,0.7583767
2012-11-26,0.1027521,0.04022644,2.2426042,58.198221000000004,6.4049919,16.92433,2.1371614,2.4521113999999997,9.011219,0.8050008
2012-11-27,0.1295598,0.11527873999999999,1.3511439,47.814547,6.464348900000001,25.2585,4.281753999999999,3.2436335000000005,16.32692,1.0755317
2012-11-28,0.129282,0.040550535000000006,1.230602,44.258942000000005,6.988836,41.87614,2.5389302000000002,1.1460581,10.337713,0.9976320000000001
2012-11-29,0.2125294,0.033165685,0.9276842000000001,18.964438,5.652988000000001,43.62836,1.2982751000000001,1.4267982,5.9462969999999995,0.7025851000000001
2012-11-30,0.16271059999999998,0.027887485,1.0721402999999998,4.3632446,8.665867,33.884191,1.1461796,0.5721695499999999,5.407805,0.6244076000000001
2012-12-01,0.07911594999999999,0.032957335,0.7395905,2.7477443,7.233646,31.340098,0.7125801,0.14838571,5.5984680000000004,0.5848211
2012-12-02,0.09096875,0.031869285,1.0842245,3.1171037,8.466129,31.233998,0.6707018,0.6893781099999999,4.81917,0.5771121
2012-12-03,0.08698695000000001,0.03795773,0.9729193,7.808914,9.602725,15.1099,1.637168,1.05859746,7.1408380000000005,0.6559379000000001
2012-12-04,0.0746943,0.03832814,0.51496606,8.736511,12.048152,38.58242,2.7041744,1.5904224,11.843505,0.8439622
2012-12-05,0.1017798,0.044717534999999996,0.9727804,4.899005,10.49819,18.662987,1.493337,2.0060808,6.875399,0.6444786
2012-12-06,0.17373,0.049694785,1.4656669999999998,7.366401,10.555139,44.405615000000004,0.921532,0.58082775,6.101333,0.6031096
2012-12-08,0.0837228,0.033073085,1.5300703,20.714135,1.5597434,11.71711,3.1638406999999997,8.9704113,19.898613,1.2712418
2012-12-09,0.10965079999999999,0.036175185000000006,1.4536058,16.274868,1.1582992,44.525189999999995,2.0586138,0.8378159000000001,7.921015000000001,1.1102798
2012-12-10,0.09337635,0.046407485,1.1883763999999999,22.722216,0.8786473,36.6025,2.7041049,0.46162835,12.289674999999999,0.8088204999999999
2012-12-11,0.15088095,0.027956931999999997,1.4427484000000002,9.728627,0.7822971,26.90462,1.4649784000000001,0.46989295,7.77605,0.8202103
2012-12-12,0.11779959999999999,0.031522035000000004,1.4217977,21.324620999999997,0.53815695,21.00397,1.1295348,0.4815837,6.954618999999999,0.687121
2012-12-13,0.12349450000000001,0.040619985000000004,1.3156551,25.80623,0.5161645499999999,14.94124,0.8163153,0.5133918,5.390975,0.5963729999999999
2012-12-14,0.11666525,0.025896585,1.4024211000000002,12.471091999999999,0.46789675000000003,23.63834,0.9201431,0.5555248,6.374226,0.6497338
2012-12-15,0.09082985000000002,0.030804385000000004,1.5779678,8.2943223,0.39020534999999995,48.77505000000001,1.1804185,3.4409179500000002,5.946575,0.5627361
2012-12-16,0.0810837,0.025989182,1.5379414,3.8013700000000004,0.262672,49.36134,0.5600911,0.5849947,4.185092,0.53572
2012-12-17,0.09802949999999999,0.026012332,1.4770105,7.130039999999999,0.3001056,67.51671999999999,0.7712885,0.7971182,5.24161,0.7399260999999999
2012-12-18,0.0983999,0.016937531999999998,1.7151314000000002,7.833152,0.14363474999999998,50.68215000000001,0.6601454,0.57311875,5.110397,0.7381899000000001
2012-12-19,0.12055445000000001,0.032262835,1.2092576,18.303570999999998,0.15546434999999997,42.901186,0.730151,0.2916842,4.249495,0.5897752
2012-12-20,0.12078595,0.024276082,1.6049143000000001,10.414629999999999,5.58e-5,47.73677,0.7773307,0.23670304999999997,4.281326,0.6090823999999999
2012-12-21,0.1408107,0.035920535,1.7620565,24.099151000000003,0.03001455,23.98764,0.7939524,0.9461809999999999,3.4061645,0.5724359
2012-12-22,0.1118269,0.018673782,1.5456965999999999,9.208817,5.58e-5,46.043776,1.4884987,0.07979226,7.1368089999999995,0.6244539
2012-12-23,0.21398786,0.019136782,1.4659449,3.7833137,0.12942065,10.8973,0.5225881,0.3249739,4.3433459,0.5975768
2012-12-24,0.33246955,0.03256378,1.4560134999999998,6.520128999999999,5.58e-5,34.56653,0.5681705,0.17227651000000002,5.460471,0.5715793
2012-12-25,0.1113639,0.023720482,1.4264278,3.6109388,0.08004170000000001,51.65356,0.5410849,0.4844773,5.897822000000001,0.6068136
2012-12-26,0.09066779999999999,0.016729182,1.7253868,2.9924627,0.10478905000000002,48.98559,0.4168852,0.3289326,4.884290999999999,0.5356042
2012-12-27,0.048141250000000003,0.024970585,1.8031015000000001,4.5785167,5.58e-5,39.531289,0.38706799999999997,0.49734881,4.318991,0.4809008
2012-12-28,0.12034610000000001,0.028304185000000003,1.6475335,14.818711,0.17201670000000002,23.627376,0.4800616,1.02572441,4.393465,0.4989114
2012-12-29,0.08439415,0.026614234999999997,2.2801767,13.398966999999999,0.107405,46.373297,0.5905564999999999,0.82941241,4.64918,0.5193761
2012-12-30,0.08166245,0.020664681999999997,1.8295618,14.203498999999999,5.58e-5,35.512311999999994,0.7071399,0.89643161,4.416523,0.6258198
2012-12-31,0.13930594999999998,0.026984632,1.2793095,14.784194,0.11421110000000001,23.487467000000002,0.4220939,0.36398166,3.9970679999999996,0.5300714
2013-01-01,0.10502852,0.028960091700000003,2.0068677,11.030282000000001,0.01508276,39.829713,0.5423197,0.20128347000000002,4.681721,0.5555363
2013-01-02,0.16435421,0.027933781999999997,1.8757924,8.08037,0.20579254999999996,43.64539,0.5405988,1.1854822,4.114577,0.5882937
2013-01-03,0.12699015,0.024877982,1.4974751000000002,7.096309,0.1395372,41.957983999999996,0.4808949,0.7347520000000001,4.5556540000000005,0.5105791
2013-01-04,0.13115715,0.039068932,2.4095852,17.367085,0.13784724999999998,25.408468,1.4297906,0.96460835,4.329455,0.5692644
2013-01-05,0.15296445,0.046592685,1.7767104,70.41728,0.14053264999999998,20.647045,1.6736983,11.39562405,5.886918,0.698557
2013-01-06,0.17949435,0.051546789999999995,1.2096742,83.221014,0.16810434999999999,19.305687999999996,3.2014129999999996,61.66016265,6.285723,0.5377339999999999
2013-01-07,0.20292216,0.05052818,1.9031094999999998,42.899774,0.2291972,16.341771,0.7633249,6.92496985,4.352512,0.4966427
2013-01-08,0.3419147,0.055760080000000004,1.5353485,88.72313600000001,0.17287315000000003,20.329808,0.6763967,5.63530595,3.8999759999999997,0.5514157000000001
2013-01-09,0.5165352000000001,0.06034379000000001,2.1340076,41.777859,0.18264255000000001,21.610761,0.8796306,6.663698200000001,4.848848,0.5242607
2013-01-10,0.7126157,0.06955749,2.3624055,43.91051,0.12666585000000002,44.092559,0.7462865999999999,2.9173344599999997,4.805094,0.5422251
2013-01-11,0.5104931,0.058329740000000005,1.5936634,43.639427,0.14622755,20.605536999999998,0.58187528,1.65600616,4.635636999999999,0.5666252
2013-01-12,0.44574255,0.050551335,1.5906076,95.873892,0.08543565,18.488539,0.7932116,0.92025301,4.078949,0.5856545
2013-01-13,0.22630369,0.048768782,1.6688546,29.025884999999995,0.024528,13.271687,0.6086598999999999,1.886695912,3.6743787,0.5801911
2013-01-14,0.16812770999999999,0.035781632,1.990246,20.040865,5.58e-5,36.331959,1.53169663,1.1936084599999999,7.181697,0.6484373
2013-01-15,0.10944245,0.021984232,1.6192902999999998,13.501198,5.58e-5,15.137322,1.2967241,0.53374061,7.483851,0.7710397
2013-01-16,0.11393355,0.022424082,1.8201399,8.080023,5.58e-5,18.587806999999998,1.6116335,0.50038151,8.947996,0.6656378000000001
2013-01-17,0.12152675,0.021451782,2.0538853,4.811799000000001,5.58e-5,23.795488,0.7476061,1.1899270100000001,5.056248999999999,0.591743
2013-01-18,0.1557193,0.041522832,1.7346932000000002,6.773854,0.06300330000000001,23.758359,0.8008974,9.005899699999999,5.133731999999999,0.5835247
2013-01-19,0.11393355,0.027169832,2.1920908999999997,8.126624,5.58e-5,16.935267000000003,0.9206292,9.0623623,5.983314,0.5924375
2013-01-20,0.12212864999999999,0.015617981999999999,1.75194,6.896827,0.12719825,26.010922,0.7369106999999999,0.72484381,5.911434,0.5903077
2013-01-21,0.1130307,0.027239285,1.9809397,4.1965414,0.09902465,22.099035999999998,0.7205438,0.54272281,5.459407000000001,0.5687087
2013-01-22,0.12925885,0.031429435,1.4659216,2.4823532999999998,0.0731893,26.612201,0.74161030000000006,8.579800899999999,4.854451,0.5885945
2013-01-23,0.06795765000000001,0.026151235,1.6802211999999999,1.7107866,5.58e-5,17.737577,0.6191698999999999,1.99531565,4.2826,0.5452346
2013-01-24,0.09226514999999999,0.021312885,1.5648879,2.3357903,0.028232,16.414161,0.4287843,0.83244501,4.361865,0.5166212000000001
2013-01-25,0.13435185,0.029623734999999998,1.8187740000000001,3.851444,0.41791599999999995,44.70983,0.6330830000000001,1.8441003,4.3088049999999996,0.5545872
2013-01-26,0.11759125000000001,0.033211985,1.6259345,7.399784,0.027699549999999996,57.113299999999995,0.5922001,0.9148590999999999,4.6263309999999995,0.5580829
2013-01-27,0.09110765,0.033073085,1.4977296999999998,9.193237,0.00992035,18.762403,0.6214386000000001,0.37044051,6.152402,0.5507444
2013-01-28,0.08721845,0.028929235,1.951354,8.318144,5.58e-5,19.01835,1.7825963,0.8328848999999999,10.817335,0.6635542
2013-01-29,0.07735655,0.019622935,1.8441232000000003,4.393987,5.58e-5,18.149784999999998,0.53710309999999994,0.8399920000000001,4.872369,0.5715098000000001
2013-01-30,0.07330529999999999,0.026220685,1.5711848000000002,5.601075,5.58e-5,17.219827,0.7612414000000001,0.4329455,4.516044,0.6007252
2013-01-31,0.06800395,0.009853632000000001,0.8276992999999999,6.0177060000000004,5.58e-5,16.367676,0.7175805,3.17318771,5.264993,0.5725747999999999
2013-02-04,0.09456002999999999,0.05818366999999999,1.8777428,5.515534000000001,0.4752695,22.41383,4.210167,15.0788114,6.7119420000000005,33.5729986
2013-02-05,0.10606557999999999,0.024338369999999998,1.7498623000000002,21.529342999999997,0.5732634,23.047259999999998,0.4869293,2.4803228830000004,4.685112,0.5083199
2013-02-06,0.07117853,0.013967166999999999,1.8860537000000002,16.243105,0.5718976,45.803107999999995,0.93967393,1.5697168799999999,3.996516,0.48773960000000005
2013-02-07,0.06628617,0.005185599999999999,1.7193968000000002,0.021093115,0.5319716000000001,33.736092,0.23420089,0.57792492,4.1919249999999995,0.47381110000000004
2013-02-08,0.04948235000000001,5.123870000000003e-4,2.0398299,0.021093115,0.5515348,40.322224999999996,0.147471673,0.9867723399999999,3.9305886000000005,0.5054864
2013-02-09,0.06358533,0.012300367,1.5676023000000001,0.41785680000000003,0.5277273,42.16765000000001,0.24146991,3.5199425,3.234719,0.5117925
2013-02-10,0.033629232999999994,0.011914534000000001,2.1126072999999996,0.021093115,0.4285683,29.468594,0.24697965,1.48494225,3.6173724,0.46624879999999996
2013-02-11,0.04501903,0.007670367,1.5845944,0.021093115,0.4348959,15.088938,0.17644161,0.75323978,3.8487963,0.4868368
2013-02-12,0.05194551,0.027014507,2.0752401,12.470794000000001,0.4026341,20.928192000000003,0.23192287,0.4323947,4.216019,0.4926336
2013-02-13,0.02490168,0.008989917,1.8033156000000001,5.943345600000001,0.4021386,18.98395,0.4022467,2.426399999999997e-5,4.395714,0.45368600000000003
2013-02-14,0.020325696999999997,0.0144456,2.1709144,10.010863,0.3785334,12.511556,1.39450972,2.426399999999997e-5,8.256447,0.5979877
2013-02-15,0.04703308,0.014129217,2.0373158,4.5061934,0.44827659999999997,31.727562,2.468245,0.03954848,9.872679999999999,0.6646519
2013-02-16,0.04487087,0.008198187000000001,1.780198,0.021093115,0.4115978,27.751150000000003,0.5555228,0.058624079999999995,4.9652270000000005,0.5082088
2013-02-17,0.10085684,0.017161867,1.8896574,10.275296999999998,0.5376202,41.1127,2.60889702,0.17653475,14.4479,0.8563726
2013-02-18,0.06323808,0.017948967,1.5951276,12.405321,0.5151106,34.92516,2.69599507,0.04894738,15.832767,0.8831416000000001
2013-02-19,0.06665039,0.020458427,2.0644429,6.688164260000001,0.48473320000000003,33.414931,0.46768254,0.0857744,5.309254,0.5345258
2013-02-20,0.02684628,0.008550067,1.5196817,0.021093115,0.41820480000000004,34.074672,0.17908066299999997,0.5195173799999999,4.483846,0.49246220000000007
2013-02-21,0.10020863999999999,0.0153716,2.225116,0.021093115,0.6273188000000001,30.935996000000003,0.22552730000000001,0.29327248,4.361723,0.4887813
2013-02-22,0.02920758,0.013203217,2.0612066000000002,1.4838686,0.42836759999999996,24.048911,0.41567362,0.05640168,4.376176,0.4961894
2013-02-23,0.08689274999999999,0.009235307000000002,2.1244848,0.3346193999999998,0.6059837,35.449141,0.34309846,0.3043474,4.467836,0.5202283999999999
2013-02-24,0.11245497999999998,0.016583117,2.0238888,12.897282,0.5309452,19.920551,0.42153068,0.01718558,3.348293,0.4985275
2013-02-25,0.10687583,0.026607066999999998,1.9059241,23.230130000000003,0.5865129,31.086129999999997,1.4993329,0.21261787000000001,6.1722372,0.5616885
2013-02-26,0.12331233,0.027463617000000003,2.37357,19.309091000000002,0.6431765,49.419470000000004,0.77841102,0.77759358,6.183356999999999,0.609879
2013-02-27,0.07805871,0.031237067,2.0213283,36.40258,0.5489421,30.201714,0.49161034000000003,1.68138312,5.396799000000001,0.5103942
2013-02-28,0.0854235,0.032934737,1.6713374,45.70325,0.5836424,21.520609999999998,0.57249952,2.30457505,6.360339,0.5111288
2013-03-01,0.15187942999999998,0.03707087,1.9093657,49.59559,0.7366098999999999,29.922234,0.3763187,0.51819788,4.0128594,0.5154270999999999
2013-03-02,0.19203079,0.02644039,1.8695013999999999,81.53984,0.6465795,10.06824,0.34728395,0.4662308,5.472471,0.4783731
2013-03-03,0.13486418,0.034177120000000005,2.0188884,71.58315,0.6520429,15.907129000000001,0.20327243,0.232087083,4.750997,0.47232169999999996
2013-03-04,0.1184817,0.042657734,2.7405279,77.81342,0.6457153,25.161792,0.56067757,2.426399999999997e-5,5.46965,0.522457
2013-03-05,0.07178042999999999,0.036839369999999996,2.7479518,55.432,0.6325506,36.51711,1.09454737,0.19856578,7.883215,0.6489100000000001
2013-03-06,0.06263155000000001,0.020902907,1.5833674,25.490039,0.501679,32.338556,0.8743076,2.336899123,6.940182,0.6973166
2013-03-07,0.039023180000000005,0.018087867,1.6017254,5.7380293,0.45843939999999994,27.5066,1.6989011200000002,1.70901118,9.048054,0.8471665
2013-03-08,0.07715123,0.027100926999999997,1.7684132,0.021093115,0.5529301,48.40737,0.85492945,0.51017257,6.665148,0.6190694999999999
2013-03-09,0.04112983,0.01917592,1.4904896,0.021093115,0.49318759999999995,33.134939,1.1853417199999998,0.28975373000000004,9.124355999999999,0.6574986
2013-03-10,0.08118858999999999,0.001605067,1.5714405999999999,0.021093115,0.49278943,39.73026,0.99803968,0.58205488,6.847378,0.8438467999999999
2013-03-11,0.0053245029999999995,1.2245000000000008e-4,1.9055229,0.021093115,0.40458488,15.976461999999998,0.869159,0.74883365,6.494177,0.500233
2013-03-12,0.018280780000000003,1.2245000000000008e-4,1.8073204999999999,0.021093115,0.42491824999999994,11.959105,0.46202001,0.9868002,4.4828737,0.4258828
2013-03-13,0.03407371,1.2245000000000008e-4,1.7948287,0.021093115,0.44098899,9.769967,1.0009473899999999,49.317418683,4.521062,0.7362641999999999
2013-03-14,0.04474122999999999,0.009777016999999999,1.8108393,1.56882922,0.5416869,36.459217,1.4874029,0.46078583,7.363661,0.6297185000000001
2013-03-15,0.14045877,0.03827467,1.8733598,14.050631,0.7128501999999999,19.360669,0.7563721999999999,0.41170792,5.045018,0.5406065
2013-03-16,0.07242863,0.023018816999999997,2.1741091,16.621955,0.7298964,29.187279999999998,1.0501225,0.42842218,6.971546,0.6093929
2013-03-17,0.14910143,1.2245000000000008e-4,2.3670226,0.021093115,0.5433305,45.493196,1.0837503000000002,0.39757712,6.8321179999999995,0.6316448
2013-03-18,0.13363723,0.008596367,1.4169884000000001,0.021093115,0.7322808,19.83745,0.6461549999999999,1.2479320999999999,5.7330429999999994,0.7116464
2013-03-19,0.11085762999999998,0.022193133,1.8513827,17.212148,0.6084901,41.5141,1.2208538,9.725015,7.4575252,0.6607704000000001
2013-03-20,0.07889211,0.03771907,2.0426819,94.916172,0.6817674,20.952281,2.0771819000000002,21.90055208,9.314983,0.6830006
2013-03-21,0.06566883,0.03065832,1.6307555,37.615256,0.6446812,31.601439,1.9829750000000002,10.967644900000002,9.235707,1.0201433
2013-03-22,0.07113222999999999,0.03719433,2.0034319,36.95795,0.6549752,15.207343000000002,0.7448899,1.56238678,6.600698,0.5843445
2013-03-23,0.06647908,0.034709567000000004,2.2358269999999996,74.81166,0.671049,42.318131,0.53112273,5.71544248,4.916705,0.6008737
2013-03-24,0.06939135,0.04055263,1.9048932,84.02306000000002,0.6859716,37.271569,0.9966692,5.8995918199999995,5.423653,0.5864929000000001
2013-03-25,0.06742822999999999,0.038089467,1.9184405,76.13893999999999,0.6800313,23.160561,1.9725578,4.0989702999999995,8.093302,0.7301664
2013-03-26,0.036839367,0.038521597000000005,1.8839161,34.91557,0.6249111,39.338977,1.2444977000000002,0.74707422,7.372056000000001,0.6762655
2013-03-27,0.042680880000000004,0.023435517,1.7975049,23.897280000000002,0.6032658999999999,49.58917,1.6094038,1.20647008,8.675431,0.8717055
2013-03-28,0.09489339,0.032959427,2.1715255,28.963372,0.7247709,41.4876,1.6464249999999998,1.0397210000000001,8.580442,0.8034918
2013-03-29,0.24559063,0.028250716999999998,1.6597393,55.46151999999999,0.7152887,33.658011,2.1537064,0.29063338,11.64854,0.7972319999999999
2013-03-30,0.042117563299999994,0.024816800299999997,1.7234403999999999,43.450576999999996,0.6930339,42.248599999999996,3.303274,0.38263152,13.909369000000002,0.9027342999999999
2013-03-31,0.02825843,0.025514387,2.3687084,31.082522999999995,0.5932788999999999,30.07224,6.692513399999999,0.59279644,8.71762,0.6894826000000001
2013-04-01,0.054163279999999994,0.031075017000000003,2.0912784,45.46456,0.7231134,40.08614,2.8401268,0.29551808,14.183465,0.7514875000000001
2013-04-02,0.09101037,0.03423114,1.2908749,92.23071,0.9199038000000002,50.69865,8.3356519,0.16128661,35.769142,1.4969793
2013-04-03,0.08043853000000001,0.037441267,1.9917103,33.55782,1.1453461999999999,67.67574,20.8934267,1.5243200000000001,75.11255,2.7872517
2013-04-04,0.07879951,0.039163627,2.0191431,41.84061,1.1156355,44.9882,15.7562016,0.1220551,55.705591999999996,2.3776731
2013-04-05,0.09175887999999999,0.04216387,1.7528023,158.7536,0.9433856,43.805385,7.4747804,0.25616303,27.26298,1.3953585
2013-04-06,0.11397515999999999,0.0288912,2.157364,74.49161000000001,0.7513101,36.43409,6.7615441,0.01698496,29.873116,1.1191404
2013-04-07,0.05224183,0.037950567000000004,1.6845792999999998,53.80646,0.6767439,40.618596999999994,8.3882089,0.61934018,47.920491,1.4454319
2013-04-08,0.08557783,0.027625667,2.2377902,41.772047,0.6560433000000001,37.019076,5.1712068,0.57046134,25.566247,1.0171199
2013-04-09,0.07360928,0.031306517,2.3085645,62.02668,0.704223,30.742686000000003,7.5502034,0.40557313,30.606403,1.2029589
2013-04-10,0.07131744,0.046886474,1.6889005,79.3386,0.7689040999999999,38.785042,11.819386399999999,0.92644042,60.521733999999995,2.1880837
2013-04-11,0.10237547000000001,0.028329427,1.9033189,140.36739,1.030462,51.31885,13.4920212,0.21321052,52.006607,2.2275504
2013-04-12,0.07344723,0.039246967,2.2493004,143.53866,1.0064694,37.82029,14.327874300000001,0.6079505000000001,49.201541999999996,2.1252775
2013-04-13,0.051315833,0.031916139999999996,2.2830222,99.78357,0.9423747,28.530399,7.7226704,0.13322879,29.769658,1.4544141000000002
2013-04-14,0.05205663,0.021282567000000002,2.2225156999999998,58.10193,0.7740201999999999,25.375456,3.9002341,0.08209817999999999,12.611626000000001,0.7969079
2013-04-15,0.043574470000000004,0.026292227,1.9903629,35.595001999999994,0.6553394,35.736706,6.2925186,0.22374840000000001,22.73417,1.1909486999999999
2013-04-16,0.05335303,0.028783167,2.1669093999999998,45.27823,0.6301661000000001,45.699216,6.0682087,0.47009209999999996,21.83943,1.2236549
2013-04-17,0.08332457,0.04034274,2.3092896,71.53223,0.7447664,39.30444,7.121973799999999,0.1352969,24.833669,1.1951033
2013-04-18,0.17736757999999997,0.03781167,1.9911778,113.30623,0.8957660999999999,58.055009999999996,9.2873552,0.559358583,35.236028000000005,1.8585437
2013-04-19,0.07887359,0.03216307,2.1596911999999997,106.43051,0.8802277999999999,54.16204,9.8831396,0.428616683,41.428292,1.6490038
2013-04-20,0.04941753,0.027533067,1.5681577999999998,54.17232,0.6961899,48.95165,5.9506768999999995,1.0753722,27.580281,1.2831967999999998
2013-04-21,0.0507602333,0.027903467,2.2812627,52.955349999999996,0.7644592,51.39948,4.7985159,0.67759335,23.136434,1.2474224
2013-04-22,0.04511163,0.031125947,2.3747455,54.10362,0.6782672,20.985808999999996,0.9926504,0.03182564,6.45142,0.5589908
2013-04-23,0.08680478,0.030056417000000002,2.1156323,30.0608,0.7542733,25.81263,16.8862971,9.6211946,70.062753,3.2363852
2013-04-24,0.04724143,0.012284934,2.7656843,52.64205200000001,0.5894143999999999,6.682664,10.9096528,2.941509,42.836965,1.8511740999999997
2013-04-25,0.05580693,0.026375567000000003,2.302962,49.390249999999995,0.5951634,18.020954,1.1734426,0.18513878,6.567740000000001,0.5090144999999999
2013-04-26,0.066100967,0.04466406,1.9328089,25.175405599999998,0.5094081,12.447847,0.5169086300000001,2.426399999999997e-5,4.582142,0.4780089
2015-07-10,0.20700000000000002,0.065,1.748,0.385,3.0760000000000005,6.254,0.48,0.149,3.1420000000000003,2.227
2015-07-11,0.22500000000000003,0.092,0.899,2.375,0.45899999999999996,3.3339999999999996,0.026000000000000002,0.078,0.6399999999999999,3.2670000000000003
2015-07-12,0.22100000000000003,0.095,1.157,5.599,0.591,2.843,0.045,0.134,0.68,2.132
2015-07-13,0.232,0.069,0.951,5.35,0.568,3.0530000000000004,0.078,0.08099999999999999,0.674,1.086
2015-07-14,0.185,0.063,0.7829999999999999,4.338,0.40900000000000003,2.925,0.142,0.107,0.667,1.024
2015-07-15,0.08199999999999999,1.2245000000000008e-4,0.804,0.9580000000000001,0.266,3.661,0.483,0.112,1.1019999999999999,0.9059999999999999
2015-07-16,0.128,1.2245000000000008e-4,0.784,1.6509999999999998,0.403,3.435,0.252,0.8250000000000001,0.759,0.75
2015-07-17,0.147,0.007,0.527,1.6920000000000002,0.438,3.029,0.055,0.138,0.459,0.649
2015-07-18,0.11100000000000002,0.006,0.848,1.177,0.32199999999999995,2.579,0.153,0.117,0.976,0.698
2015-07-19,0.11,0.003,0.855,2.908,0.32599999999999996,12.671,0.683,0.16999999999999998,1.922,0.6539999999999999
2015-07-20,0.112,0.029,0.9570000000000001,3.348,0.46699999999999997,3.818,0.155,0.094,1.028,0.5840000000000001
2015-07-21,0.113,0.009000000000000001,0.971,2.9299999999999997,0.555,3.391,0.066,0.10900000000000001,0.7370000000000001,0.5569999999999999
2015-07-22,0.10799999999999998,0.011,0.964,1.257,0.331,5.794,0.263,0.117,0.981,0.623
2015-07-23,0.1,0.007,0.661,1.383,0.33799999999999997,20.897000000000002,0.438,0.12400000000000001,1.515,0.587
2015-07-24,0.11700000000000002,0.005,1.028,2.013,0.43100000000000005,2.739,0.236,0.17800000000000002,1.2610000000000001,0.5569999999999999
2015-07-25,0.136,0.011,0.789,1.9460000000000002,0.43500000000000005,3.095,0.063,0.142,0.8300000000000001,0.5640000000000001
2015-07-26,0.09,0.013,1.073,1.3780000000000001,0.357,5.824,0.368,0.09,1.233,0.643
2015-07-27,0.116,0.009000000000000001,0.79,3.378,0.32199999999999995,5.0889999999999995,0.829,0.157,3.261,0.642
2015-07-28,0.10200000000000001,0.007,0.964,3.487,0.436,4.583,0.442,0.127,1.25,0.607
2015-07-29,0.128,0.008,0.8929999999999999,3.044,0.505,3.658,0.173,0.083,0.7609999999999999,0.5740000000000001
2015-07-30,0.099,0.011,1.002,2.307,0.38399999999999995,3.638,1.0030000000000001,0.063,3.3200000000000003,0.779
2015-07-31,0.096,0.003,0.7070000000000001,2.318,0.32099999999999995,7.419,2.456,0.34500000000000003,8.847,0.8699999999999999
2015-08-01,0.126,0.016,0.887,2.359,0.486,4.641,1.5799999999999998,0.09899999999999999,4.061,0.765
2015-08-02,0.11500000000000002,0.002,1.0659999999999998,2.495,0.483,3.476,0.655,0.072,1.669,0.5880000000000001
2015-08-03,0.088,0.004,0.9509999999999998,3.515,0.375,5.613,1.3579999999999999,0.08,5.8309999999999995,0.822
2015-08-04,0.094,0.005,0.8350000000000001,4.952,0.388,10.203000000000001,1.913,0.035,7.9190000000000005,0.7819999999999999
2015-08-05,0.11800000000000001,0.01,0.938,3.793,0.544,6.341,0.953,0.046,4.2780000000000005,0.7569999999999999
2015-08-06,0.204,0.036,0.9950000000000001,5.814,0.5940000000000001,5.048,0.384,0.054,1.843,0.639
2015-08-07,0.087,0.016,0.7969999999999999,3.5980000000000003,0.45199999999999996,7.305000000000001,0.6040000000000001,0.112,3.251,0.865
2015-08-08,0.10300000000000001,0.01,0.861,4.259,0.44699999999999995,16.282,1.135,0.125,4.293,0.6499999999999999
2015-08-09,0.13,0.03,0.931,7.257,0.55,11.122,1.124,0.08900000000000001,5.429,0.784
2015-08-10,0.121,0.025,0.829,5.172,0.513,5.469,0.5499999999999999,0.17800000000000002,2.456,0.7030000000000001
2015-08-11,0.096,0.004,1.234,2.1849999999999996,0.40700000000000003,5.893,0.892,0.224,3.4,0.694
2015-08-12,0.08,0.008,0.913,1.936,0.39,4.321000000000001,1.073,0.275,4.011,0.642
2015-08-13,0.11100000000000002,0.009999999999999998,0.97,3.9000000000000004,0.723,6.264,0.959,0.48400000000000004,3.226,0.77
2015-08-14,0.129,0.022,1.048,6.539,0.7270000000000001,3.056,0.382,0.369,1.6179999999999999,0.553
2015-08-15,0.119,0.017,1.137,9.545,0.567,6.97,0.44000000000000006,0.264,1.319,0.7730000000000001
2015-08-16,0.11499999999999999,0.019,1.363,10.218,0.472,5.8919999999999995,0.383,0.129,0.835,0.509
2015-08-17,0.122,0.028,0.771,11.254,0.609,5.356,0.262,0.19,1.361,0.527
2015-08-18,0.12,0.019,0.855,10.507,0.497,3.682,0.11699999999999999,0.127,0.777,0.5409999999999999
2015-08-19,0.136,0.02,0.8680000000000001,7.448,0.493,4.41,0.522,0.09,1.57,0.648
2015-08-20,0.10300000000000001,0.015,1.015,10.302999999999999,0.875,10.078,1.4960000000000002,0.174,5.71,0.6679999999999999
2015-08-21,0.127,0.036,0.888,10.934999999999999,0.687,15.192,2.645,0.13799999999999998,9.82,1.1199999999999999
2015-08-22,0.148,0.038,0.957,25.792,0.6280000000000001,14.598999999999998,1.907,0.088,7.727,0.9830000000000001
2015-08-23,0.116,0.019,1.041,27.771,0.574,5.971,2.008,0.218,7.004999999999999,0.9069999999999999
2015-08-24,0.128,0.015,1.169,15.871,0.5840000000000001,2.569,1.224,0.329,3.2640000000000002,0.81
2015-08-25,0.124,0.025,0.8360000000000001,21.373,0.593,7.092,0.41300000000000003,0.08399999999999999,1.231,0.694
2015-08-26,0.134,0.036,0.867,18.128,0.629,6.4159999999999995,0.179,0.10700000000000001,1.0499999999999998,0.722
2015-08-27,0.115,0.020999999999999998,0.8739999999999999,13.043,0.45199999999999996,3.8310000000000004,0.316,0.07999999999999999,0.8580000000000001,0.7729999999999999
2015-08-28,0.109,0.024,0.9369999999999999,14.832,0.6799999999999999,5.632,0.504,0.10300000000000001,1.873,0.704
2015-08-29,0.123,0.031,1.176,16.315,0.714,3.704,0.504,0.153,1.141,0.592
2015-08-30,0.135,0.033,1.1119999999999999,13.248000000000001,0.982,3.356,0.18100000000000002,0.16999999999999998,0.847,0.56
2015-08-31,0.119,0.02,0.938,9.331,0.509,9.44,0.41400000000000003,0.5670000000000001,0.911,0.877
2015-09-01,0.101,0.018000000000000002,1.163,8.334999999999999,0.44600000000000006,10.032,2.316,0.184,2.7729999999999997,0.62
2015-09-02,0.10600000000000001,0.027999999999999997,0.906,17.473,0.614,4.933999999999999,0.597,0.08199999999999999,1.467,0.6639999999999999
2015-09-03,0.126,0.015,1.028,16.979,0.573,6.0120000000000005,0.223,0.073,1.054,0.696
2015-09-04,0.11199999999999999,0.021,0.745,18.561,0.643,20.546,0.509,0.11100000000000002,0.878,0.754
2015-09-05,0.093,0.016,1.138,13.338000000000001,0.39599999999999996,1.7530000000000001,0.513,0.07,1.329,0.5700000000000001
2015-09-06,0.11,0.023,0.9390000000000001,14.208000000000002,0.6599999999999999,6.5440000000000005,0.293,0.172,1.222,0.73
2015-09-07,0.223,0.03899999999999999,0.9570000000000001,16.753,0.563,10.387,0.11,0.149,0.6859999999999999,0.653
2015-09-08,0.1,0.028,1.1099999999999999,8.955,0.417,9.943000000000001,0.186,0.182,1.029,0.632
2015-09-09,0.093,0.027,0.9640000000000001,12.036,0.486,16.09,0.32499999999999996,0.126,1.194,0.5569999999999999
2015-09-10,0.113,0.026999999999999996,1.137,36.078,0.672,19.252,0.16999999999999998,0.22699999999999998,1.8960000000000001,0.714
2015-09-11,0.12100000000000001,0.029,0.874,30.336,1.022,9.559000000000001,0.1,0.11199999999999999,0.9199999999999999,0.613
2015-09-12,0.137,0.024,1.079,16.038,0.9119999999999999,16.560000000000002,0.39,0.065,0.89,0.666
2015-09-13,0.10600000000000001,0.026000000000000002,1.0790000000000002,16,0.526,12.337,0.44,0.135,2.4759999999999995,1.106
2015-09-14,0.129,0.033,0.906,23.622,0.6719999999999999,17.047,0.29200000000000004,0.206,0.734,0.647
2015-09-15,0.135,0.033,1.073,18.737000000000002,0.696,13.831,0.266,0.229,0.716,0.615
2015-09-16,0.137,0.026000000000000002,0.9450000000000001,12.254000000000001,0.649,2.311,0.239,0.159,1.137,0.687
2015-09-17,0.152,0.033999999999999996,1.098,26.162,0.7,1.4180000000000001,0.632,0.153,2.654,0.731
2015-09-18,0.148,0.031,1.124,22.438000000000002,0.817,1.999,0.42200000000000004,0.198,1.84,0.77
2015-09-19,0.122,0.026000000000000002,1.221,11.689,0.718,19.947,0.507,0.26899999999999996,0.873,0.8420000000000001
2015-09-20,0.137,0.027999999999999997,0.79,12.146,0.628,17.071,0.46,0.38,1.846,0.709
2015-09-21,0.127,0.019,0.8029999999999999,8.347000000000001,0.45399999999999996,9.007000000000001,0.306,0.128,1.6529999999999998,0.7230000000000001
2015-09-22,0.12,0.023,0.97,23.109,0.6779999999999999,12.668,0.336,0.214,1.072,0.721
2015-09-23,0.128,0.022,0.9570000000000001,16.787,0.5900000000000001,19.486,0.268,0.10500000000000001,1.033,0.603
2015-09-24,0.12499999999999999,0.016,0.7390000000000001,12.334,0.638,2.532,0.369,0.228,1.264,1.079
2015-09-25,0.121,0.018,1.067,10.920000000000002,0.639,17.647000000000002,0.394,0.179,1.43,0.583
2015-09-26,0.109,0.033,0.9249999999999999,19.421000000000003,0.807,18.505,0.555,0.204,1.081,0.6890000000000001
2015-09-27,0.15100000000000002,0.038,0.79,16.934,0.985,15.913,0.195,0.20900000000000002,0.9770000000000001,0.591
2015-09-28,0.114,0.013,0.8220000000000001,7.5969999999999995,0.625,7.233,0.271,0.119,0.8109999999999999,0.641
2015-09-29,0.10200000000000001,0.02,1.073,9.239,0.679,10.045000000000002,0.246,0.14100000000000001,1.116,0.829
2015-09-30,0.128,0.040999999999999995,0.938,11.705,0.8200000000000001,3.605,0.15600000000000003,0.121,1.0270000000000001,0.6020000000000001
2015-10-01,0.125,0.020999999999999998,1.073,8.914000000000001,0.723,12.364,0.15400000000000003,0.16699999999999998,0.7540000000000001,0.5229999999999999
2015-10-02,0.117,0.023,0.7899999999999999,12.477,0.597,2.5570000000000004,0.155,0.189,1.162,0.6220000000000001
2015-10-03,0.131,0.013000000000000001,0.9570000000000001,17.237000000000002,0.931,2.7049999999999996,0.172,0.116,1.004,0.7050000000000001
2015-10-04,0.118,0.019,1.112,15.367,1.0270000000000001,4.747,0.105,0.09699999999999999,0.745,0.569
2015-10-05,0.13999999999999999,0.027000000000000003,0.912,19.178,0.872,4.181,0.196,0.10099999999999999,0.9529999999999998,0.488
2015-10-06,0.125,0.019,1.323,9.406,0.642,3.132,0.094,0.127,0.856,0.606
2015-10-07,0.152,0.039999999999999994,1.1179999999999999,12.347,0.762,9.957999999999998,0.162,0.11900000000000001,0.714,0.54
2015-10-08,0.11599999999999999,0.025,0.976,13.98,0.892,13.413,0.38,0.219,1.831,0.527
2015-10-09,0.14,0.027000000000000003,0.636,10.312,0.7989999999999999,18.86,2.1759999999999997,0.342,1.3530000000000002,0.5640000000000001
2015-10-10,0.173,0.027999999999999997,0.681,11.32,0.848,14.478000000000002,0.47700000000000004,0.199,1.528,0.637
2015-10-11,0.1,0.027,0.9060000000000001,21.064999999999998,0.683,20.362000000000002,0.434,0.272,1.181,0.632
2015-10-12,0.115,0.027999999999999997,0.9119999999999999,18.65,0.9,14.385,0.164,0.225,1.067,0.565
2015-10-13,0.162,0.035,1.0470000000000002,16.605999999999998,0.865,2.509,0.264,0.188,1.259,0.544
2015-10-14,0.136,0.026,0.804,11.29,0.844,1.768,0.997,0.296,1.9020000000000001,0.816
2015-10-15,0.11699999999999999,0.019,0.829,6.765,0.8360000000000001,2.42,0.405,0.45899999999999996,1.717,0.687
2015-10-16,0.14800000000000002,0.013999999999999999,0.855,6.506,1.044,2.3689999999999998,0.684,0.252,1.915,0.611
2015-10-17,0.13,0.017,1.008,6.751,0.8380000000000001,20.54,0.193,0.48,1.457,0.614
2015-10-18,0.13,0.009,1.047,5.421,0.611,2.141,0.355,0.161,0.9259999999999999,0.609
2015-10-19,0.13499999999999998,0.034,0.867,6.319,0.706,20.455000000000002,0.28700000000000003,0.259,1.262,0.5700000000000001
2015-10-20,0.138,0.023,0.937,7.4270000000000005,0.898,9.052,0.28,0.19599999999999998,1.0979999999999999,0.5429999999999999
2015-10-21,0.134,0.019,0.745,9.72,1,6.09,0.088,0.10900000000000001,0.752,0.54
2015-10-22,0.137,0.018000000000000002,0.745,5.579,1.2269999999999999,17.782,0.482,0.30600000000000005,0.686,0.746
2015-10-23,0.13,0.024,1.221,7.961,1,17.509,0.356,0.196,1.75,0.6880000000000001
2015-10-24,0.12,0.028,0.861,8.645,1.09,10.149000000000001,0.35300000000000004,0.103,2.8209999999999997,0.798
2015-10-25,0.154,0.018000000000000002,0.8029999999999999,9.657,1.314,17.312,0.163,0.315,1.1780000000000002,0.534
2015-10-26,0.21100000000000002,0.039,0.873,6.609,0.8400000000000001,1.786,0.28600000000000003,0.201,1.3650000000000002,0.5920000000000001
2015-10-27,0.134,0.015,1.119,5.73,0.869,1.315,0.478,0.26,0.789,0.499
2015-10-28,0.162,0.032,0.815,8.287,0.998,1.96,0.898,0.252,0.733,0.505
2015-10-29,0.127,0.025,0.8220000000000001,9.41,1.2189999999999999,10.856000000000002,0.134,0.269,0.956,0.573
2015-10-30,0.12,0.006,0.874,4.744,0.87,9.234,0.28600000000000003,0.221,0.738,0.635
2015-10-31,0.145,0.016,0.829,5.960000000000001,1.025,2.802,0.249,0.232,0.67,0.522
2015-11-01,0.14800000000000002,0.031,1.105,13.951,1.516,3.0949999999999998,0.14200000000000002,0.185,2.511,0.5640000000000001
2015-11-02,0.20700000000000002,0.027999999999999997,0.932,19.049,1.815,18.106,0.089,0.151,0.714,0.887
2015-11-03,0.151,0.022,0.733,9.824,0.753,13.445999999999998,0.221,0.099,0.631,0.595
2015-11-04,0.14400000000000002,0.02,0.6869999999999999,5.333,0.764,17.492,0.335,0.141,1.7880000000000003,0.565
2015-11-05,0.16,0.035,0.817,11.469,0.9490000000000001,21.444,0.101,0.148,1.0799999999999998,0.5069999999999999
2015-11-06,0.167,0.017,1.182,9.112,0.8729999999999999,15.92,0.08299999999999999,0.159,0.8260000000000001,0.521
2015-11-07,0.134,0.012,0.875,5.736000000000001,0.7070000000000001,9.420000000000002,0.14200000000000002,0.152,0.5720000000000001,0.565
2015-11-08,0.14,0.017,1.388,9.479,0.8119999999999999,3.747,0.28300000000000003,0.161,2.925,0.5640000000000001
2015-11-09,0.20900000000000002,0.028999999999999998,1.086,16.171,1.482,2.087,0.08900000000000001,0.078,0.442,0.5429999999999999
2015-11-10,0.183,0.03900000000000001,0.8360000000000001,29.849,1.278,13.323,0.07,0.185,1.1059999999999999,0.499
2015-11-11,0.138,0.063,0.7969999999999999,13.475,0.742,17.964000000000002,0.198,0.15500000000000003,1.038,0.571
2015-11-12,0.174,0.020999999999999998,1.079,12.205,1.129,8.986,0.451,0.152,1.07,0.659
2015-11-13,0.153,0.023,0.957,9.557,1.068,18.916999999999998,0.168,0.164,0.8979999999999999,1.516
2015-11-14,0.153,0.029,0.816,12.084000000000001,0.927,9,0.10700000000000001,0.17600000000000002,0.46099999999999997,0.52
2015-11-15,0.138,0.019,1.073,10.387,0.779,11.311,0.514,0.167,0.761,0.645
2015-11-16,0.142,0.016,1.0859999999999999,9.693,0.78,22.692,0.9420000000000001,0.206,2.409,0.959
2015-11-17,0.24,0.037,1.2910000000000001,14.511,1.631,10.722,0.246,0.09,0.853,0.55
2015-11-18,0.183,0.028999999999999998,0.919,15.082999999999998,1.217,5.478,0.085,0.146,0.8160000000000001,0.539
2015-11-19,0.1,0.011,0.925,7.802,0.669,9.662,0.275,0.10099999999999999,0.898,0.583
2015-11-20,0.131,0.018000000000000002,0.726,13.282,0.8460000000000001,11.741000000000001,0.522,0.172,1.586,0.511
2015-11-21,0.14,0.017,0.983,10.523,0.8659999999999999,1.848,0.21700000000000003,0.131,0.676,0.5940000000000001
2015-11-22,0.137,0.033,0.893,9.259,1.51,19.717000000000002,0.116,0.24800000000000003,0.8440000000000001,0.52
2015-11-23,0.156,0.026000000000000002,0.809,10.914,1.228,5.053,0.376,0.31400000000000006,1.754,0.639
2015-11-24,0.22500000000000003,0.031,0.8999999999999999,8.081,1.085,8.6,0.764,0.878,1.3760000000000001,0.594
2015-11-25,0.267,0.037,1.022,17.354,1.5550000000000002,13.793000000000001,0.313,0.209,1.198,0.609
2015-11-26,0.172,0.019,1.054,8.094999999999999,0.863,5.476000000000001,0.08999999999999998,0.13,0.53,0.5720000000000001
2015-11-27,0.131,0.017,0.81,5.039,0.501,8.044,0.321,0.152,1.059,0.621
2015-11-28,0.11500000000000002,0.014,0.861,5.229,0.601,12.932000000000002,0.44499999999999995,0.14,1.541,0.5720000000000001
2015-11-29,0.16299999999999998,0.017,0.8160000000000001,13.875,1.0939999999999999,21.231,0.279,0.183,1.205,1.049
2015-11-30,0.214,0.034,0.681,17.495,1.0739999999999998,8.453999999999999,0.128,0.099,0.6910000000000001,0.544
2015-12-01,0.105,0.01,0.913,8.495000000000001,0.648,3.458,0.459,0.194,1.646,0.616
2015-12-02,0.194,0.019,1.0010000000000001,6.683,0.8240000000000001,17.583000000000002,0.644,0.156,2.8080000000000003,0.808
2015-12-03,0.14300000000000002,0.015,1.021,9.251,0.8440000000000001,11.801000000000002,0.659,0.148,1.585,0.6419999999999999
2015-12-04,0.175,0.023,0.886,9.179,1.201,14.098000000000003,0.22699999999999998,0.21,0.5529999999999999,0.535
2015-12-05,0.155,0.009,0.8150000000000001,4.473,0.6439999999999999,10.291,0.47500000000000003,1.1460000000000001,1.7429999999999999,0.768
2015-12-06,0.10300000000000001,0.011,0.879,5.322,0.596,10.892000000000001,1.075,1.79,2.9770000000000003,0.623
2015-12-07,0.21100000000000002,0.022,0.841,8.274000000000001,1.326,3.2,0.29800000000000004,0.332,1.206,0.55
2015-12-08,0.269,0.020999999999999998,0.764,9.697000000000001,1.368,7.688000000000001,0.198,0.143,0.9570000000000001,0.59
2015-12-09,0.252,0.026000000000000002,1.028,13.458,1.0150000000000001,8.861,0.433,0.145,1.573,0.8059999999999999
2015-12-10,0.128,0.012,0.868,6.6739999999999995,0.536,17.73,0.5770000000000001,0.264,1.445,0.582
2015-12-11,0.163,0.027999999999999997,1.292,9.126,0.9259999999999999,16.615,0.4,0.29600000000000004,1.371,0.628
2015-12-12,0.149,0.015,1.234,13.642,0.722,12.434999999999999,0.162,0.129,1.048,0.594
2015-12-13,0.094,0.004,0.803,7.882000000000001,0.47100000000000003,18.643,0.29100000000000004,0.096,1.049,0.626
2015-12-14,0.123,0.012,0.9059999999999999,9.304,0.564,21.270999999999997,0.545,0.278,1.8290000000000002,0.625
2015-12-15,0.16599999999999998,0.016,1.117,12.569,0.827,13.202000000000002,0.9530000000000001,0.17300000000000001,1.6010000000000002,0.663
2015-12-16,0.264,0.046,1.035,22.614,1.288,7.819999999999999,0.5880000000000001,0.136,3.1130000000000004,0.5790000000000001
2015-12-17,0.129,0.023,1.143,12.059000000000001,0.575,11.629999999999999,1.3739999999999999,0.069,9.267,0.764
2015-12-18,0.131,0.022,0.8679999999999999,10.738,0.647,21.491,1.884,0.264,9.423,0.938
2015-12-19,0.14900000000000002,0.024,0.9059999999999999,31.240000000000002,1.2149999999999999,13.725999999999999,0.7110000000000001,0.165,3.2590000000000003,0.692
2015-12-20,0.139,0.028999999999999998,0.899,24.904,4.768,7.042,0.359,0.141,1.797,0.532
2015-12-21,0.134,0.017,0.855,10.146999999999998,0.6040000000000001,17.914,0.613,0.252,2.311,0.7210000000000001
2015-12-22,0.134,0.017,1.06,7.589,0.542,25.511,0.754,0.493,3.2399999999999998,0.647
2015-12-23,0.15999999999999998,0.015,1.015,19.177,0.847,19.417,0.5690000000000001,0.382,1.357,0.624
2015-12-24,0.182,0.026,0.565,14.75,0.95,12.384,0.351,0.308,0.897,0.553
2015-12-25,0.14,0.006,0.875,8.267,0.823,13.607,0.386,0.24500000000000002,0.827,0.599
2015-12-26,0.15799999999999997,0.022,0.848,16.798000000000002,2.6220000000000003,22.105999999999998,0.494,0.334,1.345,0.553
2015-12-27,0.254,0.011,0.919,19.205,6.9079999999999995,29.219,0.525,0.22899999999999998,1.184,0.7100000000000001
2015-12-28,0.221,0.025,1.093,8.892,1.07,20.758000000000003,0.322,0.18000000000000002,1.008,0.579
2015-12-29,0.132,0.020999999999999998,0.9630000000000001,5.286999999999999,0.634,34.45399999999999,0.7150000000000001,0.42200000000000004,2.36,0.683
2015-12-30,0.139,0.009,0.687,8.367,0.659,24.521,0.603,0.119,2.7329999999999997,0.803
2015-12-31,0.21500000000000002,0.029,1.072,14.672,0.9450000000000001,32.28,0.533,0.206,2.9379999999999997,0.624
2016-01-01,0.197,0.025,0.984,9.561,1.018,17.696,0.21500000000000002,0.154,1.829,0.522
2016-01-02,0.22199999999999998,0.01,0.919,5.828,0.7469999999999999,17.422,0.33299999999999996,0.195,1.02,0.6180000000000001
2016-01-03,0.151,0.032,0.739,10.019,0.996,13.322000000000001,0.276,0.15400000000000003,1.2930000000000001,0.533
2016-01-04,0.16499999999999998,0.029,0.6869999999999999,10.698,1.513,17.854,0.262,0.08600000000000001,1.1269999999999998,0.549
2016-01-05,0.146,0.009000000000000001,0.649,10.043,4.617000000000001,18.535,0.5810000000000001,0.31000000000000005,0.8600000000000001,0.5740000000000001
2016-01-06,0.191,0.023,0.996,16.895,0.771,16.007,0.316,0.064,1.1389999999999998,0.575
2016-01-07,0.22499999999999998,0.026,0.816,10.51,1.0139999999999998,16.673000000000002,0.327,0.19,0.908,0.501
2016-01-08,0.16899999999999998,0.017,1.034,10.076,0.939,16.970000000000002,0.192,0.19699999999999998,0.643,0.556
2016-01-09,0.17099999999999999,0.018,0.489,9.309999999999999,1.0699999999999998,8.059000000000001,0.163,0.109,0.627,0.497
2016-01-10,0.094,0.005,0.97,6.632000000000001,0.688,17.829,0.28400000000000003,0.187,1.188,0.645
2016-01-11,0.13499999999999998,0.005,0.9830000000000001,4.476,0.7130000000000001,42.778000000000006,0.41600000000000004,0.271,1.7029999999999998,0.9219999999999999
2016-01-12,0.138,0.011,0.9369999999999999,6.7059999999999995,1.023,10.652000000000001,0.374,0.124,1.156,0.533
2016-01-13,0.193,0.03,0.861,5.839,0.972,7.133,0.222,0.11000000000000001,1.2530000000000001,0.541
2016-01-14,0.20400000000000001,0.008,0.706,11.716000000000001,0.8069999999999999,13.884999999999998,0.34900000000000003,0.19899999999999998,1.2109999999999999,0.5880000000000001
2016-01-15,0.14500000000000002,0.008,0.854,6.959,0.621,14.685000000000002,0.35100000000000003,0.132,1.345,0.616
2016-01-16,0.154,0.015,1.079,5.478999999999999,0.797,8.102,0.273,0.048,1.223,0.502
2016-01-17,0.14200000000000002,0.013,0.713,4.653,0.813,5.372999999999999,0.127,0.132,0.728,0.513
2016-01-18,0.119,0.008,0.951,4.167,0.625,13.565999999999999,0.27,0.2,1.198,0.6080000000000001
2016-01-19,0.132,0.002,0.8860000000000001,3.0749999999999997,0.58,41.746,0.369,0.328,0.858,0.526
2016-01-20,0.169,0.015,0.855,4.511,0.8779999999999999,30.887,0.316,0.5670000000000001,0.802,0.527
2016-01-21,0.199,0.01,0.977,5.8999999999999995,0.822,8.924,0.852,0.133,0.756,0.539
2016-01-22,0.134,0.006,0.7140000000000001,3.167,0.46399999999999997,11.328,0.308,0.07,1.145,0.5840000000000001
2016-01-23,0.108,0.008,0.784,2.836,0.47,12.07,0.357,0.066,1.146,0.462
2016-01-24,0.127,0.008,0.649,3.137,0.597,6.662999999999999,0.24400000000000002,0.10099999999999999,1.144,0.508
2016-01-25,0.13899999999999998,0.011,0.868,2.417,0.6259999999999999,6.101000000000001,0.175,0.119,0.7300000000000001,0.528
2016-01-26,0.10200000000000001,0.008,0.707,2.383,0.434,20.153000000000002,0.346,0.147,1.335,0.595
2016-01-27,0.10200000000000001,1.2245000000000008e-4,0.867,2.048,0.395,13.872,0.44299999999999995,0.132,1.679,0.556
2016-01-28,0.162,0.011,0.7000000000000001,3.1879999999999997,0.812,15.137,0.28700000000000003,0.134,1.209,0.526
2016-01-29,0.161,0.004,0.842,3.6689999999999996,0.656,8.438,0.18100000000000002,0.25,0.827,0.536
2016-01-30,0.132,0.009,0.8479999999999999,12.319,1.0050000000000001,12.940999999999999,0.194,0.097,1,0.575
2016-01-31,0.10400000000000001,0.001,0.783,3.4450000000000003,0.46699999999999997,16.496000000000002,0.336,0.10700000000000001,0.9149999999999999,0.5
2016-02-01,0.178,0.018,0.9179999999999999,4.9079999999999995,0.714,17.175,0.22799999999999998,0.208,0.7310000000000001,0.495
2016-02-02,0.148,0.006,0.835,4.253,0.708,29.558,0.154,0.20600000000000002,0.91,0.552
2016-02-03,0.16499999999999998,0.017,0.823,4.1899999999999995,0.5940000000000001,28.539,0.271,0.159,0.719,0.601
2016-02-04,0.14500000000000002,0.016,0.7769999999999999,7.167,0.538,20.368,0.357,0.18200000000000002,0.8300000000000001,0.621
2016-02-05,0.17099999999999999,0.024,0.8740000000000001,25.081,0.866,19.099000000000004,0.274,0.109,0.624,0.56
2016-02-06,0.146,0.011,1.207,9.254,0.706,12.5,0.168,0.20500000000000002,1.194,0.522
2016-02-07,0.131,0.015,1.073,6.939,0.56,21.581,0.268,0.11699999999999999,1.097,0.6779999999999999
2016-02-08,0.10300000000000001,0.009000000000000001,0.8480000000000001,3.7489999999999997,0.644,4.001,0.32,0.205,0.754,0.517
2016-02-09,0.245,0.027,0.9,8.535,1.177,19.565,0.237,0.219,1.2630000000000001,0.554
2016-02-10,0.183,0.022,1.027,16.771,0.765,12.523000000000001,0.16,0.148,0.7170000000000001,0.521
2016-02-11,0.125,0.012,0.874,19.250999999999998,0.49000000000000005,17.704,0.376,0.106,0.923,0.602
2016-02-12,0.152,0.01,0.9119999999999999,7.811,0.614,6.733,0.267,0.32999999999999996,0.55,0.606
2016-02-13,0.20199999999999999,0.016,1.002,14.1,1.233,7.13,0.221,0.8330000000000001,0.674,0.556
2016-02-14,0.167,0.02,0.9319999999999999,6.934000000000001,0.9670000000000001,6.103,0.153,0.7250000000000001,0.959,0.515
2016-02-15,0.132,0.012,0.9569999999999999,4.792999999999999,0.516,10.064000000000002,0.28,0.92,1.309,0.621
2016-02-16,0.139,0.007,1.021,6.827999999999999,0.543,3.5,0.352,1.2510000000000001,1.057,0.5670000000000001
2016-02-17,0.213,0.019000000000000003,0.9,9.375,1.0110000000000001,15.588000000000001,0.29000000000000004,0.779,0.805,0.5700000000000001
2016-02-18,0.193,0.026000000000000002,0.88,7.244,0.6859999999999999,11.770999999999999,0.124,0.33899999999999997,0.784,0.514
2016-02-19,0.199,0.008,0.944,7.857,0.638,16.962,0.443,0.6350000000000001,1.3530000000000002,0.586
2016-02-20,0.111,0.008,0.9179999999999999,7.674,0.504,12.685,0.349,0.287,1.038,0.5569999999999999
2016-02-21,0.263,0.013000000000000001,1.0150000000000001,10.376,0.909,13.764,0.201,0.30800000000000005,1.008,0.538
2016-02-22,0.174,0.020999999999999998,0.9309999999999999,11.666,1.134,8.181000000000001,0.124,0.174,0.5469999999999999,0.545
2016-02-23,0.136,0.018000000000000002,1.014,9.079,0.846,20.043,0.302,0.7660000000000001,0.9009999999999999,0.625
2016-02-24,0.17500000000000002,0.018000000000000002,1.387,27.57,0.8,11.697,1.01,3.196,1.091,0.657
2016-02-25,0.179,0.027000000000000003,1.041,53.836,1.166,3.1340000000000003,0.258,0.713,0.85,0.577
2016-02-26,0.235,0.03,1.105,47.866,1.131,1.9300000000000002,0.185,0.36200000000000004,0.797,0.5569999999999999
2016-02-27,0.14400000000000002,0.018000000000000002,0.9889999999999999,11.475999999999999,0.55,3.559,0.316,0.41900000000000004,1.3880000000000001,0.6409999999999999
2016-02-28,0.127,0.005,1.028,9.27,0.512,3.539,0.654,0.597,1.268,0.7000000000000001
2016-02-29,0.6280000000000001,0.039,1.0670000000000002,52.236999999999995,2.871,3.0300000000000002,0.471,0.29100000000000004,0.998,0.55
2016-03-01,0.21700000000000003,0.04,1.226,74.981,1.081,17.768,0.173,0.16,0.464,0.621
2016-03-02,0.144,0.024,1.1320000000000001,36.801,0.709,21.462,0.21300000000000002,0.13899999999999998,0.79,0.593
2016-03-03,0.194,0.020999999999999998,0.817,50.756,0.75,13.347,0.512,0.236,1.064,0.513
2016-03-04,0.21100000000000002,0.031,1.593,58.364999999999995,1.081,15.619,0.367,0.14800000000000002,1.575,0.537
2016-03-05,0.191,0.029,1.0470000000000002,29.841,0.903,1.802,0.17900000000000002,0.14,0.954,0.5800000000000001
2016-03-06,0.128,0.026,0.983,15.241,0.474,9.602000000000002,0.28600000000000003,0.40099999999999997,0.8079999999999999,0.622
2016-03-07,0.142,0.01,0.855,9.184999999999999,0.68,12.842,0.6420000000000001,0.6080000000000001,1.025,0.554
2016-03-08,0.216,0.023,0.848,17.271,1.1360000000000001,12.404,0.21700000000000003,0.123,0.963,0.5840000000000001
2016-03-09,0.27,0.024,0.81,22.93,1.139,14.093,0.25,0.197,0.981,0.5810000000000001
2016-03-10,0.221,0.028999999999999998,1.016,12.309000000000001,0.8140000000000001,11.672,0.63,0.18,1.517,0.585
2016-03-11,0.13599999999999998,0.024,0.726,26.889,0.6890000000000001,10.530000000000001,0.38499999999999995,0.105,1.9829999999999999,0.5169999999999999
2016-03-12,0.262,0.036000000000000004,0.796,39.645,1.357,2.708,0.371,0.335,1.572,0.603
2016-03-13,0.189,0.026,0.835,19.207,1.088,16.256,0.217,0.105,0.6960000000000001,0.549
2016-03-14,0.122,0.005,0.8230000000000001,7.611000000000001,0.647,3.6189999999999998,0.261,0.045,1.258,0.573
2016-03-15,0.181,0.008,1.022,8.341000000000001,0.747,4.025,0.45499999999999996,0.18100000000000002,1.642,0.526
2016-03-16,0.19,0.026,0.907,17.76,1.103,11.277999999999999,0.543,0.22499999999999998,1.084,0.585
2016-03-17,0.20800000000000002,0.022,1.092,22.805,1.013,6.446,0.15000000000000002,0.028,0.893,0.539
2016-03-18,0.154,0.019,1.067,22.028000000000002,0.659,8.07,0.252,0.125,0.7779999999999999,0.575
2016-03-19,0.16799999999999998,0.028,0.8860000000000001,12.229,0.8069999999999999,3.5500000000000003,0.406,0.37,1.504,0.534
2016-03-20,0.268,0.033,0.996,17.979,1.4080000000000001,10.213000000000001,0.24200000000000002,0.129,0.931,0.5589999999999999
2016-03-21,0.239,0.025,0.912,16.753,1.613,13.007,0.18400000000000002,0.165,0.5529999999999999,0.57
2016-03-22,0.16899999999999998,0.025,1.009,10.701,0.8280000000000001,6.568,0.21999999999999997,0.167,1.3459999999999999,0.575
2016-03-23,0.16799999999999998,0.020999999999999998,0.99,8.603,0.855,7.006,0.477,0.271,1.516,0.518
2016-03-24,0.237,0.046,0.585,12.027999999999999,1.713,6.774,0.988,0.21,3.029,0.636
2016-03-25,0.22499999999999998,0.034,1.021,10.89,1.3780000000000001,2.073,0.469,0.272,1.6,0.559
2016-03-26,0.21,0.014,1.0979999999999999,17.938000000000002,0.8979999999999999,11.216000000000001,0.424,0.082,1.706,0.596
2016-03-27,0.199,0.027,1.522,23.332,1.122,19.247999999999998,1.44,0.16999999999999998,4.058,0.712
2016-03-28,0.33,0.026,0.932,24.149,1.6520000000000001,6.178999999999999,1.931,0.17099999999999999,7.398000000000001,3.953
2016-03-29,0.245,0.027,0.99,24.794999999999998,1.2890000000000001,1.172,0.543,0.34099999999999997,1.867,0.683
2016-03-30,0.189,0.019999999999999997,0.919,17.039,1.341,2.541,0.5720000000000001,0.506,2.7279999999999998,0.635
2016-03-31,0.23399999999999999,0.016,1.073,14.579,1.232,20.098999999999997,1.4609999999999999,0.8500000000000001,3.673,0.7090000000000001
2016-04-01,0.28,0.05,0.751,16.804000000000002,1.974,5.741999999999999,0.8280000000000001,0.703,2.126,0.602
2016-04-02,0.322,0.024,0.746,15.103,1.658,1.9300000000000002,0.45,0.076,1.202,0.558
2016-04-03,0.22500000000000003,0.018,1.016,11.538,0.995,15.389999999999999,0.285,0.17300000000000001,0.714,0.603
2016-04-04,0.266,0.019,0.572,8.629,0.879,19.113,0.8480000000000001,0.151,3.2329999999999997,0.704
2016-04-05,0.367,0.031,0.9440000000000001,7.644,1.507,25.484,1.505,0.324,5.593,1.419
2016-04-06,0.25,0.017,0.855,7.739999999999999,1.153,1.7520000000000002,0.215,0.209,1.323,0.536
2016-04-07,0.22400000000000003,0.008,0.8480000000000001,9.307,1.054,2.472,0.28,0.47500000000000003,1.119,0.57
2016-04-08,0.22199999999999998,0.018,1.034,10.819,1.111,26.4,0.986,1.647,3.129,0.69
2016-04-09,0.36,0.039999999999999994,0.855,12.955,1.7650000000000001,13.207,0.917,1.3760000000000001,4.029,0.718
2016-04-10,0.308,0.02,0.764,12.551,1.749,1.5710000000000002,0.399,0.46599999999999997,1.115,0.604
2016-04-11,0.28,0.016,0.752,6.771,1.169,1.827,0.389,0.948,1.3130000000000002,0.881
2016-04-12,0.34,0.005,0.841,7.355,1.337,3.745,0.798,12.440999999999999,1.4369999999999998,0.573
2016-04-13,0.46499999999999997,0.041999999999999996,0.9770000000000001,9.684000000000001,2.162,5.534000000000001,0.6699999999999999,10.510000000000002,1.3940000000000001,0.7959999999999999
2016-04-14,0.38799999999999996,0.034999999999999996,0.726,11.981,1.735,1.8900000000000001,0.295,0.6419999999999999,1.351,0.898
2016-04-15,0.28099999999999997,0.02,1.06,7.484999999999999,1.229,2.968,0.28700000000000003,0.126,1.782,0.621
2016-04-16,0.266,0.026000000000000002,0.9380000000000001,9.939,1.197,28.23,0.508,0.219,2.216,0.596
2016-04-17,0.409,0.045,0.63,13.799,2.1390000000000002,34.618,0.797,0.225,39.059000000000005,0.612
2016-04-18,0.35,0.043,0.591,10.773,1.598,2.883,0.41900000000000004,0.242,2.009,0.611
2016-04-19,0.245,0.018000000000000002,0.9319999999999999,6.518,1.057,22.32,0.498,0.17,2.243,0.664
2016-04-20,0.253,0.020999999999999998,0.835,6.877,1.206,20.727,3.762,0.53,2.245,0.6299999999999999
2016-04-21,0.385,0.037000000000000005,0.7709999999999999,31.666000000000004,2.138,20.242,0.563,0.392,1.651,0.817
2016-04-22,0.35,0.032,0.925,19.655,1.677,2.484,0.40900000000000003,0.211,1.292,0.571
2016-04-23,0.317,0.034,1.196,4.851,1.631,17.857999999999997,0.449,0.093,1.214,0.613
2016-04-24,0.321,0.020999999999999998,0.9319999999999999,4.7989999999999995,1.582,24.628,0.696,0.236,2.116,0.661
2016-04-25,0.191,0.034,0.893,11.482,1.135,12.802999999999999,1.7959999999999998,0.366,6.5009999999999994,0.891
2016-04-26,0.231,0.026000000000000002,1.111,12.652999999999999,1.275,9.11,1.304,0.355,4.178,0.751
2016-04-27,0.129,0.009,0.765,5.183,0.769,0.834,2.005,1.361,5.805,0.9730000000000001
2016-04-28,0.164,0.024,0.745,10.055,0.876,31.682000000000002,1.574,1.3319999999999999,5.833,0.8049999999999999
2016-04-29,0.424,0.027,0.8480000000000001,15.33,1.3889999999999998,14.038,1.889,0.43300000000000005,7.187,0.901
2016-04-30,2.769,0.17500000000000002,1.8379999999999999,12.659,12.780999999999999,3.777,2.02,0.319,3.92,1.1099999999999999
2016-05-01,1.143,0.039,0.97,11.196,4.806,6.517,1.5070000000000001,0.43,5.368,0.9209999999999999
2016-05-02,0.154,0.012,1.098,10.716000000000001,0.92,9.023,2.251,0.376,8.517,0.896
2016-05-03,0.195,0.025,0.514,15.684999999999999,1.098,11.077,0.958,0.21999999999999997,5.3260000000000005,0.735
2016-05-04,0.16,0.021,0.964,19.831999999999997,1.05,15.483,0.421,0.34299999999999997,2.8409999999999997,0.623
2016-05-05,0.127,0.024,1.0790000000000002,15.188,0.7170000000000001,6.395,1.213,0.258,3.647,0.7070000000000001
2016-05-06,0.188,0.015,0.906,13.128,1.002,9.735999999999999,2.043,0.297,6.735,0.853
2016-05-07,0.5449999999999999,0.04,0.867,18.414,2.8680000000000003,13.44,2.499,0.267,9.149,0.945
2016-05-08,1,0.059,1.329,16.179000000000002,5.745,6.7700000000000005,2.428,0.242,6.407,0.804
2016-05-09,0.218,0.022,1.092,13.723999999999998,1.472,12.176,4.13,0.189,12.367,1.24
2016-05-10,0.127,0.026999999999999996,1.156,13.772,0.719,16.352,6.006,0.22199999999999998,21.217000000000002,1.6609999999999998
2016-05-11,0.26,0.032,1.117,34.259,1.3619999999999999,11.539,3.346,0.286,13.504999999999999,1.224
2016-05-12,0.246,0.034,0.9059999999999999,47.856,1.488,4.3469999999999995,1.1360000000000001,0.177,4.462999999999999,0.633
2016-05-13,0.183,0.020999999999999998,1.067,22.415,0.9770000000000001,17.191,1.4020000000000001,0.64,5.479,0.855
2016-05-14,0.17099999999999999,0.009000000000000001,0.7829999999999999,9.465,0.592,12.859,2.9259999999999997,0.535,8.168,1.033
2016-05-15,0.5840000000000001,0.032999999999999995,0.982,36.344,3.008,10.49,1.5859999999999999,0.5089999999999999,8.144,1.054
2016-05-16,0.308,0.034,0.9189999999999999,21.305,1.2719999999999998,2.7990000000000004,0.632,0.36,2.872,0.699
2016-05-17,0.207,0.009999999999999998,0.61,12.084,0.823,5.333,0.973,0.279,2.743,0.755
2016-05-18,0.255,0.012,1.105,8.998000000000001,1.016,10.021,4.409999999999999,0.621,14.584,1.1869999999999998
2016-05-19,0.33899999999999997,0.037,1.041,16.994,1.5070000000000001,11.533000000000001,1.6320000000000001,0.33099999999999996,6.275,0.812
2016-05-20,0.241,0.018,0.925,18.442,1.566,2.09,0.355,0.266,1.405,0.6020000000000001
2016-05-21,0.17,0.018,1.054,15.97,0.659,2.476,0.548,0.154,1.921,0.644
2016-05-22,0.161,0.017,1.079,8.770999999999999,0.565,27.578,1.575,1.008,6.795999999999999,0.854
2016-05-23,0.244,0.043,1.0150000000000001,18.354,1.18,15.102,1.287,0.31,5.832000000000001,0.998
2016-05-24,0.261,0.027,0.759,21.767,1.214,18.147,0.707,7.654,1.841,0.681
2016-05-25,0.39399999999999996,0.032,0.9239999999999999,12.207,1.2369999999999999,11.772,0.938,0.378,3.524,0.865
2016-05-26,0.188,0.016,0.996,7.829000000000001,0.903,14.26,3.66,0.351,17.535999999999998,1.377
2016-05-27,0.355,0.049,0.983,22.165,1.7469999999999999,29.079,3.8529999999999998,0.119,17.866999999999997,1.5059999999999998
2016-05-28,0.252,0.035,1.22,31.132,1.7679999999999998,18.894,1.265,0.091,5.455,0.87
2016-05-29,0.082,0.007,0.784,12.282,0.619,8.251999999999999,2.129,0.175,7.0889999999999995,0.892
2016-05-30,0.119,0.016,1.13,10.767,0.667,9.767,3.3360000000000003,0.303,17.019,1.203
2016-05-31,0.184,0.022,0.95,21.328,1.488,11.41,3.0180000000000002,0.109,12.128,1.214
2016-06-01,0.259,0.032,1.06,30.044000000000004,1.4849999999999999,7.9479999999999995,2.165,0.259,7.289,1.052
2016-06-02,0.159,0.027999999999999997,1.002,14.679,0.865,2.823,0.9500000000000001,0.158,2.193,0.656
2016-06-03,0.16299999999999998,0.018,0.873,15.526,0.742,4.972,1.4889999999999999,0.202,5.885,0.804
2016-06-04,0.194,0.029,0.938,17.299,1.112,5.203,1.252,0.23,3.3950000000000005,0.776
2016-06-05,0.124,0.033,1.0790000000000002,13.394,0.9430000000000001,13.716000000000001,0.291,0.116,1.468,0.58
2016-06-06,0.09,0.009,0.835,8.025,0.41200000000000003,5.88,0.33199999999999996,0.218,1.194,0.616
2016-06-07,0.099,0.016,0.732,10.128,0.42000000000000004,12.954,0.89,0.421,3.2329999999999997,0.895
2016-06-08,0.145,0.019,1.163,15.431,0.621,5.26,1.642,0.498,6.026999999999999,3.655
2016-06-09,0.165,0.041999999999999996,1.112,14.332999999999998,0.6970000000000001,3.0500000000000003,0.788,0.292,1.604,9.311
2016-06-10,0.19999999999999998,0.028,1.188,6.695,0.793,6.289,1.019,0.911,2.073,11.199
2016-06-11,0.109,0.022000000000000002,1.079,7.726,0.306,5.596,1.596,0.935,4.309,14.585999999999999
2016-06-12,0.174,0.056999999999999995,1.1179999999999999,19.982,0.877,4.728,1.4420000000000002,0.40700000000000003,2.142,14.864
2016-06-13,0.14500000000000002,0.041999999999999996,0.919,12.887999999999998,0.608,3.294,0.765,0.36,2.1790000000000003,8.902999999999999
2016-06-14,0.082,0.019999999999999997,0.931,6.927,0.248,0.939,0.898,0.30100000000000005,1.427,10.158
2016-06-15,0.086,0.033,1.137,11.11,0.373,3.083,1.2610000000000001,0.39399999999999996,2.367,13.509
2016-06-16,0.536,0.08099999999999999,1.272,12.796000000000001,4.418,11.921000000000001,1.133,0.239,1.4940000000000002,13.837000000000002
