SampleDate,Cu,Ni,Pb,S,Zn,Al,Ca,Cl,Si,Ti
2003-05-17,0.5892043394650265,0.002682820936809085,1.0084489169035312e-4,0.11634988569220915,0.07610656647151426,0.33235193556476517,0.23689600115496873,2.872011507051397,1.230122803354026,0.36657438726507974
2003-05-18,0.5001404108058325,0.002682820936809085,1.0084489169035312e-4,0.33978967031707613,0.2660013464071263,0.058935373215489854,0.3837162227481994,1.4320386794126183,0.3126633783829622,0.0021046985326325656
2003-05-19,0.06417003070204594,0.002682820936809085,1.0084489169035312e-4,0.434478791182997,0.059570786329387476,0.15110985673015753,0.6394689868046249,0.004805560998335986,0.3194958573067797,0.07248150746347484
2003-05-20,0.09492415198694491,0.002682820936809085,1.0084489169035312e-4,0.7853115816644709,0.03467821224953934,0.23265418392828838,0.6860308612666648,0.004550766650557412,0.5079432945242571,0.09228748126695008
2003-05-21,0.14708313510426016,0.002682820936809085,1.0084489169035312e-4,0.38146473881434007,0.06954397936261879,0.17097610020017706,1.1385217509755499,7.619299454401753e-6,0.4912241010077061,0.07809607067835189
2003-05-22,0.1769351283677726,0.04380252369646232,1.0084489169035312e-4,0.259772290111669,4.112899776990909e-5,0.46780184501149347,0.55103687986981,0.6236593391368087,0.8901391353045248,0.10894172251977169
2003-05-23,0.12141369425774029,0.002682820936809085,0.04741229041595278,0.6073011595118647,0.029069300459578964,0.295743292692218,2.086379114768395,0.16214441879689215,0.20799208651594056,1.6172269215598385
2003-05-24,0.0020867530403917,0.002682820936809085,0.14420770072932496,1.2832220776326877,0.009720982353286561,0.7977864120217676,0.3066052516531147,0.2694403194347962,0.9302463030136576,0.3564475073091536
2003-05-25,0.0020867530403917,0.002682820936809085,0.0310709672429052,0.7472897331665311,4.112899776990909e-5,0.39450336823838655,0.2338119509800672,7.619299454401753e-6,0.4191276604428308,0.27043791229643976
2003-05-26,3.654528819540409,0.30902302462875636,1.0084489169035312e-4,0.21477843657921206,0.20490139204852056,0.3824197087721758,0.6537090427958377,0.5006006299663418,1.0379256874028715,0.9694165678598293
2003-05-27,0.24787463080925864,0.2825970740797738,1.0084489169035312e-4,0.22444702871501557,0.04238844433782027,0.504058129786624,0.30389031601298055,0.302873449659872,0.4547699310699032,0.5627740884001657
2003-05-28,0.18620237618194738,0.49736805297266634,1.0084489169035312e-4,0.26864091357794323,0.036601728499938035,0.14800807307560088,0.1305229777090027,0.23713654749909405,0.18252217829895698,0.35534526162067565
2003-05-29,0.11780521582950122,0.002682820936809085,1.0084489169035312e-4,0.28623606268678886,0.006795296894682539,0.08447336155755812,0.12870654501523754,0.31096488661672883,0.06435292279618758,0.20552598516748866
2003-05-30,0.7141070661077977,0.002682820936809085,0.08272122733218014,0.39584247404676887,0.2119165713464061,0.1812257985243163,0.19167945248551804,0.42738517405787807,0.08626871141339207,0.22534918169482837
2003-05-31,0.9767882418960534,0.002682820936809085,1.0084489169035312e-4,0.49609599987057834,4.112899776990909e-5,0.10742054127140677,0.15159651206202968,0.34647768836182224,0.41087902688246547,0.30894761421491224
2003-06-01,1.0620796613709909,0.002682820936809085,1.0084489169035312e-4,0.24482675853353403,0.020389227439834436,0.3586578142913511,0.17756081588320977,0.3535017444911137,0.16422203339366626,0.286661587808699
2003-06-02,1.510433697887344,0.030829764418305712,0.04741229041595278,0.2179298553781188,0.01602494545948469,0.16187528079623026,0.060124065808296254,0.25992341216094833,0.05536599923892939,0.185737233302528
2003-06-03,0.8960074251310406,0.002682820936809085,1.0084489169035312e-4,0.29611958507699604,0.08790629387323433,0.23492465074348157,0.19737644637708268,0.3219623552847306,0.08689493958272362,0.17125303876428333
2003-06-04,0.5846937367551016,0.002682820936809085,0.03925958636881437,0.23704973114425976,0.018320235418255594,0.10835927885963718,0.4804436966367998,0.2652534311701961,0.2409910150756136,0.22385081649886684
2003-06-05,1.08159827422083,0.06398233251222289,0.03209454463364385,0.1957522026355616,0.003142230368941412,0.06119851187898012,0.4935618383692681,0.14513518469205117,0.19510826589791957,0.21039997675364222
2003-06-06,0.7438770552124038,0.07215035558277398,1.0084489169035312e-4,0.09842476062647094,4.112899776990909e-5,0.14532187206438515,0.09108113124256931,0.18924212539089655,0.11770976008253982,0.11226568152372023
2003-06-07,1.269840814250737,0.6360642865681311,0.05371537230777987,0.022121046512016167,1.249488633146429e-4,0.15390328437310585,0.016818136087892704,0.31433257609060944,0.005242542162812926,0.03469293740702194
2003-07-11,0.0319318428162472,0.11435131514971565,0.013483182292854674,0.02927462134038125,0.014717753874377392,0.13403130351008374,0.028468727599744902,0.0641898420934102,0.02688823260889252,0.0021046985326325656
2003-07-12,0.036423537598981655,0.10908829747591793,0.015852574385881876,0.029326722474072517,0.017309247799130578,0.07533618545655797,0.03682488043325306,0.2680046825154669,0.047352065075010226,0.0021046985326325656
2003-07-13,0.0552069738897681,0.12152817336636472,0.01747985506037696,0.08282037887960077,0.04385194011895067,0.20150636962757268,0.029468316440685476,0.42387849887767637,0.036219469890079424,0.0021046985326325656
2003-07-14,0.09195717809238999,0.2798975799969221,0.022214168669819574,0.16194956993775766,0.03106122720585614,0.16913431269178306,0.02558661512145491,0.10993510865229673,0.055813803580416585,0.0042089305674094316
2003-07-15,0.08354546536746867,0.2502332268589002,0.03094962562339626,0.1550840612810329,0.03070711022045129,0.22256738036945398,0.1877457755372734,0.2023182079709139,0.07162862492689326,0.0243592481138349
2003-07-16,0.11294562798162605,0.15741248635913177,0.010657793842010618,0.12613803231452014,0.038513784648950965,0.15534892229431344,0.02505461027733851,0.044849347602508485,0.08377180619042138,0.009885703705928861
2003-07-17,0.09865388273387327,0.28659597807785836,0.023394394139721386,0.16518842517587154,0.036775390902009195,0.055691246723393144,0.08632223072615698,0.12689880909005535,0.10951647943124071,0.017138940378393374
2003-07-18,0.06182200720571531,0.25597470466841077,0.018360553535012657,0.1708585680256615,0.0363246966909628,0.11600002218481535,0.05567352428815547,0.042989879614629,0.09224150931617657,0.0021046985326325656
2003-07-19,0.07170373273597047,0.2698499828755178,0.022804281302412736,0.13496236605000883,0.03529453691483073,0.08723015889557,0.04272684614411875,0.029818900895705425,0.10208821434146614,0.008530825082741523
2003-07-20,0.08820048784247207,0.22343961262563358,0.016138689651312616,0.1559164953237521,0.03510138246354766,0.2338438246397108,0.04529942849907283,0.10806110326463808,0.17453012264354062,0.009216839237495902
2003-07-21,0.07562375441785812,0.18659837936144083,0.01984030600018058,0.13931577113030782,0.047817408654670344,0.18702866593928638,0.03394876533032292,0.01720392472802879,0.06369526363385822,0.0021046985326325656
2003-07-22,0.09751054401158121,0.2760699208207412,0.026505897651280703,0.18978696963868139,0.05353157235082341,0.08596618458225652,0.021102490956924676,0.024306603398512785,0.12368608430119495,0.0431574294790126
2003-07-23,0.10461557910283918,0.28372526108262486,0.03492841608447139,0.21510397685834326,0.0673801289831905,0.09115332398962532,0.036361358838800595,0.010580719302439446,0.033734818850220984,0.02672737185985195
2003-07-24,0.0889354961149894,0.36219226323957343,0.01775255859597233,0.1389697130304026,0.04206075089078556,0.1004073205660834,0.0815866130042131,0.0016534087067026104,0.06626735035405935,0.0021046985326325656
2003-07-25,0.11506897399424036,0.2822898806754863,0.03552299949839182,0.23985734462213412,0.08843400471238073,0.12773571875076445,0.10211600580089712,0.004039803504220827,0.12288174652026526,0.04286587303129954
2003-07-26,0.1272373732293788,0.3578861439276796,0.03285855098671029,0.27269378904232056,0.08730726918476475,0.107857176525338,0.04201550715302066,0.002071713710638589,0.051876749563148,0.0021046985326325656
2003-07-27,0.23005628040264547,0.3808520989847653,0.0356749980796153,0.1849966254986027,0.07174220930912557,0.07759621754415415,0.02960895932225017,0.02461464052158363,0.05526862191085815,0.0021046985326325656
2003-07-28,0.10927060531754336,0.2889882787564226,0.03137879852154238,0.1607621969099054,0.11438113735123152,0.33776454766181446,0.05639221449344556,0.019419980263803736,0.05853682401438303,0.0021046985326325656
2003-07-29,0.12225568041103436,0.21291355536851642,0.015088110084290807,0.0859420065465756,0.06095773131622774,0.16978790227609164,0.04042645692885336,0.1595268590888128,0.03012680810821758,0.0021046985326325656
2003-07-30,0.08615881315539377,0.29664357519926277,0.02827176538187937,0.14496430386264397,0.03388386314976096,0.21118810265617743,0.04123568469078983,0.01220703371245461,0.06161343792188085,0.0021046985326325656
2003-07-31,0.10812727033495212,0.37319678063240347,0.02561178765152511,0.2084569377721756,0.05641859286612965,0.14758504913025539,0.029938221873570283,0.01318710127463934,0.029147730324223287,0.0021046985326325656
2003-08-01,0.07603208860733363,0.31817417175873164,0.035674998284330774,0.0628378173680327,0.02641521011662489,0.0293487251088604,0.01675978304304173,0.002167718014223911,0.05393126811986825,0.0021046985326325656
2003-08-02,0.09228384843573104,0.3784597983062012,0.03730227875411038,0.06623386408625412,0.033642419717117705,0.04800144603956121,0.011550971297861553,0.010409283180615639,0.007699043545084362,0.0021046985326325656
2003-08-03,0.0682737128293936,0.367933741049084,0.022491342986742213,0.09411596417640138,0.02103906781583544,0.03731765222116014,0.007778185902960595,0.001324251045064608,0.015861803037768327,0.0021046985326325656
2003-08-04,0.052430290930172485,0.4114733723942129,0.031065860001156367,0.09233505264327667,0.020668854503310526,0.03695313774993951,0.03667088918360532,0.0043141017387621945,0.07437820860714991,0.0021046985326325656
2003-08-05,0.15916921978532678,0.36458454200861584,0.02959951906110834,0.12161441046391289,0.03369070869847788,0.022500080234840205,0.02390760758892199,0.0010362379144970028,0.06071479393601883,0.0021046985326325656
2003-08-06,0.08999716351174539,0.2751130224588373,0.03196444078223923,0.19784932431087993,0.08706582501504269,0.2531110098081977,0.07766796160734542,0.02473450883280729,0.09625873461672883,0.0021046985326325656
2003-08-07,0.10731059821630035,0.37032601981812646,0.022491342782026736,0.1431520132206923,0.06298585747717295,0.09936433776945673,0.06285481675758188,0.009018316696659128,0.09690176724324753,0.0021046985326325656
2003-08-08,0.0967755357390639,0.3564507635205411,0.02323345420055885,0.10736001352597795,0.0427528885344752,0.05339266706723712,0.08080195432759035,0.003922678128240083,0.0997996588876046,0.0021046985326325656
2003-08-09,0.09097717080206769,0.331092529694413,0.022799810725800947,0.15083781876319238,0.050173253323329906,0.10941821587299969,0.034763796682410975,0.004279814577200759,0.048197582518193595,0.0021046985326325656
2003-08-10,0.10829060176692186,0.45836220277981005,0.04750854701963141,0.15327473093415717,0.041497383126977566,0.0417619599705545,0.018176076965336758,0.004697570680071527,0.09223748327022681,0.04055674712772991
2003-08-11,0.31833843583095284,0.5569244429986108,0.027820239600674302,0.2766345294580622,1.8579575515132225,0.1429101746045874,0.12585948174779318,0.005307884291178148,0.09701296537691766,0.4894780764659881
2003-08-12,0.11417063428975334,0.42008561101800057,0.028566821800533694,0.43571646475897896,0.09435741918693692,0.026639544374805466,0.044916578468743446,0.0033540580748757207,0.08448927720677567,0.06552014530544321
2003-08-13,0.08762882222102684,0.6210377287222612,0.030927272945052788,0.204344500418254,0.05089758435833848,0.0684887877040622,0.06465279999217596,2.682028577811721e-4,0.13602575502318934,0.0021046985326325656
2003-08-14,0.10543225122149098,0.5937656543532818,0.035679468656227085,0.33373737351549737,0.0711305518268786,0.04953870582048467,0.014495957220872163,0.010203010682148558,0.12647864186255778,0.0021046985326325656
2003-08-15,0.13524074802512384,0.5995071540723139,0.03374372003795779,0.609621765117685,0.08539181657658115,0.1996737146745805,0.0919268541852083,0.003922678128240083,0.16056221494550885,0.013437203714469548
2003-08-16,0.09628553770345392,0.5272600679510671,0.027230127172796617,0.4358532302857527,0.0659153713231321,0.20783169469506835,0.11077936710021177,0.01787019516014085,0.13457803452914519,0.015476726842141327
2003-08-17,0.07121373096065972,0.47032364044406566,0.03137879852154237,0.24325546355639774,0.05656345833605256,0.1727722496862154,0.06370641172423455,0.033511503751082486,0.16894723944810872,0.0021046985326325656
2003-08-18,0.12576736790344653,0.49711723276781067,0.02767718217267441,0.2797662220388273,0.06593146765025217,0.08975176631407933,0.05894506442041545,0.011644173666092066,0.14560735236478284,0.011840847266913538
2003-08-19,0.10649392609764856,0.5971148533937498,0.025602846293586053,0.21910362709051762,0.05239453393555819,0.15188052839555094,0.1504632581573037,0.009634390628784196,0.39338426450708386,0.03541986750754083
2003-08-20,0.1037989107238882,0.47175899894168255,0.04172812441977878,0.25729139097799864,0.06541638886780436,0.22523399035933778,0.24317933349807813,0.009901282781161366,0.4226654421003598,0.06098421466283651
2003-08-21,0.5130328497710734,0.7033323900553908,0.03625616976370036,0.23595508800171242,0.14159987098762122,0.11031313116728277,0.25022037021341875,0.024705981678247675,0.2337653996257579,0.08344091410019219
2003-08-22,0.1053505873753565,0.615296229003229,0.0321164393634627,0.17949196292531028,0.05567816624107982,0.0995177319021059,0.3998304053868515,0.054058087750401655,0.17134388599205372,0.0021046985326325656
2003-08-23,0.09203884567822525,0.48037121565594826,0.02989457568447814,0.34014196478875064,0.08714630665064298,0.1572028626193912,0.07523002520153382,0.022246349410685314,0.2736145167917789,0.025183837262929856
2003-08-24,0.09612219879208263,0.618645428043697,0.03285408041009851,0.6421666207778953,0.06973017947530044,0.07153001586279632,0.05458997529274032,0.016012372933407116,0.2244208150175663,0.013058523687429944
2003-08-25,0.0911405059737382,0.6172100695460803,0.028262824433371265,0.4497867314624808,0.057336077615342484,0.08410336653193673,0.09836295305544916,0.00905205527117198,0.2548479332992013,0.009832881069945032
2003-08-26,0.09007883109758062,0.5755842568342809,0.026045431126283013,0.39587952238114044,0.10939130321592941,0.06832875644476688,0.07662890768896766,0.04294297463693351,0.2102147130188227,0.3246389716942217
2003-08-27,0.07684876072598543,16.494819230670807,0.02160617352606377,0.46518853758707834,0.05385929159561658,0.03417779695041401,0.03336278587971834,0.004128950626707163,0.09213346201196673,0.006468664243469473
2003-08-28,0.7593408862624155,0.5358723284843764,0.02900493585190338,0.2810666783141803,0.27534349088869614,0.10320392558855765,0.012866474543507995,0.003614641319185863,0.05704906168961974,0.0021046985326325656
2003-08-29,0.09497886380949139,0.5597951599938442,0.029595048689212027,0.42665441955527317,0.05393977323121687,0.0261846886555597,0.019709605180444255,0.0038957969546378553,0.05100751335231429,0.0021046985326325656
2003-08-30,0.1078005999916111,0.50238027235113,0.03019410247502877,0.16172843614365506,0.19943364485576262,0.03530025638827523,0.05105359367792126,0.01946222240859458,0.0850884607356987,0.0021046985326325656
2003-08-31,0.10477891801421049,0.5918518138104304,0.030784215312337417,0.17593783663439178,0.2046166319681902,0.09395436786262154,0.15593555732474199,0.0199000024097636,0.18532479093049437,0.04800961346843708
2003-09-01,0.07619542377900414,0.4239132701941815,0.033301135409976305,0.21231212579713574,0.062309814686445725,0.043276053122537315,0.026266614061328016,0.014044283139824879,0.0713267575494609,0.0021046985326325656
2003-09-02,0.09269217888550572,0.49328959550115137,0.02855788064731011,0.21789553203780102,0.06139232920015407,0.09222560322873465,0.030711273369889856,0.015443204292994171,0.03538038546343745,0.0021046985326325656
2003-09-03,0.08967050064780592,0.3353986490063068,0.027529653963347247,0.19345003466368166,0.08816036862549735,0.03460722441397696,0.07756252783710677,0.10003623343661992,0.08498194508539456,0.0021046985326325656
2003-09-04,0.09751054027188043,0.43013320813940487,0.03507594429379855,0.2103932646137846,0.07549263215281367,0.06470865940057341,0.059160187705535106,0.050538018504962194,0.13792968995274008,0.0021046985326325656
2003-09-05,0.125604032731776,0.48898345427973594,0.035813585340434356,0.23087256308059878,0.07991909631307136,0.05982063535651178,0.321659924849742,0.08235167737037352,0.13708202820410842,0.0021046985326325656
2003-09-06,0.19804276626086226,0.26937152273980497,0.025164732446931837,0.2168816321197519,1.1433007945960214,0.12792927395688494,0.07411436234287348,0.08419852754211894,0.11302550153504407,0.0021046985326325656
2003-09-07,0.08395379955694418,0.44831458374888394,0.030341630479640457,0.14064405404923938,0.03966241215439426,0.057596875054846494,0.06718378917590287,0.12567406762198605,0.03829582547394855,0.0021046985326325656
2003-09-08,0.11751898661049495,0.44065928730604376,0.03330560619130357,0.19041514355160835,0.052909613455084804,0.07822554139775714,0.022561538547008392,0.10890374710201121,0.03419278376880471,0.0021046985326325656
2003-09-09,0.10143056195376808,0.3813305591204782,0.028267294805267577,0.17799346324962623,0.04750127850005524,0.02838494415987845,0.06615286050520612,0.13922440072234626,0.07668019885956677,0.06202421351622562
2003-09-10,0.09350885474385831,0.49855261317494914,0.03551405834516824,0.17028989597733776,0.04611700173851832,0.051588040286066325,0.013253773882219183,0.05624973100550631,0.04296973697864806,0.0021046985326325656
2003-09-11,0.10028722697117683,0.545919903696259,0.03256796514466777,0.3198766954566575,0.050141060669089785,0.051588040286066325,0.013253773882219183,0.05624973100550631,0.04296973697864806,0.0021046985326325656
2003-09-12,0.12290901735801567,0.5004664537178004,0.017457502177318007,0.29962859571129186,0.19761477021029938,0.09222560322873465,0.030711273369889856,0.015443204292994171,0.03538038546343745,0.0021046985326325656
2003-09-13,0.09906222066304954,0.3999903948656701,0.03906814668942452,0.32830020562655804,0.060136823055577625,0.039574830748164716,0.059510537409546795,0.02661125715570886,0.07437475142686915,0.0021046985326325656
2003-09-14,0.1314840652546075,0.43731006635605396,0.031074801154379952,0.29964458132368005,0.07534776520873314,0.06867097096608993,0.06750744170081084,0.05524278204990771,0.1634831251342264,0.0021046985326325656
2003-09-15,0.10788226757744636,0.5138632717891948,0.024860734875053934,0.33740991158234224,0.0578994461162293,0.0449459712754021,0.04901727213319475,0.01343287235462109,0.06589332019976223,0.0021046985326325656
2003-09-16,0.1683976008891991,1.0526063172688047,0.02351509888937781,0.369848196660486,0.08634149471711292,0.06542394907489187,0.021218177625696725,0.010416140675731251,0.05017538697191091,0.017920997331577294
2003-09-17,0.12952405441366366,0.7358674820981679,0.02042594826087743,0.2106884056898955,0.07055108773595055,0.0667793003631793,0.1212525125996319,0.019172014521611026,0.24314346189089933,0.024755077827195923
2003-09-18,0.1356490859543001,0.40716723117279746,0.03063221652639847,0.17171438838456932,0.052603784713961314,0.18656582027458224,0.03691077489630937,0.008489195224809433,0.07581013116801896,0.0021046985326325656
2003-09-19,0.07684875698628464,0.41051647403230895,0.03699828118223248,0.1087409896538829,0.03987166293279739,0.03683838277564741,0.035096734951561494,0.008448050568132385,0.061718290660855026,0.0021046985326325656
2003-09-20,0.11800899212550649,0.3464031663991368,0.027967768014716947,0.08701955274775662,0.035461294362580956,0.14762698573909594,0.06444115886114725,0.0067548075961401,0.11881432672742138,0.0021046985326325656
2003-09-21,0.11098561714068221,0.4296547699132138,0.02900493585190338,0.08532064130283427,0.03142113910488943,0.07138854323722146,0.04798324821441714,0.02174465791929807,0.04498697061154186,0.003111306663242542
2003-09-22,0.06451702631917647,0.26315158479458156,0.014354939818982268,0.052682832480262884,0.09345603076484414,0.05929630097217524,0.05212050549343307,0.01936292626870113,0.05504867619959015,0.0021046985326325656
2003-09-23,0.09122216981987266,0.31195423381350823,0.026631073182264393,0.04691381587796018,0.03211327748565789,0.21376278610810573,0.028856027159924903,0.05840434384978997,0.02249474532694588,0.0021046985326325656
2003-09-24,0.18987605629344673,0.9779669523785153,0.028110825647432315,0.09457184911653364,0.16366780942874465,0.09487010351415968,0.014699860010229958,0.11949083654576009,0.022654956435695952,0.0021046985326325656
2003-09-25,0.08885382852915413,0.33635556927773247,0.03195102905240386,0.0721636245254667,0.021103451650158044,0.1388083984683795,0.07634800927478598,0.02604839742336294,0.05865340485470894,0.0021046985326325656
2003-09-26,0.10869893969609815,0.33061406955870015,0.028857407847291707,0.07693147045550204,0.04428203076593502,0.16054016238379828,0.037467735731749593,0.04406512875683449,0.056925697746156634,0.012488444459366095
2003-09-27,0.12470569302728898,0.4861127153749806,0.02618848855428291,0.2259611430630502,0.05009277242480842,0.16157671939995824,0.05157283062370417,0.06751653110704924,0.0637095299632259,0.005060961413598451
2003-09-28,0.10461558284253997,0.5210401300058437,0.024865205451665727,0.2512941358408772,0.0543743711151432,0.10025151676273443,0.07193488335971977,0.0238893958826906,0.09686723932651023,0.0021046985326325656
2003-09-29,0.08607714182985773,0.47750049866071476,0.02101606109818608,0.2027568959543188,0.04247925392174945,0.18643817148947928,0.07162167751855346,0.02123610893279521,0.10288178675918251,0.0021046985326325656
2003-09-30,0.09048716902675692,0.3353986490063068,0.028566821800533687,0.15814973942665103,0.07030964430330729,0.1134748002481573,0.050917787232217286,0.04005872845736814,0.0460034207909133,0.0021046985326325656
2003-10-01,0.15549419712124413,0.7081169914125192,0.02293839778190453,0.2361626044845553,0.07164563208348404,0.073169390451654,0.0332983648109573,0.17208862168474356,0.03573594824921749,0.0021046985326325656
2003-10-02,0.1116389540876635,0.5330015457605777,0.033444193042691674,0.17073660400137905,0.14959969986740396,0.03998582640023371,0.054568888582986336,0.013857486266624098,0.05692998640715149,0.0021046985326325656
2003-10-03,0.09555052943093661,0.422477889787043,0.03271102298209861,0.14932540569116237,0.06868392410912713,0.0914376854586015,0.029607411698209747,0.04020054056455178,0.035853535613555414,0.0021046985326325656
2003-10-04,0.09489719622365611,0.2985574157421141,0.02011748011238774,0.08816044920120635,0.049577692168202986,0.03194129078510306,0.016300324293898584,0.16856279211828568,0.014245994336274208,0.0021046985326325656
2003-10-05,0.11229229103464475,0.47415127771072485,0.030341630684355934,0.096403381615478,0.07127541877095912,0.04121002013095346,0.02113518506845062,0.09805388037977447,0.05488211964604586,0.0021046985326325656
2003-10-06,0.09783721061522145,0.33157098983012584,0.02767718217267441,0.07300641960772958,0.11958022079077917,0.42295964698480326,0.017532447633351194,1.8835234046672555,0.04393432965420143,0.0021046985326325656
2003-10-07,0.08101378516537884,0.3770244617181062,0.012423661777324761,0.08084349602662956,0.031034830202323272,0.041190827386100484,0.013190513752957274,0.0227858940364581,0.049019293621979425,0.0021046985326325656
2003-10-08,0.08354546536746868,0.4042965141775639,0.022933927410008218,0.10189265066522012,0.04394401010765022,0.026065368008519142,0.034441692003012225,0.03766602512860284,0.03857296755971858,0.0021046985326325656
2003-10-09,0.0987355503197085,0.47415129962024666,0.023684979981763915,0.12418986430616315,0.05789944685330811,0.08709356901040892,0.18533318158585807,0.3516025574820469,0.035260610007777624,0.0021046985326325656
2003-10-10,0.08844549059997783,0.4229563499227557,0.025437435982527214,0.13840281714014638,0.04595603994147536,0.025812818350013214,0.08477554726376826,0.39563483162117546,0.01704288424430897,0.0021046985326325656
2003-10-11,0.09816387721886169,0.4023826736347126,0.01849914059111624,0.11517873615336323,0.05089758435833848,0.05919219928269241,0.009495884700910506,0.034519001293729666,0.01337894616666415,0.0021046985326325656
2003-10-12,0.12437902268394795,0.6291714853008142,0.03610864175908868,0.21938278258135185,0.07006820087066404,0.1076313022440393,0.012726218567953404,0.041287310662810786,0.027975795305341365,0.0021046985326325656
2003-10-13,0.11776398936800074,0.5937656543532818,0.03596558392165783,0.29680210920176253,0.07343231333762835,0.2293728837871847,0.013316260420929692,0.0941319640558732,0.0314276647203198,0.0021046985326325656
2003-10-14,0.10584058541096647,0.5248677891820247,0.021449704572943984,0.21075590033358133,0.05946078173900804,0.2873246205713583,0.051609006889321074,0.17724103979773262,0.04791256338382194,0.0021046985326325656
2003-10-15,0.14063078251234531,0.6090762910580055,0.03285408020538303,0.30837773805487534,0.08130337307460828,0.33361288726958127,0.0412687659297947,0.1531795979729272,0.08674776849829093,0.0021046985326325656
2003-10-16,0.11947899745143878,0.5607521021747918,0.02101159031685881,0.35087183840008224,0.07982251982450862,0.680861434541061,0.09648371794201058,0.16395375842639284,0.15201872971703947,0.03160287995671152
2003-10-17,0.1269107028860378,0.5971148533937498,0.03714580939155964,0.25014080618606466,0.06541638813072555,0.09884870494821585,0.25976279724904117,0.6838378003130207,0.2734283987739583,0.09618569991661548
2003-10-18,3.8601597939741983,0.49568187427019383,0.0349239455078596,0.2207146179113088,0.8654636746849,0.5786814399823903,0.11458039707678803,1.071199034873663,0.13458319840662947,0.016607278897981276
2003-10-19,0.13458741481784334,0.5703212391604832,0.02737318480551199,0.29227641513511304,0.06549686976632584,0.27288424552089047,0.07051684847111368,0.0976756228584184,0.12081913208577187,0.0021046985326325656
2003-10-20,0.18979438870761145,0.43635316799415,0.015544106442107663,0.16790863728331076,0.1914177196488598,0.21498241414187894,0.032446770287242244,0.08746706538655821,0.0936839347254104,0.0021046985326325656
2003-10-21,0.10020555564564079,0.42199940774180833,0.013907884614388995,0.11424683630996069,0.11425236599719224,0.11911468167099676,0.053997805567442846,0.023308706286224133,0.18458386361124007,0.0021046985326325656
2003-10-22,0.10445224393116867,0.38611513856808477,0.03032374837790877,0.11808544664725051,0.06127965564739248,0.15688569593546764,0.08251752503175029,0.03511505132755648,0.18361922714981313,0.007894889551331552
2003-10-23,0.10592225673650252,0.4454438667536505,0.019093724005036672,0.08888690480491973,0.06263173975468928,0.1519575742169489,0.03293524743008093,0.008770899541515,0.07500421799740824,0.030592380417221076
2003-10-24,0.08624048074122904,0.38420129802523345,0.018490199642608136,0.09851377364217227,0.04330016070824194,0.06913064602673526,0.019115114019086155,0.007186278689242093,0.04477709009029563,0.0021046985326325656
2003-10-25,0.07537875540005314,0.43348240717987296,0.02751624223351188,0.08172359078075976,0.04706667987905008,0.1361311140929458,0.010269710009250291,0.07367672121321807,0.03579778332121189,0.0021046985326325656
2003-10-26,0.11025061634756647,0.38707205883951046,0.037735922228868284,0.06458586966512614,0.047919780793940325,0.2106077541538774,0.03012568104676418,0.07216478924394074,0.05010265522918062,0.0021046985326325656
2003-10-27,0.09783721435492224,0.4578837426440972,0.03328772408957189,0.06298612799002397,0.04735641229305352,0.19296764157629628,0.02500469851615965,0.1246224080368863,0.05160888492246098,0.0021046985326325656
2003-10-28,0.10935227290337862,0.4664959593583631,0.023224513047335273,0.0894576490557299,0.050849295376978305,0.10992113806302417,0.05493084546730121,0.2455511769635242,0.043001639145720465,0.0021046985326325656
2003-10-29,0.11196562069130372,0.48467735687736385,0.03136985736831879,0.08945616890141403,0.05014106066908979,0.16630010423790056,0.0590837725504608,0.10842235395945482,0.07844519079174904,0.0021046985326325656
2003-10-30,0.10616725575430752,0.4004688550013829,0.028562351223921898,0.0862759274759812,0.05023763863181014,0.16204854848719216,0.06883048950291995,0.031057631804538566,0.09108738527849375,0.0021046985326325656
2003-10-31,0.09751054027188044,0.3674553028228929,0.027815769433493474,0.20348956817904726,0.0572234047996597,0.23020212517996455,0.07815585850190336,0.028285573717516683,0.14183199732429638,0.0021046985326325656
2003-11-01,0.11711064868131868,0.4373100444465322,0.019236781433036566,0.21147140287669197,0.06470815415991583,0.06552955153035214,0.06516797431411837,0.011348754359155276,0.10924878988394984,0.0021046985326325656
2003-11-02,0.12160234346405313,0.5042941128939814,0.031521856154257746,0.20445669549183065,0.06333997446257779,0.06787891026396332,0.025299719553382196,0.012856846219092529,0.03212588072341474,0.0021046985326325656
2003-11-03,0.11490563882256986,0.5353938464391418,0.034490302033101695,0.19334050386787355,0.058446719027074844,0.03746506446323441,0.019835351626947863,0.04767215046254933,0.032618986160180115,0.0021046985326325656
2003-11-04,0.13295407432024056,0.5478337223295887,0.033444193247407154,0.15973112728312697,0.06948873604265718,0.02719843840871794,0.004011010755940574,0.05443991124458186,0.01170191504471826,0.0021046985326325656
2003-11-05,0.13638409048711667,0.3373124676396364,0.029018347581738754,0.16250196038349735,0.11512156323920253,0.1006756810192041,0.014302500893787215,0.03569848354524924,0.024989680335899336,0.0021046985326325656
2003-11-06,0.15590253505042043,0.4148225933442028,0.03373477908944968,0.1379765351372178,0.06127965638447128,0.11752398653911163,0.02014333412624335,0.040607873827516086,0.2511589636792702,0.0021046985326325656
2003-11-07,0.12225568041103439,0.4880265559178319,0.028562351223921898,0.11340285713135666,0.06781472686711683,0.37791155378722635,0.009693403430367157,0.06781880790910164,0.03458261185627694,0.0021046985326325656
2003-11-08,0.12054067232759634,0.39759811609662765,0.022781928624069265,0.08420757158785346,0.06353312891386087,0.07270842599540875,0.012217621869651607,0.06709877500417848,0.04559963272489382,0.0021046985326325656
2003-11-09,0.09163050774904896,0.316260353125402,0.021749231363494617,0.12150547172983116,0.04391181819048892,0.06918272858308283,0.01496915124410846,0.0702858462588282,0.04202685002272102,0.0021046985326325656
2003-11-10,0.10698392787295931,0.4975956929035234,0.02085959153091986,0.11986191773098344,0.05812479395883131,0.04570319753436297,0.03210415892490146,0.015153545621092453,0.07425213149256948,0.0021046985326325656
2003-11-11,0.10257390441576089,0.4282193895060752,0.024565678661115094,0.1280092327322372,0.05815698661307142,0.10213762824002326,0.11455563464920365,0.034015664041196665,0.15066251468506314,0.02695169842719934
2003-11-12,0.10290057101940114,0.5454414435605462,0.026188488758998388,0.22243306728475432,0.07072814586011358,0.09719944512214843,0.05038578238810089,0.09960778004331006,0.09522049124618039,0.0021046985326325656
2003-11-13,0.10045055840314655,0.5645797613509727,0.028709879433249062,0.14315023704906904,0.06070019155646443,0.09035143438345887,0.053059735667984304,0.08216433159610753,0.08691808853283811,0.0021046985326325656
2003-11-14,0.10241056924409038,0.48037123756547,0.033149136828752826,0.13640491621789191,0.07076033851435369,0.049209490807260295,0.15511414191275275,0.15246285690431216,0.1265261231336338,0.008292091271012282
2003-11-15,0.1260123706609523,0.3507092638015088,0.02943857932666129,0.20686578093788233,0.16122118171099317,0.04815532631197962,0.07072365316628168,0.05315235514637487,0.167616318623562,0.0021046985326325656
2003-11-16,0.27774987753227853,0.3564507635205411,0.024109682303298238,0.13922755444820195,0.27173793425200976,0.09925890441029844,0.06673535735878214,0.04162222855126225,0.16219316514276183,0.0021046985326325656
2003-11-17,0.10510558087814995,0.4358747078584372,0.02959504848449655,0.12370289631517861,0.06316291560133595,0.043665382935841233,0.051094413037128236,0.049828957969043956,0.1208485836466738,0.0021046985326325656
2003-11-18,0.11768232178216549,0.38611513856808477,0.03507594429379855,0.20405527993229503,0.13725388698880622,0.6465192450599287,0.07522402782617396,0.117517260881692,0.10397525729218081,0.0021046985326325656
2003-11-19,0.16562091792960348,0.40812417335374485,0.024413679670460663,0.14047324520364898,0.37703950628927985,0.05736028411392243,0.04459950356747607,0.1963996750128874,0.09271566604040479,0.0021046985326325656
2003-11-20,0.13981411039369354,0.3420970689967648,0.03402089435488043,0.1445489749203181,0.4818581914612634,0.2219781964401855,0.039098766254622996,0.3088526280211721,0.08166525513668342,0.0021046985326325656
2003-11-21,0.20490280233431524,0.43731008826557566,0.031217858582379843,0.17105039492697938,0.06638216259837737,0.018681164801631005,0.022510659410069862,0.18637736582717945,0.03302732545214128,0.0021046985326325656
2003-11-22,0.10551391880732623,0.4047749743132767,0.026631073182264393,0.16039867308396344,0.058800835275400885,0.030870596860122196,0.02251510893992048,0.07528026878969206,0.05607694195186402,0.0021046985326325656
2003-11-23,0.1280540490877314,0.3612353648776695,0.030180690949908887,0.14872121014259462,0.06395163194482477,0.013885067319722973,0.0252811474004907,0.11637590558705734,0.06139834973727672,0.0021046985326325656
2003-11-24,0.12184734248185809,0.4574052825083844,0.03152185615425775,0.2358514777553889,0.08350855662263768,0.04349550164756736,0.05008263632466612,0.14928593466706955,0.07831587532605935,0.014587651039970189
2003-11-25,0.09383552508719935,0.31243269394922113,0.031977852307359125,0.22156955015051555,0.0625834507733291,0.10922489318639347,0.03289442807087395,0.09223299717246242,0.0398557068898995,0.0021046985326325656
2003-11-26,0.12299068494385093,0.492332653320204,0.040842955163815815,0.2976579295200031,0.07940401679354472,0.1387356646994751,0.035035022446340006,0.03456700344552233,0.19558460515256354,0.0021046985326325656
2003-11-27,0.11253729379215054,0.49663879454161947,0.037011692912067844,0.3087377095511266,0.0785831085328946,0.03947532996385963,0.1477657031678662,0.051261617696726096,0.23653345072462986,0.007724756840937775
2003-11-28,0.11907065952226248,0.45644836223695867,0.023537451772436754,0.31216779966949926,0.07581455648397842,0.18024994359605068,0.07580962014929964,0.2117658623317065,0.18435569076477468,0.0021046985326325656
2003-11-29,0.14063078251234531,0.49950955535589653,0.028405881861371156,0.2764391501863864,0.1314753387212517,0.08223653237185001,0.07512207643149506,0.34690355457213645,0.09970312085557503,0.0021046985326325656
2003-11-30,0.15802587732333398,0.4425731059393733,0.04113801158247013,0.3290302136141853,0.08085267812648306,0.09693658041983344,0.03796704668580886,0.05500688553680047,0.22768350315701114,0.08339357948948722
2003-12-01,1.570948732023034,0.5267816078153543,0.051652747996480855,0.25176008576257847,1.4626983945288352,0.025330822190333488,0.034615802586654275,0.3301982430304936,0.050058806131584976,0.0021046985326325656
2003-12-02,0.21127284037215827,0.5119494312463433,0.04025284273593812,0.3956788145674831,0.12856191972825498,0.08056748089802826,0.05302762202620792,0.02790951085837155,0.10856129555839114,0.2783075795495665
2003-12-03,0.2173978793921963,0.5234324306844079,0.04172365384316699,0.3558705870884818,0.09252244821435361,0.0948318236733453,0.01717416646686674,0.005519916796647047,0.05105495093771322,0.0021046985326325656
2003-12-04,0.38056878096584446,0.5607520802652699,0.04381140124737524,0.3553673374271344,0.12127032555636073,0.09108088611505133,0.08375738671287382,0.008839474178654497,0.19212442098054225,0.010503117544697698
2003-12-05,0.24148967510496738,0.4401808052608092,0.043815871823987024,0.49882603695471284,0.14108479146809458,0.05386851224003993,0.057430881727282036,0.033141201526972426,0.10040256211165696,0.0021046985326325656
2003-12-06,0.17615597666713914,0.6205592685865484,0.04498715614066526,0.5599054409047738,0.10192265018279335,0.03442890929035288,0.0384922803425452,0.09726115827783913,0.13762602840655344,0.0021046985326325656
2003-12-07,0.2639481377995373,0.5373076650724715,0.05135769137311106,0.5521178014502427,0.1194836435651376,0.24660791920425756,0.035336040637453596,0.1013767289700568,0.05620739524908825,0.0021046985326325656
2003-12-08,0.178197658833619,0.4554914638750548,0.033444193042691674,0.2465555968036266,0.05873645070399946,0.13193347983296835,0.1088780784106378,0.012493949763130037,0.08177907902001842,0.0021046985326325656
2003-12-09,0.14626581601737185,0.6033347913389733,0.03063221652639847,0.2912894538900549,0.05799602407894964,0.09270696525308376,0.011763773368389399,0.07326527401841433,0.02911543428468151,0.0021046985326325656
2003-12-10,0.20522947641735703,0.5990286720270795,0.030484688317071306,0.42344072677785966,0.08156091209729277,0.02799240146844022,0.01016253527270056,0.09041522274232518,0.02580417077840151,0.0021046985326325656
2003-12-11,0.15639253682573118,0.4999879716725659,0.03241596635872881,0.2554397284616932,0.40351781330061964,0.29288665291696914,0.029251451967785926,0.17807984383978226,0.06635636142408305,0.0021046985326325656
2003-12-12,0.13581242112597064,0.5009449138535133,0.029299992065842228,0.2191575044229437,0.05402025339265955,0.028154250561378304,0.02358240766144239,0.020227514216050863,0.023789037665082405,0.0021046985326325656
2003-12-13,0.12413402366614296,0.4550130037393419,0.028262824228655784,0.24049351132769944,0.05131608665222356,0.1779836971225634,0.0164067252184281,0.0781011520660878,0.025908979781600335,0.07472783835770767
2003-12-14,0.12454236159531926,0.36267070146576463,0.026792013121426924,0.1879095525999493,0.07457514592944321,0.05486290015204317,0.021053352786297216,0.08741001107743898,0.02278834173320898,0.0021046985326325656
2003-12-15,0.2418163454483084,0.5454414654700679,0.029899046056374452,0.17571107828100044,0.08384657801800129,0.021390472357912443,0.00890023260005328,0.10109804203912677,0.02485428204046055,0.0021046985326325656
2003-12-16,0.14079411768401587,0.3870720369299887,0.03491947493124781,0.19162442272777766,0.05698196136701645,0.02420037283121198,0.028210463297888816,0.10965861606956101,0.0962009255906842,0.0021046985326325656
2003-12-17,0.44165578737844396,0.3975980941871059,0.03876861948944293,0.23051318364607387,0.42144901999548884,0.022467274995694734,0.047906445931863925,0.05216378432792878,0.04410574378450783,0.0021046985326325656
2003-12-18,0.1340974130425326,0.5985502118913667,0.02738212575402009,0.3106450255985929,0.06333997372549897,0.024451210353362944,0.02239864823765941,0.12956800537837632,0.04414622317337342,0.0021046985326325656
2003-12-19,0.1248690281989595,0.5655366816223983,0.027225656596184828,0.22689511505471613,0.05799602407894963,0.04799290653112131,0.08137090924934387,0.02419798159281003,0.1485618277320993,0.0021046985326325656
2003-12-20,0.09579553218844238,0.46410368058932056,0.03449477240499801,0.29526038922339204,0.08890079672470481,0.19352763476036988,0.05545124290964562,0.02097086254156379,0.12392882977775024,0.0021046985326325656
2003-12-21,0.10829060176692185,0.4176933103394363,0.025155791498423737,0.26236769927809717,0.065319810905084,0.032477546652315836,0.0692570607982665,0.041617565404340966,0.08577192906540589,0.0021046985326325656
2003-12-22,0.11155728650182821,0.45405610537743796,0.022500283935250314,0.16355582426473808,0.04956159657816174,0.07470075289015354,0.027470879725115402,0.13156928547343946,0.05134907247387,0.0021046985326325656
2003-12-23,0.08321879502412764,0.37989517871333967,0.020721004474816278,0.15163384121307802,0.04600432892283554,0.043770139885593376,0.020817142791423576,0.028321506640223874,0.10303547737984049,0.0021046985326325656
2003-12-24,0.13319907333804554,0.3722398603609778,0.022634400414742104,0.19667882489311497,0.08452261933457086,0.11484285515021299,0.03135045317202479,0.02219725008479548,0.048358450014261624,0.0021046985326325656
2003-12-25,0.0915488439029145,0.41865025252038374,0.02265228251647379,0.2527064909827187,0.058833027929641006,0.11589196778457979,0.10968788664232385,0.22350418132294794,0.1304658904222162,0.0021046985326325656
2003-12-26,0.10339057653441268,0.37750289994429725,0.028115296224044104,0.2533299284967253,0.06530371531504275,0.035864624975460405,0.027665109864220556,0.03739968150047093,0.05182939954949627,0.0021046985326325656
2003-12-27,0.11678398581737921,0.4770220385250019,0.024865205451665727,0.32845828518569936,0.1105341365448231,0.045799351552462904,0.047554935952759524,0.04354862541513549,0.06455320940168316,0.0021046985326325656
2003-12-28,0.11694731724934893,0.5014233739892261,0.032563494568055976,0.3658290085269,0.10135928241898536,0.03993778107859179,0.025850296328921284,0.034549448345951014,0.05951673322899318,0.0021046985326325656
2003-12-29,0.10363557555221768,0.49472495399876815,0.03167832531209301,0.22772606895667524,0.0763457323306251,0.020526600874896234,0.02153215727888326,0.09316972572977573,0.06847297761774455,0.0021046985326325656
2003-12-30,0.111802289259334,0.45309918510601227,0.03670322517300911,0.13862513507125743,0.07750466124956,0.03043550459784775,0.013474314072949141,0.0168399307839525,0.02709019229566353,0.04092993912949065
2003-12-31,0.13818076989609077,0.585631875865207,0.02959504848449655,0.22748214090811036,0.0918946951420654,0.051689055919641326,0.0385354211378128,0.06297634681684516,0.09136413349179438,0.5062758380616308
2004-01-01,0.11245562620631527,0.5109925109749176,0.02737318480551199,0.32465401430653557,0.0767964272787503,0.022166954833334793,0.012807276816617788,0.008585748429459968,0.07574527647389032,0.0021046985326325656
2004-01-02,0.11784565321413519,0.6344345248841337,0.03151291479631869,0.4448134413198679,0.09023678303072392,0.021230039506998907,0.016734053239697684,0.0064805093615987325,0.033442666576214614,0.0021046985326325656
2004-01-03,0.12617569835322123,0.5870672562723456,0.022057699511984313,0.46683268359342933,0.0995404077735221,0.26331682357668595,0.05594939292420576,0.11966117580750334,0.11430596530235242,0.0021046985326325656
2004-01-04,0.111802289259334,0.46936672017264003,0.04070436810771223,0.3613622243037947,0.1900012502330828,0.025937381055010266,0.031018868963175242,0.0747039682036309,0.09071720607675024,0.0021046985326325656
2004-01-05,0.11858066148665254,0.5674504783462062,0.03196444078223923,0.4485226869561864,0.10620424813604931,0.04988461938390933,0.04542169279148549,0.058774371937384065,0.10411721986158531,0.11860329756653437
2004-01-06,0.12495069578479473,0.6640988999316774,0.03241149578211703,0.5780884410743949,0.12737079815507996,0.129601369212539,0.02586364447553552,0.09086644359720944,0.0436220907860251,0.0021046985326325656
2004-01-07,0.10739226206243481,0.5813257565533132,0.03389124804256947,0.22933972400101182,0.0937296661146487,0.06498834949951328,0.03537569883569263,0.10669235471315754,0.05725819825180081,0.0021046985326325656
2004-01-08,0.11490563882256985,0.43874546867271413,0.024856264298442145,0.1936294283500809,0.10073153008377596,0.05876308888679478,0.01719428580086104,0.06432616864412462,0.057644525423216963,0.0021046985326325656
2004-01-09,0.09800054578689196,0.5028587324868429,0.027082598758753976,0.19220315977122612,0.0730460044350622,0.061000799875356566,0.015283130897294994,0.017025082524040787,0.026132863967070912,0.0021046985326325656
2004-01-10,0.09938888726668979,0.5339584660320033,0.03565711597788361,0.19162027830924902,0.07241825062569515,0.07464078608563542,0.04507637330854278,0.11571758982415804,0.03483415343389517,0.0021046985326325656
2004-01-11,0.09187551050655472,0.5066863916630239,0.023975566028521925,0.2362671027421337,0.06852296157500534,0.05593919547672135,0.0720807493616865,0.02588025250981401,0.08515896065133173,0.0021046985326325656
2004-01-12,0.11114894857265194,0.6258222862603462,0.015235638293617968,0.3025160643888538,0.08510208416257774,0.041313656805605774,0.057002956371634515,0.018478314423053137,0.07677389236285823,0.0021046985326325656
2004-01-13,0.23217962267555906,1.4951794012986563,0.5825172850643936,0.30223394846738594,0.08978608881967753,0.03615587723973382,0.0393314943168745,0.01797881727986023,0.02836544839961395,0.0021046985326325656
2004-01-14,0.1927344068388776,0.6181669679079842,0.03685075297290531,0.47492404912754943,0.09453447804817876,0.08892104530445882,0.018895540982647056,0.05982548293543522,0.04360086641041885,0.0021046985326325656
2004-01-15,0.14520414114121424,0.8334728239550648,0.03242043693534061,0.7377124058492865,0.11949973989225768,0.15148301841554793,0.037267121532743294,0.09129791469031144,0.02520914465304902,0.0021046985326325656
2004-01-16,0.12348068671916168,0.6349129850198466,0.03922461564254431,0.5881552092936148,0.12539096171257377,0.3378852634017428,0.05913000859380925,0.12152256369304457,0.12691415705235176,0.04290154676631187
2004-01-17,0.16210923417689213,0.7066815890958589,0.03432936229865464,0.3846321897761425,0.10185826561139193,0.1604937446503603,0.03564808553912079,0.1177183213321726,0.042129952328716275,0.0021046985326325656
2004-01-18,0.1535341862803003,0.7042892884172948,0.028861878219188012,0.6778366564754388,0.139008377062868,0.1604937446503603,0.03564808553912079,0.1177183213321726,0.042129952328716275,0.0021046985326325656
2004-01-19,0.16774426768191866,0.9420826393857482,0.04424951529874493,0.7045529936009646,0.15750295078446638,0.04877124904166764,0.014040947780110825,0.05464974940185642,0.060238361648918014,0.0021046985326325656
2004-01-20,0.14904249523726665,0.7483073798981364,0.03684181202439722,0.5118738188722451,0.127821493840284,0.08753540412081541,0.015196849306759777,0.0835314340724257,0.02400465097958022,0.0021046985326325656
2004-01-21,0.13123906623680254,0.7640964767385732,0.03122679973560342,0.37957778766502825,0.10897280165912315,0.06901553173490044,0.012218008775661713,0.09162707257176109,0.01574609741393186,0.0021046985326325656
2004-01-22,0.13499574900731887,0.8062007495860853,0.03507594429379855,0.248751541248214,0.1383806239905798,0.057372860881266086,0.008450446722631587,0.11782721758840795,0.013035899177076371,0.0021046985326325656
2004-01-23,0.09889888549137903,0.7358675259172115,0.04188906435894131,0.3218461775516052,0.08816036936257617,0.06985789945800545,0.021363269815643234,0.45824559996604103,0.009596107950045467,0.0021046985326325656
2004-01-24,0.10657558994378302,2.7578285131217,0.04085189652175487,0.3570508553891737,0.10171339940439021,0.037956593584227385,0.016295100952027755,0.262134699982265,0.00815215093700422,0.0021046985326325656
2004-01-25,0.1405491149265101,0.6033347913389733,0.03640816854963931,0.24816066702071007,0.07737589210675715,0.01709655725760856,0.012633939823527144,0.12464956356681617,0.0011771244464755437,0.0021046985326325656
2004-01-26,0.11327229832496706,0.5334800058962905,0.03714133881494784,0.20416599483800002,0.07650669486474686,0.005892741107364496,0.0013461496565602342,0.08957203000388685,0.0029383528475566273,0.0021046985326325656
2004-01-27,0.1309123958934615,0.7310829245600832,0.03078868568423373,0.2025727658147761,0.08426508031188636,0.04725034961834047,0.030325908339760385,0.07442720148437922,0.03166428358125238,0.0021046985326325656
2004-01-28,0.10388057830972344,0.6119470299627608,0.035518528717064554,0.33162816566647885,0.07486487834344663,0.0619332129279582,0.024918803831634535,0.043548076514070264,0.032388187614148065,0.0021046985326325656
2004-01-29,0.13083072830762624,0.46410368058932056,0.031070330577768163,0.19794523771409367,0.07111445549975853,0.029427250547099007,0.0134226611239904,0.118049124974768,0.010342067739065009,0.0021046985326325656
2004-01-30,0.0819121211301651,0.5861103360009199,0.02692612960091871,0.17027391039206113,0.06663970235814068,0.05871637523482832,0.024207078155995158,0.35836839805240106,0.02102256205608796,0.0021046985326325656
2004-01-31,0.0989805493375135,0.5885026147699622,0.03685969412612889,0.30512171321647835,0.082414013012183,0.032205423758079305,0.03142183832749892,0.1981922138107565,0.02779204042214059,0.0021046985326325656
2004-02-01,0.07676709314015015,0.509078692341588,0.02426168108923719,0.16971086290302612,0.05500212418743143,0.08079806882343869,0.028980613109867003,0.12083133207919698,0.04831285048368708,0.0021046985326325656
2004-02-02,0.10314557377690692,0.6755818555506985,0.022777458047457476,0.19975664024990006,0.0650139821639605,0.10356808074223559,0.025445585555348916,0.09122851701559076,0.04654842746727209,0.0021046985326325656
2004-02-03,0.10322724136274218,0.5507044831438656,0.02410521172668645,0.19206343400359951,0.06514275278092098,0.11141485479603995,0.02675625214366582,0.14876394482685146,0.02480868240968949,0.0021046985326325656
2004-02-04,0.0915488401632137,0.5358723065748547,0.022191815786760622,0.2749397624181128,0.0739795855113951,0.34463031382678994,0.02899879791381077,0.32390364689930534,0.0335504513154776,0.0021046985326325656
2004-02-05,0.11041394403983541,0.7267768052481893,0.020121950688999534,0.3947945754219359,0.12428032177499904,0.1063158160864966,0.057578295353289184,0.826340674679923,0.08471464936047482,0.0021046985326325656
2004-02-06,0.14928749425507165,0.7373028625053064,0.022790869777292846,0.6631337752605047,0.10446585512618636,0.0826449492569172,0.06843196944697807,1.4360669908503156,0.020212228967058092,0.0021046985326325656
2004-02-07,0.13973244280785826,0.6219946270841652,0.0439589294567024,0.4471902595509473,0.12154396164324412,0.11294511810857645,0.05157553896577491,0.6967874202326327,0.04089605088021916,0.0021046985326325656
2004-02-08,0.14969583218424795,0.5846749555937814,0.031374327944930586,0.3623752361834774,0.09814003542194397,0.31730595287681457,0.05467161401115426,0.8787686691442119,0.053017176237328656,0.0021046985326325656
2004-02-09,0.18873271383145387,0.9674408951213981,0.038916147903485576,0.6507769253108842,0.11690824523042566,0.5468991588855205,0.06576072428769658,0.5859665416413651,0.10844335805735919,0.09318507026231276
2004-02-10,0.32274845928815127,1.0506924767259533,0.03359619182863062,0.39593399180240435,0.1093591105616893,0.6199401254628257,0.15180410407881526,0.9803196384045777,0.14874965239702517,0.0876118847789564
2004-02-11,0.16521258747982878,0.8406496821717139,0.028548939698802008,0.4734767624251883,0.13142704973989153,0.6655351700139058,0.13049972525576112,1.1467407708644723,0.12349217675642173,0.19419802951776963
2004-02-12,0.1527991817474838,0.9014137688548961,0.028253883280147683,0.36009817977038866,0.13448533493988998,1.0254722668913043,0.2610945505471121,2.043327366159095,0.20195414645524853,0.35514880083938205
2004-02-13,0.09800054578689196,0.618166989817506,0.022486872410130424,0.298357298489517,0.2716252606992481,0.2341841790775137,0.09981464898840327,1.3127937951344342,0.07762956251771232,0.0021046985326325656
2004-02-14,0.12568569657791048,0.6363483435174633,0.04144647952624435,0.42153903533034937,0.09897703927263532,0.1333479101701884,0.11443491820230023,0.975024311010308,0.1145093690712819,0.25457008983028784
2004-02-15,0.13352574368138656,0.815769886571777,0.02664001433548797,0.5823610301763885,0.13363223476207856,0.10489576320044243,0.18232706362737555,2.685464214266307,0.12244395571750043,0.0658274802185079
2004-02-16,0.09579553218844238,0.5645797394414509,0.039220145270647995,0.5251980920841778,0.11908123759837258,0.08413841232128189,0.13153626439580762,2.478575588170258,0.09607786799804154,0.02743053648627768
2004-02-17,0.09138550499154317,0.47989277742975717,0.028271765586594846,0.288862606646436,0.10910157153900481,0.07548232942797099,0.08157094320006943,1.2040529196647431,0.08672540629115012,0.14707291797353805
2004-02-18,0.13948744005035252,0.4899403964606833,0.037735922228868284,0.4438649639243528,0.11156429558387633,0.08351409805451727,0.08917938721312314,0.6058627645469977,0.11061843976457979,0.0021046985326325656
2004-02-19,0.17827932267975352,0.4727159411226298,0.031977852307359125,0.5080997428835651,0.2005764781846563,0.047904953804659166,0.08812833898696329,0.26708742895538656,0.06475271843218543,0.0021046985326325656
2004-02-20,0.1581892124950045,0.4679313616750232,0.035956642973149724,0.2542434745079458,0.1378977371252933,0.050081894757070186,0.13408098907509647,0.2714698917999815,0.12691984605972975,0.03755200145446806
2004-02-21,0.1595775539748023,0.5990286939366012,0.0349239455078596,0.2601613938210776,0.1597081358066534,0.0809185519954565,0.10391108712968102,0.5607472872244842,0.06662090014191363,0.0021046985326325656
2004-02-22,0.1423457905957834,0.31482497271826354,0.04143306820583993,0.3812003235268139,0.28133129140881136,0.05710866448507755,0.04365872532594679,0.5746426872307029,0.034811178575211744,0.0021046985326325656
2004-02-23,0.10306390619107166,0.5148201701510986,0.05830939869907288,0.36455874739959043,0.14229200863131083,0.020460849442690117,0.06645794109869141,0.49084676888540124,0.054993667866311775,0.0021046985326325656
2004-02-24,0.0943255231228093,0.4263055708727457,0.03595217239653794,0.3352343931046444,0.15901599742588496,0.0393168276371267,0.028525990796584577,0.20883745410968857,0.046581248636707547,0.0021046985326325656
2004-02-25,0.10339057653441269,0.41386567307277716,0.02900493585190338,0.264806387634241,0.1522555791006374,0.0245506618219463,0.04800704348771068,0.28599617853068693,0.04195543115482318,0.0021046985326325656
2004-02-26,0.08926216271862962,0.4865911755106934,0.02204875835876073,0.3119582109706142,0.11666680253486122,0.04728619863931826,0.09147107093242673,0.48753461758555794,0.06396697932729535,0.0021046985326325656
2004-02-27,0.09007883109758064,0.4196071508822876,0.03536653013584108,0.3620235534700603,0.15402616476474046,0.07499794477092636,0.051613843325181805,0.09042921186907238,0.02633084134366751,0.0021046985326325656
2004-02-28,0.11490563882256985,0.5349154082129508,0.02337204146137791,0.31425421333183434,0.12054599525843099,0.05051946008905863,0.09119326776632591,0.14100871071448662,0.07421917906570973,0.0021046985326325656
2004-02-29,0.12715570564354353,0.4440084863465119,0.038916147698770095,0.6102946393113892,0.19201328080398672,0.11475830552312585,0.22062077747152659,0.34408925465434037,0.18822565836101385,0.024602097159173344
2004-03-01,0.14438746528286167,0.5062079534368327,0.051371103307661904,0.8598593727995527,0.2738304442472775,0.1781102678824439,0.2312161874848282,0.9417903360968325,0.19407246757263544,0.015185170394428254
2004-03-02,0.1573725441160535,0.7329967651029345,0.043073760200739435,0.5891412825138622,0.2790617218152229,0.19211457834270265,0.17367008638796205,2.360733497184279,0.1323346410477117,0.0021046985326325656
2004-03-03,0.12780904259052486,0.590416433403292,0.05934656633154384,0.6871142107919566,0.22312730349106621,0.06309913084137796,0.3008950956487358,4.85287045237116,0.1491879245939083,0.0021046985326325656
2004-03-04,0.1487974924797609,0.6406544628293571,0.05075863779200979,0.8646861285053534,0.23713102848100545,0.04006684605732311,0.2335682294275835,2.7370811088055245,0.08311997751293801,0.0021046985326325656
2004-03-05,0.37599542233697547,0.4765435783892891,0.042908349889680585,0.7396052164386805,0.2524063552055624,0.09130777499836015,0.10216746496464758,0.908215408209338,0.07072928076783967,0.0021046985326325656
2004-03-06,0.13254573639106426,0.6444821220055381,0.0415761258385553,0.6037236798317183,0.19106360266345496,0.046487564209559705,0.1482754603627295,0.431395093541691,0.06370029625391824,0.0021046985326325656
2004-03-07,0.15059416814903417,0.8640940973645124,0.05209086184313507,1.125034612679715,0.2521488154457991,0.09300698954531136,0.20832507987366738,0.7336668192012903,0.12464385018793406,0.004003125692703174
2004-03-08,0.16513091615429276,0.6684049973340495,0.05031605295931283,0.9630643207713163,0.27754867591088317,0.2251987120504783,0.5132968003995813,1.3962355947305674,0.33518254846214734,0.10016527296505529
2004-03-09,0.17983099933122182,0.6492667233626664,0.06556510298276616,1.1790865801346906,0.2941438940884968,0.24049246740220503,0.328359124014762,0.8622553665237563,0.24616204794318103,0.06694225380899624
2004-03-10,0.19028439048292223,0.8765339513454373,0.0729683356805021,1.6383415088813353,0.4161694549203409,0.45259648182367074,0.23154003313053803,0.264504636854309,0.1370063644610893,0.014670658600337585
2004-03-11,0.23168962090024828,0.829166704643171,0.05654353096847421,1.4805064484864299,0.39715980094213715,0.24466243278370575,0.1711833987175331,0.15250043558816515,0.11089063675193875,0.0021046985326325656
2004-03-12,0.23658964987245829,0.778928653307584,0.06897613369430707,1.6431522789476363,0.42965809965367474,0.1803259959645753,0.17306998475725421,0.23850418066351303,0.15926065806001855,0.07904630246456551
2004-03-13,0.27080817387299033,0.9239012637762691,0.07001777210810531,0.9142301636505794,0.553116226228416,0.20823510199329714,0.20023164087186598,0.21249275273174528,0.25550308784944287,0.06876293760924955
2004-03-14,0.2672148187947429,0.9894499299070582,0.07297280646182937,0.5983744324042408,0.6062338027852175,0.24459039652494804,0.27454286108126874,0.37985856810414914,0.2361061626700333,0.07684419462463317
2004-03-15,0.17738098671496724,0.8712709336716398,0.04086083747026297,0.5647736408229723,0.3687982347139327,0.3845138633644336,0.4418556981392176,1.4947317047271254,0.3835007560522827,0.18396200005850857
2004-03-16,0.21927621890760407,0.9052414280310772,0.04870218421936859,0.7672608541385206,0.43339242690732166,0.3334173029078366,0.5762641281846765,0.44749255995693754,0.48260374887656055,0.18350099808158649
2004-03-17,0.6320218454472015,1.7980429363526642,0.19610519652042083,0.5853965133772997,1.3469825578111922,0.5120912489089652,1.090921813225117,0.31277783586736485,0.892670338693642,0.3291165916755656
2004-03-18,0.14201912399214317,0.6607496789816876,0.05595341813116556,1.0954701787374255,0.21643126900014126,1.1704221441993299,1.272049367009919,0.28535349765568063,1.1476867285226533,0.3656955948348321
2004-03-19,0.20931283327091524,1.1057150636901032,0.07283421940572578,0.27897079173200257,0.4345674521533765,0.7722347003339243,4.64221711995489,1.526464445589796,1.34910442017362,2.793560161240193
2004-03-21,0.3442269146923988,0.9861007308665899,0.11339552988072264,0.16337406231787766,0.6581602585059229,1.015988422173658,2.8669275541927486,0.12210160721434865,2.239406575295382,1.0531429535165124
2004-03-22,0.23299629479421083,0.7382597827767321,0.06868554785226455,0.5461081130033122,0.40813743412339687,0.22921828483128467,0.7207278379301707,0.06544503092771747,0.5710811681954449,0.15914129289409498
2004-03-23,0.19265273551334153,0.7009401112863484,0.04499162692199253,0.6001289973532125,0.31040109160782564,0.1294108366633121,0.21522315227138272,0.017938221210231767,0.20971534970901032,0.06103840930514006
2004-03-24,0.18032100110653257,0.6612281391174003,0.04648479091228034,1.381406241039034,0.2738626376385965,0.1503850784012415,0.20311162525636597,0.02857303804122407,0.15912394693984555,0.008579531699766222
2004-03-25,0.19257107166720705,0.5870672562723455,0.0550682488752026,1.1448667912448036,0.24162187794974338,0.10061383295783088,0.12972009635726975,0.008140562346126751,0.14529918332842987,0.02257698127588342
2004-03-26,0.1679892629600228,0.47558665811786344,0.03508041487041034,1.0565680966065116,0.20205733069767715,0.05402896626428836,0.1271713090541404,0.017095302608309406,0.13393653355653218,0.0021046985326325656
2004-03-27,0.20122778714963416,0.5545321423200466,0.037749333958703654,1.0606100789403368,0.20736908842706517,0.04684971130835415,0.1315453567977795,0.02721114729887576,0.10214510436514772,0.0144120310896475
2004-03-28,0.2799548873910273,0.6813233552697308,0.0630526532570236,1.108670711943233,0.24173455150250497,0.11055244882237382,0.15190083213162334,0.02789689335625412,0.16787770651193226,0.0021046985326325656
2004-03-29,0.20179945277107939,0.5952010347604203,0.0404048413171616,1.0779375548496921,0.23679300708564188,0.13459015526992074,0.16638703586612738,0.023040716959749796,0.18126953679714874,0.019265587085391687
2004-03-30,1.0276990475191512,0.5617090005366957,0.03597005449826962,1.0919915399641658,0.26985467503514504,0.08342417954724715,0.21858406924225876,0.0123362280035042,0.2590526769639573,0.02860705271720276
2004-03-31,0.9328835188813304,0.44592232688936323,0.04617632276379065,0.9031118997156897,0.2024275447472808,0.08485526616059201,0.2092358723457415,0.003429489893114204,0.3190559696416127,0.11273306682483616
2004-04-01,0.1786876606089298,0.5837180353223557,0.04972594053143514,0.9598722381926911,0.2322699649626638,0.10049258882825597,0.24977735530190837,0.004718691438450321,0.3984513737578874,0.0771439831102645
2004-04-02,0.17966766789925206,0.45644836223695867,0.039367673479975156,0.8491975859343005,0.19703530538229255,0.05873379244431213,0.17454122021885946,0.007269665176693358,0.2067363240432311,0.0021046985326325656
2004-04-03,0.1246240254414537,0.45118534456316095,0.036104170977761404,0.610430516772685,0.17194127439541076,0.056220153822124384,0.13547871106596882,0.007858857715404559,0.11473762948949451,0.0021046985326325656
2004-04-04,0.11776398936800074,0.5014233520797045,0.040409311893773385,0.5404018546051077,0.14108479146809458,0.06451888780890361,0.24142990796436195,0.0029151805855929034,0.21436663644162215,0.04913056148003906
2004-04-05,0.14626581227767105,0.5243893290463119,0.02574143355440511,0.5671620042170482,0.15698787200201855,0.08506374435734557,0.23573203860659353,0.003738075289217008,0.23099914284593492,0.02034606051788723
2004-04-06,0.2069444845007951,0.5095571305677791,0.03299713804281388,0.6480028359387976,0.18876184115270522,0.13718392576941424,0.48720553825457225,0.013851725945605652,0.3998886790254123,0.06313075506879567
2004-04-07,0.2922866255375371,0.6291715072103361,0.04128106921518551,0.670685183604471,0.2718667041318914,0.18808619125986656,0.7941760495563571,0.021873852210347655,0.506463173435616,0.1174645119020763
2004-04-08,0.09742888016544676,0.4196071508822876,0.0372933376008868,0.5760541286677532,0.17131352132312253,0.29583390423298683,1.264626834546019,0.06892971583749834,0.6982949789336995,0.36470430338381765
2004-04-09,0.13238240121939376,0.4416161856679477,0.03567052770771899,0.692082172528146,0.17300362608870412,0.30224568126096724,1.8154705265089413,0.0463829489172132,1.1260938036112373,0.33418143978594506
2004-04-10,0.10967894324671969,0.44496540661793754,0.04217965020098385,0.6247000112439742,0.16186503111040143,0.3171831022839744,1.967862076826286,0.03669967217982938,1.1182762356640805,0.4114507349010096
2004-04-11,0.10608559190817304,0.36697682077765836,0.04188012300100225,0.4885313262993163,0.14583318069659582,0.29491303219658194,1.325137653772411,0.025927157487509508,0.8275209032633355,0.5048859720992659
2004-04-12,0.14275412852495967,0.4559699240107675,0.034624418512593486,0.40654663778837397,0.11396263505734644,0.2398467409411284,1.563329602477152,0.03246917077384191,0.9174379470982945,0.2999849660463777
2004-04-13,0.10077722874648759,0.334920188870594,0.03848250422401219,0.4337916830532549,0.12716154737667681,0.27342876612715145,1.750681033531417,0.04486004489294756,1.0500130327600707,0.34078982170789657
2004-04-14,0.10461558284254,0.22343961262563358,0.031222329158991632,0.4755688006061448,0.1531730638498502,0.2660991819937352,1.4081195869382581,0.03623501109926313,1.0189833172044178,0.31912889928692195
2004-04-15,0.264683138592653,0.33396326859916825,0.03744533638682575,0.4602327130485002,0.11993433851326281,0.1436429237624652,0.814315240665582,0.01606723289433202,0.5444443276208837,0.1391755137317453
2004-04-16,0.0909771708020677,0.4296547699132138,0.03211196899156639,0.38604395289692506,0.10811970074423292,0.10499238225757099,0.67390115210533,0.025029379552695494,0.43546425930824784,0.09797002437137158
2004-04-17,0.3360601972455817,0.4004688330918612,0.03921567469403621,0.3877342795145942,0.09944382981080177,0.19206714603145267,0.6997068727425673,0.022389807279014712,0.4855689020353432,0.09157293534940514
2004-04-18,0.11294562424192525,0.3497523873491266,0.028852936861248953,0.441739770408723,0.11059852111622452,0.11893044808001009,0.7278036968508274,0.02049029212257197,0.45848779395579875,0.08486576740173457
2004-04-19,0.09318218814021807,0.4430515660750862,0.03403430608471579,0.48510182820200276,0.10934301497164806,0.12348494508255188,0.6137787931571481,0.013742555238837686,0.4812791734467097,0.09989223899533327
2004-04-20,0.09081383937009797,0.43539622581320253,0.028852937065964434,0.4445431667007057,0.11011563498801683,0.1074715457783338,0.44149722385193135,0.01373624633077066,0.4151371817481767,0.12471774778919088
2004-04-21,0.09947055111282425,0.3937704569204467,0.02545531828897437,0.4346865792963205,0.1085060111209567,0.08001879623483514,0.3597292290001244,0.0075302484210035,0.2655850112890854,0.061319675312780333
2004-04-22,0.08950716547613541,0.42487019046560714,0.028428234744430115,0.3698822400064142,0.09123474941553705,0.07814177385316586,0.28175568694419073,0.010457833605440255,0.2600056727955832,0.013177204197459746
2004-04-23,0.14757248991133437,0.4234348100584686,0.03712792728982796,0.6759536148638623,0.15512070837519515,0.24363853708304045,0.3857667103238535,0.021306329331080464,0.3558504848703861,0.0772283626769516
2004-04-24,0.23524214218557807,0.39592350562163275,0.028555645563719693,0.45174718472454795,0.10429684442850458,0.07381646970734483,0.2996302781977571,0.008469171640527809,0.302460004151963,0.07272330256921339
2004-04-25,0.16839760462889994,0.4162579299322978,0.02738212575402009,0.3489482406958089,0.09656260420912395,0.1812295564887842,0.39533041741150055,0.03736018260493963,0.38092490585107863,0.10011107753740181
2004-04-26,0.11629398030236766,0.3731968025419252,0.03226396757278986,0.3613166358084259,0.0825588784821059,0.10997861067288962,0.41019540877396227,0.016081496471611827,0.41464950270374423,0.16222835973188937
2004-04-27,0.1525541827296788,0.3631491835109991,0.02397109524719466,0.33947560317914566,0.12700058557963384,0.17290446411986873,0.41902552966419576,0.004910700673654219,0.46236830808607976,0.1316320926178874
2004-04-28,0.14218245542411287,0.4153010315703939,0.02650142727938439,0.32074494900337236,0.09250635262431237,0.11278185282201,0.3351738167277523,0.004279814577200759,0.38830074467156256,0.05171546693666997
2004-04-29,0.2900816119390875,0.316260353125402,0.02307698483800811,0.3425235195543081,0.08801550315557446,0.11055874778061404,0.3383232859098703,0.0010362379144970028,0.4105973995000554,0.09472860407388495
2004-04-30,0.21225284766248056,0.18468456072811126,0.015682693498211244,0.2556484290137657,0.22187179734648976,0.0734910594093118,0.24192863822720287,7.619299454401753e-6,0.2680825282618301,0.06269033397201916
2004-05-01,0.6481102701039283,0.21099971482566507,0.024722147818950355,0.18599720409558798,1.0393834985832093,0.0481910485107309,0.12619861073457417,2.682028577811721e-4,0.14426855439143796,0.0021046985326325656
2004-05-02,1.284623810333864,0.32822179078965774,0.023671568251928544,0.3373610666390323,0.09733522348841389,0.05291367239111609,0.17655258577226215,7.619299454401753e-6,0.19400481218574053,0.0021046985326325656
2004-05-03,0.2111095052004877,0.39520581541806343,0.021749231363494617,0.3566405588901872,0.15062985890645722,0.1065093289943435,0.2294603776697421,7.619299454401753e-6,0.23013568316412816,0.004844866098819404
2004-05-04,0.41838065630492305,0.4344393274512987,0.0332921944614682,0.2961230181972624,0.3608788859955925,0.09540955111036996,0.3009655138713878,0.0031477855764086397,0.18761632212042006,0.04636454961850645
2004-05-05,0.09767387918325172,0.45692682237267157,0.02561178744680963,0.3099401800852218,0.08062733102095987,0.0857668166060612,0.42234272514858584,0.007522842652855932,0.28532388951261833,0.022931650799653112
2004-05-06,0.127237369489678,0.4153010315703939,0.0210071199449625,0.38326364686315617,2.1178795610565944,0.1602749725347364,0.7447413791444344,0.013604308790461522,0.4193892753764862,0.06344357800713923
2004-05-07,0.10363557555221768,0.3578861439276796,0.021753701940106406,0.4414706798994577,0.09606362027963856,0.2707810247728091,1.0411516895442436,0.07259104891708948,0.6390864402911686,0.16583474077856844
2004-05-08,0.09677553947876467,0.3990334965037662,0.032563494568055976,0.47522895910014307,0.10374152556533542,0.6512006651224457,1.3967702776083404,0.1330762798452629,0.8356572745530273,0.2249390452618759
2004-05-09,0.10510558461785073,0.4464007651155543,0.021749231363494617,0.4316735943054527,0.12250973537381714,0.6461601768786036,1.1213795781143647,0.11290658174267008,0.8275521051570198,0.2842018200091847
2004-05-10,0.11261896137798581,0.3865935987037976,0.03537994186567645,0.36856342999376945,0.10472339562302849,0.10693219678936888,0.5982127163665281,0.11084468167968023,0.3654769816194609,0.07238029470648627
2004-05-11,0.10143056569346888,0.4062103547204152,0.03626511091692394,0.412119979061026,0.12587384931493906,0.1383108874568116,0.2860571883713878,0.018543323087368526,0.18319950989319422,0.024412070749818732
2004-05-12,0.10486058186034497,0.7459151011290941,0.0349239455078596,0.37630222473543884,0.10007158362016881,0.03555151665118121,0.1470170269716521,0.011432141160623169,0.10214466670680475,0.0021046985326325656
2004-05-13,0.8267162631270228,0.47032361853454396,0.020417007107653852,0.40966530513316135,0.09406768751001231,0.03633934989736147,0.14521633561645605,0.0018111304663284463,0.10936151972162392,0.0021046985326325656
2004-05-14,0.10363557929191847,0.40812417335374485,0.03508041487041033,0.5062658421377153,0.10248601942075895,0.039282542781140566,0.18687483527011542,0.003614641319185863,0.1560112734617048,0.0021046985326325656
2004-05-15,0.17999433450289234,0.4918542150940129,0.03715475054478322,0.6347250391928214,0.11357632541770148,0.04818931524943724,0.236392885588232,0.0012968211588071455,0.18227333987280536,0.0242405676038051
2004-05-16,0.4441874713202346,1.0578693349426025,0.023376511833274223,0.517911037864112,0.14110088705813584,0.054818279078913075,0.25602406024743596,0.0031477855764086397,0.218935563899825,0.007657527745922016
2004-05-17,0.11457896847922883,0.8167268068432024,0.032120910144789974,0.42064147491796133,0.12796635931020686,0.06830436389183482,0.21856743184088662,0.00593246147956458,0.20488092069464206,0.0021046985326325656
2004-05-18,0.07407207776638981,0.48276353824403423,0.031074801154379952,0.4202495322918241,0.08880421876198445,0.04102320777296499,0.24765204404604463,0.010986406490241366,0.18298958563617265,0.01533815106245083
2004-05-19,0.09154884390291448,0.37798136008001004,0.021753701940106406,0.3220696795655017,0.0902045903764838,0.04921164680930898,0.2693723536954954,0.0011116697327354867,0.23007266652482386,0.0025954228628321573
2004-05-20,0.10061389357481708,0.5243893290463119,0.028562351223921905,0.3142876645347016,0.08339588306987608,0.05199463933749074,0.19841895498741907,0.0036620948839299395,0.14477351923707762,0.0021046985326325656
2004-05-21,0.09857221514803799,0.40716725308231916,0.023828037819194767,0.2666293352788207,0.07892113066533703,0.02906022070789079,0.16705155834412747,0.0010905489743566925,0.1252603633039379,0.0021046985326325656
2004-05-22,0.0674570444504426,0.4028611337704254,0.02323345440527433,0.24602304031727326,0.07885674461977799,0.037457328162229034,0.12466875801582827,7.619299454401753e-6,0.1330920664232344,0.0021046985326325656
2004-05-23,0.15051250056319893,0.47893587906785323,0.02990351663298624,0.3013455649710889,0.11370509456050432,0.03392484567609177,0.1800191298556475,0.007370881528265167,0.13981747691261817,0.0021046985326325656
2004-05-24,0.07774710043047248,0.5138632717891947,0.019232311061140255,0.3545053004472115,0.1236525687027108,0.05259783735266991,0.19846983412435756,0.005445582152505731,0.15416313456027292,0.0021046985326325656
2004-05-25,0.092773846471341,0.4861127372845024,0.03123127031221521,0.29798563381483784,0.12935063533466498,0.12115887975171165,0.11803243207406003,0.004951296743282684,0.07919522046269019,0.0021046985326325656
2004-05-26,0.08681215010237504,0.5004664537178005,0.023676039033255814,0.3016951754549079,0.21411341116227148,0.024083969167975314,0.05961771192462773,7.619299454401753e-6,0.06937674174531555,0.0021046985326325656
2004-05-27,0.08003377787505653,0.5760627169699939,0.02426168108923719,0.3652203725831634,0.1679172162019181,0.19405776076564443,0.1522502142384065,0.05297927294938868,0.1591297234688725,0.0021046985326325656
2004-05-28,0.09105883838790295,0.4612329416845653,0.0404048413171616,0.40368521970476917,0.1988058917834744,0.030366871462663193,0.11354927506382063,0.002071713710638589,0.10462537927246061,0.0021046985326325656
2004-05-29,0.0889354961149894,0.49855261317494914,0.029747047475150983,0.491702982897496,0.28590262177607073,0.06236361269525768,0.17243544804870933,7.619299454401753e-6,0.19253569232289047,0.004824971614508634
2004-05-30,0.1007772250067868,0.5119494312463433,0.0359655841263733,0.5697824544387178,0.29134314938534045,0.06298672213877145,0.22748770338175636,7.619299454401753e-6,0.17199505823212086,0.0021046985326325656
2004-05-31,0.12593070307511706,0.49616033440590673,0.023541922349048547,0.4937103567667047,0.2669251597150283,0.0443780726940211,0.2106748003803621,0.0010905489743566925,0.17486481119040845,0.0021046985326325656
2004-06-01,0.10192056746877963,0.5808472964176005,0.035518528921780035,0.40677073176910633,0.26798751140832167,0.06832852394945069,0.21434814938038427,0.009688701688643884,0.21700756011602812,0.003828878534050123
2004-06-02,0.2653364792793351,0.6191238662698882,0.04203212199165667,0.383087509502696,0.2665871397938223,0.03325343724228497,0.08981527820343777,6.247894636267538e-5,0.13401504187838764,0.0021046985326325656
2004-06-03,0.10673892885515432,0.739695141274349,0.034490302237817176,0.40436815898848866,0.29082806912873505,0.028309885244227166,0.12267577083010885,0.20376842279816737,0.11525143412187423,0.0021046985326325656
2004-06-04,0.1198056677947798,0.45070688442744805,0.03241149578211703,0.29946429953113557,0.3637279196801091,0.05621121269786816,0.11320975917102952,0.009018316696659128,0.18788799397788536,0.0021046985326325656
2004-06-05,0.11392563527194835,0.5057294933011198,0.03211196899156639,0.38677188872273305,0.5445530288477465,0.022592640932324413,0.09017181818214234,0.002379750519692809,0.08180673631196957,0.0021046985326325656
2004-06-06,0.12429735883781347,0.5057294933011198,0.03181244199630028,0.3773386228770871,0.5319979651907455,0.008184521558020512,0.08002986998556165,7.619299454401753e-6,0.046116238150236306,0.0021046985326325656
2004-06-07,0.30706837256060066,1.037295658654559,0.03507147371718676,0.3404489470858326,1.1638234952156439,0.012469326461964268,0.03511569378899429,7.619299454401753e-6,0.030549238636150278,0.0021046985326325656
2004-06-08,0.4108672870241896,1.6612041262815755,0.01983583542356879,0.23226360417651695,0.29527063109027035,0.010486025239626677,0.03942454665185216,7.619299454401753e-6,0.07434232412990309,0.0021046985326325656
2004-06-09,0.4619092364745643,1.6540272680649266,0.01776149974919591,0.2897616472809188,0.23679300708564188,0.12125488582264637,0.04752146802921337,0.018590776652112607,0.03834720158364829,0.0021046985326325656
2004-06-10,0.29873832742151457,1.437764513655942,0.04809865985694006,0.2300543384244214,0.19878979545635436,0.033573647756437015,0.041868480433023623,7.619299454401753e-6,0.04784775242546863,0.0021046985326325656
2004-06-11,0.3028216842750727,1.6224490743840534,0.034637830242428856,0.26096570509446476,0.23083739995684555,0.0687574018016359,0.054960250767006856,0.019879978511465345,0.16212179001063934,0.002426663729457948
2004-08-05,0.27913821901207636,1.4688642472011024,0.0065180636464884385,0.27540423215838666,0.17980653921876225,5.224732119020072e-4,1.0691406776100979e-4,7.619299454401753e-6,5.741530387001014e-4,0.0021046985326325656
2004-12-14,0.09505072589985727,0.7860040923481082,1.027432865508857,0.4883973789489462,0.07570413618114838,0.0885171430341554,0.03349254356929866,0.1721465320031899,0.08327790935154473,0.06685291240148032
2004-12-15,0.09660893580860438,0.8362134203006968,1.1303791615823964,0.5286108473981217,0.08487155391884095,0.11040785067379491,0.09409194633303145,0.1583755946854746,0.11711092994669729,0.11857147754360607
2004-12-16,0.1110223634406372,0.850363312453267,1.0276333161494484,0.7543573123982774,0.07932810725782197,0.09453137840682375,0.07624525151217189,0.1739325015732076,0.07506805805160782,0.09923223563010883
2004-12-17,0.05991312555396187,0.7517704646325984,1.2573624667833532,0.4526005492798444,0.03387491353881253,0.0652335324345497,0.04490280111557649,0.2101817960327981,0.05320225782247984,0.16615059359692425
2004-12-18,0.10206266861936887,0.6276165008145085,1.2436891789418798,0.4835641828570668,0.07355432346771525,0.05160697904769293,0.04329715224707869,0.11968612913882318,0.04521576126967002,0.12819201413001585
2004-12-19,0.08663639912408427,0.5819716711636691,1.089052224636039,0.5783907341466296,0.05738465700575502,0.05555681426796847,0.06588235695106469,0.1233300305273777,0.08482260553596145,0.12205646705231274
2004-12-20,0.06762625843175378,0.6883241266601722,1.1561605173163414,0.6388246076494385,0.07141986558011619,0.050723244387347585,0.04667916545086751,0.10694882967792753,0.06912932761251224,0.11390846236141763
2004-12-21,0.075651028055714,0.526284962776599,0.8970546953635218,0.3802884340982307,0.048294018556784654,0.02057896913817536,0.02535817868179289,0.1977061769903098,0.03523890283530195,0.07562265349713378
2004-12-22,0.08905162504359743,0.6203133342050402,1.0731142714081252,0.34416485385035694,0.04443970961394451,0.03571941597012021,0.023794055215066584,0.16871851736019258,0.04181012372542241,0.030579562721088277
2004-12-23,0.07752087845033022,0.7266658116110649,1.079166172935583,0.22465974426869886,0.06117754148570707,0.05754912424824346,0.03135167833747866,0.2523908645101968,0.03415030951758115,0.11287768979895238
2004-12-24,0.06131551334992403,0.6372019384843728,0.9802544776756333,0.323201705802113,0.06899364831177773,0.06472285177806297,0.031531621745155135,0.14928873852153826,0.06275328110170245,0.08352523712168468
2004-12-25,0.1093862480850488,0.6878676855938058,1.1741115058064204,0.3216981451481979,0.06282061325222597,0.05360584269537743,0.04988123546844865,0.1389131056767631,0.03121434310033221,0.21665841067557567
2004-12-26,0.054459392743197374,0.6317245361403696,0.8613958180136642,0.4525641181124817,0.06374196176857698,0.050050738932812186,0.027803563526603868,0.24828902231092537,0.04977470234240387,0.14069216658607014
2004-12-27,0.06840536151627694,0.6750871166403344,1.2592731445111602,0.3655058690149618,0.0709745468848536,0.12652126267306063,0.022885110457269736,0.1873043765119155,0.04214724323994533,0.03342645620074016
2004-12-28,0.0871817746489812,0.5404348549291692,1.0732294240692988,0.4272303645036159,0.07473672097605864,0.06472990954022968,0.017745188357018826,0.15600738584693272,0.04699738041141835,0.014218106203263088
2004-12-29,0.08998655024090554,0.6686968540731203,0.9171125475891585,0.5065378207033686,0.10191650147133462,0.062788012254022793,0.026640852277002008,0.14069253333837603,0.03427451140443307,0.035242577903276694
2004-12-30,0.04877192863310585,0.6298987499653829,1.0357920810030328,0.4306003849333724,0.05233259572873738,0.0653469610143515,0.05072558508300024,0.14296261166674645,0.045843033135917734,0.027356355473722095
2005-01-01,0.09668684499514646,0.5947522401171406,0.9783182103083423,0.2959356904282563,0.06687454598709161,0.075102322996262,0.03133783653688817,0.32545860856707576,0.05055226896929116,0.045092174361034396
2005-01-02,0.10619191908101251,0.6253342735731555,1.3383317032283366,0.26821414471960436,0.06444832871875315,0.11125780885597453,0.03811570474505629,0.09534984049242783,0.06854797916204827,0.0689799015210461
2005-01-03,0.11593072446620557,0.6686968540731203,1.0595049571535728,0.2697391685464474,0.07937417394656071,0.0751663471441044,0.6940601790684732,0.4610679974306155,0.08806646745309898,0.1314970281377135
2005-01-04,0.08468863954292599,0.7280351348101638,1.18615559970254,0.31909317841971124,0.09227305317547485,0.04315176063768974,0.03636241015123905,0.3316146429771937,0.04055244880198209,0.042556149083761693
2005-01-05,0.06926237378734218,0.750401119523978,0.9506176471714778,0.3709527460330023,0.07779252590585109,0.25640555671355547,0.0691074964886508,0.5887419248504576,0.07185550759303509,0.09177141055325744
2005-01-06,0.08476655246916887,0.7207319682006954,1.205855199431987,0.4481254512499571,0.14890527580523616,0.1494968516545607,0.0984797973416882,0.4111197275878121,0.21439965094021807,0.09409473793952844
2005-01-07,0.12333221685812838,0.7399027997213811,1.5641243459501692,0.4832275478595565,0.11911500760127271,0.27501691806323747,0.09960098296804976,0.3272380362286887,0.24318214129961324,0.15919697498915727
2005-01-08,0.10229639991869591,0.7394463586550148,1.0795201599800697,0.5648225400029102,0.1380794307381118,0.14854606810844298,0.11041604331040496,0.20609303796435283,0.27845444293721405,0.07930398048719575
2005-01-09,0.15667787973565042,0.6011424807748328,0.9923454856037335,0.6066381307369538,0.13794122846065912,0.19777155109925332,0.12038213973556373,0.8233450559089963,0.1261588832966224,0.2464362614908965
2005-01-10,0.1663387759343014,1.007381536968725,0.9840246544664258,0.7600385911895372,0.17305996249654554,0.12448055649873689,0.683083631200208,0.2516189067577679,0.11061172524595173,0.1292227859071312
2005-01-11,0.32457486557869897,0.9297853287532502,1.1838141664212252,0.56039149840904,0.13768018020574554,0.039685887357901906,0.08918733506428779,0.19360433479103833,0.06676740371721608,0.05999746174904104
2005-01-12,0.09863461205570634,0.9179176638420328,1.322560081735849,0.5122165579236723,0.1352693177632412,0.030667559097324545,0.05260807018477682,0.2860429795688787,0.02952561448706749,0.018373915701717033
2005-01-13,0.07152178133377116,0.7805266900041049,1.1505180467451792,0.42807138685742063,0.13668205240067233,0.04315932254300985,0.04529498561328649,0.4906771487217354,0.048403262601469474,0.01703227650757244
2005-01-14,0.09247968534696076,0.8284537907153406,1.2593968268474462,0.4467964212048683,0.12298467136994694,0.10860358008861232,0.069725763655516,0.7047972367315524,0.05844065645893844,0.05978476307268944
2005-01-15,0.0636528263431943,0.7403592626972689,1.095304576394657,0.4472881002048195,0.09729440332666667,0.06375845677817094,0.06996568812526169,0.7246522465248832,0.03722404613208303,0.05158767322610558
2005-01-16,0.07681968829204992,0.5974909084248596,0.9844298203804496,0.42261349579137675,0.1270539604048043,0.3107938045137905,0.1004361050846557,2.389646910722944,0.08298045102121047,0.12001128547842832
2005-01-17,0.11359340773323451,0.8188683749549979,1.1940584700037242,0.6008964157768879,0.16903674162458454,0.06240588396378002,0.05689902814636249,0.7763079817807804,0.042697280281942716,0.05361649360499373
2005-01-18,0.093336697618026,0.7307738469369263,1.0812005329996761,0.7133118587378635,0.17345921376599055,0.04444837535271176,0.0830046642815111,0.4697885010715849,0.06681228338598542,0.05582529027024088
2005-01-19,0.20428115561182192,0.8585793831049894,1.2535581708826797,1.0530270316641368,0.1821352461196818,0.13320548283289357,0.12506066833515217,0.7317241628704516,0.07661275423602452,0.05242210752186562
2005-01-20,0.14249817966324382,0.6340067852912441,1.4577192111406152,1.148434786699597,0.20937645034076705,0.26686568827130114,0.1506034045057976,0.3032615581968555,0.12268749179459493,0.08964442221904156
2005-01-21,0.12154027191035345,0.7590736531515884,1.1128546638082686,0.9324527108350781,0.16146632675343572,0.22108339284431824,0.07815542021512947,0.3562714901596893,0.06525715013221085,0.059473895655660185
2005-01-22,0.09964744269985575,0.7476624293067372,0.934969708015276,0.787809276652343,0.1556925437004078,0.11094373771361285,0.17430056711673067,0.40443379043247485,0.08384986442956698,0.09132965200555793
2005-01-23,0.10268594959110708,0.6627630325722725,1.202110612075963,0.4301651882100188,0.0864685582595423,0.08813955191130277,0.06448894895113161,0.4201673319873032,0.077276556095516,0.07616258157086085
2005-01-24,0.08523401506782291,0.6508953895705769,1.2237208899426482,0.2135731028771192,0.07879065444800308,0.08689788703354093,0.12356114001167112,0.5629205991309137,0.04163164869716292,0.08583220252760948
2005-01-25,0.06396446682906341,0.6390277027498378,1.1187700880773406,0.06467767600950806,0.057016117599214614,0.06278851637297811,0.05698207917137429,0.626129529585444,0.05616118592257152,0.020091868663575922
2005-01-26,0.06419819812839045,0.6002295986421005,1.1327419194609232,0.07300232965627707,0.06328128751040148,0.016061486899935497,0.07081926568069655,0.6626797565419037,0.04330367790927821,0.0716631806946852
2005-01-27,0.09029819072677464,0.6308116540076372,1.0078740076706363,0.0548692305598562,0.06764233740015586,0.08359333440864836,0.06730344833070999,0.8205189062597374,0.04936452289149169,0.08296894706761136
2005-01-28,0.05905610580349505,0.69608377815505,1.0931209445595096,0.06530095893353556,0.05541911325851325,0.48730379852023653,0.15253202842611527,1.0541472769511162,0.0827153477461607,0.16066950531397214
2005-01-29,0.05975730344117692,0.7207319901102172,1.02782097186794,0.1355065641757599,0.049307501187691956,0.14202468096037124,0.10844127968567094,0.9975196118613803,0.07532689904496429,0.10693848177330442
2005-01-30,0.046979991164732504,0.8024362336515531,1.3026173821713858,0.12926356816365345,0.046389897798273363,0.6163940924779205,0.33285377879971273,1.4954714792293986,0.18346397932514016,0.409625431672495
2005-01-31,0.07346953717522867,0.5979473494912259,0.9129798536693357,0.2075676152000453,0.05956518158209281,0.09566263944271375,0.1488454956093355,0.3216315309170378,0.1255086496974337,0.10067204356493108
2005-02-01,0.0498626796828997,0.5577799002748681,0.9406804168062004,0.14151911214418642,0.03267716046755622,0.16530425855993827,0.13955764763457995,0.35946399264593154,0.08974997748158653,0.10427156379466164
2005-02-02,0.08211759525032869,0.5810587671214149,1.2237038301829923,0.0961168911120954,0.06329664233623558,0.05763885887417429,0.1252498394622431,0.34073420899717055,0.06056774484083351,0.05708512270405404
2005-02-03,0.05671879654992557,0.7476624293067372,0.9742793446571963,0.15369416876534356,0.04078502814852392,0.09596612389342918,0.20051693721366565,0.5124685944905268,0.10354369665812878,0.11513557083453838
2005-02-04,0.07479401578464875,0.8695341439739526,1.0276972897363696,0.15923678342250908,0.044240084347761395,0.0225178416622542,0.09545305687207631,0.6311472537201659,0.057811297198858476,0.08224904270752528
2005-02-05,0.07907909209877811,0.9512384094248102,1.2930554634478073,0.26648663148517354,0.06300488221841737,0.07358238005111592,0.06860457780768564,0.5972727100075221,0.0568761297826239,0.04127995545495223
2005-02-06,0.07479401578464874,0.9115273793652969,0.9348247012864933,0.4689959683022242,0.08536294003992109,0.10978727031858973,0.06879836301595262,0.7054776061962313,0.06725064310451752,0.04725188744129264
2005-02-07,0.09279132957253065,0.932067555994603,1.0060955417495123,0.25149734092524034,0.0659531974707406,0.06348975706772997,0.07572849103061623,0.6737619267989936,0.0676618663024441,0.040036485001485295
2005-02-08,0.07222297149205145,0.6769129247248428,0.8416322444925802,0.32373376975318924,0.06271312210059916,0.03933703147526575,0.07059779687124858,0.5656944125708845,0.0631728539751546,0.031773949589566315
2005-02-09,0.0962193861361932,0.8051749457783156,1.2375178601204078,0.2967255963258068,0.05962660457082327,0.26726949401539557,0.06973037751522324,0.5206199426797816,0.056357404098994826,0.03795857946690841
2005-02-10,0.08663640286378507,1.0270088314652983,1.2337263589371186,0.24800814271021535,0.05729252215411992,0.20114264851516106,0.07346766367465776,0.34743323059735065,0.05336298970257553,0.017015914527226218
2005-02-11,0.10206266861936887,0.8832275950601566,1.3760036162497904,0.2914470366845194,0.061438590477699465,0.06650242014726587,0.08402434344403194,0.48962388482568464,0.06399947520877054,0.046990103609252286
2005-02-12,0.06513311958599777,0.8599487501231315,1.184304630724098,0.28527718527889684,2.041155502386949,0.06326441228919039,0.10050531408760818,0.4501362938929852,0.06488767546220699,0.05662700217600831
2005-02-13,0.10081609919649087,0.8850533812351431,0.8951056332788466,0.20877690267234464,0.07022211250885989,0.05733335787504333,0.07718188009261853,0.8159591229357325,0.04914325558829512,0.03578250597700378
2005-02-14,0.08258505784898273,0.8686212618412202,1.277283841545889,0.1469402897304418,0.05110413079457642,0.09172691979516784,0.0924955254054169,1.1453952755582892,0.05732283922677984,0.06904534787173115
2005-02-15,0.07089849288263138,0.9087887110575779,0.8674775736087311,0.23003008771112587,0.08889477626495956,0.08518738405012971,0.06624685762612488,0.6737750109298198,0.0862003075084909,0.03146308138718713
2005-02-16,0.128318483330538,0.8928129889109776,1.2613117694128095,0.320190065950111,0.08603859512719261,0.10655632024687904,0.11376114519359835,0.7791733835085012,0.09893361363493228,0.05517083226083985
2005-02-17,0.07829998527455417,0.8850534031446649,1.2118729816448484,0.2721786420120107,0.11734908912021405,0.07893620901776106,0.0627448820767288,0.35554532670814354,0.05618727879635917,0.016590517174523013
2005-02-18,0.09092147543821365,0.8996597363636014,1.3801363097601824,0.36014879897395846,0.06530825424637371,0.09609618866493524,0.10813676007267997,0.25615252213413714,0.08132720860407688,0.07257942253612659
2005-02-19,0.21768175259970535,0.8686212618412201,0.772425618365979,0.4216004844810363,0.14259403846823174,0.10060409249783567,0.10339825041102234,0.3149913874345506,0.07758132045455794,0.2932954739694786
2005-02-20,0.1132817709870662,0.7882863414989829,1.2456851546491048,0.5050269173372288,0.1096558290086831,0.05712313690714398,0.07198197693029841,0.47993516335399333,0.06264786605993047,0.045304873822735924
2005-02-21,0.07627431276715299,0.8275408866730866,0.7902699840747125,0.6409633124295545,0.07728578495893683,0.077844774008491,0.0816250980821685,0.5658383370679226,0.06127955750994099,0.022595171550856025
2005-02-22,0.13470713759890984,0.836669861367063,0.7307276344107635,0.6573254068599408,0.10767492969852843,0.07183305925479729,0.07121145017840654,0.2686085148233779,0.058130673565217575,0.027847199177110347
2005-02-23,0.06240625692031631,0.9110709382989307,0.9447789914114265,0.5540457043851214,0.09724833590084911,0.05388210428694043,0.10152499325012901,0.3423042921356476,0.05580736700689918,0.17117356056648078
2005-02-24,0.09037610365301751,0.9160918776670461,1.107161014572285,0.5234729288777,0.10366706438948037,0.14799052013899086,0.08036549422843316,0.8213562837242475,0.07913123517365359,0.03977470116944495
2005-02-25,0.10323132137630323,0.7458366431317505,0.8042375506207388,0.49682172393726765,0.09440751106307392,0.1357533408310169,0.09270315241427438,1.169875488387706,0.09600390949937666,0.03444086678285919
2005-02-26,0.1036987839749573,0.8325618041316801,1.3009455390316076,0.5312372774622055,0.08735919491298867,0.15486177143180746,0.1028445783874024,1.6511975586186929,0.058492842156415495,0.06997795090816886
2005-02-27,0.07611849065436806,1.4168157463557458,1.1504242188859333,0.6315595631573138,0.11148316974139341,0.051079662175303846,0.06662981418295161,0.5889251011119411,0.07605645486223556,0.012320176955045196
2005-02-28,0.1042441594998542,0.8617745362981181,0.9841909857924208,0.6881746637253845,0.11510714155514581,0.0444947550467412,0.07337999878993874,0.4564166264468937,0.05824026349485059,0.01847208444239468
2005-03-01,0.10510117551062025,1.584788753649688,1.0791405835008143,0.5624254283532414,0.14073598587261682,0.044909147434085694,0.04762502197219743,0.314978303617741,0.06257584982045734,0.0071172336991296966
2005-03-02,0.05344655835934719,0.8188683968645197,1.0952533975251202,0.32435648774058234,0.10893410649559404,0.038546560297736475,0.042577378616372785,0.11777586142501487,0.06674652942820561,0.029483345378637817
2005-03-03,0.09193431356176461,0.7791573448954845,1.1980504218276051,0.33783289809671774,0.09657268081357759,0.02587986476757968,0.03733595005228116,0.12338236673666582,0.05585329042268291,0.020370013690612577
2005-03-04,0.0753393875698449,0.7618123214593074,1.0315826187789046,0.2648949583794532,0.08247604777632832,0.058865399892899704,0.0723880030071301,0.49229302584707924,0.06087146545286107,0.020402736865955104
2005-03-05,0.23092652373510303,0.9338933640791112,0.8833302286525114,0.4961241667097124,0.11432399531624743,0.07768546985361509,0.08077152030526483,0.4515035744167312,0.06839350951354764,0.023871365179665486
2005-03-06,0.0656005859243526,0.7755057725455113,1.1167826420452283,0.2713819582168681,0.07246406081100694,0.07493091981707196,0.0685445965241476,0.37125270000131955,0.054508987302550556,0.04613930811849595
2005-03-07,0.05741998670820587,0.7353383233291536,1.0020481462185384,0.51247807128726,0.0831056354377823,0.09985294322797102,0.08770626262257329,0.9052641433450234,0.09819048955735825,0.02257881035585972
2005-03-08,0.10494535339783528,0.8129345534541501,0.9643122598148788,0.337553592828202,0.07849889359310606,0.04924010268249528,0.07981643628598925,0.6364004900116429,0.08320067457739266,0.032346600053286
2005-03-09,0.04596715678088231,0.6746306755739682,1.1903224125275282,0.3137479696351043,0.07690188998948352,0.07443485882807208,0.21788839717620986,0.2659066636319263,0.10898353205578787,0.05962114798132674
2005-03-10,0.07939073258464723,0.8937259148627534,0.8177359774611046,0.3613162894449959,0.07951237696109217,0.055114694854120044,0.08568997359606778,0.10389370978031857,0.1221437169841926,0.0481681284973841
2005-03-11,0.03747491707886646,0.7189061820257089,1.0911633527997218,0.44315048450283745,0.06231387083115411,0.05309012072834714,0.07350918907642927,0.10945442079108615,0.07270613415631166,0.026080162630262558
2005-03-12,0.08071521119406731,0.9092451302144223,0.946493483540914,0.6699977908035993,0.09657268007649877,0.08598642539508783,0.09492245436846132,0.16581386355400993,0.07991402038531804,0.03455539671853314
2005-03-13,0.09988117773888355,0.6518082497937876,1.1070245373138992,0.6894119099828895,0.09915245665936041,0.14160776792985402,0.10427489770793094,0.2065706048143007,0.15182171367583022,0.05867218453524268
2005-03-14,0.07572894098195687,0.757704308042968,1.2000762522165855,0.5173259527900328,0.10649253292726385,0.14162742888368632,0.10340286427072956,0.5673560839971116,0.09883237338082483,0.037696796420217976
2005-03-15,0.07479401578464875,0.9033113306230962,1.1446452714658162,0.8772140856765754,0.09686444093139579,0.12599394580067155,0.11661716997494823,1.8274917271220377,0.09335600804002024,0.05917938943362724
2005-03-16,0.11335968017360827,0.8731857382334476,1.0771104882742777,0.5423877438019402,0.10520264500437243,0.07530447793988591,0.0870741536551176,0.7790817955347679,0.08428300561342016,0.0429161016564797
2005-03-17,0.0797802859967592,0.9617367073178853,1.037728348165608,0.5232540597102117,0.10492623971238833,0.07946856712809944,0.15737204499455124,0.19626693421804464,0.10066304707920355,0.04190169107436067
2005-03-18,0.6051303376973747,1.1269710243945872,1.460734499605738,0.6560957856813093,0.8578215361486079,0.07360859464815962,0.1456341980938087,0.2504086345478695,0.1035061229679689,0.048364465978739404
2005-03-19,0.07643013487993795,0.8079136140860347,0.9523790533329456,0.6934015419195602,0.09276444003363382,0.11723221817782487,0.12248147956561227,0.19726132031041901,0.13669204105468113,0.03406455301514488
2005-03-20,0.08827251821937349,0.7344254192868994,0.95097163442068,0.4267208934631789,0.0844569478235618,0.15571021720872494,0.11231698385101048,0.2119285135243539,0.16670715726084168,0.03771315761521427
2005-03-21,0.09466117622744608,0.9293288657773621,0.8793340117863591,0.3369653290214001,0.08914046895696023,0.18035396252804167,0.10812753235326551,0.17974835140799433,0.1705741162064641,0.059850208638024566
2005-03-22,0.10463370917226539,0.7882863195894612,1.2178481146632851,0.6345378784579896,0.10468054702038765,0.33135815398447904,0.21688717345251793,0.1695428110078931,0.26962984428431785,0.9618245979842818
2005-03-23,0.10190684650658394,0.8010668666334109,1.1246258035970476,0.33814355111956873,0.09489889718415405,0.37686469196305233,0.20725789410123832,0.21614811195901118,0.21573351694089435,0.09988669363950987
2005-03-24,0.10338714722878896,0.9160918776670461,1.421744655767843,0.5967203558217613,0.10240788759241477,0.32425450818472434,0.19377136646638576,0.19038566467117685,0.18675375629165308,0.11374485041145466
2005-03-25,0.1213065443507272,0.9484997192075694,1.3661175645493344,0.8305785834084735,0.1444520645290094,0.44113232507461236,0.3823013192070901,0.1337972504038364,0.34214391846934883,0.22878227370976337
2005-03-26,0.12894174186407148,0.8535585971035262,1.1622635291336507,1.028857176315548,0.13714273402963595,0.26987682687072456,0.25396935723446284,0.16543441622365151,0.2650740176697122,0.18336284874690548
2005-03-27,0.08133849216580552,0.8905306959410596,1.2794420546789766,1.2259596707846359,0.15389591630475977,0.18989911564110132,0.18790705621131526,0.20377716533509904,0.18598767218447868,0.0839506321183381
2005-03-28,0.13096745176848057,0.8777502146256749,1.3306888897546538,0.7297290912548856,0.2709685986588321,0.16495441053112606,0.19962644147210226,0.20733600998175963,0.17697730590094718,0.08576675617692442
2005-03-29,0.11343758936015035,0.7166239328748344,1.2414628297420536,1.1359184636307655,0.16906742326725785,0.26005089919680874,0.20442033981859642,0.47746238603637897,0.23601809269570245,0.1355873897147825
2005-03-30,0.08990864105436347,1.070827874941151,1.1978072540270503,1.3029634824369154,0.15371166871385394,0.2323339874974288,0.1444622507089776,0.7238147641788196,0.18860112773793883,0.0614209061328172
2005-03-31,0.14444595420320527,1.2566022152805068,1.6393316605472066,0.6579675662316768,0.23749291132878494,0.19284522669439108,0.19598605456086549,0.15040087959323192,0.19842456362740368,0.10415703385898767
2005-04-01,0.12699399350201554,0.9297853287532502,0.8615792772695694,0.544285235116715,0.243497030036743,0.3329058279730132,0.2586294374822243,0.10497967442592754,0.28079550090990807,0.16659235292997368
2005-04-02,0.0967647691404917,1.090911676232656,0.8596342140970444,1.2643628906192064,0.1584104945517272,0.3183859534383072,0.23996145503687857,0.06384350561832584,0.2546515269036394,0.1872241473112269
2005-04-03,0.07619641853941408,1.1078001928739019,0.9328501521247887,1.3015593759799462,0.1667948176460383,0.24562176752594422,0.25432000880046185,0.13361406566390396,0.23955731387644888,0.1498873081758265
2005-04-04,0.15660000794611625,1.5418825923065678,1.0516915814991086,0.4498567036261185,0.19896524158915313,0.26879650282907086,0.18346843812893754,0.27617761463762636,0.2186141698263043,0.1154791567148106
2005-04-05,0.07744297300348893,0.8987469856879994,1.00203968471368,0.850350511600113,0.14448280808630298,0.2093286630715699,0.23969385427442264,0.29507749041704473,0.2339546608581042,0.1261959184971701
2005-04-06,0.13743399278518972,0.8695342973406047,1.2453995083868343,0.5390178025378694,0.14181089001809694,0.18617611742341458,0.2339310431747221,0.053794973532072285,0.28899176055365783,0.12565598571134348
2005-04-07,0.12714982683390288,0.808370055152401,0.8753803759443767,0.40260491551479494,0.1170880430765369,0.4102489955872035,0.32040076481950075,0.0872377349611361,0.33218793262065055,0.17305512547830265
2005-04-08,0.0563292431378136,1.2241945928352007,1.0693910770242832,0.3953438767928029,0.12739179310799176,0.4017368309969357,0.31444418401435,0.1780474279033053,0.34469999148319674,0.184835372003571
2005-04-09,0.1103211471044514,0.7850913416725064,1.1723715605826732,0.45412660789979914,0.14799928580011332,0.40521326270499236,0.3124325163774912,0.1881679231801278,0.3146880214974573,0.18247933008080666
2005-04-10,0.11328178220616857,0.8028925432607888,1.1702517318064534,0.8217141684388436,0.1871565977450312,0.3505784967671233,0.3387642210077912,0.20417623022623954,0.3296329317094285,0.18285566976506848
2005-04-11,0.11055491580078632,0.8969210461463606,1.1090630942500097,0.9427030856565216,0.21180267055742077,0.5608392221398785,0.30708495265144137,0.4458905378732409,0.3536456258133208,0.26485928590880004
2005-04-12,0.14444594298410293,0.8736421792998138,1.3445456710395176,1.2771867827736523,0.2885509724863074,0.4714932660434586,0.2219440593661673,0.5019686738645098,0.19464843782528643,2.6205162301397276
2005-04-13,0.12239726548291474,0.716167491808468,1.1723586635075498,1.7583471438216312,0.3179727263444101,0.5073568615350792,0.25114100121588373,0.5758737840813001,0.1915329376533858,0.11520101718522341
2005-04-14,0.15956055329501448,0.9667576466860007,1.0555256976893375,1.7169920199315516,0.3652532880680459,0.16241006532235153,0.24218537838071233,0.5718112473433173,0.28695338786248353,0.1881730856261134
2005-04-15,0.16135249450308858,0.7896557523361685,1.2752109951766193,1.8113276944108503,0.3450910867992708,0.13513931329628784,0.23000459386107378,0.1871146580280106,0.29468939986072673,0.2001497034027838
2005-04-16,0.1522370112263424,0.8266280702689193,1.1643278800152925,1.6462610043972288,0.47856382433990813,0.15720395363899173,0.21445562309982674,0.11203197289669732,0.2202047693371051,0.21793462786488293
2005-04-17,0.199216964994067,0.6353761303998646,1.1188978305357047,1.1693213672963627,0.41256453438267027,0.21325531247381388,0.2150277434752737,0.0687238474784311,0.2244860909378108,0.16070222848931465
2005-04-18,0.1531719364236505,0.8143037451961183,1.15035604863171,1.7625150002732608,0.3815150893816412,0.6162282064648521,0.2088450873094384,0.08008732513520912,0.2043685210176848,0.12739029986819864
2005-04-19,0.17311699483388754,0.8827710006271382,1.314870320042701,1.5029080792401235,0.27041578954902146,0.224891572380415,0.24451080087991603,0.1563410190933603,0.21482028419330482,0.14610781165973694
2005-04-20,0.136109525394872,0.6408535108343462,1.1011475655719496,1.4799399991638413,0.2996531999959726,1.0203913564523257,0.3712924590395265,0.11152823998321344,0.35449943531903816,0.339598399535387
2005-04-21,0.11967042525543801,0.637201850846286,1.2237891283671256,1.3601286986301737,0.2721356155435829,0.9889782096305683,0.34950546491008216,0.17862964613271537,0.35794678632243104,0.23621034890937476
2005-04-22,0.1520032425300075,0.7198189984298761,1.4632679560055555,1.330322818022665,0.23879815260335283,0.38969121188297307,0.5425155323439904,0.4254140357908742,0.4387605145801234,0.30273603505487934
2005-04-23,0.10315341218976115,0.6655017227895133,0.9429280903985234,1.1460846118968797,0.21886631794681805,0.9931181410599849,0.4824144341800469,0.17751752484406924,0.4514280333332498,0.2518355689300648
2005-04-24,0.1573790736336315,0.6796515492135182,1.1743204519346395,1.1220894112737296,0.21026711426612948,0.9063363363147541,0.45132114350255115,0.19206041991421358,0.41686859477483856,0.3172650110312214
2005-04-25,0.09512865378490329,0.7152547411328659,1.2434674037040763,1.3779766295477203,0.19154838603252752,0.40128156799951886,0.3461372786684736,0.11964033515195646,0.311138349821021,0.31328914561977955
2005-04-26,0.11234683083095494,0.6764564836584764,1.1227577408761802,0.6865347207527032,0.14755396489361428,0.2918976081625718,0.32375049606521805,0.06775562839164258,0.3511981608033363,0.1727933479290617
2005-04-27,0.09551820345731449,0.6759999549540233,1.0752338614860975,0.9084281394308081,0.14643298595152845,0.2824401884686209,0.28467970619354205,0.05597346388670929,0.32265153968470583,0.14067580539107385
2005-04-28,0.07269044530980787,0.7348818822627873,1.122544222632472,0.6962021523114232,0.12435134300403343,0.30308215735239924,0.42181503119484537,0.04158757713041268,0.49907254956844704,0.23887724018612008
2005-04-29,0.08383162353215995,0.7399027339928158,1.3585899717023642,0.6761165707581178,0.14509703797360762,0.6762909322396005,0.5679290782281454,0.12739917323315733,0.4925420217863418,0.32757275236287253
2005-04-30,0.10556863810927429,0.6846724009435468,1.1722348106432703,0.6444938105558262,0.1215412226583747,0.45964587774031984,0.5462758069658458,0.058184665353453326,0.5930558111387543,0.30519022686992314
2005-05-01,0.10549073640213379,0.5901878075439566,0.9843401891885056,0.5701053132378107,0.14228692499873705,0.352537042344083,0.3578751322132805,0.0740097939399652,0.3730117569990264,0.22557537582429837
2005-08-14,0.009042596508364035,0.11396895017634537,0.013258438885333316,0.06550383003088492,0.007965315901439061,0.009309399934452678,0.03363236413717389,3.579868059884755e-4,0.018179529001329405,0.022222889769658832
2005-08-15,0.01894308037777799,0.06357266827476714,0.0017883534740029336,0.08620565680077485,0.012987623518009072,0.015248791391561827,0.07829814933287915,0.36335523425555644,0.009158506819268566,0.07109961358820295
2005-08-16,0.01468552452175659,0.14103487785529267,0.021089149846487253,0.37762801972358867,0.033906288772648945,0.08042667546238455,0.030844762808909378,0.005212887980967728,0.02957370044406381,0.023688038590524638
2005-08-17,0.013305948900608744,0.11441042703936456,0.014438985963251298,0.4799571510738469,0.027796347659496897,0.037444803203011114,0.03178589672934664,0.009307036772860666,0.036010238892690415,0.017606917048003143
2005-08-18,0.005213984332867597,0.06258783527264734,0.012540843578317737,0.29132381248892536,0.04120211598816671,0.04565974014771878,0.04817695613006963,0.03388219001752822,0.031983917402536456,0.03594373831669275
2005-08-19,0.008297741603668663,0.09919645514454851,0.017365209479442756,0.05269991907857816,0.02815051402918222,0.11182530342592759,0.04032743711680512,0.011142182916858628,0.0265983150676821,0.027081849758239844
2005-08-20,0.029721739485023452,0.17906980759233287,0.01909073679677954,0.549981935491965,0.027992852871064244,0.06639232122561464,0.12988590230349512,0.13400426429556145,0.024615506349516286,0.03548799975497083
2005-08-21,0.01300452901699661,0.13532963839473666,0.015581298331315628,0.40186749528740867,0.02810481514277121,0.07715086049751814,0.028618138652944457,0.009258364195567874,0.026469412261306887,0.028077594928681393
2005-08-22,0.02246447613343899,0.1379105800554644,0.008859425686816696,0.25515004476158337,0.03865211812643235,0.07982401217675343,0.03736909108786457,0.009573952476484912,0.03201962242783907,0.014529601900232678
2005-08-23,0.01759538570585835,0.10653176302240625,0.01720211368157985,0.23759079476975936,0.03588505055424568,0.06054051236087554,0.028357249502758794,0.02942925524732933,0.016581789487433177,0.022008175100048676
2005-08-24,0.013908788667833013,0.10829767047448312,0.013824041138443334,0.098699560893027255,0.027213686857756516,0.03981855352163048,0.016789777449780507,0.018247405750060213,0.009603825185218282,0.021832884996694658
2005-08-25,0.028678362964827606,0.11067485358304813,0.015001259542686633,0.06207897878308775,0.034763142892855384,0.018918388764773215,0.02574230082896374,0.010764295307089958,0.021391547466547704,0.020233834013544536
2005-08-26,0.019682138746250053,0.057154273881641605,0.00346834592753532,0.04794049026383335,0.03245306418477883,0.12933603371513114,0.0263958973647185,0.012886416536889352,0.024939972698435713,0.029803715529764668
2005-08-27,0.002315716221212456,0.08853309091469976,0.011811034945875865,0.03359724322341778,0.043329399150599225,0.061278348636294576,0.0185727563940033,0.007951803811052753,0.018529895145367316,0.03247932419068218
2005-08-28,0.02015745471656149,0.10096236259662537,0.00715928308877023,0.02764928262021008,0.03236852124491845,0.07589044647441795,0.02526321728567779,0.023115448520908518,0.022254225365107887,0.027598452939181915
2005-08-29,0.03468357449217706,0.0586485032641682,0.009886872200092335,0.045228008184024136,0.0361752384829556,0.10138279130116255,0.034927008785940086,0.020798633841771684,0.03348917954824608,0.02745921039740474
2005-08-30,0.022116683960040368,0.1513586444982036,0.00973266003040365,0.058818884340446055,0.0407359873467744,0.05388630427804666,0.03141996160080766,0.03104713171654169,0.023291384459154834,0.011023799833152409
2005-08-31,0.010755472962352223,0.14232534868565655,0.007267168145754083,0.04779228369591783,0.041775637012624885,0.08319942408916252,0.05720664477918477,0.02211260344861728,0.028870893587308627,0.03053409096040639
2005-09-01,0.022278986974293057,0.11936855180865731,0.006116605743920401,0.0658215257225901,0.04212751843798967,0.10250827625129284,0.039910568591469305,0.03138940670056343,0.04962634903938398,0.037139119438176375
2005-09-02,0.04703021534633189,0.10177739680527623,0.00571235511279947,0.10083542126632843,0.06088919625402986,0.44291933760119523,0.06639808760265643,0.05100853128538556,0.09368212096823898,0.21550166877042282
2005-09-03,0.019067705906579163,0.050090644073334155,0.0032754220609289004,0.09173002540767033,0.039604939908101905,0.40145520144471736,0.16469607743369905,0.03673226773381743,0.17143462049209768,0.10837750435820123
2005-09-04,0.00738188888038564,0.05389413704703817,0.0014496261259727469,0.08028102702999708,0.03589419033152789,0.34996792070376526,0.16414831862729135,0.04280368502532014,0.17431101171947147,0.11357534283960152
2005-09-05,0.026510458417309563,0.10748263626583227,0.010914317689790586,0.26161062622349757,0.02835387407371122,0.22824972379021652,0.104747992070203,0.05759352277148413,0.053251537821251194,0.059766150279456955
2005-09-06,0.020180640861454737,0.12887728424291736,0.01156289829123561,0.31751344795921865,0.03495964810442272,0.1864816716341609,0.07009037130001114,0.028365269567542643,0.044998772357326335,0.056920120684723054
2005-09-07,0.025142475868608335,0.07128153349825653,0.004469138485556125,0.22704966684721842,0.025650784942499966,0.17627177097647184,0.05442253158466908,0.08271856466365739,0.03046077519013608,0.059856229915902774
2005-09-08,0.052896291305817945,0.2719157878611434,0.012292074352850008,0.1599302468216622,0.03942214436245786,0.16378179494742134,0.07164829806944911,0.3234487859636728,0.02843778115985299,0.07709120523922643
2005-09-09,0.05584093170725957,0.08343912711063187,0.0023431682449919556,0.05413470766100317,0.07388824449364167,0.37658709541087276,0.1793945193791421,1.4936569551853747,0.08636036541678162,0.08464572177683066
2005-09-10,0.029547843398324145,0.18518256415721432,0.00561272008958497,0.17281892199172746,0.033789756612300874,0.22928768422340962,0.11472342783505621,0.998652202951936,0.06799109529193517,0.062173012195895334
2005-09-11,0.03372134947910755,0.06659508679851409,0.011427091066609796,0.27784721010177943,0.033664084674670594,0.3291303924790746,0.08833019474011536,0.17371437526106165,0.05509174186069682,0.07955743961002665
2005-09-12,0.026011956302104875,0.036642579630594946,0.013519424506959515,0.2995935088016702,0.034639755899545654,0.16366042455217616,0.05443529926153375,0.06094930228551289,0.052180241777237645,0.07192548756977589
2005-09-13,0.026568423779542664,0.10809391192232042,0.006604627995854162,0.13632832614183696,0.03033720574394906,0.10427920914240305,0.07041057090471102,0.014516759466221222,0.04362225771340592,0.08429168603045077
2005-09-14,0.02210509088759375,0.0643537427247242,0.0051830847391737215,0.14755641972299766,0.02328358262640964,0.09040704507074879,0.04447092143433629,0.024186056811373296,0.01989403000985384,0.06810460311261662
2005-09-15,0.015647749534826092,0.06795347714626551,0.008663962324703855,0.2242753026861574,0.04065144440691403,0.36824679538491084,0.060192055403983924,0.012854672595995624,0.05590609398192095,0.04704787944721575
2005-09-16,0.017433082691605664,0.10218491390960166,0.012577651421288699,0.16317850707877643,0.039803730063989795,0.3295082506037298,0.06845414866236905,0.05314548666067728,0.0504193382633308,0.05125727651248088
2005-09-17,0.02361219030565442,0.09437416941003092,0.01086545210515672,0.20479089233533962,0.021818933316936778,0.2647047256127325,0.06827883395281004,0.04936035849193315,0.052117433596766356,0.06434803881434936
2005-09-18,0.003973525581079195,0.017353436692524576,0.0025272084834241557,0.24562146222407844,0.014765310199397358,0.14569374403960034,0.09092727088098795,0.048012476659379584,0.04541995839454268,0.08898800004947705
2005-09-19,0.04083949596133257,0.12453043513011278,0.010114699032145553,0.1502837860361507,0.031868118438717896,0.08439139815048669,0.09057874320087159,0.08873489087799721,0.046622176204549365,0.09548983354704668
2005-09-20,0.007973135575163288,0.09172530823191562,0.018981583527408565,0.09589414046731168,0.030588549619209614,0.23051254833820933,0.31182192244046697,0.120182239926703,0.1581195467431049,0.27782609643193934
2005-09-21,0.03695581669171468,0.09627591589688293,0.008356172603308743,0.13340823747399452,0.02850011051022645,0.17692152859853183,0.06525413476121482,0.279896249785456,0.01905670082562313,0.04557495566208828
2005-09-22,0.03476472599930339,0.11719512725225502,0.009155791260953774,0.16645390598357218,0.03320252592191939,0.19071098599436648,0.06477271693667729,0.07943157991242415,0.04656586075773772,0.04433088284522854
2005-09-23,0.04926765963002571,0.17159866067969995,0.01541820253345272,0.08375008092632566,0.03217430097767166,0.1435525488064909,0.06987779003388632,0.06808308493100336,0.042716240817667714,0.07809229078916084
2005-09-24,0.03384887327602037,0.11977606891298273,0.016466590416565487,0.07624635735525866,0.02908734120060793,0.16802038201840666,0.05261028553727773,0.06527682823510905,0.034566567539890895,0.041937686017492495
2005-09-25,0.018650355298500818,0.048053058551706995,0.0033211155792288644,0.09392252855786325,0.026681294831068254,0.1503454869993703,0.05337060124824119,0.08129500168366297,0.031889822862725375,0.061643215136206186
2005-09-26,0.03374453562400078,0.14789474911143746,0.015715204772726837,0.30173195832667327,0.04552294569832771,0.21252119060628807,0.10498006259155925,0.15195070865922267,0.05953806205945807,0.09766438895554547
2005-09-27,0.013514624204647916,0.03460499410896779,1.0084489169035312e-4,0.203096177322428,0.038912601778975105,0.22071377092915492,0.16741389172541837,0.28731164882299637,0.09283085645380176,0.17968020943711813
2005-09-28,0.014488442290164041,0.028899754648411772,0.0023850520082435906,0.11297637382527219,0.03195494632289882,0.07525456936477311,0.07955628484840786,0.06691593222835363,0.04292052045436395,0.047834250327540004
2005-09-29,0.02966377412279035,0.012531150958006984,5.192761639825765e-4,0.07798181965141997,0.02885427687991178,0.08556676989744243,0.08369511721359657,0.02652679641737425,0.06857583559455727,0.059120514105768185
2005-09-30,0.01927638121061833,0.04248365812592612,0.001301125518124384,0.1796597454592342,0.048047809172536024,0.13546902930691299,0.08808369774051167,0.11750597983434204,0.059975187858005326,0.07679316494252908
2005-10-01,0.010349715426720502,0.028899754648411772,0.003688557343801442,0.11836971237797704,0.029165029307506644,0.18672492300449853,0.05196915326611871,0.11289381351257137,0.03450294576378202,0.06157822742987758
2005-10-02,0.014001533247405978,0.029850627891837775,1.0084489169035312e-4,0.13675506172076526,0.0400253696630832,0.024126006053729884,0.056987468171914586,0.039722004345274176,0.0561024941652994,0.041479984080957016
2005-10-03,0.007293493572830553,0.007250408481123282,0.0035122133837702067,0.07445326677786672,0.02418385068870655,0.026773904598910526,0.04818476954966695,0.031455862039482606,0.05512404521458362,0.05852525812979518
2005-10-04,0.0020867530403917,0.002682820936809085,1.0084489169035312e-4,2.8593337487058806e-4,4.112899776990909e-5,5.224732119020072e-4,1.0691406776100979e-4,7.619299454401753e-6,5.741530387001014e-4,0.0021046985326325656
2005-10-05,0.0020867530403917,0.002682820936809085,1.0084489169035312e-4,2.8593337487058806e-4,4.112899776990909e-5,5.224732119020072e-4,1.0691406776100979e-4,7.619299454401753e-6,5.741530387001014e-4,0.0021046985326325656
2005-10-06,0.0020867530403917,0.002682820936809085,1.0084489169035312e-4,2.8593337487058806e-4,4.112899776990909e-5,5.224732119020072e-4,1.0691406776100979e-4,7.619299454401753e-6,5.741530387001014e-4,0.0021046985326325656
2005-10-07,0.0020867530403917,0.002682820936809085,1.0084489169035312e-4,2.8593337487058806e-4,4.112899776990909e-5,5.224732119020072e-4,1.0691406776100979e-4,7.619299454401753e-6,5.741530387001014e-4,0.0021046985326325656
2005-10-08,0.0020867530403917,0.002682820936809085,1.0084489169035312e-4,2.8593337487058806e-4,4.112899776990909e-5,5.224732119020072e-4,1.0691406776100979e-4,7.619299454401753e-6,5.741530387001014e-4,0.0021046985326325656
2005-10-09,0.0020867530403917,0.002682820936809085,1.0084489169035312e-4,2.8593337487058806e-4,4.112899776990909e-5,5.224732119020072e-4,1.0691406776100979e-4,7.619299454401753e-6,5.741530387001014e-4,0.0021046985326325656
2005-10-10,0.0020867530403917,0.002682820936809085,1.0084489169035312e-4,2.8593337487058806e-4,4.112899776990909e-5,5.224732119020072e-4,1.0691406776100979e-4,7.619299454401753e-6,5.741530387001014e-4,0.0021046985326325656
2005-10-11,0.0020867530403917,0.002682820936809085,1.0084489169035312e-4,2.8593337487058806e-4,4.112899776990909e-5,5.224732119020072e-4,1.0691406776100979e-4,7.619299454401753e-6,5.741530387001014e-4,0.0021046985326325656
2005-10-12,0.0020867530403917,0.002682820936809085,1.0084489169035312e-4,2.8593337487058806e-4,4.112899776990909e-5,5.224732119020072e-4,1.0691406776100979e-4,7.619299454401753e-6,5.741530387001014e-4,0.0021046985326325656
2005-10-13,0.0020867530403917,0.002682820936809085,1.0084489169035312e-4,2.8593337487058806e-4,4.112899776990909e-5,5.224732119020072e-4,1.0691406776100979e-4,7.619299454401753e-6,5.741530387001014e-4,0.0021046985326325656
2005-10-14,0.0020867530403917,0.002682820936809085,1.0084489169035312e-4,2.8593337487058806e-4,4.112899776990909e-5,5.224732119020072e-4,1.0691406776100979e-4,7.619299454401753e-6,5.741530387001014e-4,0.0021046985326325656
2005-10-15,0.0020867530403917,0.002682820936809085,1.0084489169035312e-4,2.8593337487058806e-4,4.112899776990909e-5,5.224732119020072e-4,1.0691406776100979e-4,7.619299454401753e-6,5.741530387001014e-4,0.0021046985326325656
2005-10-16,0.0020867530403917,0.002682820936809085,1.0084489169035312e-4,2.8593337487058806e-4,4.112899776990909e-5,5.224732119020072e-4,1.0691406776100979e-4,7.619299454401753e-6,5.741530387001014e-4,0.0021046985326325656
2005-10-17,0.0020867530403917,0.002682820936809085,1.0084489169035312e-4,2.8593337487058806e-4,4.112899776990909e-5,5.224732119020072e-4,1.0691406776100979e-4,7.619299454401753e-6,5.741530387001014e-4,0.0021046985326325656
2005-10-18,0.0020867530403917,0.002682820936809085,1.0084489169035312e-4,2.8593337487058806e-4,4.112899776990909e-5,5.224732119020072e-4,1.0691406776100979e-4,7.619299454401753e-6,5.741530387001014e-4,0.0021046985326325656
2005-10-19,0.0020867530403917,0.002682820936809085,1.0084489169035312e-4,2.8593337487058806e-4,4.112899776990909e-5,5.224732119020072e-4,1.0691406776100979e-4,7.619299454401753e-6,5.741530387001014e-4,0.0021046985326325656
2005-10-20,0.0020867530403917,0.002682820936809085,1.0084489169035312e-4,2.8593337487058806e-4,4.112899776990909e-5,5.224732119020072e-4,1.0691406776100979e-4,7.619299454401753e-6,5.741530387001014e-4,0.0021046985326325656
2005-10-21,0.0020867530403917,0.002682820936809085,1.0084489169035312e-4,2.8593337487058806e-4,4.112899776990909e-5,5.224732119020072e-4,1.0691406776100979e-4,7.619299454401753e-6,5.741530387001014e-4,0.0021046985326325656
2005-10-22,0.0020867530403917,0.002682820936809085,1.0084489169035312e-4,2.8593337487058806e-4,4.112899776990909e-5,5.224732119020072e-4,1.0691406776100979e-4,7.619299454401753e-6,5.741530387001014e-4,0.0021046985326325656
2005-10-23,0.0020867530403917,0.002682820936809085,1.0084489169035312e-4,2.8593337487058806e-4,4.112899776990909e-5,5.224732119020072e-4,1.0691406776100979e-4,7.619299454401753e-6,5.741530387001014e-4,0.0021046985326325656
2005-10-24,0.0020867530403917,0.002682820936809085,1.0084489169035312e-4,2.8593337487058806e-4,4.112899776990909e-5,5.224732119020072e-4,1.0691406776100979e-4,7.619299454401753e-6,5.741530387001014e-4,0.0021046985326325656
2005-10-25,0.0020867530403917,0.002682820936809085,1.0084489169035312e-4,2.8593337487058806e-4,4.112899776990909e-5,5.224732119020072e-4,1.0691406776100979e-4,7.619299454401753e-6,5.741530387001014e-4,0.0021046985326325656
2005-10-26,0.0020867530403917,0.002682820936809085,1.0084489169035312e-4,2.8593337487058806e-4,4.112899776990909e-5,5.224732119020072e-4,1.0691406776100979e-4,7.619299454401753e-6,5.741530387001014e-4,0.0021046985326325656
2005-10-27,0.0020867530403917,0.002682820936809085,1.0084489169035312e-4,2.8593337487058806e-4,4.112899776990909e-5,5.224732119020072e-4,1.0691406776100979e-4,7.619299454401753e-6,5.741530387001014e-4,0.0021046985326325656
2005-10-28,0.0020867530403917,0.002682820936809085,1.0084489169035312e-4,2.8593337487058806e-4,4.112899776990909e-5,5.224732119020072e-4,1.0691406776100979e-4,7.619299454401753e-6,5.741530387001014e-4,0.0021046985326325656
2005-10-29,0.0020867530403917,0.002682820936809085,1.0084489169035312e-4,2.8593337487058806e-4,4.112899776990909e-5,5.224732119020072e-4,1.0691406776100979e-4,7.619299454401753e-6,5.741530387001014e-4,0.0021046985326325656
2005-10-30,0.0020867530403917,0.002682820936809085,1.0084489169035312e-4,2.8593337487058806e-4,4.112899776990909e-5,5.224732119020072e-4,1.0691406776100979e-4,7.619299454401753e-6,5.741530387001014e-4,0.0021046985326325656
2005-10-31,0.0020867530403917,0.002682820936809085,1.0084489169035312e-4,2.8593337487058806e-4,4.112899776990909e-5,5.224732119020072e-4,1.0691406776100979e-4,7.619299454401753e-6,5.741530387001014e-4,0.0021046985326325656
2005-11-01,0.0020867530403917,0.002682820936809085,1.0084489169035312e-4,2.8593337487058806e-4,4.112899776990909e-5,5.224732119020072e-4,1.0691406776100979e-4,7.619299454401753e-6,5.741530387001014e-4,0.0021046985326325656
2005-11-02,0.0020867530403917,0.002682820936809085,1.0084489169035312e-4,2.8593337487058806e-4,4.112899776990909e-5,5.224732119020072e-4,1.0691406776100979e-4,7.619299454401753e-6,5.741530387001014e-4,0.0021046985326325656
2005-11-03,0.0020867530403917,0.002682820936809085,1.0084489169035312e-4,2.8593337487058806e-4,4.112899776990909e-5,5.224732119020072e-4,1.0691406776100979e-4,7.619299454401753e-6,5.741530387001014e-4,0.0021046985326325656
2005-11-04,0.0020867530403917,0.002682820936809085,1.0084489169035312e-4,2.8593337487058806e-4,4.112899776990909e-5,5.224732119020072e-4,1.0691406776100979e-4,7.619299454401753e-6,5.741530387001014e-4,0.0021046985326325656
2005-11-05,0.0020867530403917,0.002682820936809085,1.0084489169035312e-4,2.8593337487058806e-4,4.112899776990909e-5,5.224732119020072e-4,1.0691406776100979e-4,7.619299454401753e-6,5.741530387001014e-4,0.0021046985326325656
2005-11-06,0.0020867530403917,0.002682820936809085,1.0084489169035312e-4,2.8593337487058806e-4,4.112899776990909e-5,5.224732119020072e-4,1.0691406776100979e-4,7.619299454401753e-6,5.741530387001014e-4,0.0021046985326325656
2005-11-07,0.0020867530403917,0.002682820936809085,1.0084489169035312e-4,2.8593337487058806e-4,4.112899776990909e-5,5.224732119020072e-4,1.0691406776100979e-4,7.619299454401753e-6,5.741530387001014e-4,0.0021046985326325656
2005-11-08,0.0020867530403917,0.002682820936809085,1.0084489169035312e-4,2.8593337487058806e-4,4.112899776990909e-5,5.224732119020072e-4,1.0691406776100979e-4,7.619299454401753e-6,5.741530387001014e-4,0.0021046985326325656
2005-11-09,0.0020867530403917,0.002682820936809085,1.0084489169035312e-4,2.8593337487058806e-4,4.112899776990909e-5,5.224732119020072e-4,1.0691406776100979e-4,7.619299454401753e-6,5.741530387001014e-4,0.0021046985326325656
2005-11-10,0.0020867530403917,0.002682820936809085,1.0084489169035312e-4,2.8593337487058806e-4,4.112899776990909e-5,5.224732119020072e-4,1.0691406776100979e-4,7.619299454401753e-6,5.741530387001014e-4,0.0021046985326325656
2005-11-11,0.0020867530403917,0.002682820936809085,1.0084489169035312e-4,2.8593337487058806e-4,4.112899776990909e-5,5.224732119020072e-4,1.0691406776100979e-4,7.619299454401753e-6,5.741530387001014e-4,0.0021046985326325656
2005-11-12,0.0020867530403917,0.002682820936809085,1.0084489169035312e-4,2.8593337487058806e-4,4.112899776990909e-5,5.224732119020072e-4,1.0691406776100979e-4,7.619299454401753e-6,5.741530387001014e-4,0.0021046985326325656
2005-11-13,0.0020867530403917,0.002682820936809085,1.0084489169035312e-4,2.8593337487058806e-4,4.112899776990909e-5,5.224732119020072e-4,1.0691406776100979e-4,7.619299454401753e-6,5.741530387001014e-4,0.0021046985326325656
2005-11-14,0.0020867530403917,0.002682820936809085,1.0084489169035312e-4,2.8593337487058806e-4,4.112899776990909e-5,5.224732119020072e-4,1.0691406776100979e-4,7.619299454401753e-6,5.741530387001014e-4,0.0021046985326325656
2005-11-15,0.0020867530403917,0.002682820936809085,1.0084489169035312e-4,2.8593337487058806e-4,4.112899776990909e-5,5.224732119020072e-4,1.0691406776100979e-4,7.619299454401753e-6,5.741530387001014e-4,0.0021046985326325656
2005-11-16,0.0020867530403917,0.002682820936809085,1.0084489169035312e-4,2.8593337487058806e-4,4.112899776990909e-5,5.224732119020072e-4,1.0691406776100979e-4,7.619299454401753e-6,5.741530387001014e-4,0.0021046985326325656
2005-11-17,0.0020867530403917,0.002682820936809085,1.0084489169035312e-4,2.8593337487058806e-4,4.112899776990909e-5,5.224732119020072e-4,1.0691406776100979e-4,7.619299454401753e-6,5.741530387001014e-4,0.0021046985326325656
2005-11-18,0.0020867530403917,0.002682820936809085,1.0084489169035312e-4,2.8593337487058806e-4,4.112899776990909e-5,5.224732119020072e-4,1.0691406776100979e-4,7.619299454401753e-6,5.741530387001014e-4,0.0021046985326325656
2005-11-19,0.0020867530403917,0.002682820936809085,1.0084489169035312e-4,2.8593337487058806e-4,4.112899776990909e-5,5.224732119020072e-4,1.0691406776100979e-4,7.619299454401753e-6,5.741530387001014e-4,0.0021046985326325656
2005-11-20,0.0020867530403917,0.002682820936809085,1.0084489169035312e-4,2.8593337487058806e-4,4.112899776990909e-5,5.224732119020072e-4,1.0691406776100979e-4,7.619299454401753e-6,5.741530387001014e-4,0.0021046985326325656
2005-11-21,0.0020867530403917,0.002682820936809085,1.0084489169035312e-4,2.8593337487058806e-4,4.112899776990909e-5,5.224732119020072e-4,1.0691406776100979e-4,7.619299454401753e-6,5.741530387001014e-4,0.0021046985326325656
2005-11-22,0.0020867530403917,0.002682820936809085,1.0084489169035312e-4,2.8593337487058806e-4,4.112899776990909e-5,5.224732119020072e-4,1.0691406776100979e-4,7.619299454401753e-6,5.741530387001014e-4,0.0021046985326325656
2005-11-23,0.011616258591513799,0.07063629808307459,0.01609391203006189,0.08784959190648618,0.01578439536636289,5.224732119020072e-4,1.0691406776100979e-4,7.619299454401753e-6,5.741530387001014e-4,0.0021046985326325656
2005-11-24,0.04342764938504061,0.1362465518794689,0.006187525327015117,0.09415755168682352,0.010570152426866637,5.224732119020072e-4,1.0691406776100979e-4,7.619299454401753e-6,5.741530387001014e-4,0.0021046985326325656
2005-11-25,0.004150319935890159,0.06859871256144745,0.008345226466692186,0.08894066856712089,0.006502951536286737,5.224732119020072e-4,1.0691406776100979e-4,7.619299454401753e-6,5.741530387001014e-4,0.0021046985326325656
2005-11-26,0.009668622420481544,0.13991420581839775,0.01590606510731353,0.06067247295516961,0.005831177906044889,5.224732119020072e-4,1.0691406776100979e-4,7.619299454401753e-6,5.741530387001014e-4,0.0021046985326325656
2005-11-27,0.013540708617652811,0.029205392476655843,0.011025852823749812,0.05340124029558688,0.007380370155378131,0.018230226826887783,0.015316917957395567,0.02900897853298805,0.003712691894459176,0.008636689467338378
2005-11-28,0.014514526703168938,0.08245429410851209,0.008422649860527655,0.06058346578200432,0.014322031001210567,0.10993084166931762,0.038618800822537824,0.1612675725824471,0.00908924097391514,0.022960568954606974
2005-11-29,0.029986932887090294,0.1299809764004654,0.012407971564217607,0.07306164518329239,0.01827041478712184,0.12929639965201492,0.0465775748288792,0.14784559126652433,0.025455716183325917,0.05467421623549975
2005-11-30,0.04628824001124423,0.15339623001983074,0.010047431573180991,0.1125357300283013,0.037144054874869006,0.20405952744451006,0.0904675282088311,0.24475812514412973,0.049778862150690606,0.08477907419416716
2005-12-01,0.06228666128907665,0.16494254797571795,0.013994120804843248,0.08598804605590397,0.03547604552086714,0.23857995432497872,0.10666317682022577,0.1903569739139542,0.06283835464939043,0.0704033223443245
2005-12-02,0.060663631146549775,0.14544964648548486,0.010600183835727674,0.053934307319277355,0.03864297834915015,0.21574785681628825,0.06704918375555254,0.2356801242490944,0.05663968771842808,0.051452514503940595
2005-12-03,0.048803936732160894,0.15366790808938105,0.009504832174773045,0.042847669533531994,0.034774567614458136,0.28462730927007296,0.0810493899120085,0.18161619547540098,0.05006850520356984,0.05662310134292874
2005-12-04,0.09749482230946331,0.151766161602529,0.007936690117036231,0.03155160868683162,0.037957495052985,0.15479972751103693,0.07029221797294202,0.1510104706520782,0.019733382445118876,0.03071911940283563
2005-12-05,0.06204322546620158,0.05817306664245519,0.013787867913454628,0.0100694359943764,0.04718410021936793,0.10142203819472641,0.11122028071565815,0.1807615050181396,0.03287513527417703,0.0661374586194216
2005-12-06,0.05587572962310337,0.10429041894861639,0.012219727902872601,0.021495503434777907,0.035092174875014655,0.10872566754606665,0.10470984849715177,0.18477159155879846,0.023938563718119563,0.05240153135381958
2005-12-07,0.122373555779911,0.182058266357386,0.02197063422384356,0.149089956653525,0.09142290720954627,0.33529679354379865,0.10062966439473703,0.30803624382428996,0.049701916243068495,0.08601686421162355
2005-12-08,0.07814598439605357,0.16684429446256993,0.023654275730773926,0.13281553862655227,0.06125707228963849,0.7144512102565705,0.13042457645933925,0.6107448501414365,0.05736420866121795,0.1285880134789608
2005-12-09,0.052965849740497666,0.17261745344051357,0.006929552402770239,0.039088157550286655,0.030021883427713086,0.30287706396125935,0.07120948198509698,0.3335612424148263,0.01652270961899083,0.0759123950011692
2005-12-10,0.05353391029038208,0.1650104674931055,0.01266459510843543,0.061688504883753895,0.04121811059841056,0.13788383484288683,0.0550338187190669,0.1727606753610879,0.024762639910357077,0.041246263943151666
2005-12-11,0.050299443077774945,0.0886689299494749,0.004938121174444757,0.1756738887497487,0.05700250596477346,0.07471373947646841,0.062334079582083764,0.09009416523380358,0.030685400729562634,0.034478589495826946
2005-12-12,0.06977578608959353,0.1614107330715642,0.011708225809172683,0.13727804325300969,0.05225210672234895,0.20363385871975412,0.16711008745668193,0.7763688539040591,0.033474610976114746,0.08508198366040212
2005-12-13,0.037860076342551084,0.03107317920481406,0.007775499196697491,0.10666281551272085,0.04217093238008012,0.032408992886889525,0.09834419929813391,0.5873225382916115,0.04990654255967928,0.0741496770935613
2005-12-14,0.06163748662907379,0.11047109503088542,0.01208899659852746,0.051359538287318617,0.047257218437625544,0.2794874495565562,0.06994465589683485,0.6297267156623463,0.028684613251146577,0.12629848284138034
2005-12-15,0.046693997546875955,0.17180241923186268,0.011771054012993611,0.06006800770104026,0.0413917663667724,0.3211230631077877,0.08275616143890024,1.000346473386334,0.02474148968016607,0.41997757433287963
2005-12-16,0.09376189037865935,0.12330788381713648,0.012170861294661347,0.09511660872219829,0.05142038698966857,0.2606146592018538,0.09961434506719898,1.2068453150386578,0.03369911277285505,0.3946018972876174
2005-12-17,0.10878647487247171,0.11393499041765158,0.0036352514804465544,0.2737874202332255,0.04709270244654591,0.30106673172857407,0.13668629699014745,2.4485093275844507,0.04773756021463147,0.06201130864625111
2005-12-18,0.22071758934459318,0.18151491021828545,0.024425969150044826,0.28405032957184256,0.0692475225786036,0.4112935790395522,0.15895742193704504,1.1171843985460856,0.08685613873584311,0.10642009820408144
2005-12-19,0.09234753554017167,0.0915215496797529,0.021568285399514622,0.35260450564598045,0.05029390943963717,0.4668619099804317,0.1656112529949809,0.46642758110536076,0.07716833885803015,0.16442604369569183
2005-12-20,0.12404295821222436,0.1816507492530606,0.011036164342384112,0.7669305109152038,0.07354093295691799,0.40935538406219,0.19681275333277287,0.36609951976997507,0.05261053567694876,0.10547744268859835
2005-12-21,0.14907243902148604,0.16922147757113498,0.01971520191489877,0.1269939869161992,0.10251859683013952,0.19042796505156925,0.07972710374113509,0.2731701926096978,0.05144173340205759,0.09644026402679144
2005-12-22,0.08675963722389267,0.1328166162513965,0.01951466263250525,0.7446727530859303,0.06183973309137887,0.06393037537682758,0.03666506942623065,0.14951223451801782,0.01006743442353783,0.05224870225833262
2005-12-23,0.10569112452922402,0.08676718346262288,0.01766982713450397,0.7074568016422382,0.23148313922633054,0.047174836238228976,0.0814314457551872,0.10582350932836951,0.01707901064602216,0.03341616811671714
2005-12-26,0.06812958850067735,0.07433791178069726,0.015026644261976951,0.34922844160747685,0.07087668787915612,0.17392358038179645,0.1152371092357541,0.15887822006231261,0.04925029050699727,0.056933314563470123
2005-12-27,0.05725528654574728,0.1351937993599615,0.01553751173769461,0.24130579367738444,0.06297535041869248,0.22063217494598866,0.10929110799563066,0.26832978330208673,0.035996276509427,0.07649323980601071
2005-12-28,0.04675196290910905,0.06883643087230394,0.016099783269975163,0.1580865945849359,0.04135749220196414,0.27729376139157175,0.11555455819784065,0.2837832637892222,0.033981478553424115,0.1374378076485622
2005-12-29,0.030846267512345652,0.07739429006313799,0.013096770977930492,0.07964553262274933,0.03025723269272979,0.31185045879967027,0.08629854840195628,0.28316433701603455,0.03453405778119948,0.09165536253617765
2005-12-30,0.02868995603727422,0.04628715109963013,0.01326240422414504,0.06556830126383863,0.045799423961114326,0.12431569808205664,0.06168300114669242,0.26142072665620647,0.0172825598501817,0.048345041919033965
2005-12-31,0.03997001552783603,0.0629274328595852,0.015479125859749485,0.14654000823290736,0.05581204997376664,0.10709704366355684,0.0564584500561624,0.45062319645727444,0.022300947998330448,0.050550775719571964
2006-01-01,0.06942801261469887,0.13009983555589366,0.013488330272983655,0.28758757169273047,0.0594382566104803,0.11591278717391096,0.045508735348849964,1.1864404517676836,0.011271977794474147,0.032162828170737436
2006-01-02,0.053197711189430084,0.10918062420052155,0.015580665760488149,0.31663137413072884,0.058750488369994594,0.325570312789224,0.07560559798825353,1.6931862919909866,0.014049284946474876,0.06496642334562602
2006-01-03,0.04365661256586136,0.11515754173062787,0.01775867262844269,0.2197783664087953,0.05523395906066736,0.22743246694055377,0.10444446463747836,1.4176347228834978,0.026041323686716893,0.03873133787697532
2006-01-04,0.03180849252541515,0.18124323214873514,0.011752649067930741,0.27470365459725865,0.06359914021820275,0.13529518727411816,0.07948142839081446,2.3509892657372435,0.015426009752568906,0.0644030918441214
2006-01-05,0.062309866132473836,0.10354330425735311,0.019025370121029582,0.3525106726193813,0.06780572271233624,0.09255649863041068,0.08672105109380446,1.4490449583069762,0.01516106563967064,0.043335137674786986
2006-01-06,0.04778374635685828,0.060754008303182915,0.019802777149295583,0.1810924274753007,0.04957186703434321,0.1031568118694531,0.09637193096247594,0.9734333328914073,0.019158585142878166,0.0635392854611506
2006-01-07,0.04721568580697388,0.08208073676288043,0.011717744055329162,0.07232624476534893,0.06388704320259213,0.2764208948951372,0.10823091465792227,0.7413546653453518,0.039954123706633565,0.07341301886351621
2006-01-08,0.057846533240524925,0.0720965677069074,0.008070595534870053,0.06414273602601028,0.05366648725676971,0.3411983391771617,0.07960159958150902,0.5281396046582156,0.06214054108556622,0.098375758917992
2006-01-09,0.07509702504109632,0.0547770907730766,0.02332617618679178,0.03099716963919774,0.036013007436196516,0.297245174661707,0.07308237726595565,0.33187971477518013,0.03483831549660331,0.173714455798641
2006-01-10,0.05756829950180603,0.03623506252626952,0.019416929416082748,0.009572595405283381,0.0398037300639898,0.26584703066010446,0.12104501802912249,0.46516495164706023,0.0363753564674851,0.05054637775998961
2006-01-11,0.08812765716960176,0.01232739240584427,0.01993795282667131,0.002718922425220549,0.049190281332811274,0.36535669082718397,0.08722963206782079,0.5812894310286877,0.04039007470113514,0.06087875551880119
2006-01-12,0.1162872301424431,0.002682820936809085,0.010675702352038982,7.877636388546452e-4,0.05552414698937728,0.1030914334509126,0.12895216322660533,3.1169440250979172,0.06823134246878262,0.09277425057492522
2006-01-13,0.10358118534393908,0.002682820936809085,0.011296994380246915,0.012865220980145914,0.04791071251330299,0.06343846678127708,0.15547672954023695,3.5110974763695735,0.1469651555614949,0.11804139226049429
2006-01-14,0.08418601253775079,0.002682820936809085,0.0195064125987359,0.015376172167172053,0.03840991402845399,0.12821148765116544,0.31821088123167923,2.361677920719054,0.17450943236541544,0.19494262135276136
2006-01-15,0.07270885211709248,0.002682820936809085,0.013222425338417568,0.010029348877031842,0.06024941184427572,0.11027075233821915,0.23639631658302795,0.7582060850556617,0.16064109855338163,0.20573317225806362
2006-01-16,0.11685529069232752,0.002682820936809085,0.01974820102639879,0.014567651936244503,0.053051837234541634,0.1404238776300104,0.13000356425257867,0.4982229893243705,0.09197282967710085,0.24454626506227534
2006-01-17,0.1176436196186977,0.02183612484010431,0.011950650901972615,0.012455876096078072,0.07648851113042815,0.8901870829169113,0.15134084381755794,1.1281413493345993,0.1118784529238079,0.21998821582436906
2006-01-18,0.08136887723471803,0.002682820936809085,0.011679667999971074,2.8593337487058806e-4,0.05348826159976678,1.4077591880495024,0.16625140858869025,1.177515502576987,0.11710428691827703,0.15337263617035105
2006-01-19,0.11577709755778391,0.005535440667087098,0.014253677512431975,0.01516207236623198,0.05757831193355218,0.44459145756310636,0.0646225455810549,0.4512713801596645,0.039463332157904735,0.06696136922618097
2006-01-20,0.06952075719427182,0.002682820936809085,0.008785176406469907,0.02877403316431416,0.05575492636575287,0.5572796094733005,0.09295592517553139,0.528595462596641,0.03083334087228553,0.12170497112759168
2006-01-21,0.17431053903927504,0.002682820936809085,0.013080268863237002,0.048027394937370564,0.06918582908194874,0.5000516665668616,0.21113350237058334,0.977370850189406,0.06551939775671023,0.2091328735502195
2006-01-22,0.10581864832613684,0.06639132824635137,0.010086141222943946,0.04360853175064638,0.04728920765811325,0.6290344201644852,0.06086296858594942,0.45591238890868907,0.03953600969432469,0.07987684142469546
2006-01-23,0.08338607184043001,0.002682820936809085,0.010406624327561608,0.03881973165321847,0.04557549941770037,0.17121116729013908,0.10635904477765133,0.2678420212742874,0.1461006565914183,0.1002016974945963
2006-01-24,0.10253782752224719,0.002682820936809085,0.012236862588393566,0.041878398226914436,0.053380869216700905,0.036558644691881116,0.08472890593249853,0.3599378855013355,0.23405181790415455,0.07594640065293994
2006-01-25,0.10512308267784357,0.002682820936809085,0.01932427519067308,0.04969991780237038,0.05093369384939131,0.02058415188659604,0.08143920823695834,0.34990923066761503,0.19853823806764836,0.050400773883816516
2006-01-26,0.08848704241544701,0.002682820936809085,0.015797070492438114,0.06717772338403688,0.0595387941605845,0.47900630088682855,0.05848239813850507,0.38084420192507645,0.04739021399331734,0.04373244620205758
2006-01-27,0.09723977471563763,0.008320140879977535,0.015063452104947913,0.0684365662303392,0.05240519799182583,0.18607831597467114,0.0594627763319765,1.01888533366939,0.0259483067603396,0.051991578692749715
2006-01-28,0.1476348606410972,0.002682820936809085,0.01608518500922845,0.03755563865794159,0.043544183916730976,0.78783704528149,0.0825313927441915,1.7527658286251617,0.06619037869593491,0.0987180929504831
2006-01-29,0.10090322300577761,0.05987105457714448,0.020475474257643803,0.045119628462706174,0.050835441243607636,0.4566139771736495,0.07228502311130011,1.2739333032576583,0.06522190530946534,0.059775417408576934
2006-01-30,0.08613361131177513,0.002682820936809085,0.015131356229049514,0.05220536941428943,0.044309640264115394,0.227933558713925,0.07526438099353705,0.9465603865248257,0.0395197918876866,0.0487204391833853
2006-01-31,0.1087285469072465,0.004788325975823808,0.016445015452323495,0.07956924076003624,0.04541326837094129,0.27661243009251435,0.09943685996330738,0.6312176728909766,0.046832413525557365,0.0692829421407186
2006-02-01,0.120170909412061,0.0062146358409628155,0.026888923586342754,0.08316505735476618,0.04331797442899647,0.2738924187983914,0.08089741801496529,0.3196910651661939,0.046472011699369015,0.05286653704466148
2006-02-02,0.08048780372877487,0.10768639481799497,0.014704256279835126,0.05933987317478377,0.04673168124389893,0.4559836893404553,0.08480073934084298,0.26892299211346615,0.0622982704270321,0.0836104735051404
2006-02-03,0.1028044868870234,0.10958814130484697,0.02016831813065356,0.11989481762076315,0.04532415554243982,0.5588398059770446,0.10442752670293179,0.2906162656078746,0.04666035608357717,0.07865562229066549
2006-02-04,0.09202292951166628,0.12188157395199746,0.009273831229231144,0.1659418368446263,0.047995255453163355,0.07167031093637567,0.07302677087727945,0.25642242978819013,0.04612076783392897,0.04033133128003596
2006-02-05,0.09348361924293257,0.07861684137611429,0.0176254048993233,0.13657407866122678,0.048587056032185945,0.5427332622204497,0.13355554302977188,0.34366827579881953,0.10975141133368162,0.10237287589841577
2006-02-06,0.08631913786792896,0.10082652356185025,0.010961279420477673,0.09621812332424898,0.051066220619983234,0.31055305362961083,0.12311042950197,0.1667858904064259,0.10883773441497616,0.1416359742098938
2006-02-07,0.09191857316114274,0.13363165046004738,0.017735827404658792,0.08527742558199738,0.04986662485169423,0.22988233309930625,0.1229745384551808,0.3568371691333186,0.07594994933177864,0.07574095311244974
2006-02-08,0.07263929368241276,0.06448958175949936,0.011151030197172803,0.06101101470701697,0.03985856872768301,0.2855636304363345,0.09758301100006124,0.5055210183669769,0.05365238897735301,0.07792383323015799
2006-02-09,0.09390098854951487,0.002682820936809085,0.013620963384120787,0.07157194760671215,0.042481684807674995,0.19705308218215545,0.06373149683187429,0.21194442380482933,0.04507707993547983,0.03505268029130985
2006-02-10,0.14770441907577692,0.09451000844480607,0.020302858166469637,0.7624773597687166,0.08209347954873855,0.1888251000433419,0.08318790934619882,0.19864139198747763,0.04730822669844085,0.03875372034984983
2006-02-11,0.13228567011877948,0.05029440262549687,0.020955878023058296,0.08429150101430254,0.08513245549507072,0.11441124516348702,0.06932664054000601,0.12900130271054067,0.041097229585315635,0.0440382614630166
2006-02-12,0.20076593036246315,0.002682820936809085,0.017331574726383085,0.6365098156109814,0.05131527955092324,0.11188059365781863,0.11528536064526854,0.06472233767392448,0.09278191546991219,0.07736921911282554
2006-02-13,0.1250515742135843,0.002682820936809085,0.012507210872412848,0.5288796469328253,0.039223354206569964,0.16871360910196126,0.1565206404910747,0.3615082512547775,0.09316188066411045,0.09201709471182665
2006-02-14,0.08121814859440801,0.035012511213293226,0.02185894145896616,0.5467611961551919,0.022755760488362482,0.1738871138495807,0.1279802916501048,0.1370157701097332,0.08136330609909777,0.11946947256488022
2006-02-15,0.16123355331948705,0.002682820936809085,0.022392018516908065,0.3440651851062698,0.03220857514247992,0.25827008864249323,0.09116661665273458,0.1352697591555897,0.05557369206963975,0.08151186143442986
2006-02-16,0.13714314877540953,0.013753702270983274,0.017492769741031387,0.29851680125519253,0.03451408396191538,0.19524943346386825,0.08903112580451343,0.15523010048839822,0.04736965717693959,0.10425575234461312
2006-02-17,0.09461975904120534,0.002682820936809085,0.009669833873737505,0.3363207748063418,0.03331448819362636,0.12388242631521564,0.0737045274454569,0.17880496161595774,0.028836409456444945,0.07670457747094156
2006-02-18,0.07253495603039317,0.002682820936809085,0.01683340063388797,0.3256720140853036,0.03163505411802174,0.41155109518808575,0.11269173941782333,0.5167717317106998,0.058136373043130546,0.14523719629291273
2006-02-19,0.0748071982299308,0.002682820936809085,0.012933037491353157,0.20974520022747423,0.03241879001997056,0.15375224028704537,0.1491419176582466,0.48597276105469317,0.082569331376374,0.18841895512726498
2006-02-20,0.07459852292589163,0.0064863139105130994,0.009259868610044082,0.07744769527781982,0.033865159774879035,0.09459973803091763,0.12607512171964527,0.30368783576895203,0.07158948251012007,0.10844033235223495
2006-02-21,0.12539936638698293,0.002682820936809085,0.02178278525394042,0.16747690557694583,0.03946327336022777,0.4251857452582068,0.1101891928088874,0.26878102519608504,0.06471885271416353,0.1146899114537593
2006-02-22,0.10515784319667948,0.002682820936809085,0.010273989169269693,0.0939696822971041,0.03903827371660538,0.19778225069922034,0.09990752547714622,0.3192019842685583,0.05491207950382827,0.06580392050609521
2006-02-23,0.3025183272264518,0.002682820936809085,0.011851015878758116,0.08756668302680913,0.0626463184365332,0.32451598476320354,0.09229337797784279,0.4944916930261121,0.0809062396926914,0.08190579295702113
2006-02-24,0.10771991220738261,0.002682820936809085,0.014729642022702834,0.18982459237161342,0.03679674333814534,0.3010012178006903,0.14188755399129974,1.0363998842735682,0.08177716276182026,0.10455575601612402
2006-02-25,0.10577231343335826,0.002682820936809085,0.015769146277641376,0.12003914588343306,0.033661799730350044,0.34406936353538475,0.12206589400908957,1.1995313339513642,0.07915231987532895,0.12059770626774033
2006-02-26,0.08963475658766244,0.002682820936809085,0.009299216972098855,0.09145173904490607,0.030924436434330533,0.31504020355323065,0.12437287037115435,0.8995881778693429,0.08746414116053446,0.1080975271097886
2006-02-27,0.08119499984652269,0.002682820936809085,1.0084489169035312e-4,0.27892801149021507,0.03479513211334309,0.418356451844358,0.13468294993645963,0.4701467312404599,0.09204916839388998,0.10301851207210455
2006-02-28,0.0931590132144272,0.002682820936809085,0.011323647311924359,0.09585435428801833,0.029701991222836018,0.29731434976167065,0.11792527549795268,0.29801653846445886,0.09990871266572815,0.10726686249367058
2006-03-01,0.1179914117920963,0.002682820936809085,0.005717432056657533,0.12286327326908897,0.03859499451841858,0.15342784059833647,0.17171198784820138,0.2901197425161626,0.08811611482236359,0.09519815458474525
2006-03-02,0.10891403606639241,0.002682820936809085,0.019897971893789057,0.3216942095020534,0.07930813242198748,0.1489912404994006,0.1748741571591971,0.254058512614899,0.109648183882249,0.11704808167482154
2006-03-03,0.09576749191192473,0.005399601632311952,0.021599382704222653,0.3316348168989741,0.08610584177562523,0.38356546362125,0.3096180176623192,0.29969140895159796,0.20682605076680674,0.20286821573012706
2006-03-04,0.07442464553769626,0.002682820936809085,0.005235755984546351,0.2346470648423981,0.07445034079649711,0.33065293674384894,0.37629304758181414,0.15205250342942273,0.2140564461411316,0.2153197031927027
2006-03-05,0.0939010072480188,0.002682820936809085,0.013200848327020797,0.20630821656725196,0.06637306262335108,0.4709633277186247,0.519064348495647,0.15925058725976635,0.3368006641882173,0.3222754100459214
2006-03-06,0.08837107429397291,0.002682820936809085,0.026336803894623548,0.29895909885586824,0.06425491923820074,0.4227215175288703,0.34664567582337813,0.2792507477850665,0.19659252059346077,0.2714667254108411
2006-03-07,0.0944574373284487,0.002682820936809085,0.020210836511887455,0.31626631729653115,0.08528783170886815,0.4383937054438775,0.21533199068162903,0.5320820206156062,0.13379315741480563,0.19611279274163892
2006-03-08,0.09101429481180238,0.002682820936809085,0.021408997309545263,0.3247216191857273,0.09021417166397504,0.3345545411156726,0.21902547031055478,0.9190596895178179,0.13173701988292374,0.19309485004823032
2006-03-09,0.09150124125156835,0.002682820936809085,0.032874638347845056,0.3649627300555932,0.09072599919177836,0.366204538911105,0.31192428975357,0.5895031011559912,0.23078286026886802,0.24137706397323058
2006-03-10,0.10322183749510173,0.002682820936809085,0.02011818433363257,0.4495633296934892,0.09124239660822278,0.18725135986469313,0.2837835548029918,0.31307385557409384,0.17903830296342305,0.25723697011213426
2006-03-11,0.10687365531578723,0.002682820936809085,0.022072807718987092,0.39825480176142825,0.09360959892431309,0.22884125837102615,0.27584035448333083,0.1866704187048099,0.1629603956983704,0.21732878537191522
2006-03-12,0.08990139725393471,0.002682820936809085,0.017329670872436313,0.3290373961785659,0.09732263344520767,0.28484397903082925,0.38649283789470246,0.22936019419843354,0.22900289937931204,0.25322571683305284
2006-03-13,0.09566315425990514,0.002682820936809085,0.033628566557922304,0.39515904389513173,0.09581914008228543,0.2592686231162044,0.3513513852899501,0.17614954280717693,0.21634810558258644,0.21929828591488654
2006-03-14,0.08404685827138343,0.002682820936809085,0.016430417191576778,0.48266022545061366,0.10638015273186986,0.1620893316453418,0.2016277731596241,0.15244266908933427,0.13312735162517228,0.15924139909303867
2006-03-15,0.10660697725250705,0.002682820936809085,0.025683781990880106,0.6035574243415118,0.12093524805377658,0.3853293355076485,0.35027444891024745,0.1647277846063485,0.3504815353453054,0.2255128384097371
2006-03-16,0.12491247604272881,0.002682820936809085,0.027375040960752352,0.8377818474469397,0.16187916533372107,0.29368218878040375,0.4918731898565223,0.0707789553617639,0.5785646608484554,0.4345780933313778
2006-03-17,0.1422788985677664,0.002682820936809085,0.02905868246768272,1.04279182810587,0.19057349611119434,0.2952479266483666,0.4619147208614546,0.06958160996036125,0.5226840919267164,0.4445472467496821
2006-03-18,0.14218615398819343,0.002682820936809085,0.023652371876827154,1.0706784830696476,0.18952470666806165,0.48897377774909817,0.7077823348996369,0.18399811208179165,1.040177513823128,0.6636864207696783
2006-03-19,0.12425163351626353,0.002682820936809085,0.022612865574733836,1.0024304775731994,0.18242309971979068,0.34254359124446737,0.501286035048799,0.5250908172199207,0.7126080640495512,0.5503608192063607
2006-03-20,0.13871982532665386,0.002682820936809085,0.030967611311159892,0.87320756993588,0.1697622232396203,0.4031856920562707,0.29222435124372054,1.4210675840591271,0.2728714801857555,0.23558133859360716
2006-03-21,0.13385073489907323,0.002682820936809085,0.03056780198233737,0.8326774772022404,0.1717295602996143,0.349252392653993,0.2722454063277285,1.932902355769698,0.2297829692656343,0.22421999536250872
2006-03-22,0.09892077022039761,0.002682820936809085,0.03177294153064524,0.6822881866231799,0.13386346301945132,0.26356821358978827,0.31822359354134155,0.49760663748752987,0.25264398968752305,0.3092561931222587
2006-03-23,0.11653064726681424,0.002682820936809085,0.022515136452620887,0.6130884577618844,0.11462194689609553,0.20383037146568914,0.3867224567563381,0.20215872363595686,0.23412587163959944,0.25152779029429223
2006-03-24,0.11445548729886916,0.002682820936809085,1.0084489169035312e-4,0.5072676045599265,0.07819764948219993,0.35315825589089306,0.4627578371162064,0.12553023513181982,0.31197820696312567,0.2910917561621991
2006-03-25,0.10780106371450897,0.002682820936809085,0.013115172852261194,0.5036529590033436,0.09296067473727675,0.14706018396066065,0.431615491097418,0.14582881005465165,0.29126277951465146,0.21745483403494534
2006-03-26,0.0854843992547644,0.002682820936809085,0.01445738988473678,0.5069192213204583,0.08661766930342854,0.17338606805259377,0.2563474450165534,0.15622576871066352,0.15586864223091024,0.14119625678665046
2006-03-27,0.09497912558854664,0.002682820936809085,0.011201167064925965,0.5204108977217011,0.08762532974879132,0.11086228933883845,0.26764930841901663,0.25676807731079326,0.18305948437276315,0.1642513033372856
2006-03-28,0.10651423267293408,0.002682820936809085,0.01739503857176366,0.5902287967186474,0.1004004534449892,0.22176859017654485,0.44242128208422254,1.3120884588357205,0.4104606824682885,0.37955836239618906
2006-03-29,0.08541484082008467,0.002682820936809085,0.024054083012441663,0.5529839986004966,0.08965207536111962,0.1533355006600914,0.30939387129496504,1.1355553541383125,0.2791653788868845,0.2053081408784257
2006-03-30,0.10312909291552878,0.002682820936809085,0.009448352197929475,0.7145792461914552,0.09365758275504465,0.1428677184626038,0.2367430858007973,0.42282961614161535,0.20288866870617397,0.14726763999009676
2006-03-31,0.10507669168955314,0.002682820936809085,0.018066464396992582,0.7723920214255462,0.1036542141574531,0.17248510030608485,0.26073414416593216,0.18832720183419377,0.17347152530444304,0.16637033450605712
2006-04-01,0.09583701294959655,0.002682820936809085,0.029505451480037546,0.6141988378362545,0.11659613878905119,0.12359516828562944,0.3234792211352133,0.12917306980589005,0.17339287605620035,0.180022072259654
2006-04-02,0.09129252855052128,0.002682820936809085,0.02037647385241156,0.6374060958844115,0.11299735148418413,0.1987118689926061,0.3551657603125773,0.018936449296046005,0.2586550121068793,0.18596779947503286
2006-04-03,0.09642829704138209,0.002682820936809085,0.021192590530440515,0.6809502865374777,0.10804587714155119,0.15520506983429241,0.3468039839430596,0.1980605554312294,0.22950278977285,0.19535116038396544
2006-04-04,0.11501195477630695,0.002682820936809085,0.025363934527822096,0.6681751680365573,0.1166029936220128,0.21927291943993493,0.39452816480971764,1.0789232309545131,0.28410017709702573,0.27089585455005244
2006-04-05,0.09250980115741646,0.002682820936809085,0.01510089456590113,0.6386548803508039,0.09239629349010078,0.16728897033774762,0.3469577696696522,0.5197511591562692,0.25738624527980897,0.23750552444588166
2006-04-06,0.11377153342152643,0.002682820936809085,0.010409798441050286,0.5669297932321745,0.08350329019451821,0.30063974662734,0.22192146954760356,0.34840841959720753,0.1605119487626164,0.18716608639124055
2006-04-07,0.11163837069434039,0.002682820936809085,0.011900516081374237,0.5605606969378294,0.09495314618479679,0.07423785002114805,0.25836730699936167,0.2621736757260945,0.1635832722945397,0.15788242958208978
2006-04-08,0.09703113680860635,0.002682820936809085,0.01671599733074764,0.47086011912408965,0.06910585603072948,0.06426136178754653,0.34935770092041846,0.34907890790066276,0.21983473862658506,0.21119787264412204
2006-04-09,0.0635851041016021,0.002682820936809085,0.008602404380424833,0.3051802746090042,0.039262198260019324,0.10935867766517603,0.27753443584744125,0.23717647628338864,0.16979173844389575,0.22025264314425835
2006-04-10,0.04300738181034667,0.002682820936809085,0.0043238099440416605,0.1357631861708865,0.039031418883643726,0.2138837854497312,0.27597555676212265,0.1449614113444674,0.15294345380163452,0.15501935789397422
2006-04-11,0.04153509900663375,0.002682820936809085,0.001095509291872805,0.043574948690823095,0.03200064520930983,0.4454254062600965,0.2384240119176265,0.20138392842928,0.18278732410742402,0.2531774178126395
2006-04-12,0.018569203791374476,0.002682820936809085,0.0034499409824724483,0.0013738540493614538,0.023059658082995697,0.3904148317763902,0.19081481987152196,0.5019355545307868,0.1296912426698753,0.23373631601381512
2006-04-13,0.03345470881283527,0.002682820936809085,0.0015828959022469188,2.8593337487058806e-4,0.022764900265644684,0.13175681618107,0.08822552636608215,0.20556169670896196,0.055110116397150084,0.05187471862384704
2006-04-14,0.028666769892380983,0.002682820936809085,1.0084489169035312e-4,2.8593337487058806e-4,0.018702269263705884,0.30432885057052467,0.05325124063338921,0.09585565753426974,0.03366852027432686,0.022278885219341363
2006-04-15,0.014129057044318804,0.002682820936809085,3.530062526309907e-4,2.8593337487058806e-4,0.01302418262713788,0.086808765659983,0.029268991190150157,0.05926028534929612,0.025057326855403378,0.04400174269148451
2007-09-02,0.18059950036400751,0.23230008613071185,0.2560949074386029,0.05893779418240289,0.14247689232123237,0.4346634961932775,0.08305915291710601,0.010860610487136697,0.15098912744355747,0.37602546575668166
2007-09-03,0.2562652404026264,0.5102486608023933,0.16366224559093995,0.053191822656939114,0.3803062064203074,0.46118156157177836,0.02849760159577668,0.04069457664457244,0.18327955097111698,0.3568992107429587
2007-09-04,0.1857593151309431,0.5526510346026717,0.3583755301918493,0.0428156901210717,0.1218779865972832,0.39383779778907163,1.0691406776100979e-4,0.012515145257466222,0.12408468699757935,0.3353075852433534
2007-09-05,0.5203159768933162,0.6700183706957868,0.3156993542674004,0.21906304208336752,0.2407619664266203,0.38245919921958615,0.10875057859556979,0.02102335042088308,0.22134336236510765,0.34708155132526824
2007-09-06,0.36846523936149367,0.7675707353291213,0.2583160089618624,0.9248281787605106,0.3263745919144725,0.5229663691193642,0.31989592666836414,0.08510144844126136,0.6177991582116705,0.5208056669279919
2007-09-07,0.2297735739817827,0.753200060925998,0.25745978647450946,1.0350070216170855,0.22770841120878113,0.5863753045430327,0.47400847478304436,0.07696205266690649,1.0791924305410487,0.6627010422182523
2007-09-08,0.32704820270877594,0.5128861290292048,0.22860966404165406,1.0153535979499373,0.26787220427296093,0.4519797270182185,0.5932554982826634,0.05742311536813265,0.740727477320889,0.5541177761795907
2007-09-09,0.2029356112678561,0.5670556687644888,0.2517301277859196,0.12738515215970475,0.174044208896332,0.4534554721633476,1.0691406776100979e-4,0.035555050798250054,0.15318224863011165,0.35569927459190764
2007-09-10,0.24714612961611457,0.5802430098985466,0.279901311335498,0.23969498886884277,0.19646540931143708,0.4845032519181341,0.012713261978194265,0.0454875882823992,0.15186358243956138,0.3228767524838164
2007-09-11,0.1814652410967148,0.5198855639388202,0.2837337283872582,0.14715680923598284,0.1813131327351723,0.3819046272319813,0.3451823716027768,0.04630661901141951,0.18653852753134947,0.3741346572762376
2007-09-12,0.25681931447155903,0.6106753355925263,0.29971226277383606,0.06575286304614832,0.19130547433888861,0.40036329861363756,0.05220486030532609,0.06714096282409271,0.2098773600464382,0.37292019215156624
2007-09-13,0.2582275735977603,0.4740679338900339,0.28270057031214224,0.09871668182810306,0.17603488924233623,0.37368649371865675,0.0691376382385885,0.05912514515340111,0.16705820889928286,0.342609062034987
2007-09-14,0.2263971851242242,0.5203927693670531,0.2945863919164951,0.16370558245297875,0.18851387678380263,0.41980513867739444,0.0348550712872552,0.04956334826057429,0.21947960212684445,0.3692076074491226
2007-09-15,0.20819931492271654,0.6358327248328829,0.2502846932093619,0.3587518431304245,0.18853438231638253,0.41083028227392326,0.04845598025371694,0.04608271887554013,0.23393850417133544,0.38409045974580974
2007-09-16,0.25791014779477023,0.6842201226863107,0.3654084485574233,0.3120404828248549,0.19460553834239028,0.39263890307199845,0.15616507674688215,0.3947548402161874,0.17531073739846845,0.3740619338731436
2007-09-17,0.30601646204320376,0.6789791459913813,0.23916978915261786,0.21804378388198195,0.26076020451342546,0.41936780646987276,0.030808149585331446,0.0436072158935974,0.15141050886396268,0.3971515358204973
2007-09-18,0.24656894419630448,0.23889375669774082,0.2299299765179679,0.17102064091074048,0.19409356339882436,0.3015022635976772,0.33519993742354504,0.0639060263289,0.12178485152114576,0.36398966400963156
2007-09-19,0.28694709196977336,0.4029239921882915,0.27220996657755747,0.2942918072411367,0.2068399410213121,0.2842309444408135,0.00935950000014507,0.09882431106934302,0.055721982900137475,0.40886008225362447
2007-09-20,0.3588555172284425,0.48843882738837446,0.35175965819835797,0.2251143505067846,0.21627602398637258,0.380469413899368,0.0016474577503453945,0.06203051491749493,0.10959793533394185,0.328482580251473
2007-09-21,0.3824325356481742,0.4848884551193088,0.2776012305807692,0.19083299240277277,0.2889488992251253,0.38515537538814015,0.08525691415047963,0.04129067126876038,0.15547903312290423,0.3555295604730242
2007-09-22,0.333922184126472,0.544738629922237,0.27164884145195456,0.3169595186084644,0.2505563065487787,0.5867478100486261,0.2016877469132226,0.09633523000841872,0.3048169922671232,0.45976646441942715
2007-09-23,0.35073486915564794,0.5177553011402416,0.17282023344897426,0.32378143177950974,0.27401501910117637,0.42839543892295406,0.019986783361564817,0.03157864254091152,0.1298381006903216,0.3502014324389965
2007-09-24,0.4676213863495655,0.7405199252201731,0.2607866791245317,0.5502172392253244,0.39369524305992026,0.5333192829502771,0.042258463530767704,0.06972888689891668,0.1390859878037425,3.5164034271885396
2007-09-25,0.28682588826719435,0.2500522761188667,0.23393457975839813,0.11096942880634228,0.25383254816504164,0.557788374463238,0.02205293387582946,0.08145457865352522,0.15409386651059634,0.40042416749472
2007-09-26,0.36479449865481467,0.5230302375938648,0.2760012972328534,0.23556927730015134,0.32999652349407027,0.7138470321700656,0.250742911030901,0.16672707195189226,0.1826486336052534,0.4612645194021681
2007-09-27,0.32543792494594037,0.3504789509089998,0.25129412476056057,0.23572378594464385,0.32391179047632557,0.44398724075964624,0.06043368451915594,0.11741672060791962,0.15063886550388694,0.3691712457475756
2007-09-28,0.2694244995397775,0.31176228449356225,0.26627780333798384,0.1646080170451139,0.20761350523564037,0.43203996271199074,0.06132409322347722,0.04712564974043982,0.13272730204112723,0.3638442957384361
2007-09-29,0.5900084798463335,0.29772958637276825,0.2389675712033035,0.07174493276308774,0.2624153149881984,0.46150087966011216,0.015464730670197333,0.04705537595932787,0.14523198143092605,0.39040655798601726
2007-09-30,0.26672338845373067,0.3371901686892953,0.2601876406923758,0.1470241931569277,0.19287529005341184,1.2501160631476151,0.08274537369319203,0.23842167781885207,0.23349964347026786,0.4530759113347788
2007-10-01,0.2539277404243166,0.431124613998046,0.2633837406234094,0.23691952669056782,0.12135243466198033,0.5866023552874124,0.10218287387853374,0.16918272280263205,0.23507159140127326,0.4162778693692129
2007-10-02,0.18204238911951706,0.5180257303670529,0.25073332717972263,0.21238837166512778,0.18702367295188024,0.6472229923871552,0.045300492656702225,0.0289519342724009,0.1590573259315916,0.34360292236560747
2007-10-03,0.1368795933622884,0.27997739638461344,0.2808191122386778,0.15109645433210847,0.08558760166214813,0.4125888063808794,0.13790269227915947,0.335312277635013,0.1556177852459267,0.3501359342552164
2007-10-04,0.2492700552823513,0.28322351112530464,0.3042959856303984,0.1371620736571478,0.09577781944402411,0.5504747900147821,0.06212662974827384,0.31200629324491763,0.19047111017929255,0.42270658678872575
2007-10-05,0.1752319078212222,0.2853875803159248,0.24359299460276457,0.16736833743045165,0.15439850086424703,0.4025323676347093,0.0059661261108379954,0.037423308425555364,0.16338096051724277,0.36481388875636117
2007-10-06,0.18994950027724644,0.29772958637276825,0.28760086518411226,0.09781394900907033,0.14155550695094068,0.5024840592797528,1.0691406776100979e-4,0.028082020289028817,0.1271974968932645,0.33150060147987415
2007-10-07,0.23195524062820508,0.4366024326229624,0.2161930356740121,0.21321553107715524,0.09828960714008837,0.3978249908300706,0.016676776311791822,0.15258940277912378,0.2758583280425487,0.3862722403736224
2007-10-08,0.19419162986751226,0.3601158540454267,0.2991691730818579,0.23008173971510937,0.13757970383318283,0.3964577015558048,0.013772830773860018,0.1444446655819318,0.1533295625446652,0.3869339762207823
2007-10-09,0.24714609221910674,0.5815954846754289,0.28949337789339674,0.2842806827387018,0.13287587323016875,0.36245889127460346,0.03972231345937424,0.06507641968314755,0.14907552445284086,0.39099431387020245
2007-10-10,0.20007866684992195,0.324104268640884,0.21984505744642846,0.10228049325441338,0.13206819700837108,0.3621569232218362,0.018438414521536207,0.09974458703946487,0.16558722247570218,0.3803706498240522
2007-10-11,0.2736493143153891,0.20369369997837092,0.2577422324197099,0.08916680589010952,0.17259033567910634,0.31339930639591007,0.006910843396612122,0.19886401721584857,0.05142896335722858,0.42689556475592993
2007-10-12,0.30318838811536253,0.16332014789102448,0.21572671428633935,0.0858258648466823,0.15339745201583763,0.555069234300608,0.0973327246691279,0.10497136240579244,0.12797455086472329,0.3926063231271221
2007-10-13,0.38370227625714226,0.5268174517929175,0.2706947035514036,0.2320148057980431,0.19653368492189274,0.46344173642814696,0.04813057613199504,0.10340115366066424,0.15917327833942505,0.4061693163391464
2007-10-14,0.20700459271158045,0.13440943848174378,0.22658887661376229,0.054655772407642085,0.11538025357899306,0.4176506611088283,0.007076969365267142,0.09361644264416898,0.14298549558469417,0.3386092748648168
2007-10-15,0.17038375971806125,0.0539666575639907,0.24363471561721106,0.019984432478677452,0.08405189795509425,0.38716488215743317,1.0691406776100979e-4,0.0559285092662884,0.13531407526474853,0.33316954860638676
2007-10-16,0.11832387119225908,0.0561307267546109,0.34490998065727396,0.02082462576170684,0.09458569028411161,0.5028161781614124,0.0022610193694162463,0.1053978378083644,0.13934266620578817,0.3351428188290001
2007-10-17,0.15531987096895405,0.27490534210228346,0.28625021387393695,0.040909681351211064,0.13346739371924235,0.405347283865362,0.03139947130655752,0.018820696486744917,0.1253198444092929,0.4027148761571886
2007-10-18,0.19670227799236348,0.5412896330102527,0.23558947921219658,0.14661348049586131,0.24705488735511966,0.4769349099042053,0.18544949656164253,0.26619107885417875,0.1927359069371957,0.4353604589270824
2007-10-19,0.2573041292818751,0.652773386135865,0.32237684561981433,0.7124822230936821,0.2906382101568252,0.39944069776838875,0.03046637891859133,1.1520390352562608,0.17090710592155417,0.3649170052015689
2007-10-20,0.2962047212735183,0.5667176048440726,0.2529828636828968,1.0298348183089503,0.4558741798210789,0.4152889026411513,0.013923234671732324,0.29947370122361666,0.12555991023046248,0.34702092231102566
2007-10-21,0.2586027403809361,0.6710327815522529,0.3171068960089529,0.6751007014987502,0.24084720959135306,0.40092237144728887,0.035224215498843074,0.0871247611989901,0.18363790377873523,0.3829523306338894
2007-10-22,0.3059241288307176,0.5737507804171643,0.2650822649456011,0.60048677175768606,0.21210909633238287,0.39792674382805815,0.0053768662642278645,0.03875507806494187,0.2148681079861403,0.3559028372925768
2007-10-23,0.3104606102701039,0.44938400941443385,0.27454922987480385,0.3755681123187988,0.31217211509674364,0.45527161193931875,0.14208632667715548,0.15270281616454853,0.3036015485181802,0.5385258314352408
2007-10-24,0.2635374625573677,0.5268175175214828,0.23156815071720163,0.5512168415630047,0.2449253929562479,0.6114168262392026,0.4323482428003575,0.1063865003196658,0.47227371123111966,0.6527016528278193
2007-10-25,0.36624894308576295,0.49665555532574895,0.2572152333643142,0.894681099470612,0.20815039344308844,0.5473270047614619,0.25223589871603264,0.1791724489950171,0.25759146275581163,0.4608427079572244
2007-10-26,0.25799672186804096,0.5122774825153252,0.28970980309689454,0.7606956167247781,0.15513795307110598,0.40852466339134286,0.027943877969924154,0.03230559103402642,0.16488786588566873,0.3550446854290691
2007-10-27,0.32009920289324795,0.6830365703220279,0.22378329192884325,1.1107429622815264,0.31060803385538616,0.3777430143076306,0.009657568226716816,0.054598677109494786,0.1399751366175116,0.3618564965422024
2007-10-28,0.29444440671501865,0.5599547927692269,0.2534220193266193,0.8850967647701778,0.20912639635342936,0.3895254065221619,0.0246113149863153,0.15945615196475466,0.13551076852291022,0.34273636725789774
2007-10-29,0.3829404244123598,0.8293823162465939,0.3373260705822654,0.7305901536428628,0.4125150026864312,0.35476464656185686,0.03196756094967252,0.1716819842826262,0.13934451984116936,0.35359029590218155
2007-10-30,0.3276022767777086,0.542709808209305,0.2959749770047711,0.3306899798643076,0.27226091894180665,0.45496630454916204,0.045206479147091555,0.3185779076226764,0.14487129905451784,0.3930609621989485
2007-10-31,0.2598436478968192,1.5513722634569158,0.34264783368064594,0.3327957870997916,0.19180139570590565,0.4009152572067638,0.0875469747248788,0.08724350972691941,0.4616378720424936,0.6057707905194913
2007-11-01,0.3167805176188673,0.7506640337848332,0.2998942548339094,0.36394810792688853,0.3511618890274483,0.33599907071564034,0.11514907538399854,0.24262631336119966,0.12267903019957092,0.39006108255382443
2007-11-02,0.2392274627829465,0.26942752347736715,0.20237365590700615,0.16431345020489432,0.21258690030217434,0.2879088858018408,0.015864630255353257,0.08451213657623162,0.0677984875463502,0.39287546254656386
2007-11-03,0.3199837583298843,0.18208674873564532,0.2343042344972895,0.1579753017290591,0.22209459784471378,0.31972454376950216,0.014818739373359013,0.07931008059883624,0.10057718869227551,0.3535721543189043
2007-11-04,0.3645405355742179,0.19882452129447767,0.24593098866404633,0.20398146386795118,0.22410807603840663,0.3297993004751197,0.01971332187000441,0.08622577241605972,0.1448770904126278,0.3673107517742528
2007-11-05,0.3313422767430042,0.4390370186784808,0.27943245147589624,0.2450899676694844,0.21040275888010077,0.4848003561533995,0.3480739569664533,0.05408496788774901,0.4179984857362002,0.36444061193680843
2007-11-06,0.37435227634390333,0.36924555175362056,0.27575293641476456,0.21708788534056808,0.3523734991803905,0.45426831044049376,0.12160907251052931,0.18121373606451519,0.16428706758983735,0.3974606495511431
2007-11-07,0.24830042566171912,0.5207308990160345,0.26151966289403966,0.1610547791179003,0.2092970669525982,0.40628336305065327,1.0691406776100979e-4,0.07806458702790905,0.13533446525394197,0.31587103847409653
2007-11-08,0.2931457956159577,0.33779881520317495,0.29437784825890595,0.31616117875935945,0.16749183622562816,0.38687849767914956,0.05768048837043918,0.11124494360220545,0.16253466574955738,0.3794979689869241
2007-11-09,0.45337709042542657,0.3826357750589716,0.2632700007037505,0.2796870531676773,0.3141344400208087,0.4317261133935845,0.11702658895394062,0.07256107822809235,0.18993387654756103,0.40187863555660014
2007-11-10,0.2816314438709505,0.27896298552814747,0.2328540505216388,0.15253153571912387,0.24093256331790783,0.4830557217541354,0.09541009856710767,0.06163067754545035,0.1736824289322232,0.38777029535636337
2007-11-11,1.0044962347794926,0.6316398996578959,0.20164822613864186,0.6731401307623971,0.2502263900720437,0.39389352600651883,0.04112367949803723,0.07349935049114745,0.1493538402905932,0.37140745112521995
2007-11-12,0.4595411644423026,0.5143063042282572,0.2793405137546601,0.46048130796845105,0.30584171371059915,0.36131272421094646,0.0657555135695479,8.716229121026574,0.20629183805976412,0.39576979116171124
2007-11-13,0.2619444996091863,0.42037185891950657,0.2653173192576103,0.23193428453569134,0.20480597203661557,0.436258683145319,0.04665537682163828,0.09637589830187156,0.1596016234170732,0.4012823193582278
2007-11-14,0.5467212562259287,0.8216727937374523,0.24292949126653995,0.5642229232403475,0.453081461906197,0.41453542229600604,1.0691406776100979e-4,0.12810284775587735,0.1329151805115774,0.38837030269938516
2007-11-15,0.34318560996644015,0.6411076612865061,0.21475992496923887,0.4132577971893272,0.21366529083044036,0.35624544910926403,0.29692022815955943,0.6562484030291877,0.2127257663893809,0.5430686880788397
2007-11-16,0.27842820315993344,0.4714981660853925,0.2712242206071805,0.3402789235258867,0.20015109820836635,0.38445805882618844,0.2632467100238075,0.1190421837188571,0.25813975307210085,0.5216322477244977
2007-11-17,0.2952235733744552,0.6573382349899619,0.2789708590157688,0.7593207907268459,0.20441697869301217,0.38418401537738733,0.05514263298921297,0.0756898928039554,0.22163793508613586,0.46340255603913477
2007-11-18,0.4386479422939636,0.32258265235618505,0.2834841188047527,0.3134706841353641,0.26207979671248405,0.37062787845287154,0.014921283861509616,0.033992111538053,0.15709031820259436,0.33475493450083454
2007-11-19,0.344224498845689,0.6375572232888752,0.3461911515341659,0.31410564986765704,0.267756188067782,0.41361841121117,5.964442947886165e-4,0.04267914603077613,0.1251273268405643,0.3035384529902297
2007-11-20,0.2264144999388783,0.42199491628985214,0.29100737168358615,0.2625283381662506,0.12593227386705794,0.3833520122073979,0.026770808624104407,0.053020715293828784,0.14608515468882335,0.3812833835073767
2007-11-21,0.20986153712951458,0.4159084511510562,0.26634570746208547,0.21689049980166164,0.12114767416770647,0.3099638541651641,0.03202497895321001,0.3269305458085667,0.0898585621396639,0.2790670042885996
2007-11-22,1.0638281958720044,0.7019723126744656,0.2338018831854628,0.18601821403141036,0.5306345359663578,5.224732119020072e-4,1.0691406776100979e-4,0.21076660081717052,5.741530387001014e-4,0.0021046985326325656
2007-11-23,0.2836226475561773,0.2576603575423616,0.3095052780450846,0.1345222640499763,0.14247689232123237,5.224732119020072e-4,1.0691406776100979e-4,7.619299454401753e-6,5.741530387001014e-4,0.0021046985326325656
2007-11-26,0.2918054868530968,0.002682820936809085,0.22425282734952287,0.010467167651936369,0.20157542930676373,0.3608795540761129,0.07710248352443144,0.028780701005318585,5.741530387001014e-4,0.36871448623095066
2007-11-27,0.08439061156792968,0.002682820936809085,0.19803786396602852,0.016030053618233578,0.23417524588322694,0.5019864012163492,0.08537166378471892,0.003547917496050001,0.051295822238603336,0.3830277242267298
2009-08-21,0.09865768226987512,0.5333682892449487,0.058515831330651316,0.09718707607031682,0.047834284811174646,0.030467562623955204,0.03028448658539171,7.619299454401753e-6,0.025605968861432515,0.026269224629908754
2009-08-22,0.11389351872157041,0.515110405585561,0.0346039170763189,0.11083574182160943,0.05018884622562063,0.14557936689439518,0.02369682819303083,7.619299454401753e-6,0.07589789223651844,0.020779047492269706
2009-08-23,0.10826664150396524,0.4065771420238299,0.03527208792544528,0.14677892864518852,0.048926259701965735,0.04841729720918483,0.04263959141963481,7.619299454401753e-6,0.05160835518352798,0.017124994919767673
2009-08-24,0.12558004629091388,0.4799469596770151,0.028470352702188746,0.08848576410213756,0.04875564069831378,0.1211015858447927,0.01750218834991632,0.00122844498017635,0.01287498063088797,0.01905200803177369
2009-08-25,0.10540994764598399,0.4709871264908553,0.035390556772649365,0.17960050675275652,0.040309948422025565,1.0032355372323694,0.0639969626350072,0.7517547830086382,0.0773335729178773,3.6071561634949325
2009-08-26,0.05217113340517947,0.4086058103701097,0.021377972678831975,0.1740919035041296,0.026609149556843896,0.08070493663949706,0.05163162372707952,7.619299454401753e-6,0.029810975792510866,0.10576772372803254
2009-08-27,0.10792037512848865,0.4770730658011295,0.04445584946217838,0.11587992445606597,0.02872483846954666,0.09375624318465134,0.03593399867155479,7.619299454401753e-6,0.026421222751220486,0.056119794136224053
2009-08-28,0.09343479744912915,0.34470303133131713,0.024805691796151486,0.05602032042222164,0.029703067357903113,0.02739668884419839,0.03850754818079973,0.05919553983091473,0.01737222219750152,0.049048008637278484
2009-08-29,0.11095022835211371,0.47758020550079733,0.029561850594267247,0.11925880809432866,0.06660250051628687,0.05163474781591424,0.03154050707379019,7.619299454401753e-6,0.03070277129701482,0.396638074039257
2009-08-30,0.1254069691986874,0.5678555415840969,0.03863662365758928,0.08945559797313012,0.05087132961101654,0.03820704083946954,0.034754881012549026,0.02216773157974223,0.024643431116043116,0.058501297103570576
2009-08-31,0.41895613642117335,0.34166006167618007,0.03203075815666971,0.13338317285882811,0.0241692933821482,0.06995360356088741,0.043131726119861526,7.619299454401753e-6,0.03908031497810041,0.11843876361575893
2009-09-01,0.08593231817709392,0.36262289488933236,0.04057636832199202,0.09938938681871033,0.01795302865020924,0.25637304252912096,0.10501313452887412,9.086130785526351e-4,0.08064600932446933,0.06842724842247742
2009-09-02,0.09883081171791264,0.33861707011152126,0.031011918496241835,0.10816067366168083,0.024920008153271004,0.07821567355897918,0.11262270094585412,0.001502239218030267,0.06882267119272861,0.07351747040359723
2009-09-03,0.04438009134084548,0.44715044322086095,0.026761230259693326,0.04052239712410472,0.00978601113157062,0.052266585295241835,0.07470129654551558,0.03935142735661488,0.0427970893792411,0.05886488270504358
2009-09-04,0.10278405690161183,0.3305024186359237,0.033398687453200654,0.037367761134761326,0.01973885268169395,0.16775798995332278,0.05992644343143678,7.619299454401753e-6,0.06459137770801439,0.075299060269913
2009-09-05,0.09735918336183781,0.33151674185430274,0.031139867103092512,0.04353635813027376,0.08779351934067535,0.06716746370721616,0.07244046099521118,7.619299454401753e-6,0.047844022510295584,0.07308117710602872
2009-09-06,0.13198605277094777,0.3852762229807396,0.05073947437610038,0.05770182127241599,0.03374107255669689,0.2533650908190757,0.06678582855017366,7.619299454401753e-6,0.02927056392757435,0.050865952351642
2009-09-07,1.2725946326797073,0.2873934189405537,0.031452627316297055,0.057495665151566525,0.05121256761832043,0.08771398319728183,0.10270786569133017,0.04289864679370151,0.068536229418251,0.11825697081502243
2009-09-08,0.10532334739480775,0.32610699611342614,0.03863346694491624,0.1338781210626982,0.035492777209924074,0.0812639634967641,0.05016884217286851,0.010595638860454509,0.03959868661737167,0.052283940909486265
2009-09-09,0.09683978379862292,3.7285068906322247,0.033831492822791014,0.08595148614941192,0.032785597291300234,0.02536020337455191,0.04949384510605678,0.011773201528328977,0.03766550021934369,0.06742738016492741
2009-09-10,0.11969350668870915,0.44917902392905384,0.05590475705729438,0.0975884081398769,0.01783927527698648,0.1321281432393383,0.03497019741847054,0.011802275699854042,0.03332249063511594,0.05486541752834279
2009-09-11,0.09874425634314585,0.3908550445008678,0.04121452378771237,0.08278751565817367,0.09820134932301007,0.06423793077019782,0.03243253692979664,0.012856266073372865,0.03503766145729029,0.05957388091071534
2009-09-12,0.10555420660392863,0.3379408327230801,0.04752658368154909,0.04346094468133177,0.056695158841295015,0.2905303334071641,0.10252843830597971,0.018765884256347422,0.06157929536090985,0.06869387472215793
2009-09-13,0.117789037883887,0.3213734877609906,0.028751519175650744,0.04397159046463002,0.042647446461948735,0.17698761844112484,0.12493164725083206,0.015451265099827114,0.04409361214172376,0.059083037207327084
2009-09-14,0.09337710508505366,0.2544276733384958,0.030774980801833655,0.05268995558904474,0.04836321256744142,0.19085726591068858,0.08105826416720308,0.03228604663911866,0.06305092654901369,0.07199041244811047
2009-09-15,0.09885967846830471,0.3561987602015115,0.03788789522065699,0.08458240779714246,0.05780987998425777,0.17214164461596926,0.03788551980914368,0.003743484225629062,0.03666624045410468,0.08387973858057034
2009-09-16,0.0891353083281581,0.37259709511291467,0.03302590261464841,0.10871513168739001,0.018675321662299647,0.0872210655410854,0.029182273970466754,7.619299454401753e-6,0.031149250439499208,0.05704694684417931
2009-10-04,0.020689546824255063,0.002682820936809085,1.0084489169035312e-4,0.025860135415750485,0.03494299749403523,0.0022678262946477365,0.024112075566681497,7.619299454401753e-6,0.022769385706326813,0.06021016356679234
2009-10-05,0.02830745570085074,0.032458540173824886,0.006845173800564698,0.020217546955493087,0.03258843607958925,0.0038614258515244407,0.015468637379995995,0.008792949161078516,0.023421123906364274,0.04984790324331849
2009-10-06,0.09727261302826788,0.1398084485569688,0.028339246768518594,0.06911721490103706,0.09064290092639161,0.037659217701124785,0.0232097939194857,0.002607114258975681,0.022318270972441764,0.09244222818695491
2009-10-07,0.0877790833987382,0.20827571494274955,0.044337374473509945,0.04333952295555107,0.07009452195507916,0.03022166882142251,0.025523598164945774,7.619299454401753e-6,0.02650897485213258,0.05633188573708331
2009-10-08,0.10428455948748029,0.1722670106403154,0.03426272597750921,0.030809940081731355,0.0701514023270846,0.0841044329178745,0.03248892731805828,7.619299454401753e-6,0.04095319309850908,0.33081048308640953
2009-10-09,0.1751830299319069,0.28435042737589483,0.040750130819843806,0.04149108417711833,0.08989214193054004,0.07901947142707698,0.0427728735638487,0.01212210948557752,0.02721560570858097,0.048102682932048973
2009-10-10,0.14098902714944986,0.1712526655124146,0.017894965642898147,0.02975560768603448,0.14102702144196175,0.10480894759095566,0.020497826404335777,0.1484576627427128,0.02428508832807553,0.05786502230099283
2009-10-11,0.15501291632817388,0.2620351851144256,0.030007299191788014,0.034676587366785576,0.17202294715037297,0.19077456407448834,0.037184885512950266,0.022051430497409187,0.027190088614021328,0.05807712175535132
2009-10-12,0.14427855771647766,0.22551929729328019,0.01698985771351003,0.027371739113536197,0.20717643961184787,0.09445754009158258,0.027485375523100198,0.025177058746551007,0.02383977146507342,0.052574810961364515
2009-10-13,0.11709652009173695,0.14386578524952842,0.03190281098282738,0.024894044292322788,0.06504985136732026,0.07314528174240004,0.02216396947813429,0.03413234633971574,0.015243052884448884,0.08377065347592932
2009-10-14,0.10610245047933091,0.20929002720636775,0.03661790180887192,0.03487919323197682,0.05233865451658091,0.06936265215421611,0.018360038924560666,0.030490625168607306,0.016262409113213794,0.05386554927079278
2009-10-15,0.155820852505782,0.11360491186062319,0.037240261428298393,0.045759894500315486,0.10145449826005914,0.059527867976789384,0.018674469266774425,0.15171412193756775,0.02377367032639653,0.20909943335039505
2009-10-16,0.13726665613367472,0.20421836729542903,0.04290153081710349,0.06573706244288278,0.11169739506470604,0.025417894057667745,0.020718269813196005,0.0032104318936338762,0.013494251655749539,0.05439275467572804
2009-10-17,0.08662483970894476,0.10734988647362217,0.041096061081972626,0.07526188325474759,0.16525506737630064,0.0349649314039484,0.027341828299568403,0.0030069042145094813,0.028207136816245357,0.06506405019485514
2009-10-18,0.13011043575771453,0.18612949368672746,0.047452345660553605,0.09425910201218647,0.12369767350359848,0.02570543762479881,0.06319721661720963,0.015611182777730421,0.054267889607652664,0.0809589122589393
2009-10-19,0.10610243552052775,0.21791182604996565,0.04637505706981333,0.1272651971680295,0.13177938741704162,0.06472692833467628,0.044961926643634825,7.619299454401753e-6,0.042878268589287886,0.07244488659645246
2009-10-20,0.12133828693102619,0.3015940316359472,0.029651890398305486,0.13215312246391217,0.18177102820622246,0.04676151096276516,0.05353872265086933,7.619299454401753e-6,0.07037664888018687,0.08657028459706935
2009-10-21,0.10618904699080638,0.253920533638828,0.020695586386903022,0.1745045410842623,0.13201822306484418,0.1554871712494027,0.10997225525128074,7.619299454401753e-6,0.11936624811502944,0.18093953374952956
2009-10-22,0.12745569322175343,0.21250205073123465,0.029174852360067217,0.12902680989637985,0.25082671791585487,0.05674919081624045,0.053121752249881166,0.005192419435124658,0.03959714359116243,0.06968768007828369
2009-10-23,0.1210785721906156,0.22196915507419265,0.05018978056279722,0.0892547692691332,0.14607736163995083,0.0837045182277816,0.04747908354993002,0.004925893740152007,0.04578791002754049,0.06686381305844516
2009-10-24,0.19691139832079657,0.43700705767041836,0.024747249621449873,0.025328646283463666,0.27849555167776757,0.15656486979752918,0.039963499636927365,0.03826108123699968,0.02910356791214997,0.10100473350033799
2009-10-25,0.13429449901382595,0.20743042806648293,0.030399038636461952,0.04103022195206704,0.14110661194927704,0.13333300520713767,0.039869503844821456,0.06300686483682437,0.030182071090918725,0.05806498809900356
2009-11-02,0.13319796264691117,0.11546451603969796,0.0268607465479305,0.02967151583437235,0.18011606514721212,0.06958223536585417,0.025701318025775393,0.041902805862291004,0.02089881511147649,0.05739235944837806
2009-11-03,0.12973526897453874,0.1590807102085401,0.021486963199397826,0.03768667142328583,0.17518515530346415,0.05886001259796486,0.03615444208041502,0.056506026666781894,0.017302644240028496,0.05641067204160155
2009-11-04,0.10272634583903238,0.22196917041085784,0.04469278920374133,0.03683535969928322,0.05571693732372669,0.037448607143863354,0.05372327925384661,0.1715873019890435,0.01782682326885087,0.061809952778872364
2009-11-05,0.18848551960928564,1.513887153167889,0.041110268336156074,0.0651453612999707,0.18782237155373463,1.0167948489472147,0.0625888661592251,0.16574795554607283,0.0308987566668539,0.07189345314631795
2009-11-06,0.14072931614874004,0.20929002720636775,0.027078730455078897,0.04244374424553961,0.10879685431273146,0.14300551210629947,0.07011298990952006,0.010726477970599968,0.049192732623497666,0.08864273666176413
2009-11-07,0.11432635543061695,0.25848501003105545,0.03057121254220331,0.036851672710581894,0.08072984689059841,0.04586978204970014,0.02450169456970284,0.0774550179502267,0.013668203012106797,0.054138246325396794
2009-11-08,0.11527858796317765,0.24276293441761515,0.037181817206442,0.04055378279392342,0.1965126339509912,0.14329061650525046,0.04067096181651607,0.20158609861452287,0.018157334473043223,0.05826496960401283
2009-11-09,0.1315820753328917,0.2189261635095338,0.035787035380642415,0.04299006203252114,0.17346758477007074,0.3355012021287927,0.03453272786447986,0.017210340401749232,0.023847119876903626,0.053786770819773774
2009-11-10,0.1454905162085513,0.17835296090535052,0.03492142054715213,0.04775684891817581,0.21625341777917537,0.39881471719646505,0.021425740851537083,0.01526954210729663,0.14415212860520676,0.11416660923795338
2009-11-11,0.1306009910087421,0.28891490376812223,0.03886408711966878,0.06379816195737056,0.09727997132350653,0.039943476923461785,0.030048668811779602,0.12838095344202952,0.012932966353472863,0.050284204394386245
2009-11-12,0.15293527693860554,0.29550807041615124,0.022927555231319913,0.07943624511947507,0.21093001346746185,0.11363958720785701,0.028582465564462624,0.0690230811453445,0.029209099883245725,0.05877398630467533
2009-11-13,0.8979323388800775,0.14589443606819083,0.018689499986927902,0.059589178660985426,0.2985206562873096,0.08657225890423849,0.03383551304670432,0.02046680933111965,0.05710446925588062,0.0657851742033754
2009-11-14,0.09839798996766923,0.16770251233856628,0.029448122957537053,0.06850815424153107,0.17934827963077837,0.15729246301847782,0.03255557392688546,0.03637844635839533,0.027846473978156018,0.06288253658601713
2009-11-15,0.33541886847783464,0.13980847046649053,0.0435744387823942,0.054910344309739983,0.239781887470443,0.6572975071118025,0.03670298710109623,0.021237310988446032,0.04095319810833444,0.26371031896790886
2009-11-16,0.14370144335098253,0.1979633302963815,0.026236804477857947,0.08867215591313703,0.2220601762641429,0.07685791591513125,0.04322742943648829,0.006360288095685538,0.05249280628406203,0.07654738182986925
2009-11-17,0.13882483612481553,0.12712929877962212,0.025401198886309324,0.03711526597633217,0.15010398707894945,0.041984073407811726,0.03587760828329315,0.03784675607980311,0.03344657749637772,0.08624306069714335
2009-11-18,0.08835620524363491,0.07184833282561669,0.029898305385538743,0.04693690930822383,0.0762937233124953,0.045290586078563275,0.030704874250109666,0.05460158584551712,0.03314853797620409,0.05991929351491409
2009-11-19,0.13899798427135696,0.17175982712160415,0.03403526456258449,0.08041212486302805,0.3892962387708439,0.0782862497287605,0.0315917748884893,7.619299454401753e-6,0.03898985707051427,0.06266438208373362
2009-11-20,0.17180694025041154,0.17564810337157744,0.04455062658709643,0.08109033349547283,0.25944869806894644,0.3332867669993815,0.06814952274434956,0.03171422550025157,0.05187894587058348,0.07338416510725623
2009-11-21,0.1635830390388263,0.19356790777388394,0.033594557175537616,0.07422353717633882,0.2007951982145711,0.15262371847573852,0.05975727448133994,0.09018286739472846,0.05738820572466673,0.06908171192932794
2009-11-22,0.1285233740573785,0.057647742039744924,0.038646101984227514,0.05196007101313006,0.11082719981798284,0.05978704411477876,0.05412314118930493,0.022851009466426903,0.03140437579568489,0.07529905241641374
2009-11-23,0.174403975463494,7.113831917072636,0.03562749651421233,0.06531345282407205,0.18936364757661533,0.06658603909134335,0.12653113928642723,0.5334769295783234,0.03971929315295958,0.0854613390883776
2009-11-24,1.0161830652646,0.19999200521551785,0.045593158583956774,0.07431705842027232,0.32022361025300816,0.08114784166876347,0.06840584410034034,0.014569307008699777,0.05831363569365421,0.07510514951982725
2009-11-25,0.47011733745031503,0.17632432542335333,0.037489836209172636,0.050607016934299344,0.10901865164669085,0.0487769002894448,0.05433846423929072,7.619299454401753e-6,0.03206539219227918,0.058137711502097573
2009-11-26,0.1456636269580849,0.26000651676814573,0.021145772100588132,0.07351156112562497,0.17542397473553284,0.06674062863418363,0.04745345074992452,7.619299454401753e-6,0.04222304856062894,0.06555490175174265
2009-11-27,0.15253132567845504,0.2327886531288024,0.029146419427307276,0.04592273723101911,0.18401189005419907,0.09547027667041841,0.037458306475718545,0.0037095644635220296,0.028773445971387673,0.08012266380485156
2009-11-28,0.13181292706261102,0.20117535382124846,0.03113038877645427,0.03881192759753903,0.27194377604090236,0.07725167460934114,0.02885417457333387,0.0016839647226937688,0.03422472210681617,0.05041147034980076
2009-11-29,0.1382188849265346,0.29702955524371977,0.029443382975356026,0.0476310256345019,0.18368199716398612,0.03151223488331993,0.021107891030905445,7.619299454401753e-6,0.013765614356892185,0.05381100671847227
2009-11-30,0.12860994439094844,0.23109811881340833,0.034475971949631354,0.050013313604442916,0.22717304138368805,0.30133339596768766,0.03602115107744876,0.006917572776823353,0.016420128435028967,0.05846493540202358
2009-12-01,0.17088354829033744,0.17598621111103713,0.04386824234232226,0.1484805028767449,0.29180962740209015,0.037082276266687676,0.03107398745606422,0.004383147714859864,0.021892665267297537,0.05568954803308131
2009-12-02,0.28780688657822584,0.217911818381633,0.01934029499570005,0.048089473577259456,0.12350429719159266,0.018415575296798672,0.012259392658863973,0.029254913215632828,0.00538923445823648,0.0456848261166547
2009-12-03,0.1210786095876235,0.1489374013414236,0.013739051255820044,0.039117875860632416,0.09816722257396443,5.224732119020072e-4,0.012105593644142827,0.01216572011483186,0.01364732636847841,0.03883119511999264
2009-12-04,0.16315020232977975,0.16719533977461587,0.03706334631208313,0.06739450722705534,0.251810630418939,0.01859257881096973,0.019041877162896233,0.004787784203025516,0.01975769312363486,0.05075687510050026
2009-12-05,0.1748079379427469,0.20675420382375492,0.051352359763198185,0.07318489422660929,0.2285891982780483,0.04424610909784153,0.0355546292450347,0.00121390632433068,0.017090811790627585,0.057313580997359066
2009-12-06,0.14116214911808578,0.2158831938543967,0.054331483806097786,0.0429078503658907,0.13597666060576588,0.01475168988438989,0.0254654958227871,7.619299454401753e-6,0.024147085674926124,0.05108410685392551
2009-12-07,0.15709054449863985,0.2310981297681692,0.04245134510341838,0.07141951299473474,0.2057773018672816,0.20201864300280556,0.06157721435517151,7.619299454401753e-6,0.05736153341447856,0.07251760999954646
2009-12-08,0.16343878382058244,0.13541300412494947,0.04026991948697878,0.0526374540992992,0.2069773642064593,0.1137558881017756,0.0377385575365702,0.0011606001176796144,0.021845503773373912,0.06599121075630965
2009-12-09,0.18981288900741577,0.1535018886884119,0.03999191586765416,0.019557089601339495,0.35077023482932973,0.15611955705760885,0.03669272202177832,0.015909206538577317,0.02102058342556414,0.05470179772488054
2009-12-10,0.16349650610226424,0.3112301679391133,0.0022901479597290846,0.025111501857014468,0.15542732284233335,0.09953353642941354,0.02648056267588237,0.03033797885973491,0.018195598517136986,0.05810134980055057
2009-12-11,0.1434128955174869,0.14132993338453734,0.02575186831175726,0.020433821101632017,0.21971698060499462,0.2829220451746675,0.04416218062583725,0.034103269970074276,0.021738431781964135,0.09056975762726939
2009-12-12,0.2912696251270077,0.21013529655501692,0.02600302554327758,0.019934162268356682,1.1404284618502234,0.21848960284115854,0.03532564156950597,0.04654278777694297,0.03179093943085778,0.08206179486620681
2009-12-13,0.1071412608248631,0.2549348787667288,0.03200706438722889,0.04134798406703579,0.17460500941463403,0.06932735349475704,0.021107891030905445,0.012427402731355569,0.015137519961486308,0.05866490905353358
2009-12-14,0.11328753386598239,0.10734988647362215,0.03907259188131702,0.0593824911540275,0.09741649306126537,0.10758050954305554,0.05551759075704887,0.011845889783291284,0.040628486277972636,0.09780514722267872
2009-12-15,0.14471142060342973,0.1783529937696331,0.04424261372583014,0.03990957067222814,0.21164666045584407,0.19692641240366188,0.08769207001538863,0.01093000753382413,0.0574601067381567,0.14099940097434438
2009-12-16,0.1425472594964017,0.057309634300285246,0.010674639673991916,0.023510541247247194,0.22309523319190908,0.12771012727891717,0.040575271788017876,0.04225898267643745,0.04284502338823441,0.13249143821328183
2009-12-17,0.12177111990037197,0.06576239351534245,0.04131876490918519,0.03954023428205004,0.2159974008242399,0.06213178890043791,0.04962199803264385,0.3007847982063521,0.03901652787775483,0.08078923740755203
2009-12-18,0.16643975907471303,0.10329254978106255,0.0345897036806711,0.04867846492213381,0.38897206413806285,0.14919003754569474,0.0578758194309961,0.17694450416168436,0.048788006367484024,0.07377199446092698
2009-12-19,0.12332933354881988,0.10971665598650514,0.0288431354935862,0.10055123814445255,0.21439360577643365,0.9095040487009738,0.055702138501273764,0.16033989806656007,0.050215962900111065,0.0699300704792657
2009-12-20,0.14938602789146632,0.21689751707277571,0.028879467987216897,0.05269215975693335,0.3446621069300578,0.09917167324689148,0.03093556945015924,0.016127275385680404,0.026520956350450767,0.06393693168888913
2009-12-21,0.10480397400949835,0.09923525690754637,0.03326284440336616,0.03607974627556657,0.0678992137889874,0.10623056546473679,0.034406273603661254,0.0031522816664839816,0.039382983576901745,0.05395645352466029
2009-12-22,0.13311140353244358,0.20523271242332983,0.03661316469270758,0.04974598165785819,0.14945561570102295,0.07053614370903305,0.051236875506431356,0.015458535526808143,0.059437364569829565,0.16775949286813918
2009-12-23,0.1841571525188201,0.17192887441847748,0.02405064583956356,0.05959210535131232,0.39814010102195835,0.16259756427714497,0.03561272937250528,0.09026765314027273,0.03373224625480311,0.08947899296935113
2009-12-24,0.12107861332732428,0.1753099912502134,0.03224874329211097,0.09177513900381626,0.20096585775755774,0.6685887747491269,0.030602340835399536,0.33528288253849436,0.018598013740714528,0.05055690144899025
2009-12-25,0.14306662914201032,0.2818146193299472,0.017994479679265065,0.08763874548988357,0.18146391694796424,0.10202839894958285,0.09245980625142271,0.14729464281290017,0.01725394072186071,0.05690150789149056
2009-12-26,0.14990541997527965,0.24783456146427119,0.03526734876212615,0.1376177914682155,0.20591377938031163,0.15692054463131255,0.023173909328290842,0.09386093285032636,0.013904778287558794,0.0707542166910027
2009-12-27,0.1322168970212655,0.29128169519052693,0.02802174943914972,0.15429712028751952,0.18915320273053504,0.0686090677572536,0.3721975577699785,0.07874403736591874,0.03744400071074193,0.07893493984514077
2009-12-28,0.10740099052407688,0.16820967394775577,0.05678616773707855,0.1375026216626699,0.12410147328639903,0.09696024545697848,0.04519262627306059,0.03381251600817516,0.03987701247477475,0.0920968234362554
2009-12-29,0.12255024168339908,0.23921273742472327,0.02629683115036042,0.1589571460105641,0.1228900326615838,0.1956397487688716,0.03098683726485835,0.008269588324263897,0.045457396819417996,0.07175407709505346
2009-12-30,0.11317213417902827,0.1810578484551684,0.027569983321973305,0.06908343392699992,0.08995471107682484,0.08681757195244258,0.02877385669489946,0.016992273124729285,0.03615365816901327,0.056162210885696055
2009-12-31,0.1534546952003244,0.11698602277678825,0.049971803615975086,0.08371163947922514,0.15832785180104694,0.0692887124489484,0.04084527327236828,0.0012914436240578622,0.039353996727399726,0.06839088672093042
2010-01-01,0.11224874221895415,0.18951059299084605,0.03077024307152288,0.04481192879437779,0.06107441678896893,0.029902387030234262,0.03887666360144239,7.619299454401753e-6,0.04009271551524467,0.06279163233214961
2010-01-02,0.1065353021471806,0.19153925914617367,0.035836003323015356,0.0382904141549769,0.1552055505690536,0.04185524177133003,0.039937866836921854,0.006147067665314069,0.03731759289758984,0.05668336124270631
2010-01-03,0.1442208877906069,0.2496941803227255,0.020098498893253883,0.05399867688397053,0.1720912478215083,0.06984679316062178,0.05732556245641786,0.017505940268246947,0.03615443669587338,0.076183788374897
2010-01-04,0.11233531255252409,0.14690875490466554,0.025856123763313553,0.04422199261246876,0.09001157818141164,0.31028836274530963,0.06770348899149752,7.619299454401753e-6,0.06479741178554983,0.061246393525889356
2010-01-05,0.12194423812930712,0.11343586960293989,0.01799448111227341,0.030325452864082975,0.07025377299219696,0.1901755788996049,0.0663244425794507,0.0024399261540913398,0.055265983586531633,0.10631310998374129
2010-01-06,0.10867063764052523,0.1286508055167124,0.03376831353192506,0.02602860785693469,0.18307916620052578,0.7836528797307124,0.15773843546296246,0.01179743199337184,0.062431271270547414,0.19794940422372972
2010-01-07,0.13293827782410683,0.13524397216474138,0.02226412497852101,2.8593337487058806e-4,0.01516053922975943,0.10113051162082513,0.03838450985489805,2.1564463873727834e-4,0.030068424705696033,0.0710450788893817
2010-01-08,0.06931142744259454,0.18139596342477027,0.02629683115036042,2.8593337487058806e-4,0.01992084481143173,0.09121656094917345,0.030797153658942353,7.619299454401753e-6,0.026607933932363034,0.09467830005511194
2010-01-09,0.10445767771641544,0.15806637603540016,0.03303537889413187,2.8593337487058806e-4,0.018760631164125623,0.08142810402849991,0.02050807841699393,0.006350600054687881,0.017564735758369827,0.10680395368712955
2010-01-10,0.10310147522520027,0.20836866608872268,0.037258929432750686,0.007125533908760639,0.1749845593044842,0.06929871836206798,0.01564661635933267,0.020383824156918584,0.020081574324952865,0.0531038305246275
2010-01-11,0.09434952078277381,0.10749359102670121,0.01943730884193235,0.02029326676479352,0.14330043047908755,0.09653501471777866,0.016054180979983585,0.026295620516231157,0.018201841761493958,0.06644387859982319
2010-01-12,0.16314444693026509,0.18098176391631474,0.029920448650183843,0.0039246784437119665,0.16470640802020764,0.11084113778222944,0.020109828552999587,0.04993191585683296,0.01662478982041723,0.05554714838460393
2010-01-13,0.10432208364519945,0.09471304398275142,0.028414934175099372,0.0066784741667609586,0.2076566243462056,0.07380597206469564,0.01881331470748164,0.1013455851149386,0.01651833203359594,0.06006290260227662
2010-01-14,0.14834145092731713,0.13777132313529813,0.03019624543665403,0.02100004960075872,0.34874058512647793,0.14411454960988226,0.04158922686768972,0.24483592276364127,0.07278562340197156,0.08053654321554853
2010-01-15,0.364309197683396,0.17459152325862246,0.024068996535024725,0.06949449903803619,0.13763411499116443,0.13928751321545793,0.08660583858975344,0.015985408953620165,0.07456446710047342,0.07745513639466661
2010-01-16,0.4832007068393503,0.002682820936809085,0.02812919701915677,0.023260285501703643,0.13298129761280372,0.06827567847550013,0.05212129569414518,0.051750583978292616,0.04367158946367319,0.067621903487955
2010-01-17,0.12844831826253858,0.22206213908444838,0.0331560873286669,0.018244464245208772,0.22646745794829012,0.09748380516343688,0.037058342664607884,0.035373753298250106,0.0480162202273857,0.06535310608840568
2010-01-18,0.09318087924494184,0.18189466795856893,0.02345485010058154,0.05332473154058461,0.053346079096723495,0.09412075363898786,0.10704095831538213,0.011549924087422305,0.11862276498327222,0.10356802141492179
2010-01-19,0.10237429788613561,0.12346929126377978,0.04041210871663584,0.028448757087102722,0.019839709386924233,0.08313431184968928,0.08340376281398325,0.024640492254475285,0.08199466182467983,0.08440875029033405
2010-01-20,0.0896749209741388,0.18508979924217595,0.04525278429990489,0.012081860254761278,0.1154910365245991,0.06443525415238316,0.040046632383929845,0.029887185695497562,0.039924655913897496,0.06176449672518898
2010-01-21,0.11629430565633633,0.32613236733959866,0.03382709962862997,0.022316843355571797,0.23962230990741099,0.05766079362639159,0.01819658608443568,0.032879067040521466,0.01991805562930715,0.04986426993576426
2010-01-22,0.09333670135772679,0.13807564639223793,0.036091764605639225,0.010565873977157664,0.19320676176644244,0.050841973148934926,0.010614354898199417,0.07805601971225563,0.013469644395572553,0.04612294927954943
2010-01-23,0.08133849216580552,0.1453787910921844,0.04002827333657319,0.022590406888739534,0.03525693410210261,0.06115036490113261,0.010881962969126115,0.08432980910169283,0.011099371776617626,0.04474858691006232
2010-01-24,0.12325429271278314,0.21293316439047186,0.035980876372590946,0.05298130293434703,0.2500692964646118,0.09020220092000826,0.0191824279134362,0.1494948222960121,0.019991808274248197,0.060602830676003694
2010-01-25,0.12699401594022033,0.18311187334824117,0.03691489074163996,0.0139847511979652,0.39590338376814777,0.0942083144530706,0.026713904428204847,0.1562963345272392,0.024667649112790044,0.05628887212166798
2010-01-26,0.08383162353215996,0.16363674048013752,0.03194627617314771,0.025459992187050386,0.11460039471160106,0.08063434837066723,0.0322721580767468,0.1404733663751259,0.029646166565853792,0.06258257218200249
2010-01-27,0.09427163777413727,0.10612424591808083,0.03497009574639131,0.023855046181469743,0.05414458605808645,0.05508973855812159,0.024133179329533794,0.12351648951868704,0.030328753767477595,0.0744937074818913
2010-01-28,0.09749191656195004,0.14781318653486364,0.03147287367708586,0.01888271454010568,0.1727835387775911,0.04899248597545446,0.01824887487034635,0.06304647489424188,0.03126252760059326,0.05860128000257596
2010-01-29,0.10775012898975962,0.15085619343618775,0.0339507805319077,0.03567624257196126,0.13282774198367459,0.07351355500082385,0.01924702372108789,0.030122701306435407,0.033077892925930524,0.0651186006006749
2010-01-30,0.09754386100591249,0.2549263997818162,0.0327608738623288,0.03308539233233787,0.05614084093115403,0.06714240657774741,0.020737324989560907,0.024627410321765495,0.03165844508068582,0.061862665465866634
2010-01-31,0.06287372325867115,0.16820121687236494,0.03123403827019525,0.1356023063153998,0.11853148662855745,0.05688091073758298,0.02306274527407653,0.021094722318142092,0.024978677607160688,0.05854128712177302
2010-02-01,0.1121910311563747,0.12255640913104734,0.03328972149849217,0.04388218881861382,0.10745994370988073,0.06362191497462863,0.018190431466221124,0.012664247574678447,0.02462868569707677,0.05047509940075837
2010-02-02,0.11686563844441132,0.15770291897928973,0.03062415605916188,0.02725810382093645,0.11400151817597291,0.07242869623578782,0.010678948491163014,0.01749661397440439,0.021090844723215537,0.059261193837908885
2010-02-03,0.06965192719945415,0.2065429018232578,0.02708001934372932,0.04073198285427658,0.0842419684686234,0.11111841893641247,0.014776122130356938,0.025046097169920747,0.016616442449411312,0.10109744405903398
2010-02-28,0.08009192274292752,0.21293316439047186,0.04082154581439565,0.12547472420945244,0.07727042644770868,0.4196593693409195,0.08733482532293238,0.4469144057307231,0.04708870617105068,0.08156185681068218
2010-03-01,0.09793340319892209,0.1841769171094435,0.03819436452721805,0.07288908025572705,0.0831209968973257,0.11360628820654176,0.16836011278440866,0.08968119788450515,0.08692725420871748,0.09326029579026916
2010-03-02,0.11847581523532559,0.18767634974046857,0.03551315882535726,0.06162423698732127,0.18936784155506178,0.09597310344734632,0.10539377740104854,0.22950144892610302,0.06186142868558246,0.0903316002623854
2010-03-03,0.13330476476175082,0.12346929126377978,0.03203583919483733,0.022073308559838686,0.1595007594196719,0.092174326469018,0.04545878084419088,0.10835209996139042,0.032591524051024785,0.07361018881579245
2010-03-04,0.10845133410684306,0.2147589724749802,0.026696179869357104,0.02633349199223438,0.0971715544008905,0.09741019455228869,0.048753138243481854,0.1118455170455542,0.032255447431845954,0.06245168576343179
2010-03-05,0.17140294037415077,0.18326403497671104,0.03456066479009585,0.02780881096561992,0.23821468101491805,0.07392997037327768,0.04342865378206462,0.0953204004915315,0.03413830762927377,0.0756553735310766
2010-03-06,0.10045253296516327,0.21019449608275279,0.045265576970134336,0.03339077531990263,0.10538179422112819,0.06847094259962871,0.0475596539028072,0.13057313178146776,0.032389737804407556,0.059986550882527176
2010-03-07,0.14070625341397283,0.1435530049171978,0.0362794211429929,0.051629683055778405,0.09288728379985829,0.07497504020737654,0.03431151595885085,0.05345807137255042,0.029476038908600215,0.058983046454822455
2010-03-08,0.11795637079570122,0.26131668425855203,0.027915948385733413,0.06696126487945214,0.05521949020356659,0.11470074635666734,0.03457912558005921,0.06942710121887,0.02263658525582568,0.05453274329993438
2010-03-09,0.09660895076740753,0.23027818782664905,0.04526983709923459,0.07940319615691385,0.10690714197085827,0.08472636514816614,0.08850676517782392,0.027623648961515302,0.062083739685695166,0.06911079343706628
2010-03-10,0.100712210308566,0.09334369887413102,0.03658223013680468,0.036875742332371765,0.1554622014117684,0.15009784367442275,0.0902969795080514,0.01683369095954356,0.05952698683854655,0.07425374381217886
2010-03-11,0.055160590380879254,0.19558814095429464,0.04506086149198661,0.13105292277136454,0.047879408776111444,0.17292439255946554,0.15897999337369756,7.619299454401753e-6,0.11741831880294777,0.11549552340725636
2010-03-12,0.07876743665410585,0.19421877393615247,0.04537647543895653,0.07492668842203735,0.08706743479517046,0.19462604450813573,0.10479860212253805,0.04228430152311191,0.0860954117852152,0.08838459214127818
2010-03-13,0.10569847678097566,0.15815936004565592,0.030992359365313166,0.07428928265149139,0.16263848181459253,0.18300795737239997,0.12432014307700098,0.1372285226553294,0.06484992978474265,0.06869085112494507
2010-03-14,0.1031534271485643,0.2279959386757745,0.029314828615405502,0.1066005809814991,0.09755545452989549,0.20356825767872103,0.11260535550869816,0.0416170193294254,0.07061821163717244,0.09389840045817316
2010-03-15,0.10284177170389204,0.1873720483930505,0.02165505917281449,0.02929543409400128,0.02810112753746937,0.35021678361280284,0.07452656429892542,0.030933909881259828,0.05461179057207039,0.0789767518751702
2010-03-16,0.09762176271305299,0.10429845974309422,0.02800976744221373,0.021477703355721654,0.04580637461432168,0.22763626573350285,0.1038850277807485,0.03525163725600539,0.06285713147481967,0.07542631051832899
2010-03-17,0.10881489659846988,0.12164348317927143,0.033889650442978,0.02950328061912942,0.07990139241705997,0.3060145795422023,0.10265002689705474,0.022315896243304153,0.07592581700304528,0.12339265670332485
2010-03-18,0.12637072000967892,0.24032008847240155,0.020631479734921063,0.06072391709500546,0.2429289191707728,0.41852701939066345,0.1817128504470673,0.02356760326124355,0.12117776088466899,0.1270957936461657
2010-03-19,0.10517907347805994,0.18463335817580973,0.025271699969142636,0.045501339913557835,0.07472137204685506,0.41659615643669967,0.13555044547775544,0.021055468983613653,0.08401113907414158,0.07770055824636074
2010-03-20,0.10159518732221089,0.07904163194737789,0.029309141619422562,0.04533076226159194,0.11242500241503875,0.40660882745563126,0.15311722299125918,0.02089410086290702,0.09021215360926513,0.10008303112086515
2010-03-21,0.062328343994073436,0.1184483518956644,0.02386427962386865,0.038657668379179035,0.042504878466686206,0.46269972598099124,0.10384813107709447,0.01479476152688626,0.05286983922748021,0.08840095098022469
2010-03-22,0.08757133928019555,0.23575559017065242,0.044045814595222374,0.05005778059045175,0.09827717262051171,0.3735800462898465,0.4016912567509148,0.011438708818391418,0.07952732534242613,0.09452013843363137
2010-03-23,0.10019281448505186,0.0814760230081528,0.047666727803579466,0.052822882095188733,0.06440226129293561,0.301665818535465,0.18778478771099524,0.021905930892966507,0.14858462168598915,0.12865017392555786
2010-03-24,0.12481251384063262,0.10551563665038817,0.041566484967827416,0.185348287973258,0.12597905625932418,0.36388536909419095,0.34643485301960025,0.038217350967410184,0.2246577876723655,0.2260008234393968
2010-03-25,0.11094445799379592,0.12255639160342995,0.02841920044566397,0.12915934464082657,0.20249704317148745,0.351959530560499,0.3277576973361673,0.048787061474915884,0.257432450899055,0.25635133100123675
2010-03-26,0.10143936894912671,0.20015261734652204,0.04465996102966557,0.28346268702589145,0.040047951546679554,0.407494719787694,0.491109481243398,0.019616226211348505,0.36780102261817615,0.47116087088238584
2010-03-27,0.2899047465299615,0.0609358573336077,0.03656944156088479,0.6997913130240294,0.23608020396326984,0.6829601697604912,1.0953455094035205,0.024993776661464018,0.747068643724239,0.5589073662092593
2010-03-28,0.08196179183604768,0.04222147564309704,0.028171834544798942,0.15829342849418904,0.09429489795077498,0.5624616561491694,1.6087854205116103,0.01366299535801152,0.9291987303463338,0.4888311970833675
2010-03-29,0.09092147917791443,0.09927752037497885,0.05302344197554418,0.19580939619686588,0.1471854254870739,0.4203489425118235,0.8755284143364106,0.0015668110852165326,0.5150805146617234,0.27857013695128335
2010-03-30,0.09006446316714839,0.12620798148102058,0.03235144085887856,0.06540064759104602,0.039525851351458335,0.47309876138483253,0.8400519569370467,0.0030125970219529712,0.43931840372179215,0.31431997237138964
2010-03-31,0.09790744219604325,0.1319896413533985,0.036849496429300445,0.3085097881399461,0.09961825066697158,0.5618181319569029,1.2246355454458198,0.01353215404974967,0.6701057177254004,0.37013431250762036
2010-04-01,0.03007342468694366,0.01186765395645649,1.0084489169035312e-4,0.03625391213934131,0.010641575363854168,0.42201505408624346,0.9480918946112058,0.014565793162635865,0.5846815924787565,0.3363916037454123
2010-04-22,0.25211814782851727,0.35260636546975244,0.04790129898706026,0.19337783029882705,0.3921873272241195,0.2738488477048892,0.4487204352732036,0.027592028743172882,0.33465147416019814,0.21155363616033787
2010-04-23,0.16174204417549978,0.23621200932749686,0.05125349447018151,0.32769719161229127,0.07128166846221523,0.19656617533325987,0.6207403090602995,7.619299454401753e-6,0.5090755075396706,0.3108023115204355
2010-04-24,0.15566504535180023,0.2905293726059466,0.018422259898013337,0.41559864788742357,0.06667491629843562,0.17602503991978213,0.7483800924158781,7.619299454401753e-6,0.5029050559451055,0.3236622594792227
2010-04-25,0.19617846932191804,0.2759230393870101,0.038322319889679504,0.36951585499161665,0.11169814688509537,0.29051603717144214,0.6740626013171359,0.005215075106779627,0.43315662363393354,0.3293343472200871
2010-04-26,0.3618679658845945,0.36508261116628415,0.047139292704215324,0.7154396172352607,0.1388779576006027,0.5498210784236682,0.38074412771409955,0.017077056358140538,0.32452459815882734,0.20600926202434547
2010-04-27,0.4098088656877187,0.45850237989988923,0.05164160840373745,0.6175553544571973,0.2393510162569956,0.8278299661766017,0.2877571924758693,0.09951383192060287,0.25939781540533585,0.2434911867049682
2010-04-28,1.0933951454016608,0.27501006961619073,0.042041308189307604,0.6590455751318894,0.16894458392350623,0.4678718998332744,0.16415990366071356,0.015861111751879486,0.18932114484773488,0.11593182455832411
2010-04-29,0.26162322565408413,0.2814003540929265,0.04707816261528562,0.20792741239623067,0.09460716396971251,0.08615732445532255,0.16263194383588203,0.022638637508983466,0.1333558046711698,0.12049394583559367
2010-04-30,0.17015637469097356,0.17672158887150538,0.03248223357786715,0.19899933953973142,0.07286842740741477,0.20478663186389878,0.23389059632605266,0.0762229611507986,0.2119894623373569,0.19212385910743807
2010-05-01,0.09738801645492282,0.271358541085261,0.020435296797902527,0.1887716887538714,0.0537146133437122,0.29272948550245664,0.45363500532990164,7.619299454401753e-6,0.5534421701926989,0.33471725341141284
2010-05-02,0.10510118672972261,0.12757730468011924,0.046382983653127215,0.2631564311241307,0.0543595624647096,0.21041077777240338,0.4978641869146613,7.619299454401753e-6,0.5342550901651685,0.3567698243427456
2010-05-03,0.08757130936258924,0.1691141209146191,0.04157216991665558,0.15026106656886087,0.047684904733521626,0.12101492519991928,0.34687629793872055,7.619299454401753e-6,0.3896421227550634,0.22773515880069997
2010-05-04,0.06396446495921303,0.15907226408791011,0.033157508054085245,0.1993118677726473,0.03989439296923518,0.1032638787695472,0.23151797882355557,7.619299454401753e-6,0.2665957521211879,0.211831744275928
2010-05-05,0.1201378766349897,0.14994328939393356,0.0228577626069324,0.16566871522949775,0.02843895729234158,0.09459338603044874,0.20661195086313167,7.619299454401753e-6,0.2165643296448932,0.13390216228431592
2010-05-06,0.08546775010685073,0.11434029466028148,0.03224055467298506,0.1245489872520003,0.050965928517123775,0.06474250706954059,0.17241809685336432,7.619299454401753e-6,0.1785303367314134,0.10837828970812668
2010-05-07,0.10268596454991025,0.1861548649129,0.04015906400840699,0.19721957563793174,0.06506767909257227,0.13274705796693098,0.3489210308688299,7.619299454401753e-6,0.48891301451558933,0.2896196177269971
2010-05-08,0.07697550666513407,0.1896542975439251,0.0329527946230923,0.5276726752330532,0.05801424982676069,0.18940455493411693,0.4430298385081998,7.619299454401753e-6,0.6558362371775689,0.3561398559000689
2010-05-09,0.12746146731977198,0.32613236733959866,0.03114020897794102,0.2140859605008708,0.07134308702847283,0.19232042562555535,0.46160564563505335,7.619299454401753e-6,0.6433596679178349,0.39735439170623355
2010-05-10,0.11156773896553414,0.10795003209306746,0.04647681089822667,0.20285218434173402,0.0417677996536054,0.22706889295257207,0.5717126513687545,7.619299454401753e-6,0.7851586164262317,0.4416284937518542
2011-01-22,0.07369410246792128,0.0158951389256482,0.19345010821454667,0.024062728681804205,0.12550814397643495,0.15842315055946832,0.07898329542935265,0.01518773449544942,0.11006750125460807,0.08059075749160019
2011-01-23,0.03244743910375946,0.05670700195012272,0.15996307784390612,0.03957278303676937,0.10541914200458699,0.19950295318052733,0.057183822418371145,7.619299454401753e-6,0.09446825775306572,0.0582236916119327
2011-01-24,0.06406987777520952,0.39340480891216245,0.18442357021218578,0.15736210656029095,0.15213691457128306,0.1803154835126907,0.035979636749117735,7.619299454401753e-6,0.11503803454900412,0.21085365377180992
2011-01-25,0.131402827734363,0.8763809133360981,0.2691566966356276,0.7763185038708732,0.254287355275865,0.22377695963527774,0.04347230085503063,0.02672014901571143,0.10287005049181543,0.07581703781322455
2011-01-26,0.19294290637697964,0.5636331166452421,0.17258218210236495,0.15038754188497908,0.30480980337228597,0.4139312926056953,0.25702686038611355,0.32357054905122795,0.2034356664875217,0.4769422165048748
2011-01-27,0.11292429298862347,0.2894061809740518,0.21731016803826422,0.1551859855558139,0.14811429957810643,0.23562809864345538,0.06622351924298527,0.8917353002865962,0.07620370199581714,0.4359872467025611
2011-01-28,0.40102791061361187,0.6938014632756102,0.10929398055488335,0.16288548559611715,0.22687095700293497,0.1784451399993849,0.03914062563135914,0.3850007320041609,0.11343491548464207,0.08338568279598713
2011-01-29,0.128506384596693,0.4895273800664017,0.11071092897265677,0.17611060137397852,0.22015411993666845,0.20663485831652428,0.06889779077354785,0.7695049434287428,0.0714095796816345,0.8738134452299907
2011-01-30,0.0020867530403917,0.45480153303552745,0.2194844245186591,0.0782530163474822,0.21963018220396624,0.192509630546189,0.03484152625486936,0.13589941273677947,0.07341391561934926,0.14137841006300275
2011-01-31,0.0020867530403917,0.3891088117993116,0.18410744447652047,0.11904580631060245,0.22420083740703284,0.19424758627067437,0.036632823567575024,0.19695562512335754,0.09532412128717849,0.11160053333113437
2011-02-01,0.05917526388974237,0.6899350680649966,0.19001610842635758,0.33160302862284363,0.1792498574968677,0.17405913812132706,0.04718299746920285,0.3725941071250266,0.0997138605183843,0.09752198302426868
2011-02-02,0.11695730225045618,0.4116626487525069,0.22801089788108417,0.30277793494693006,0.23149934021864207,0.21761593054809314,0.03807127455838008,0.07716754514807037,0.09215860301893702,0.12515166775928477
2011-02-03,0.5966412094264154,0.32019403247727285,0.23236275384563207,0.1591441884984311,0.15478654337618158,0.15151125452161707,0.07275900844259259,0.3117282089118961,0.10076986657541546,0.12161628941401313
2011-02-04,0.04949603642576272,0.47825039586123874,0.24726819016730733,0.26515140639985235,0.18532353433241613,0.2154363353548157,0.039032077123784405,0.63102967427614165,0.07165024167202129,0.06744385680636275
2011-02-05,0.2116963614865388,0.7436349552923064,0.20703558007622094,0.5469987474348978,0.2577270883436573,0.25978968073943054,0.03634838896091289,1.1574141332365142,0.06572268644995133,0.07354571158691538
2011-02-06,0.19321784917900403,0.9679928178834982,0.2713975532025283,0.9177793013646242,0.3352504581276509,0.17092664606532637,0.03733847856167863,0.7321922021418987,0.07505888826767168,0.10001277293118706
2011-02-07,0.16535342835125208,0.8135162731658138,0.27325903309248034,1.0291768891055424,0.305984043629405,0.25712409096551536,0.05537443951974836,0.9750012430348207,0.04552424792895049,0.11922946177417224
2011-02-08,0.2334746810588702,0.7702699664977121,0.364381513832843,0.37069191276229907,0.28645868582591993,0.17601393299324794,0.037420995182453225,0.49800987251948614,0.0545998937398007,0.09766057215490792
2011-02-09,0.21521612673265572,0.32950202987337,0.30339435724999236,0.14241155839906525,0.15080006735721027,0.145698365876132,0.052472184231770254,0.29430080797043534,0.03414163415330926,0.09639400691618412
2011-02-10,0.4446088757639685,0.31661406044433915,0.21999955621778658,0.22377063499657918,0.3034307878793168,0.05086061052326311,0.034928377463182475,0.18024144952034807,0.01837459807411112,0.15834296663185604
2011-02-11,0.23648106766004287,0.22639839932539704,0.10795631844179655,0.12728027118212634,0.2979086744903849,0.04557280122472957,0.02103772727591542,0.15117692772625327,0.015740347236586297,0.11879957693199518
2011-02-12,0.17187960263674634,0.6108890191580364,0.19698448000167154,0.16856083834780622,0.27251198272711824,0.1677780622748045,0.0314196227535292,0.20367773825027186,0.059731526485178696,0.129890714866733
2011-02-13,0.11732394924729395,0.20062248237685712,0.23591853887177125,0.14491040157404889,0.21813075751609218,0.23373082264816145,0.31464121817005153,1.142438187255614,0.12668958376540365,6.366162248189816
2011-02-14,0.049251608834238333,0.3853497951547356,0.24415731328982662,0.1506173528211154,0.17981349429444246,0.19211503217801235,0.05913797239072821,0.1981999222909332,0.08746761797933059,0.11566201837679559
2011-02-15,0.07772709677095085,0.30963309526154886,0.22606408848553053,0.06915991557046605,0.2931032228314113,0.2564586190992478,0.04434081050200489,0.2109863433728992,0.07661340551332063,0.09027289849685989
2011-02-16,0.3893688690971291,0.3118884833387727,0.1393229304556403,0.09379226440456874,0.38414337238411295,0.1859261752792497,0.02752872139848536,0.11633802952945796,0.07545354076686217,0.08310849353980969
2011-02-17,0.22755958884113972,0.4805775595316761,0.19012849722386066,0.06453776466341656,0.40679040637675784,0.2891367456410522,0.04789083171639141,0.0996540937276956,0.08096794571158465,0.09464236244252468
2011-02-18,0.13125616414881086,0.07926091996854845,0.16213566179884453,0.06483334818624156,0.3693403163786977,0.25466391883724016,0.07628008589827234,0.20980107505099774,0.09522465120476187,0.13113804311610358
2011-02-19,0.19805750816137338,0.09880764000797858,0.12024825665885361,0.08585711089208985,0.3377940802576522,0.25150439750686326,0.050808995108952155,1.8934751728437016,0.19543294641687292,0.16229025315951184
2011-02-20,0.17360277448700726,0.4127367192366652,0.1895615295185114,0.1477999762079597,0.2955420692081332,0.25106329039620573,0.04058452696956471,0.06699276895698442,0.08631135028747677,0.07974381100082836
2011-02-21,0.15178786568215405,0.42043370949937275,0.2357479289922829,0.19161023947675662,0.28888190613180437,0.24804663463066082,0.07284586850965806,0.02367438869770754,0.10551445674631665,0.11186360670775225
2011-02-22,0.17259451001752155,0.5153032751054198,0.2252061054450656,0.17835395898809614,0.31754609775661075,0.25549899516555175,0.07116675400769018,0.01573418309079872,0.12990665514047464,0.15190743237499046
2011-02-23,0.10214516641877933,0.6753287129365384,0.24903036053165517,0.34236862650890026,0.31780619812817074,0.24263843254000184,0.09855072339232034,7.619299454401753e-6,0.1440517868131784,0.10853228033615334
2011-02-24,0.054262303032203245,0.5668551966405868,0.22662105788692707,0.2538904671926515,0.2389243478669404,0.29105301714251025,0.17902966501839324,7.619299454401753e-6,0.20477774359195422,0.13620044172006557
2011-02-25,0.28414395810649556,0.9653077183564283,0.2858965269423412,0.2740798317063215,0.324266524396697,0.22857824925446812,0.18619302715153793,7.619299454401753e-6,0.22318802013929356,0.15623843302270782
2011-02-26,0.07525233032723218,0.5512821715035295,0.24120701523340493,0.25355889310559354,0.2060990072860389,0.2947094221971859,0.27683419576572865,7.619299454401753e-6,0.28934063477170513,0.1909054436726418
2011-02-27,0.13426261432489695,0.48372784202428565,0.2701481746393926,0.259084386841239,0.23305658136861418,0.26529876469658414,0.09029123239244624,0.10964517961207856,0.13403606881677668,0.16178211683611576
2011-02-28,0.12758976785253875,0.5672131982257845,0.3058462550033155,0.23071464497065522,0.1537989609576871,0.2899464865617791,0.0525735106414689,0.051484357541166155,0.10671943997991913,0.10837315351961442
2011-03-01,0.35105524932226145,0.7993752543695475,0.33503995142314624,0.6973242987924806,0.33022819473580967,0.17938709932225316,0.08763036659038834,0.10569840824406192,0.12483177720359193,0.11446859984477559
2011-03-02,0.48535448653698743,0.814948323325648,0.16721641336480175,0.3856152680527709,0.7424936888732249,0.2561741946668231,0.10455644148222336,0.1837530849072009,0.11413920675264984,0.12340772913909355
2011-03-03,0.2153077531416927,0.23391637345884042,0.29115656832406017,0.17991386188752484,0.17450220755841597,0.1785372089189433,0.13935527519469545,0.753103767039555,0.09642677533103441,0.14459293448159347
2011-03-04,0.18172991094067115,0.002682820936809085,0.24760269525860068,0.10299804072580511,0.1254238369017948,0.10382280157499701,0.06576755482871759,0.13086077729276932,0.054941418544052725,0.14997617051988793
2011-03-05,0.26507882137435856,0.05778097384143326,0.2666057780055243,0.16600191600872444,0.21646873324205254,0.08347543726306145,0.06919089942760082,0.16830162951329738,0.029810834515435865,0.10659585284191632
2011-03-06,0.16058714603806823,0.3681659600699842,0.3458045872967796,0.24911181494320284,0.23403932855009482,0.13987954143744685,0.07057616534822338,0.4918648277492877,0.05635824574965442,0.09535071666125758
2011-03-07,0.17415274984387497,0.932013965304432,0.217062626082088,0.3794590922075435,0.2853891697265634,0.21140212541129835,0.14008807783546118,0.6982354124501954,0.1082072378744424,0.13356337803348772
2011-03-08,0.5065707066424925,0.8493161687713244,0.2811465955890706,0.44079982386139255,0.4170517227809436,0.29140868077257465,0.10429298218650405,0.17032837164661724,0.11674235709535552,0.200279647401444
2011-03-09,0.23602280098562953,0.8622041382003555,0.2543981231979755,0.7762889522964748,0.3305714449682733,0.2191585592333977,0.10464220306399398,0.3655394962358105,0.10491034194610054,0.114507105551619
2011-03-10,0.4111470802181376,0.908601012184849,0.2964119626644252,1.6005623413012975,0.5207197203122014,0.29265447140168105,0.12194391341822182,0.30373205559046407,0.14852919297826528,0.13190798604668788
2011-03-11,0.4673403478352547,1.2416827073578485,0.1930587372577334,1.2179330293934345,0.5498945527679219,0.2999658054271138,0.17047307804002082,0.06635396336118049,0.15546701455187842,0.14417587440369853
2011-03-12,0.24326387143279668,0.9524198365654845,0.2935098136884639,1.2997557810378746,0.4638236485280368,0.22842976973112644,0.18530461388118977,0.8023227992080275,0.1415987107987967,0.1524464415893048
2011-03-13,0.40256779524055164,0.980343741115689,0.23766263285939865,1.321590192230238,0.5102849692632976,0.15497821267468878,0.19987923040058234,2.1692864456349263,0.12178555790652079,0.14727621601128235
2011-03-14,0.26746194196259615,1.1693670444335618,0.305095317686374,1.4525054290652881,0.45975895370542125,0.20580931603844038,0.21227168373485078,0.276306416721908,0.22064099487003608,0.1845148549920081
2011-03-15,0.36700398867510897,0.9746156281144385,0.24920163368929263,1.9773022142122998,0.6167374294267307,0.2772519954761077,0.31492722741994883,0.16263187622856262,0.35825032663084405,0.2831520411931743
2011-03-16,0.2827690234540271,1.156478987366444,0.24627474689495196,1.5655961864615575,0.5893620274773842,0.20437814378803015,0.26941935801414385,0.20332064168142291,0.1118013166428223,0.14336102594972858
2011-03-17,0.40000135077992505,1.2681748246624795,0.2975318791591802,1.483090630779296,0.6337094798846107,0.28492436510914426,0.2737282197357541,0.07387804826381557,0.2738023808840303,0.20811769882262302
2011-03-18,0.3007342842664445,0.8514640468253805,0.2285126493765599,1.4796916574927494,0.5454262335872634,0.31937309060832,0.53446531165154,0.028787424101317544,0.6217843490356628,0.3613148642591372
2011-03-19,0.34268370472351734,0.7555202792780444,0.11837773039192219,1.409291673814762,0.4522677268965558,0.23702544195422554,0.2680134673677038,0.18387417285900656,0.2315230268962404,0.2725524010012427
2011-03-20,1.11421075379982,1.0688409004147383,0.34144936785692565,1.3431731439248529,0.7926295686153375,0.29739352351532466,0.193556512930276,0.16170419668840955,0.21439463440169743,0.18675925942287386
2011-03-21,0.3723201977290502,1.2176970393400361,0.23530639864901387,1.690971858673703,0.6005265602591193,0.2518841140453699,0.23027147263521097,0.168494057332666,0.19408153600780464,0.1535821047024594
2011-03-22,0.370181537641704,1.3469342970251077,0.20758282549240548,1.8352480671942395,0.47898078982446785,0.13247619414807885,0.21182838955117161,0.2646975498293675,0.18794571232609106,0.11748424146290272
2011-03-23,0.4003679536482935,1.2015869680061388,0.18371105594333784,1.8798161792329082,0.5366644303204092,0.16324433101441274,0.9610969151695907,11.59179468773926,0.2637426415522372,0.3986767482036593
2011-03-24,0.5360971028567902,1.434858960521145,0.19944507406850645,1.9024591919908067,0.5526742980956936,0.22188641071095658,0.21026219756576506,0.18576033257425678,0.15974040058922243,0.16048856618860452
2011-03-25,0.42493270184047727,1.3046905481622117,0.2651456837535765,1.5453929408413813,0.49713680997979953,0.1491803994436499,0.20059029587770077,0.2763141019648542,0.13886907238553678,0.16463091007723724
2011-03-26,0.5906527554983025,1.08845934346453,0.22223402566176906,1.5197157405157717,0.5845564210318599,0.09396564625687125,0.2575913954548369,1.5370908621619805,0.13360386016181502,0.19021893788883412
2011-03-27,0.6535310374522357,1.6397771836694486,0.21062010715549206,1.2869629315923152,0.5087349662272701,0.066412819433604,0.2110666564398277,1.0283301122659059,0.0901031117545259,0.26145223374134224
2011-03-28,0.4699557075822044,0.883684189493175,0.31061358717222853,1.2792928069014253,0.4919446794046958,0.19305604777509663,0.2601274082155685,0.15268392115602686,0.23601158994239207,0.30009605222262864
2011-03-29,0.4359317602137361,1.0018236171323347,0.2342978473743713,0.9333341521107623,0.44355405487619587,0.24467392806549906,0.26170050781314175,0.24345008574129817,0.21744841352522876,0.1634566941362437
2011-03-30,0.47662853049444764,0.9316559637192342,0.2917837756060092,0.6603007850323483,0.46137278776666174,0.4320438828037087,1.1729813031092313,0.16052817018987778,0.4742588695573768,0.2852309331272575
2011-03-31,0.6008452726023477,0.8115115738363151,0.1911480621912276,0.4877818657438376,0.5163984483547525,0.5164626465821203,0.8381001346018772,0.3167114125707024,0.5289233083840993,0.39998951557849566
2011-04-01,0.4996350575587819,1.0028976218879277,0.2033697604805774,0.4728671997007003,0.43211851295646725,0.5760526141353033,1.8661551212588132,1.0731082145198563,1.1014454234891193,1.6421090807852163
2011-04-02,0.37849194561194577,0.583681139687749,0.19934738793664392,0.4098891346001913,0.28180017819912223,1.0459101372161075,1.172084051018698,0.2792182564845988,1.0228280427455094,0.6452085585078824
2011-04-03,0.821817759952735,0.6329059413715221,0.16684712711377106,0.459342420113824,0.5211279882667668,0.9479749697884944,0.9472063316444352,0.3620760655414752,0.782898062990404,0.6063517452733225
2011-04-04,0.6847318846949125,0.6525599873941376,0.24921100146957273,0.38179915667109166,0.39134071849941493,0.4108911162898426,0.3264768767704868,0.2830993449946004,0.35944580121592334,0.32624356332109566
2011-04-05,0.9206263017524476,0.683920641433675,0.11731902177797858,0.2951548352154845,0.4148115928522284,0.5089932989831183,0.5107443034938935,0.43731688944649594,0.4658583994125207,0.6197296000939279
2011-04-06,0.6656911607295276,0.7920363533301246,0.16637214626137273,0.23150098796501584,0.3696233546429207,0.6245937063890553,0.9857607714162594,0.4812766423875081,0.6258764795916755,0.7281579165923039
2011-04-07,0.6276831231252505,0.5265803250391479,0.2641873307613305,0.1905288958575981,0.38717106365381676,0.451334242780093,0.4026589757872382,0.2926614559040549,0.3492891167536924,0.2961962950724593
2011-04-08,0.6948510662664807,0.9017273598395311,0.14405547122904214,0.18275159926432571,0.44172211919416476,0.4932813535947,0.25903309096370036,0.21679255792148172,0.23756952038205517,6.583511146373322
2011-04-09,0.5912026784993591,0.601223151633872,0.173083921314912,0.24000545662501158,0.4449451437201232,0.40975772582141445,0.6674444433476819,0.28441851942705004,0.5455343261946166,0.46364137309795617
2011-04-10,1.2613545169332754,0.3302180483804307,0.19995619129710743,0.2045161440280423,0.39072403413966267,0.6332660381835276,0.5561399369364466,0.2253428425690763,0.5948369042488403,0.3203663186192135
2011-04-11,0.9523771093931889,0.679195283423326,0.09676620191838102,0.24757209658243437,0.4634443477708254,0.45574681416868357,0.7374274410321524,0.26899936095732163,0.5992641770916032,1.245934567392939
2011-04-12,0.9337335042546125,1.4786779382684327,0.09566332798718184,0.20142102328284528,0.35295478164475047,0.43063748940465146,0.5613783054659981,0.29219196022348864,0.4137611253529815,0.3509974945374004
2011-04-13,0.8453434696776383,0.5364252371749547,0.2806649205405369,0.26369459511661647,0.276404554905303,0.3385285219956963,0.7157858371896721,0.5286972636471736,0.45270025844276246,0.49925158115482177
2011-04-14,0.5128034041688508,0.7526564637821583,0.14012708765543586,0.3339156833233489,0.27445349991629,0.2723447423900475,0.3221683448159338,0.11621436350113895,0.3671726552534182,0.3094201977471845
2011-04-21,0.2735608703917238,0.10325874338902091,0.2966450517078442,0.03269306129277807,0.37526864127230664,0.18862549720041685,0.3845314436775884,1.1049489278018434,0.19951818345319758,0.39296585632297987
2011-04-22,0.09185639203420994,0.06369989686749927,0.3791804571627858,0.039468436156453034,0.3608000790030556,0.22865263420472107,0.17370024623190147,0.12890238119248404,0.2909451064889129,0.3880391991708276
2011-04-23,0.1525399793460813,0.2711303534163605,0.4438127366064394,0.08858455853985131,0.36825614715253707,0.2765217453041058,0.11187355169226303,0.05541374494867358,0.2110964058598112,0.3183394718246879
2011-04-24,0.26525040258626936,0.3203253143315265,0.4404765908168049,0.18520883978709424,0.3726979314959246,0.22577182655587105,0.1287553970481632,0.0767383158196735,0.2684295485940049,0.34749311395368515
2011-04-25,0.39423544270607863,0.7067849801289401,0.4494282050013185,0.7744779016819633,0.49668188493636606,0.6499382608542614,0.32519620680359673,0.2547731328152105,0.3709291225008438,0.4624111302932831
2011-04-26,1.1150628072276387,5.682882984574645,0.33150734018913336,0.8848128663194315,1.0699654226009683,1.0008637583327145,0.4116367100683449,0.39545743671982453,0.5193119834903251,0.5117718652708643
2011-04-27,0.5700533616409735,0.9015361554433242,0.38414196196272204,0.7398399319872632,0.6011866880441145,0.6451120713932329,0.464219132614706,0.4430716708976116,0.5411859330520626,0.5716511059395819
2011-04-28,0.3580503970455286,0.3311448496323232,0.4550657417247419,0.5446024672011521,0.5276665407097254,0.39049432252511534,0.251629561409526,0.6724103741120623,0.31121871743936036,0.4241859504432417
2011-04-29,0.3480951639565603,0.5754293126965503,0.35696029114831845,0.48486458311998615,0.4968696189100577,0.6603448944605684,0.5911893891830661,0.27850366454578374,0.5647692350248078,0.4640472497929131
2011-04-30,0.3339500710752573,0.7126680591774429,0.3909089344506343,0.8629968367485746,0.4847794625548559,0.7616520425104328,1.2581767087272628,0.1565431013539474,1.1371226442610098,0.802264085299997
2011-05-01,1.4747667129771267,1.0526713009102795,0.2203063837764344,1.001515503895597,1.2466596509539696,1.2885992647693754,0.7640564741832006,0.2733185246441223,0.7554031595183012,0.6763947961928592
2011-05-02,0.686139695057019,0.9791326046635382,0.30264911102334335,0.5929240223057002,0.7197676326610295,0.9765983252637398,0.42174836908320146,0.19976692178612634,0.4735328506768059,0.44946008174314706
2011-05-03,0.8050138258234057,0.9946517542866418,0.44023019526730633,0.5487410025264403,0.7241253163118446,0.9037795169869637,0.6516022755663269,1.135440697247042,0.6368851700224961,0.577024941339269
2011-05-04,0.3521638088272137,0.6058592064336171,0.31748148439086765,0.30516055096645844,0.4312150164889691,0.28667654931468006,0.26666589831754384,1.9180555585474364,0.30429884606999286,0.3166305503869714
2011-05-05,0.2907588717520175,0.803822668187129,0.36501623417284007,0.4297972440378891,0.39430981937426707,0.7432651935005546,0.2706389823183976,0.4587433963951783,0.32027502883121933,0.3350099376216188
2011-05-06,0.46392199953484103,0.5465209476060956,0.4183702056650921,0.4145624991990194,0.4499320273289366,0.4341685410573117,0.32831315882776757,0.38341577201393007,0.318488775601018,0.3703325034147996
2011-05-07,0.5213506399106732,0.49844161953782484,0.48130985659232445,0.4398202393264252,0.586646481714232,0.6249431027119903,0.4262249402754543,0.5460923717466755,0.39775603589945874,0.387570188195366
2011-05-08,0.32134591442475585,0.4810966245840258,0.44629587394172787,0.4496502791010612,0.4443014896466004,0.6082473836890456,2.4046192139371674,0.10375922054089276,1.4947123552812878,0.9324575110965037
2011-05-09,0.3421220353222817,0.40958634910596886,0.28911987450351623,0.5138320950508483,0.44893097110973906,0.3213453565062925,2.0963758243841464,0.08302832636604754,1.4385720519640373,0.9790453325574077
2011-05-10,0.36982351364694604,0.7914814070540247,0.44623423411125757,0.6680735350210092,0.539626971193825,0.6707865911094637,0.8455247723482799,0.07262651929330408,0.7471488710674685,0.7270303897043766
2011-05-11,0.6606891239388898,0.7341718384823046,0.43462328397941385,0.8182267979886951,0.5301916990154589,0.6996176219128015,0.38789852257514973,0.08195252424056068,0.3952056189784361,0.46513079708501665
2011-05-12,0.6631130110054307,0.8119370786579876,0.4572961578022571,0.6261926425327693,0.49595401960844876,0.5861704918498184,0.6006206428627844,0.11618419906388254,0.5762028588422101,0.5898123229649473
2011-05-13,0.48530407537034853,0.7027276434363806,0.48792607660212883,0.6243988077437103,0.4970743794043316,0.33046714375489566,0.8136886309901338,0.17079304717194835,0.8655477770145935,0.6078826750039416
2011-05-14,0.38360496924260645,0.856297287320767,0.4021265852058607,0.8333798828806949,0.4739417505188409,0.5302458100529188,1.5186771147117037,0.14809374604672693,1.5150005949217709,1.0100617854420078
2011-05-15,0.377095122490758,0.7336646330540717,0.4291509935899512,0.6603871623865075,0.4129074234465155,0.5575315939368541,1.0062230498619906,0.04073057111453865,1.1212388927775767,0.7035789770463814
2011-05-16,0.24101159923547352,0.78759318995976,0.40748837018021916,0.5447437183044695,0.37922704933007584,0.36064409691282684,0.6824138800650856,0.03494694912026892,0.7925546716955589,0.5722873964491582
2011-05-17,0.39709216274196535,0.673312051008171,0.4842345652139777,0.39508555807640966,0.3653386417946006,0.8215132223350652,0.536350217185935,0.06937732958338026,0.5786644866284723,0.5358558772937864
2011-05-18,0.1795835732476046,0.7666304005656515,0.3387671651906863,0.31857140787845184,0.28297003283730343,0.6007765237089796,0.5929581321122177,0.1230828963012151,0.5631479553435351,0.453132299459424
2011-05-19,0.2391936932848197,0.5936871525368947,0.531650846148746,0.3052063559067761,0.3435674711847515,0.8962780512537811,0.7509444133198333,0.08282479523274024,0.6295292935525133,0.5031511576745081
2011-05-20,0.23235486505454245,0.7355244008972738,0.4976705947766042,0.3386998798819393,0.2986943783927646,0.4611767171127541,0.7221551069607869,0.010310211876627616,0.701556805132692,0.5065264659979805
2011-05-21,0.3382265049408627,0.6352746454951745,0.5265802894136005,0.5031234300351201,0.3863248234685187,0.603639006138953,0.3411398881357944,0.060647369017651165,0.4544660565560407,0.41078159791615254
2011-05-22,0.2966915929192685,0.9849140673502204,0.5116266425968214,0.6294067422543402,0.28152312501486143,0.39261949619818487,0.3369032783985785,0.017154614696981776,0.4291555671940257,0.40134286983747774
2011-05-23,0.261326027892663,0.8930836153234846,0.45222248939184373,1.4750911958146165,0.3345473217939125,0.3809906723667994,0.9442526220650205,0.03504386658420758,0.7401710861170012,0.5925513878998389
2011-05-24,0.695056226251778,2.3094257216382994,0.3748065471997771,0.732100537321522,0.5648958018953865,0.797079774619021,1.2351562219167171,0.8552258901534542,1.2454011519109476,0.8226176851771683
2011-05-25,0.3890067800476133,1.241742520352193,0.37314040886622835,0.5647825053463881,0.4651786205101232,0.6444127705873253,1.2385888334349942,0.05911654612206829,1.448670807815692,1.021231267686326
2011-05-26,0.22430414938650656,0.8421980718919766,0.3606233675565549,1.474377796408255,0.3646732070421513,0.46313889724388685,0.9924939326017397,0.036870782980426904,1.3866788781894464,0.743373678722377
2011-05-27,0.27090609419845557,1.0398232725393766,0.40775372238299423,1.2404208286069014,0.379841257105016,0.2829346015672134,0.7105279501710062,0.016571163010258103,0.8664666290828902,0.7292362020399071
2011-05-28,0.22629519226459943,0.8168397723372833,0.39556242434214944,0.891140603965387,0.40396702598325174,0.41169442051676114,0.9724387138277738,0.03404318006221511,1.3579905641803103,0.8921539026688352
2011-05-29,0.24163489516601488,0.8510225699623611,0.4784323963030278,0.8628821142833755,0.38207983916822374,0.47636419778588523,1.3462308248788968,0.06186710066444224,1.6168887196440749,1.1611980591647293
2011-05-30,0.2153011563095005,0.8528482904087826,0.478675966778928,0.6003327782323803,0.29516255469806596,0.3682638937602683,0.9314156919036305,0.03550423034722383,0.9852722827505594,0.7095781865916815
2011-05-31,0.22046631884856463,0.7159140643705255,0.433090435893687,0.5371784881469264,0.32842772494830913,0.7696935541135763,1.1452629180370226,0.02090342809879946,1.239630684772698,0.7792173634585712
2011-06-01,0.2022346043549145,0.5586393012650382,0.41862818811065383,0.40113096974071516,0.34426305246065586,0.17996436912486688,0.28503033561266017,0.04666055751504374,0.37625366508427566,0.39584542035952935
2011-06-02,0.09926654295537005,0.21361777121621683,0.2323776571324412,0.10102700493649977,0.17834233657905008,0.0714568837206206,0.13555837849050986,0.04229194782799629,0.20668310041013713,0.3235677818831945
2011-06-03,0.3057291782285749,0.2190276637508891,0.29085109188756814,0.050222263569092165,0.1985153729063774,0.05728659909362591,0.14019110734030446,0.02501278094777215,0.16707799620648614,0.33551900144327684
2011-06-04,0.14566652148649575,0.08986961555975673,0.26559180177071084,0.05547177542254577,0.20060830819612036,0.13553644520522293,0.1631445998359922,0.052484378661924534,0.23904361640423352,0.3390639139366431
2011-06-05,0.07061282461874348,0.3264112098227572,0.25330981477304654,0.4252346842872872,0.2173427244446631,0.2590307889738476,0.7839175755456853,3.239441820811097,0.8560937856860821,0.6416163600955065
2011-06-06,0.13726953196358163,0.6223927669131868,0.3001517459623236,0.7277929209010632,0.28801701048174727,0.46081263738454453,1.2177718948378127,0.08954124789592374,1.4897174592061921,0.9450559375301255
2011-06-07,0.14517600737217687,0.605825443860619,0.2171408888093839,0.9880479432057556,0.30548275632862876,0.51121821721212235,1.4476841804991085,0.1258567040888865,1.8032917464290568,1.3603036634021637
2011-06-08,0.1505143180577825,0.5169024291875494,0.32484082158634825,0.8416207054074449,0.29700863492252,0.610178779001144,1.2921946500616859,0.1096397942269136,1.581931911758183,1.2624681466978689
2011-06-09,0.16576743566682484,0.4631430356991994,0.3401508780505825,0.8296756336971515,0.29312533519580375,0.5510409044946675,1.1878439951825135,0.05669744806285875,1.3203125193582785,1.034218520868024
2011-06-10,0.12350534256646509,0.36424579889302583,0.2481862572006086,0.5175106953656212,0.27750678256238404,0.9567632104677134,0.8827183992351392,0.06944274866742806,1.1835577636064674,0.8820460564537013
2011-06-11,0.17876405521665223,0.5943297368999464,0.3273271115400002,0.4477563729209358,0.3251154401780865,0.5853495302715012,0.2924304168974714,0.07461578950842437,0.40916385911628456,0.4324030195919283
2011-06-12,0.20641936693507346,0.5171052456302774,0.2775648116972067,0.497844935949527,0.31197546246941366,0.42790216071511195,0.322909718521094,0.09550174823419187,0.436398472102261,0.4886040424709387
2011-06-13,0.1447142852142343,0.6507938608468433,0.24210164234445833,0.6646550332949772,0.2796224935874512,0.3219413532161933,0.612029054909473,0.0037536605624827876,0.760804152036645,0.5434912848737089
2011-06-14,0.13848149419535608,0.3961972870052699,0.30324776049609076,0.671442541926654,0.39975602101623986,0.40775124381424943,0.8872450223783273,7.619299454401753e-6,1.2116144388348888,0.8281320982135056
2011-06-15,0.2021083146592621,0.5331318416863532,0.30058770804458695,0.5942532873671401,0.39195875908418315,0.2113420366967674,0.3583191040915165,0.023059867891823058,0.5858603492766273,0.4938796305949556
2011-06-16,0.1488002635980457,0.40918060667290423,0.2565018613376128,0.6320475820998854,0.3926037030456289,0.2715721213501559,0.6014847920103693,0.028680187422959556,0.8736486145148131,0.6118894517884479
2011-06-17,0.18029340585440884,0.5929772621230642,0.34428887389657375,0.857487731936529,0.5225854879117529,0.5928910777325948,2.2412089179704804,0.057718014663533976,2.479790106513326,1.325241637446741
2011-06-18,0.11124170063162647,0.509802013292244,0.31209347536375853,0.9058514590355512,0.4261680609568897,0.4522062938006577,1.4635218358534712,0.008022930147308906,1.6335221914918312,1.0721965510965352
2011-06-19,0.1617680126577802,0.34801653976087427,0.20860791777768242,0.9844942986054998,0.3609399765617783,0.4232434220854923,1.2779120379528621,0.018640374636407213,1.2721787185298192,0.8766650743696929
2011-06-20,0.19838592868468377,0.5106136515250255,0.30760111702509346,0.8672190111628714,0.33703614211416116,0.3997691627373978,1.036141780708579,0.016602172152243026,1.1486512042688828,0.7327315589529795
2011-06-21,0.1119919220069544,0.5194381715049318,0.27424006855970506,0.4884578376745503,0.2660410793776243,0.2313430052497989,0.586278145587886,0.017244745633562684,0.6750294792902853,0.5446365606699506
2011-06-22,0.18315012589029558,0.6572179517156208,0.34455109395253314,0.4642773297018466,0.2303416989763936,0.3437277977166467,0.37189943860558056,0.008100463992853184,0.4771382716897888,0.399171063153718
2011-06-23,0.12691609553457586,0.4558398252706878,0.314451511070351,0.23225254685850197,0.26900649485841094,0.574938734592506,0.4124651717319755,0.03354162705216068,0.5486807319791301,0.5048927496691222
2011-06-24,0.14748444987535428,0.4935727541600924,0.31660956022634085,0.6731029879578778,0.2909345158396837,0.36868284509329025,0.7583216279500691,0.04128300973406956,0.966121123170822,0.7644253761482553
2011-06-25,0.32950630803753844,0.5219739795508793,0.260017419772296,0.5601580906260705,0.24517423076354394,0.3376953911943856,1.6851412219449877,0.07684491504427726,2.233139370897574,1.2318601543094803
2011-06-26,0.23474412249177518,0.39315429544061103,0.23717805085107516,0.49978937532187373,0.22915301197453825,0.38950892761808836,1.2612044575443642,0.041835436734985236,1.667177045964556,0.9119876008953774
2011-06-27,0.13785816086780683,0.4517824009400412,0.32803475153331346,0.3232280717710144,0.20866155759995994,0.21288365390161634,0.4272953654721592,0.04475318503454281,0.5911807838032684,0.6646969305187177
2011-06-28,0.15172624289254905,0.3399018882852767,0.2699514840079883,0.2538830386317477,0.21084552212311838,0.21695353184014762,0.3395404005295754,0.026432638531559777,0.5337476950532494,5.399680558917836
2011-06-29,0.14713815358227136,0.45570468734060826,0.2770454485291459,0.26555982813611445,0.23577876084108418,0.2091199544847346,0.4518469104561807,0.020845274731483284,0.5164468142717457,0.5177492420882376
2011-06-30,0.15960384781105139,0.5498680871515204,0.286039664004662,0.5339650933252951,0.233691501058202,0.23089543240761645,0.5740614166804741,0.004313367473681654,0.6952055489410777,0.5184763975841851
2011-07-01,0.13273338709726637,0.5779650769234544,0.3178444858767192,0.3078844334472168,0.20359753132256958,0.28961314809602945,0.3161262108311621,0.030564284048965825,0.43692079649373716,0.3312867664021804
2011-07-02,0.2040993313594494,0.5224811849791124,0.4154559170612766,0.30831501886427776,0.24230787867523532,0.29375110496072915,0.26284143539064625,7.619299454401753e-6,0.4108573804791713,0.36086108121872956
2011-07-03,0.13848145679834822,0.47666743291567365,0.3641822028433184,0.4911325262729729,0.23753050234825207,0.23424266079642125,0.4200893860960125,7.619299454401753e-6,0.5461099901966436,0.5024785054633849
2011-07-04,0.11382714277226233,0.5459121915446072,0.34449917810727493,0.26960501844245405,0.19868372170728507,0.20969129575357734,0.44085417321794484,0.023219784313659855,0.4067709661338883,0.333904636136581
2011-07-05,0.10420089490142358,0.5245097875968269,0.2849876516340087,0.4770655701862613,0.2223281781205791,0.19546482314529198,0.41000542839984155,0.2526845187296694,0.47875444134919964,0.4174534596725759
2011-07-06,0.22031624465589278,0.5469941494565913,0.3136604495196925,1.1255114293659998,0.24974692030413465,0.19917857768991543,1.4982323544487997,0.01029082888626649,0.5011050256951789,0.7201707507807852
2011-07-07,0.17025163608917768,0.6736165714508064,0.37882496873498234,1.1730685882646965,0.2607860022718833,0.24308241922420526,0.6384105523722012,0.20507320930275263,0.5100194588329942,0.4216711029120579
2011-07-08,0.14358891575423452,0.5153809224504591,0.3449475254759663,0.6376166982971888,0.23584126512443343,0.3357075562407876,0.2858403577832161,0.015382453066117074,0.37546902623722994,0.3210772016647062
2011-07-09,0.17795605546413065,0.5442894189980443,0.2977254990584123,0.8033121048340216,0.20347473399231034,0.4083935169648998,0.5447065675696212,0.7184178232019439,0.35781936141453546,1.1343943018150813
2011-08-16,1.5677118153064098,0.8040253969917702,0.18276544239529693,0.023511168879308958,1.4377128674398696,0.5409418770977346,0.060081383010526575,0.12571005047333705,0.14547822436675795,0.2444684211776676
2011-08-17,1.1150522612714133,1.0256564224169813,0.31209632090890477,0.20137759060194038,1.0361417603632657,0.7073062139500833,0.10519027635611107,0.13023128668620937,0.21139915962564357,0.27019233023336087
2011-08-18,0.2011628173278228,0.34554825028806646,0.3672462817624945,0.18581828000810627,0.19568418684824085,0.31289005744403187,0.07808598221342801,0.009669258721106869,0.1683842530596329,0.23688767395255428
2011-08-19,0.14027726111733763,0.033810982086424475,0.2082348238187582,0.05126870108546351,0.21115946610197392,0.3354314559537393,0.08447713797522997,0.018808691631068124,0.1638738822437124,0.24575307302517382
2011-08-20,0.17363445723209364,0.5012478064186836,0.37890370230787795,0.1512043040228948,0.20213361172112165,0.3128732397665999,0.1374468075936632,0.01573879232106502,0.20148390866690402,0.27879112656679766
2011-08-21,0.1214864202189885,0.2891514959295614,0.32590325397483927,0.11771397920899679,0.19749619928995435,0.32190259028457,0.07513717373876631,0.005947578240021838,0.15978587978379197,0.2431594863104673
2011-08-22,0.22522849123058114,0.48856879467132386,0.3253033147945796,0.3337198702535389,0.20256014448867526,0.3480422458218035,0.08793928457393493,0.010243501870223373,0.21852657803980352,0.25664864877600274
2011-08-23,0.22049612426385487,0.5288038566717649,0.2729287021497864,0.3465150241796706,0.1700513939995682,0.46702426469260716,0.1380466115702912,0.05558933833663144,0.21404012913995152,0.31674975865215105
2011-08-24,0.2196189400467325,0.45469018884605533,0.3327612224927882,0.23246781245549628,0.18510232960982248,0.46819574296575167,0.13708691856362218,0.02131694654727947,0.2531941186097174,0.3024389238271437
2011-08-25,0.2873836646399084,0.2897601687348671,0.2841517000733019,0.08253586637967225,0.23021768546609278,1.0354894687135265,0.1461876300452392,0.08287437029382103,0.16930734845000509,0.3530358310013349
2011-08-26,0.1671707957849922,0.6971825406702071,0.370155820967217,0.21502655458013054,0.15662924777967174,0.39754661592190205,0.1527565056678708,0.035003805912929335,0.21604097322939408,0.31519842553046956
2011-08-27,0.2550075790272075,0.7000565879127447,0.45906023202055174,0.3429202513790823,0.20674034693208856,0.2804113716179024,0.06727400338808745,0.020470847584951813,0.14862212523859408,0.21834469047494234
2011-08-28,0.2014052135138785,0.3788183914484858,0.32451952064339534,0.11461696065626957,0.2347050065385525,0.39932350638449965,0.08110453121618484,0.02575970089840848,0.16670132246754585,0.5638004810660968
2011-08-29,0.23475085395319578,0.516970085790676,0.306073325411677,0.2236253713859122,0.179355864171765,0.12939441162420248,0.12002150214094677,0.016051352131419578,0.23501030620770982,0.2742281492581094
2011-08-30,0.2914811800006546,0.5896636441458984,0.36650390155253965,0.2362212555213755,0.23252104938618215,0.7448572806763674,0.1085516125674434,0.092030791095119,0.21177183051412551,0.30024281841669137
2011-08-31,0.29214490209672755,0.5255918112373761,0.3196025414599563,0.195119976944225,0.21842784450249256,0.4768775120180635,0.07432819911567905,0.019431394768220464,0.1630926250287811,0.2692469417001373
2011-09-01,0.29254310543676504,0.6612078509002711,0.26917432263829605,0.23486242532976895,0.17819561367051823,0.4436610504117576,0.0907219980855749,0.0482351480481948,0.16781922992665912,0.2651929496781145
2011-09-02,0.33819864416998296,0.6168816019961854,0.3587875815062651,0.1775768610275611,0.20459052389955204,0.26959167649538923,0.07699402803375668,0.025122946773233276,0.16345326732658647,0.2886807161841575
2011-09-03,0.4679627836346145,0.3097087269305882,0.2771177745075755,0.10347765735598498,0.18957028025107442,0.1934094851802348,0.12065720399689814,0.022336533416076297,0.16135039313397107,0.26536263238300106
2011-09-04,0.7676238111715572,0.7115185103908974,0.3215094661389024,0.24024933844840735,0.1906167773790984,0.5515089198892161,0.17769773166618025,0.04718259948202204,0.2032043778803735,0.41520931440718545
2011-09-05,0.22202551229861933,0.3693850934975695,0.3067699312407181,0.10567011306098963,0.1900025327502175,0.22985302920380973,0.0731234420126035,0.0158914382217158,0.1356986444884477,0.23906920326839082
2011-09-06,0.5166712271071224,0.42196110989781055,0.2667177369005233,0.07189687936741453,0.40027477708488607,0.5155489506365766,0.05709428922277562,0.07603919233993868,0.13347163183336938,0.2833239071708535
2011-09-07,0.2133687781176883,0.32069725037254954,0.29176694799370545,0.15269417782446,0.22596928112010506,0.6888550439785046,0.13082835839272478,0.13770372244793774,0.15897460870516095,0.3180768193956301
2011-09-08,0.20701476843742794,0.4356207326824511,0.271301091269225,0.1458713157496496,0.20582245531537094,0.9917198540234309,0.1543901836288923,0.18003489943118212,0.17991611454241457,0.3537629786437832
2011-09-09,0.33257174077447227,0.8177187823494089,0.15908097932011536,0.17243664933207759,0.2454028873529379,0.5431796929124526,0.1293006466129598,0.13897578182556797,0.2007114887838983,0.34932717304851835
2011-09-10,1.28827307019921,0.9609083083009744,0.2580236547875196,0.1044667133061046,1.6228476506298317,1.0386706957369345,0.0920508286597675,0.2523246352632496,0.1650134271385324,0.29243779881337556
2011-09-11,0.29006731132326946,0.4637175953791592,0.27887271841554473,0.08849100476207444,0.33398883717724115,0.5387697833145345,0.0955625444074031,0.14558321388193154,0.17169745596950417,0.26837431583750404
2011-09-12,0.22806789645181377,0.4376494054106353,0.406883394999197,0.06720593293739614,0.2522993505259522,0.573302452012288,0.24538105370788943,0.060848144969067076,0.32106703212153637,0.3808138542009644
2011-09-13,0.25443046840141315,0.42601849040941364,0.267930860352479,0.12137127121193637,0.2790889959425434,0.5727094776447054,0.3284072564955258,0.05754709635512925,0.35621092191564674,0.516480705621201
2011-09-14,0.21510010999507137,0.38510727865861843,0.308381123939932,0.1670639291026113,0.1881769285751909,0.7479376016351834,0.2870971600565119,0.08937279728718775,0.3037910000737918,0.5465918542327711
2011-09-15,0.2159484760779119,0.5394881883139169,0.3961851074120314,0.37127989420245194,0.21888511345655165,0.8318980050597591,0.4500673554197519,0.12365729865676187,0.45208228145579,0.6472366068877937
2011-09-16,0.2677329954757997,0.4307519943799448,0.26098379965844015,0.14908496813087427,0.27915150022589263,0.5473129940632848,0.3615404122186992,0.051341889453247254,0.37838870235566796,0.6033297580277979
2011-09-17,0.4319508487235983,0.45577216866756104,0.23642742060735084,0.09494379979080764,0.5925977297589278,1.0209972284056223,0.1170480906962435,0.19568534936017262,0.1814438106860623,0.3250395040829361
2011-09-18,0.4001806694327687,0.6047095919185065,0.31012499274053335,0.16907846535166188,0.4898162169161623,0.6473788039338952,0.1502427793134339,0.12560099532468808,0.2108390511313427,0.35001806893840914
2011-09-19,0.32031386171854986,0.17879250753950462,0.3005488530468346,0.050191178837324685,1.0777870818417377,0.6527682041031663,1.3500632717563745,0.09661697922950206,0.18298141626426156,0.35915859179690224
2011-09-20,0.211377742718997,0.2096281349458274,0.29818326333909845,0.04513355836997767,0.23248693737871282,0.32816174265518844,0.6025313650162967,0.053667937163288215,0.2818034777712642,0.37477833007511285
2011-09-21,0.23088419032216892,0.7242313131936337,0.30857067000114896,0.08415439797601536,0.2798397107136661,0.33433056352961493,0.08874928238292185,0.006713239017015663,0.18641655331343976,0.2594967359875412
2011-09-22,0.23405833616104577,0.3135969440248527,0.30883131374792666,0.05683985064797782,0.20940201960479282,0.26832802767067876,0.11540246006357607,0.03205021135925382,0.22108945439648314,0.27008319800772435
2011-09-23,0.2085383038404573,0.3009178161570278,0.35878661934351785,0.11918902706702085,0.22328031441895246,0.22757531072709844,0.07161828018701652,0.03334843397427037,0.1576455771859519,0.24897691876202935
2011-09-24,0.5089378998450687,0.42196113180733225,0.32224998343800615,0.020165319021147262,0.2878474749839505,0.325741013425063,0.05741556295120132,0.014224436991266765,0.1204259965116005,0.23411831021753998
2011-09-25,0.4000941327565059,0.20049916025185083,0.2971265015693521,0.016129864874110483,0.19672493476152283,0.1763931655698141,0.05602625145983659,0.039210078737973705,0.1137574380213239,0.2505221575682896
2011-09-26,0.6233680693695947,0.25588156729150285,0.260871963592728,0.04969765670025586,0.28247867398813936,0.29807598244570344,0.08854013166865538,0.06615735284033096,0.11653903333333693,0.3273519826453373
2011-09-27,0.24427325407281836,0.3972791353696452,0.3985980682814108,0.11763086879494312,0.19894299655057437,0.2967423043282045,0.07982901925786687,0.0536752013099367,0.16470689095455726,0.29889758467593813
2011-09-28,0.4706174476368591,0.19137021404025253,0.18215255700819916,0.04844374273122476,0.38580614110775374,0.44645576123139485,0.08101155196591431,0.10978628747417128,0.15255693725881994,0.2513523431209531
2011-09-29,0.33438968412213393,0.0752294496573526,0.3632088626309172,0.059353618723609475,0.2661161434839484,0.48958141616347745,0.09298386125115514,0.09586391303141184,0.1847392637847021,0.2637568038299945
2011-09-30,0.2978063603275308,0.3471712265931815,0.2815899274285474,0.1728997414809768,0.28216467841376697,1.5465544635752906,0.15923379507904328,0.08837111517547719,0.2195410877134221,0.3202401364466961
2011-10-01,0.4829388642091906,0.38510716911100973,0.3367522326254695,0.1871223855640033,0.25913782033795335,0.5581786897682414,0.18139709793606112,0.0401041534746973,0.25127485451635007,0.31469540890323733
2011-10-02,0.2897498855202794,0.47403007423647076,0.22633066898117452,0.10525830238270936,0.34342410935560724,0.39458159889540717,0.10907795091060125,0.047186490462055815,0.184417232210905,0.28933521110500504
2011-10-03,0.33205233373185583,0.3927146370678961,0.3572948576542553,0.12125610140639079,0.33618982822098176,0.7282599027197298,0.11864244908483566,0.05073855862989069,0.19637548493944654,0.3335656791087692
2011-10-04,0.4302195168462152,0.848250139081644,0.3991458869009341,0.42379418059304275,0.3828169179813045,0.4586970703559937,0.34889317673666564,0.061307538734720377,0.3428328696521206,0.35760246018717645
2011-10-05,0.37816377938828905,0.6187411945632135,0.2561597203589845,0.24689724978047164,0.31416849306197303,0.2798266004052111,0.11870911119647949,0.015077320502647422,0.18555061502053877,0.2708649196164901
2011-10-06,0.49350004101703826,0.9399456065449526,0.3292744265827849,0.331305276177127,0.45026641050327887,0.4986374087862714,0.1631464114508535,0.04899403925472876,0.2589008557596304,0.3083326294634627
2011-10-07,0.5944200926763674,0.8145742620610165,0.3546051214584201,0.22327549701195606,0.5734882244509947,0.5047917108024832,0.11945963134200108,0.04828748048928338,0.2197405088214894,0.33841955002983354
2011-10-08,0.49324035619423395,0.6513687009686814,0.30961320404516407,0.2348164034971622,0.45681823036487285,0.3536929612408409,0.11485391282820676,0.03308239469105402,0.22029855326774417,0.27486441620718793
2011-10-09,0.25500757902720744,0.5700533076191502,0.40921612787269035,0.26442144184490607,0.3532745780293818,0.3093467784929453,0.10052677884461989,0.005579287606428791,0.20157282805712376,0.3021576900188504
2011-10-10,0.5221538154491767,0.5950734337058186,0.35438998596243465,0.2913254391810941,0.4739144048948756,0.3099980218781625,0.0941834869219158,0.03677499911651422,0.19085425661259103,0.2782275908743124
2011-10-11,0.6021764564952828,0.711924187095397,0.3263164721674805,0.28924267675133364,0.5076971592584522,0.2690517201583871,0.12327383583364498,0.029429044542172145,0.22009673746315733,0.28498665788645455
2011-10-12,0.5173060413160946,0.844598544822149,0.358124139584684,0.5010480012758869,0.4383059063112979,0.3551577204499209,0.292044407836044,0.03284252084334039,0.3948781918227321,0.3781779292717784
2011-10-13,0.4645000824828406,0.22382874764122088,0.29554216754087115,0.2562005191856868,0.3919029622180329,0.4477158045396486,0.19829433537421792,0.14336863108414047,0.27180932707301425,0.3565262245028784
2011-10-14,0.40156574241407683,0.3232330584184971,0.34551896826166784,0.1649147705208308,0.43441582545950125,0.7685307387591666,0.13684697925546624,0.7445627785402068,0.18876801504015303,0.31824040778509527
2011-10-15,0.5277286996067091,0.82552915438711,0.4229762834518681,0.3744446238167023,0.5244725570890023,0.35837004202800504,0.16546364403348382,0.07767711249049684,0.29217612077505817,0.3393648678815637
2011-10-16,0.8775986881608312,0.5240704359574163,0.3172457954608762,0.15488999535994671,0.6511089623461963,0.25086132823882085,0.08740270772771629,0.08489756372523126,0.16994131679950963,0.30746612147674846
2011-10-17,3.3644128397510684,1.1985996047171725,0.23660748834192963,0.12547377530568732,3.3432501882388737,0.4607583295953928,0.12001636849394376,0.2641244789043221,0.17511505362011573,0.33258397599499423
2011-10-18,1.229545818724317,0.6518759283064361,0.24550313331471754,0.3161669535165584,0.9678664447391154,0.2680555570981842,0.14376377573367632,0.29787837366040587,0.16894275840982026,0.31629889711346604
2011-10-19,1.787938606319424,1.0555790888162933,0.3000692865677257,0.6985976327548525,1.1749925934635468,0.2608316507973006,0.16017299779146213,0.03205747079565288,0.256735784585237,1.0758120272807006
2011-10-20,0.3992861704009922,0.7648046582097081,0.3260346813118102,0.36580478725673266,0.4549869580537736,0.34399634819742336,0.10580377817860338,0.08089480758872931,0.1868973963509793,0.30979308189177446
2011-10-21,0.7036850996618292,0.6412254468753692,0.2729918773463428,0.30307593139647204,0.5159040158869379,0.2921132809617307,0.19119399883486593,0.044574531554548054,0.25517715777984956,0.31796778141198456
2011-10-22,1.067838389219322,0.8928806016950609,0.331005951040054,0.523366692282647,0.7985976957648528,0.4041362659016796,0.19527168698379818,0.06686098873900576,0.2952756997219817,0.3504179769739329
2011-10-23,0.8323240005559889,0.6209387853220928,0.38724870358754415,0.28889826535191077,0.7309023137508349,0.41660690039177856,0.12452265415636023,0.10201339171639336,0.220535162309419,0.3263484703641334
2011-10-24,0.501204535186007,0.3793592060830648,0.2283967599443805,0.31930801475975373,0.5444828464144014,0.29354409024068556,0.14226409747581129,0.14881544292576027,0.2460953463769354,0.33102657997188845
2011-10-25,1.0635448387432043,0.7772470756046765,0.2679460297694097,0.1639981294837555,0.867528127038069,0.4636550668515139,0.0973250596336329,0.11784797220339885,0.19471462262804676,0.28686276461629473
2011-10-26,1.070556852517031,0.5910161189227806,0.29313172467187293,0.17681434907347224,0.8489885310684101,0.3863732656113774,0.16960079212837667,0.10670183581719753,0.20880150506135195,0.3150408921889293
2011-10-27,0.5315607710054356,0.4801160792753102,0.3234630823241044,0.39440485518263957,0.5882753521832592,0.3476955354876381,0.35358225168096,0.03786290658299874,0.3085928675779727,0.3418372829562771
2011-10-28,0.9548163292329658,0.6300677161970258,0.37208933818677453,0.4149908072470442,0.7350484557822957,0.41029857748800647,0.20319536482790634,0.09739037926030206,0.2628403319272615,0.32018566457586883
2011-10-29,0.8104223680898331,0.7894189761347467,0.33138127639769005,0.39344205675527666,0.826128768759522,0.4159946643389646,0.09201799812345494,0.08113130481564533,0.18929096064997308,0.3072964780393582
2011-10-30,0.6444731829646515,0.9424813707718567,0.32104789415032275,0.3159803177017336,0.7478961080337007,0.35230437764119354,0.12858804635699195,0.06611955465885526,0.21564823298054145,0.30498762779361244
2011-10-31,0.6136264105926996,0.5984545987385023,0.2986950520344678,0.19901067216184018,0.6685122776176099,0.7259066135860114,0.10260475645771547,0.11587278249386443,0.19366997885491996,0.3242396487443924
2011-11-01,0.9534313310456735,0.5392853061426236,0.413250414857452,0.30048030003744947,0.8450471495312231,0.3368259922852546,0.06987317905327362,0.0734756893382506,0.18341371910393992,0.2690106377610773
2011-11-02,0.5843782481171204,0.712735606232961,0.3034035080318656,0.7549191514990349,0.552890925558858,0.3896196339119749,0.17911677534521342,0.05602159635540244,0.22823777380202273,0.3162552316576126
2011-11-03,0.584222452182241,0.7213573535891827,0.3267770615217651,0.9763185437654986,0.6308165929590311,0.8633026341513642,0.17189750562581163,0.10832281100249201,0.2398090676201709,0.46094869092966
2011-11-04,0.576575698993458,0.676219685547533,0.3011718636614815,0.9307271339065586,0.3861701843335344,0.17198971686380163,0.05802391783856206,0.012518666011895942,0.170518072943464,0.25712136660311224
2011-11-05,0.43437469839313136,0.6726695542832063,0.3698810518524471,0.21368540111009082,0.4464956627113201,0.1267495523600081,0.061224616078337485,7.619299454401753e-6,0.13408433848406873,0.20934586044999376
2011-11-06,0.3898146302121033,0.7089439444009954,0.1922869967539025,0.7856042050006662,0.46288262000737646,0.8682342595607473,0.33758232391522686,0.06908584992905455,0.3527411619634425,0.47602165523884366
2011-11-07,0.49086044800897427,0.5509742112659812,0.2544438156926981,0.1221539270373812,0.5131147622424774,1.004525099799183,0.20679455411120962,0.0681802448157786,0.14506071554135191,0.53787642558191
2011-11-08,0.6533471189674213,1.0050556440505483,0.3313764041693101,0.23955681492487782,0.7472794678986773,0.5118232664301201,0.12547483494101272,0.01688358443348483,0.10771936605193028,0.4841017098834914
2011-11-09,0.41939061485886636,0.9062601769728473,0.31922615158183393,0.3559520754599952,0.6270843943889964,0.7204761976422841,0.15263039025433064,0.022775761033898997,0.09844028275602594,0.4845890195122153
2011-11-10,0.4727679251786993,0.8503705645049623,0.37919075435133665,1.00162499383432,0.6342947941700782,0.6873639572398621,0.37492465824887794,0.20547528247318647,0.34649200901845123,0.6284461203811853
2011-11-11,0.5962415513427709,0.6868943770001201,0.3414921329203108,0.29050443408777155,0.683052410239611,1.1147722105966094,0.24535335681857987,0.18379459162504966,0.1967392784174,0.5432817535136065
2011-11-12,0.30534705560193115,0.3832717427464584,0.40268564270513435,0.20271180351872684,0.5170276188295982,1.208413764480604,0.14804207918895892,0.12093794920274854,0.11550316477030133,1.491749722329717
2011-11-13,0.5664162408443897,0.7439675199227662,0.3386134852812408,0.11603561245238082,0.980950551873757,1.1934847485214097,0.15697361507641483,0.2997849545049884,0.09027519925545821,0.5774202079567335
2011-11-14,0.3913082293103148,0.9112303738886176,0.4872113329817238,0.19427366323191078,0.5762670115763093,0.626528537830931,0.26972179139094976,7.619299454401753e-6,0.2853280852914511,0.5711264921894005
2011-11-15,1.1558115593493208,0.7450492587395329,0.4392058809008463,0.3074562745126409,0.6758636068677526,0.6803168422358385,0.31358488503369186,0.008226324997399786,0.2617432503121475,0.5779680680647074
2011-11-16,0.43123301315710505,0.7606024557594173,0.3549565974628519,0.25036848886661356,0.5176419003124199,0.5187424702932727,0.2130421648641679,7.619299454401753e-6,0.19490446495003597,0.5393162861351772
2011-11-17,0.48315595384000554,0.8934795861098539,0.3944638596717653,0.11421617081743239,0.7200314331682313,1.2896908167280485,0.08567708566163956,0.17302689865804807,0.0172131587395437,0.4925187762441857
2011-11-18,0.5827370804257658,0.5205444489860448,0.4085238210686904,0.0659748929714109,0.8494410974596418,0.8089865692503548,0.07845882938350986,0.07675753677745474,0.009019230668514013,0.4739576590367959
2011-11-19,0.7322963536959941,0.6145388168367489,0.5005794379487009,0.057895722978927755,0.648370935679245,0.8341258028623092,0.047268650531256846,0.05292279454676464,0.013119481650444041,0.46599507467794277
2011-11-20,0.2754121344734175,0.6198133808285025,0.4799316096356949,0.12202223275055504,0.4808698491145127,0.6093495586123123,0.09326854390288386,0.02106611634540892,0.028770314830541013,0.4420928711627557
2011-11-21,0.2738365985309139,0.9294883451860926,0.36395556233746107,0.2273946069215961,0.42236760888876373,0.4469236556354584,0.09505874494498275,7.619299454401753e-6,0.05752485672693545,0.48726494231310286
2011-11-22,0.35743162615294227,1.0851880327738401,0.49034681665967783,0.2780042807864377,0.5266734007169802,0.4729056121743839,0.08137759118479372,0.12259040204283644,0.013685790805586363,0.47032180302206583
2011-11-23,0.3636067322871465,1.029399664205906,0.5490619385083061,0.43906814226894664,0.4991125497382627,0.5060896725287742,0.11316075055965559,0.1283303973930038,0.039738811933523834,0.45163338059176517
2011-11-24,0.43421089949856295,0.8518919178754003,0.4603016676231352,0.5862358638982281,0.5722812578945748,0.6363747435101531,0.11564509907651915,0.6118709200486849,0.015816204509158844,0.4574653106029504
2011-11-25,0.5972803654280039,1.1561908771555902,0.3858092467029484,0.6211103817457966,0.6222205587172388,0.7219278656808739,0.09869179459456251,0.5005635939032215,5.741530387001014e-4,0.48198087240989135
2011-11-26,0.572579866097171,0.8853648689056913,0.4220719937702461,0.4585283555737547,0.5926294241478902,0.594402539268932,0.060438860245232734,0.07724456086617895,5.741530387001014e-4,0.47882973436913134
2011-11-27,0.6862252220140688,0.7938725027088932,0.36865738555336686,0.2999090464150982,3.2055229580812523,0.5813558932772646,0.07073204616975333,0.12769803322028378,5.741530387001014e-4,0.4700163019010769
2011-11-28,0.5176097050201803,0.6809775134690976,0.3957764748461006,0.1668636968524096,0.5209859531794861,0.8382068361235686,0.05681949072401258,0.13865951212856883,0.006316785587279127,0.43945315299342996
2011-11-29,0.57015597903063,1.1413143118955382,0.36830734255728204,0.23282926345538651,0.5494681526745546,0.5883699536807528,0.06545780855182365,0.0785408434864696,0.005804596072495513,0.442495205929549
2011-11-30,0.4494813693192673,0.7316940468499192,0.40548152387638914,0.1231968807213579,0.45618449000138594,0.5195504205548199,0.050483008967199025,0.03661864364323549,0.0077200026504380855,0.43363575195586496
2011-12-01,0.5027721055658295,0.7524880014695154,0.4108590924141128,0.17118648217734175,0.6200821456647289,0.5954522527178497,0.05274384868111704,0.04744350848718175,5.741530387001014e-4,0.4539602938857957
2011-12-02,0.4676604662228131,0.57751584408974,0.40041573701188454,0.20656390546463904,0.4162764632853452,0.5030565136610586,0.0547175966941847,0.009919964886409477,0.010207516755388455,0.4509243666790948
2011-12-03,0.4555410682871159,0.4887621023816176,0.44392569860728126,0.15685544617280608,0.41836372306822744,0.46200676507650396,0.04451396589067179,0.04289414693542663,0.004252166421071836,0.43374483706050593
2011-12-04,0.33027840666248337,0.547085884624108,0.40059109629046585,0.12560113174673027,0.39815663369973575,0.5350080923397059,0.049806311905805985,7.619299454401753e-6,0.021788100693477766,0.4169652076239415
2011-12-05,0.32839124145321297,0.6348253907519382,0.3783131186249696,0.22487861570000053,0.41976056112689686,0.45391934968330505,0.06720493745398586,0.05876556471302708,0.004664704748252253,0.44985896097026845
2011-12-06,0.37716894418433744,0.5239253511044678,0.37992684979611246,0.19394260426403953,0.39957278322330786,0.5053922833725314,0.05916235677105485,0.09835102049783104,0.06504580042958112,0.4567477363760931
2011-12-07,0.22786946792793708,0.5288279571456767,0.30612343976072753,0.06715726773001518,0.34128893944987476,0.39399254461954253,0.10155925979020206,0.5412333323977732,0.0041864520409123215,0.42685480509480056
2011-12-08,0.3336545337409866,0.2940107079720161,0.37502628879402083,0.0552929612858989,0.4183410210407846,0.6659915929954997,0.0637188620362953,0.3063793036865923,5.741530387001014e-4,0.44049295629468765
2011-12-09,0.16675307120683494,0.23061511683383926,0.46807137746611066,0.02433704184894636,0.283278124410383,0.3812689432231507,0.03857906710343477,0.019275055309789745,5.741530387001014e-4,0.38796906742248743
2011-12-10,0.2915251962789438,0.20813079441121407,0.4089345007894025,0.02475909119885193,0.31296602268631296,0.39364711678451947,0.0377468626169245,7.619299454401753e-6,0.016065457849046335,0.4090451106960537
2011-12-11,0.14389933709764632,0.09672357124503222,0.319192987674374,0.02187535096751957,0.26265008196095285,0.568405362126978,0.04975504763460782,0.02368001053739317,0.0033294462666186796,0.4238552395896469
2011-12-12,0.3258980951280554,0.17147969197666305,0.42642885093392513,0.07840831122652296,0.4571058680008895,0.8403460688910094,0.14938217366680007,0.7255856923523706,0.03460119795765493,0.5883278545359162
2011-12-13,0.24985752487933177,0.4350024897980503,0.33690656762444504,0.1335949681791958,0.3370917104858793,0.6700014838515076,0.31123177893330717,0.8986089798192003,0.12325332150945081,1.178863720387154
2011-12-14,0.3728982806770498,0.6645791128291293,0.3920012348273872,0.12268195131534865,0.3372168075020354,0.980764649557581,0.13784528756375058,0.22087568472974256,0.0131971804847187,0.5379490704500114
2011-12-15,0.3591052918441553,0.6804703299503864,0.4125423244900868,0.14530439997308162,0.4831766846758117,0.5095252941461993,0.10906459634139154,0.8155107910338231,0.04956943792433767,0.6005589728094186
2011-12-16,0.25712918607895485,0.378808597892269,0.37195936432969845,0.14026226425960403,0.2987021324618782,0.6292869999012257,0.1627810366384024,1.081488746802785,0.005280727151862595,0.48079310918268436
2011-12-17,0.2836764244535265,0.627387130031434,0.5389604170114888,0.20121587028883314,0.38014482301418334,0.5497957914122777,0.1398412530620195,0.054359628811495364,0.09649014310899783,0.491409862149491
2011-12-18,0.32040974764678576,0.48267605352373466,0.4808945298302584,0.13616741917481412,0.2859568604576101,0.4740143205838471,0.12753571516201892,0.15621390830263543,0.014727959724987964,0.5619459086312116
2011-12-19,0.3826169028970834,0.17026248658699078,0.2817329007184857,0.08811247891671986,0.27814585200568953,0.4788985370815402,0.08353622109422598,1.292391527210888,5.741530387001014e-4,1.419722924619562
2011-12-20,0.33625153155706117,0.06578653780829764,0.3174491393453203,0.06402311992853686,0.27432056775235086,0.43631233032642214,0.050775248134706095,0.3434392132295808,5.741530387001014e-4,0.49962697841917314
2011-12-21,0.48093412280710673,0.2534375382321154,0.3884124087230749,0.06473353706592234,0.27802294411360834,0.5673274578950268,0.0435775029688946,0.38831228196216205,5.741530387001014e-4,0.3932168541591446
2011-12-22,0.3516604824979909,0.2250362909318067,0.4187738022302603,0.052454275005332944,0.29593813850834216,0.4855224273686072,0.06007489397440976,0.07491851723835415,0.0038327483512231413,0.448906410045725
2011-12-23,0.26059188723072885,0.1637707610246084,0.26160255219114165,0.10587605228954995,0.29074447480930704,0.4459877700349433,0.05312527360395139,0.25468865329868157,0.018313696132187283,0.4315196265818175
2011-12-24,0.5308544911143812,0.4760828868757057,0.43083874987799237,0.28064334482636527,0.4329801654597468,0.6076859394418859,0.06052602150987908,0.35227093088351463,0.0031868070201035463,0.44263460554131123
2011-12-25,0.44907740684001446,0.5523266860428635,0.4005121170589965,0.21531846448980788,0.32800331496773716,0.6984923232880184,0.05247727358501138,0.1434666956508201,5.741530387001014e-4,0.4717761140139608
2011-12-26,0.34317693386060916,0.5983096891617277,0.42841250297408107,0.24618441971636917,0.304315577286539,0.4766436132122258,0.07852548042171323,0.29095757656084936,0.017366233953255105,0.44345262602363
2011-12-27,0.3463279683486085,0.5066141340603322,0.3435721445360308,0.2685133995510965,0.2747880452479711,0.4279615186471128,0.07669940364717186,0.3775271720629053,0.02412509103867159,0.4386169123928414
2011-12-28,0.2854077189339016,0.4671229879609807,0.41607428063456964,0.18040483825134962,0.251042321576548,0.5216819583274069,0.07194464548337143,0.6976964029087562,5.741530387001014e-4,0.4392228098603039
2011-12-29,0.26968137958698984,0.4730398953110469,0.3788542839914531,0.17730666745833623,0.33499310706006374,0.41152723586441964,0.07995580350721153,0.7179474545551525,5.741530387001014e-4,0.4277092658136589
2011-12-30,0.24812615560494086,0.4011239277918252,0.34703335101126564,0.13571755745555383,0.2866904823710576,0.49391657783968707,0.06750021605943379,0.45971234808275924,5.741530387001014e-4,0.443561711128271
2011-12-31,0.3126187168015542,0.44920325586009596,0.3218561927442412,0.13281236657682324,0.32439759175123906,0.4557576307180535,0.06902079432884645,0.46310711276111644,5.741530387001014e-4,0.5023901535967751
2012-01-01,0.2881779022935256,0.6287396048083163,0.3593478672984076,0.731435518451412,0.3177888694052752,0.3674549271786461,0.12899337857204363,0.8907389600687478,0.0013900712313300967,0.4268366635115234
2012-01-02,0.3397142327088352,0.7626310583771319,0.4356533508508097,0.9365144708582962,0.3838415607225206,0.3700201916422981,0.11044365161219076,0.5545354373008433,0.032312213762939516,0.45292402465920234
2012-01-03,0.3093464786109758,0.5110772789145217,0.39020557301081427,0.28561020535973514,0.3186442346262792,0.4514162017347146,0.045431261129928874,0.1480800157952876,5.741530387001014e-4,0.4272147309656211
2012-01-04,0.311320180496509,0.4035583385711697,0.4856427825166081,0.23733299117255297,0.3153205767299708,0.4179901120138865,0.04760188357539274,0.18869865210309464,5.741530387001014e-4,0.4114568417820297
2012-01-05,0.4837042313727149,0.4542748062234259,0.39852181176580076,0.2039136308045154,0.39577366526783364,0.4032561811129027,0.07500010226322278,0.021775555271363534,5.741530387001014e-4,0.53872476057135
2012-01-06,0.2713954340467266,0.5443472820449542,0.4426658181401168,0.10373373937064617,0.27304091785417317,0.40797212404388805,0.0803782286849764,0.14958613205101337,0.012167382878146131,0.5745988383496579
2012-01-07,0.24405751073428752,0.4279022491789187,0.3246662811696795,0.15281622040441845,0.2589818618318936,0.4520405610341378,0.0790637692218289,0.23867962363750622,0.008336950569184445,0.41861954724184125
2012-01-08,0.4391510068441311,0.4103205371794067,0.3708283727275757,0.16287479009510777,0.5312004945621938,0.535496409937658,0.07333225387959151,0.3965990284689799,5.741530387001014e-4,0.46838261698621575
2012-01-09,0.22449334084943384,0.31328295866882655,0.4342222463577224,0.11957541661343442,0.30255812341856986,0.27030276177454776,0.0597416432127691,0.37148237396093237,5.741530387001014e-4,0.421291857433072
2012-01-10,0.48386586124082553,0.12684918554420274,0.2361040929811643,0.07162514044062937,0.3907278153539739,0.43256769900999553,0.1080126194965137,0.9157517190353558,5.741530387001014e-4,0.458265189501992
2012-01-11,0.41121869548825146,0.232643758888693,0.3850384110415309,0.08270748240347252,0.35749783324626716,0.46612024798587315,0.06396595921637259,0.2127805370383963,5.741530387001014e-4,0.4312542568420177
2012-01-12,0.5406077055667151,0.40693941596576644,0.38524058804774963,0.16209450652907564,0.4824486645613436,0.49278986604603764,0.0882608971496391,0.27106017084878514,5.741530387001014e-4,0.43335703126733294
2012-01-13,0.3749470383574228,0.3888504656737388,0.35773825090837547,0.14870306147696233,0.34089656291451936,0.4237332399654599,0.08692797161715979,0.39453948761291385,0.024887930131669046,0.4156926266047889
2012-01-14,0.5156532805522933,0.5236549656967,0.3950694899423175,0.28039475915144824,0.4799007084079215,0.5455238593635928,0.08886787228631696,0.32719146850485137,0.01906238547445305,0.45608372301414957
2012-01-15,0.4373620087805781,0.6043955846529585,0.44624928069890146,0.20799227674645845,0.4381670332921252,0.49561390495926855,0.08766621353188557,0.07928712315720207,5.741530387001014e-4,0.416128967023353
2012-01-16,0.400599777700218,0.47794258899034264,0.3349652302736223,0.11906078543432279,0.34884171971042066,0.45099363036637774,0.06534843396558966,0.033124737949198985,5.741530387001014e-4,0.4050213703531581
2012-01-17,0.37929272026254257,0.4011239277918252,0.38461002343195905,0.10873782404314372,0.3735156541019447,0.5144217790790836,0.0646867781798591,0.14877200940188393,0.033939713142389985,0.4493791121658361
2012-01-18,0.7950574334271927,0.7955967382506246,0.3522128368523335,0.20856306947269526,0.8495661797342218,0.8613759090719917,0.464547562000365,0.7849812466443791,5.741530387001014e-4,0.47728447985587263
2012-01-19,0.299143078977634,0.34269852918751426,0.3588234681295844,0.11889093166037197,0.31662865575796906,0.44082595296818655,0.06460336416746862,0.12900641490123954,5.741530387001014e-4,0.39518030750769007
2012-01-20,0.2242336560266295,0.21438583141026157,0.36478957319543487,0.08692609165076608,0.32699095933033506,0.39207237722446353,0.06368912763393882,7.619299454401753e-6,0.005205811776554981,0.4036579243476344
2012-01-21,1.295380745519225,1.43371155886773,0.34812894730721666,1.0151799485609263,1.4104901587374408,0.40595356718630793,0.21879213741698467,0.4862642940918457,0.11094816843405174,0.6638668941825402
2012-01-22,0.20034111905131025,0.1575833631010702,0.4119831441615263,0.0789903240619935,0.22560849578267828,0.46064598509033766,0.07688497900667259,7.619299454401753e-6,5.741530387001014e-4,0.3996766714357041
2012-01-23,0.2286197267002729,0.036370952610230316,0.3486066304039266,0.06264955461703535,0.29501680473356734,0.3798430219597948,0.05781575044580954,0.004378647856584986,0.0033986414734346057,0.3668446465935153
2012-01-24,0.21064261103635365,0.12208184231734732,0.45432415990515174,0.04932577995914094,0.2683659144035387,0.41438505532109654,0.06312009453369556,7.619299454401753e-6,0.011158460211861327,0.38220616966974663
2012-01-25,0.19196139946664087,0.18568028714443913,0.37582621452488313,0.02573711546491401,0.27107539400805936,0.3887409042166314,0.06558904875361442,0.11772507708590083,5.741530387001014e-4,0.40224358766694335
2012-01-26,0.16865751383375155,0.11903883541602327,0.3973734602911311,0.014670397880351458,0.2777329699377542,0.35950858669109936,0.06242797349853733,0.01080678269886703,5.741530387001014e-4,0.3872236918082702
2012-01-27,0.20882467890779433,0.20170670354243667,0.2800364235510755,0.01391133858039074,0.26655732200751797,0.39001442586492774,0.2206807791301951,0.1340801244324801,0.05537480550993779,0.48002951345019734
2012-03-11,0.34209892771110506,0.8981889501693344,0.47824991292580704,0.2921691095186341,0.4159575808784421,0.6975110904536795,0.3910228495106751,2.6387762101279195,0.4253711451211211,1.013157163638063
2012-03-12,0.5042680606755383,0.6970135087099989,0.4505406903242167,0.47213638113236545,0.550815680160629,0.9663713068722157,1.196154346494477,2.1164907420958388,0.9186212155444865,0.9046624065359964
2012-03-13,0.458531744405273,1.443391163662024,0.4807046562242764,0.3187063555496155,0.46071122267798104,1.0840365136991463,1.2909912771386691,0.46275003817343136,1.049473745751221,0.9277322176652293
2012-03-14,0.3117138587985914,0.36363717428866793,0.5425646377197578,0.12897680266795972,0.35562631643197373,0.9351085996196585,1.266521742054786,0.30161295520062315,1.0476376948569948,0.9638001198051311
2012-03-15,0.17710194520087785,0.13439869186133133,0.365443188774065,0.11683277294966346,0.33764296435939434,0.7592399036047509,0.4421246511902241,0.442019096896092,0.6819821149174723,0.7716984232725885
2012-03-16,0.2560512173264586,0.4752134075055361,0.4629436027548228,0.0910256812543814,0.3504905797568587,0.8233133671689032,0.31246301263255216,0.15102308784017904,0.5512534776917584,0.7197416355815349
2012-03-17,0.31006910099447915,0.20895191946690803,0.49656527449544113,0.14202517834168935,0.47040244547418947,1.5107786660391034,0.9420803009537883,0.1328944569954448,1.153620199546895,1.0643684971799066
2012-03-18,0.5225048611622619,0.5117292186433554,0.40230610020864843,0.218541524574075,0.6344707864782775,1.0553620107062205,5.997024265347487,0.051359162251870275,4.4028050060255035,2.839441215674564
2012-03-19,0.42580936249948914,0.7526327138605945,0.500716474489773,0.65266820981902,0.521127833480216,1.0751737186829953,9.33983463291637,0.07809419879590074,1.9324727484062114,4.96457612406644
2012-03-20,0.20082133402965563,0.36617302615365904,0.4205078651594585,0.2537334778426017,0.4374727934996608,1.3272128699360002,1.0736543005341626,0.11917802417183189,1.195614409304974,1.0803118860158827
2012-03-21,0.3385496898830682,0.3250926948045688,0.5073318142230212,0.09378170446124011,0.44921145171048066,1.144972645587893,0.40596176228941677,7.619299454401753e-6,0.690438449624858,1.0109392569136808
2012-03-22,0.2658332760909799,0.18359367906792337,0.4389796293543975,0.15311706356525565,0.41636703552989657,1.085882828502107,0.9082395568138046,0.037053962068060005,0.9740794812379553,1.110035181713284
2012-03-23,0.4172392023918288,0.5654887654983575,0.456209855589014,0.4527648496622888,0.4487165991077426,1.0289739859011289,0.9799553873673189,7.619299454401753e-6,1.001496251473827,0.9856699162483207
2012-03-24,0.3495436996602616,0.6227984655272081,0.5433324640636464,0.5062762170176983,0.4369267507733542,1.2137683193901598,2.1483778746272204,7.619299454401753e-6,1.8206991360976004,1.3927977521714436
2012-03-25,0.3335288050004527,0.6679360021117273,0.5020197751098527,0.7980484000913959,0.4670923940527706,1.3977771826497793,3.9467863736292084,7.619299454401753e-6,2.747898625498605,1.759002966855681
2012-03-26,0.34175266881503,0.4102963600221689,0.40668482098539366,0.8550864631801327,0.5193704238369756,1.2257751731526894,4.811156746408012,7.619299454401753e-6,3.324298370477253,2.1558233206126283
2012-03-27,0.4930720322617106,0.6395349300875925,0.5051568555685363,0.6162837149658345,0.5066421857240777,0.9923765419804786,1.144160291275424,7.619299454401753e-6,1.3137675332201997,1.1177795173278626
2012-03-28,0.42883919328490944,0.3494364739551875,0.41120561430397345,0.15318263281542327,0.4529479843039363,0.8745678646362904,0.40533629007777383,7.619299454401753e-6,0.5983701837767162,0.7347215571290042
2012-03-29,0.2823676039713109,0.25611814630722896,0.44042021217412297,0.1633231064568078,0.3581003140972913,0.9425117654232988,1.4506330155500275,7.619299454401753e-6,1.3079954629378368,0.9998862420633029
2012-03-30,0.402522844037065,0.331685927181163,0.4922672730317295,0.1980763950705023,0.37828468669676385,0.932780984666883,1.2647070266301694,7.619299454401753e-6,1.1507534772824557,0.8937549170267988
2012-03-31,0.30314369869093116,0.16685728680896053,0.48345314576234,0.06020670218649919,0.351173085254619,0.6805774073445972,0.5183828070255162,7.619299454401753e-6,0.6467219621063564,0.7315219629978457
2012-04-01,0.21813480239151767,0.23623740246319114,0.462227180467497,0.11798615192036024,0.31467753443186286,1.4321713898363593,0.5383057646264797,0.06323508207330132,0.7145549974083524,0.7323800363263607
2012-04-02,0.3626153750049289,0.522379721983944,0.4076041572546595,0.16655264619821367,0.5747195883161275,1.2602489920784794,0.6608712989137481,0.1309754501988878,0.8669501774261213,1.0341724993623942
2012-04-03,0.29968103493616505,0.4853567930559787,0.44324454879684033,0.2157173971884191,0.40099421023118176,0.9540871671158837,0.7769680836271365,0.048284408778631265,0.9653317750879429,0.8812474341145405
2012-04-04,0.30236464422251824,0.5142651581464335,0.465294145874915,0.5460642941185749,0.39350402270344276,0.9580331507976501,0.5855103575192918,0.5578999653181196,0.7390789942879405,0.95896432763935
2012-04-05,0.40962128229613076,1.0300516915728268,0.40083708240900817,0.643932466199936,0.46751894156190044,0.7963227613517102,0.327330058782628,3.020030162929977,0.5864034143450717,0.7329216921699239
2012-04-06,0.3477257937096079,0.5837467806148758,0.3958235389345268,0.47233054039847056,0.4000557762279435,0.7723236936753507,0.2073831495513914,1.4168443838537501,0.46581852120269773,0.6292810258869006
2012-04-07,0.4194034046355655,0.8403720666217727,0.44908282951813555,0.41750221661903114,0.3788306262320365,0.9335982753938815,0.4329584558110295,1.239323172140455,0.5867872170654916,0.9643818284948906
2012-04-08,0.3256511626849424,0.4417406098418974,0.4060071922811769,0.28275977978401823,0.5831141052104235,0.8833411508915484,0.5446718634071807,0.04957828603155376,0.7045216197775755,0.7946044104073787
2012-04-09,0.2560511799294507,0.5097005722065974,0.378858705845781,0.2543795728604823,0.35489266503537376,0.7500404404646994,0.8055591754017271,7.619299454401753e-6,0.889224161542428,0.7500649386219583
2012-04-10,0.23917061933095013,0.5436807505746429,0.4485709384650271,0.17116599941178395,0.3700266989110148,0.7670537353129921,0.4722126063541116,0.055160793564482946,0.5801422849115875,0.7065071542433145
2012-04-11,0.17268703395474794,0.48484967526583267,0.5313291153032891,0.08667716708164726,0.3442118254831467,0.6178310400155533,1.0691406776100979e-4,0.2223237881091914,0.28053964912904594,0.4977712750803953
2012-04-12,0.12680646246623872,0.2292385525378062,0.48374693294502985,2.8593337487058806e-4,0.31556471197443947,0.5391815623315985,1.0691406776100979e-4,1.1511006593677187,0.22346361564187836,0.45663126898215317
2012-04-13,0.10144227843634075,0.13338444532627838,0.47173410585803416,2.8593337487058806e-4,0.278079500170936,0.5549585764029155,1.0691406776100979e-4,7.619299454401753e-6,0.27635554318934724,0.47212017581628785
2012-04-14,0.16558852838106797,0.1308485167779612,0.48937671095183133,0.0172468437608208,0.2971036148983736,0.6752797179630485,0.04132256070360961,7.619299454401753e-6,0.3214242827675767,0.49557158847428306
2012-04-15,0.1671467233310119,0.17700044669132922,0.4999251672805407,0.10765220073244697,0.3039966580256952,1.0185320714693602,0.1967813623437217,7.619299454401753e-6,0.352747213832471,0.528039996301002
2012-04-16,0.4664093867207832,0.4488409600086376,0.5563972625781999,0.4073629629967731,0.44045861869278163,0.6145186593062734,0.2911977990181673,0.009788309647048625,0.4903203245559648,0.6808196147426674
2012-04-17,0.2957855382120532,0.5883112570071033,0.4206737051683058,0.38136077668738894,0.36896881391532865,0.8787328410961275,0.5719352718160117,7.619299454401753e-6,0.6431147876544996,0.7727436454883316
2012-04-18,0.29258252188308354,0.38290955644260877,0.5397499841391569,0.6763815860239388,0.38731048211131097,0.8602560937359941,0.7048369547621456,0.16376547751060958,0.7601446586269585,0.8606684388087734
2012-04-19,0.45688694920415274,0.49296421719382144,0.40417326914173823,0.6332872570901329,0.4304091313686872,0.862817147730764,0.5429084623057131,7.619299454401753e-6,0.713242473263687,0.7526827455283648
2012-04-20,0.3377705980176474,0.5091935814916774,0.4097697808833409,0.4789591618725673,0.4135517777449107,1.017194134486785,1.1402897030395829,7.619299454401753e-6,1.083933729256692,0.9413667562554594
2012-04-21,0.3891914838695934,0.44833375458040464,0.452850106104749,0.6656082749058487,0.4176125660498168,0.9971808321637001,2.001495818056517,7.619299454401753e-6,1.7881523046985643,1.3306058130423455
2012-04-22,0.4562809680882655,0.48484954380870215,0.4267487802831745,0.81543340152926,0.4251881146748987,0.8514676352739018,1.0919459188847322,7.619299454401753e-6,1.423084677862664,1.1591014104688324
2012-04-23,0.5539287441600084,1.9404127832769704,0.35981351312500237,0.5827128553338164,0.5956035371586713,1.0206302400661504,0.6797781354700834,0.005492389471030026,0.976571318271106,0.915388401677429
2012-04-24,0.6043108159267215,0.6085978090127709,0.45481666440247953,0.8368307747589597,0.46190554833275654,0.7987273020549263,0.5369410295288994,7.619299454401753e-6,0.8168229169907922,0.8050757165679973
2012-04-25,0.3580272856946512,1.6736440459910655,0.4780461800819544,0.819989630736172,0.4498257110809378,0.8905940223145703,0.7386623068198724,7.619299454401753e-6,1.0299796135277042,0.9301137127790766
2012-04-26,0.3698869614105361,0.6557641454007006,0.3995150298511302,0.8390059333039037,0.4463621040303898,1.0319081261558205,0.5130921386366134,0.15081231673950357,0.9810058653802837,0.8968272059350464
2012-04-27,0.4038213055480944,0.7171310944840238,0.35862407525386847,1.3382579579793759,0.5386504891822556,0.8313685748949625,0.9712710416768401,0.2550556432125994,1.2868361649629403,1.1056720131326216
2012-04-28,0.29613179710812826,0.7080022512471776,0.415347335971667,1.035174435352783,0.502325476284482,0.7687414073918609,0.5100109981189305,0.00648822789030749,0.8664793039410374,0.7459018772022931
2012-04-29,0.29076461593242975,0.9651347207727857,0.5594680356935113,0.8673422330946521,0.4884028682920798,1.096961249678005,1.3769846703121515,7.619299454401753e-6,2.5119611008142564,1.5798632352372375
2012-04-30,0.38382430269389495,0.7277816197341341,0.42543621219339905,1.0350444355369661,0.5852809695051185,1.3660128246478098,2.4933514011426876,7.619299454401753e-6,4.14248831851257,2.4470568324363655
2012-05-01,0.3088571387627047,0.8591371995284369,0.5413895299320942,0.9802859104073329,0.5502355254268531,1.183695650351165,2.229685585758569,7.619299454401753e-6,3.231375779111382,1.7682384463736567
2012-05-02,0.2860900273428971,0.6395349081780708,0.5593306511361265,0.9953676512919662,0.5837283129853638,1.2379620607570805,2.1187922550169227,7.619299454401753e-6,3.3476703580165386,2.000153064700465
2012-05-03,0.2805496980206571,0.4412334920517514,0.3559941159776525,0.747478200623182,0.49179814813665523,0.9410620574305679,1.6003346358275752,7.619299454401753e-6,2.301315328745096,1.2838301358792807
2012-05-04,0.3465138688748413,0.6998874244954063,0.4611950664413196,0.5227424220513635,0.4753675557748645,0.8070877687749484,0.7901588987991434,7.619299454401753e-6,1.5471787532729582,1.1138709092840338
2012-05-05,0.27353772164383844,0.6222913258275401,0.39971407471053316,0.4338008316920136,0.3805027190026629,0.8974908429379753,1.4218164685274186,0.6438547759263071,1.7538203723291588,1.5401414925693135
2012-05-06,0.2288691273459068,0.605047699657966,0.41232874483173526,0.4687574026037261,0.37789225119510333,0.8296583743877641,1.0585667600374002,7.619299454401753e-6,1.6611668586830861,1.2156755845114073
2012-05-07,0.36261533760792103,0.37783791844119186,0.4161197479422662,0.4647083082361816,0.40490139868222996,0.8755115904202414,1.7389015352131503,7.619299454401753e-6,1.8097309751538988,1.223165545285142
2012-05-08,0.2644481918905695,0.6253342078445904,0.3450758820807649,1.04770755628207,0.4171006648141321,0.7438492363505256,0.751519877874303,0.10773678437942123,1.2515330278502819,0.9692175421256791
2012-05-09,0.289292968877851,0.5507810131032962,0.3394699329556196,0.6343897477074849,0.391541830453564,0.9671281507528474,1.1489587230884477,7.619299454401753e-6,2.158375392512177,1.355493316573966
2012-05-10,0.30877060208644186,0.5624458396622638,0.48277549658657537,0.9952940434713314,0.46153015409325454,0.7931255393861691,3.386341523760024,7.619299454401753e-6,1.5106732580751827,3.5331847843949395
2012-05-11,0.36287502243072534,0.5274515571710565,0.4806288910258139,1.1566894248178263,0.5732010585454184,1.4542052090628832,2.9548265795020954,7.619299454401753e-6,4.635752466545181,2.910959106633046
2012-05-12,0.44139142418995236,0.5786750987944154,0.38524183681216634,1.5860788164617123,0.6990333108175414,1.2339780860629856,2.4309402725617972,0.06828844238501734,3.2317916447140718,2.1135744789546838
2012-05-13,0.3221884989301763,0.41131065694912194,0.5495591309900834,1.2227141487926725,0.49893012273202525,0.7346775526258581,1.0020101594342667,0.11319572165910283,1.53259254655638,1.166773022680317
2012-05-14,0.5019018771921752,0.7764695504972409,0.3802850609397754,1.0354482618678515,0.49427222688064226,0.6804132474543838,0.6370481205502391,7.619299454401753e-6,1.2679273306356074,1.035863200681841
2012-05-15,0.3778511777993171,0.7703833263631842,0.4997166645660473,0.538567561257103,0.3441777429588299,0.8892524072212473,0.8527441683049031,7.619299454401753e-6,1.0489506197876886,0.9506018430984724
2012-05-16,0.32270786857578493,0.8981889063502908,0.44315449445800315,0.6080765107439047,0.34958638306448814,0.8321246444364896,1.5776752096170725,7.619299454401753e-6,1.6754330377560092,1.2509436862872603
2012-05-17,0.3150900232741026,0.75669007246267594,0.3853460779336392,0.5323860361255797,0.3394173931524288,0.8779543883148531,1.5923681812829222,7.619299454401753e-6,1.672262269190796,1.263687402457085
2012-05-18,0.3028840138681269,0.8621802349121394,0.464090459806502,0.62189276645588,0.3533570718901418,0.9474590663599344,1.9738636640799552,7.619299454401753e-6,2.055120587433124,1.3608744557279595
2012-05-19,0.24263328308571622,1.050845580463858,0.4161481829221809,0.7036682626928189,0.3375747182320911,1.263751666622759,1.2003017043014856,7.619299454401753e-6,1.5496338181880054,1.2495075168786425
2012-05-20,0.2469616501761818,0.6557643206768745,0.4488694955183577,0.8119337088859335,0.4026663030018081,1.1437733878993646,1.7504362066281052,7.619299454401753e-6,1.925530984100044,1.4280653042023488
2012-05-21,0.2095646422838574,0.4285543641839264,0.3986952262473398,0.5286429225549718,0.316042464348714,1.288481371640673,0.7547339439714167,0.30039905798277466,0.9017487249290593,1.18073481658447
2012-05-22,0.3333556568539112,0.46912759965239226,0.4606359679989504,0.5127698772648634,0.6345730414220162,1.0792769899954202,0.2814880748868255,7.619299454401753e-6,0.5435253210996712,0.794840722199938
2012-05-23,0.327209346415784,1.1304704132065688,0.518268922886994,0.3041688109742604,0.3730807702314389,0.7056113792344955,0.09572597288595903,7.619299454401753e-6,0.3629431953647838,0.547201042316421
2012-05-24,0.2164899697933896,0.10041867124184221,0.5226571219903774,0.2584224424193279,0.34931332484739414,0.4033056904194146,1.3236884250019945,0.012143431214598047,1.3260265758630345,1.2463446771239937
2012-05-25,0.9510123429871664,0.9483981247552707,0.44710200255157806,2.0849857112820542,0.999341847586224,1.5247579066900907,4.251516758486123,7.619299454401753e-6,3.534115116646726,2.3405980950159537
2012-05-26,0.37811090001912934,0.7039446954594005,0.5539471867926321,1.502974773619041,0.6610704350892207,0.9642334533963053,2.047917053623431,7.619299454401753e-6,1.9618986089040593,1.3397503490389575
2012-05-27,0.21683625860707095,0.3053132824985689,0.4088409662874368,0.23809288279667332,0.35357888101736223,0.5822503275375768,1.0691406776100979e-4,7.619299454401753e-6,0.2547228117086108,0.47839205885569414
2012-05-28,0.1643765998066006,0.22061672411635394,0.46136092692171493,0.07772218602552373,0.32247483321786014,0.5420063271877402,1.0691406776100979e-4,7.619299454401753e-6,0.24088550875482365,0.44201504298514654
2012-05-29,0.1654153802345265,0.12121241333907772,0.5315280987480486,2.8593337487058806e-4,0.3029558732584726,0.5455072594690341,1.0691406776100979e-4,7.619299454401753e-6,0.256803322040843,0.47075665127577154
2012-05-30,0.15294974845874965,0.27894074736358343,0.5235574811348189,2.8593337487058806e-4,0.31193043432472256,0.5786200322295906,1.0691406776100979e-4,7.619299454401753e-6,0.27935337258331777,0.47875559733617157
2012-05-31,0.01833780606533993,0.002682820936809085,0.5092889298146066,2.8593337487058806e-4,0.34327345044621355,0.6415641464075177,1.0691406776100979e-4,0.06823027268883655,0.2538867269649982,0.5170050444989085
2012-08-14,0.29909898790532896,0.3111705959495078,0.25154115492804147,0.028362589847348667,0.07963311047067481,0.4350367276417817,1.0691406776100979e-4,1.0744305636604121,0.20011297496842873,0.310187146923853
2012-08-15,0.20715729591390716,0.3253722822114665,0.21907788619206986,0.03226332582237528,0.05588089313490838,0.4753455062973526,1.0691406776100979e-4,0.49019681852546365,0.1746281236447703,0.44028931505902597
2012-08-16,0.27070269187252916,0.4460871741309194,0.19819238320893443,0.07412448653460849,0.11026186773913799,0.29895311506664335,0.04485239481454614,0.9182528708954486,0.25235156618157195,2.0331321070486927
2012-08-17,0.29901237643505035,0.5886118337358258,0.29576704749361643,0.17504993301228444,0.09833456894768632,0.8344017337626782,1.0691406776100979e-4,0.25359673546304146,0.22305683285255665,0.3821832374519244
2012-08-18,0.2707026918725292,0.44913040670031734,0.24844174211733697,0.23777421786755096,0.09597982326353703,0.2524481474889113,0.11937848738490744,0.16666825035719238,0.1291324768087695,0.32382278500397876
2012-08-19,0.21001422911273893,0.40753956158521176,0.21561829696911233,0.428323244040737,0.14184613712693844,0.48592242191242024,1.0691406776100979e-4,0.10104659418287841,0.24123511440737275,0.38112882664205383
2012-08-20,0.24334528471897823,0.4516663681129171,0.2563987870943655,0.3132780024479789,0.16783369337913503,0.5176115964269351,1.0691406776100979e-4,0.08242942757337426,0.2537606797590751,0.4027821806457972
2012-08-21,0.2561582101660385,0.6205658414430698,0.38061700708759194,0.3320667850043785,0.17866897305506688,0.4595135141495964,1.0691406776100979e-4,0.19911923108984175,0.20857353796841382,0.3512394294354257
2012-08-22,0.3230800062013214,0.5383985620693246,0.19903124582374035,0.2883312817965024,0.20963899781398646,0.23630753281170608,1.0691406776100979e-4,0.3077471287151708,0.41906567873324824,0.43472589618734214
2012-08-23,0.2060318591392932,0.4602888603928781,0.1931499134373908,0.3075583901135325,0.12019275171141963,0.49390445459307786,1.0691406776100979e-4,0.11901676093267889,0.3633141378635184,0.4134724423656232
2012-08-24,0.23867028476235874,0.5475281940489533,0.30666235325695146,1.5688917427934777,0.10396548254021713,0.63797525404354,1.0691406776100979e-4,0.11592722983694054,0.1663461709383292,0.46166991703367055
2012-08-25,0.19321887759672107,0.5353553294999266,0.20967540663848377,0.6865462024882608,0.11664356981067293,0.48725167177816375,1.0691406776100979e-4,0.054492812683799824,0.16632530501572707,0.3126960257956037
2012-08-26,0.15521285943087018,0.49680765122565373,0.2960087345871177,0.5546940858544027,0.11389636651249879,0.4924737179084142,1.0691406776100979e-4,0.08921912649906749,0.142230980817506,0.2923153313460054
2012-08-27,0.16568834099513255,0.5130382906576747,0.33350974416708756,0.6128662922789411,0.1062349113517523,0.4862529437196763,1.0691406776100979e-4,0.06828300989735821,0.12156960437478313,0.31882301177376976
2012-08-28,0.16231195213757407,0.5591940941744861,0.2711565416701049,0.43877531056704033,0.09855639281648297,0.2894702922104363,1.0691406776100979e-4,0.07733353433747017,0.15394236939187167,0.31431412151444527
2012-08-29,0.24559621062401724,0.4511592284132493,0.3893323181956796,0.4461396171302102,0.11143924058121261,0.7236847443172323,1.0691406776100979e-4,0.08469025308779302,0.1516553089700924,0.3276225828156405
2012-08-30,0.25719709904528726,0.271608506818769,0.3107190770581181,0.2248836042226513,0.09647466112469885,0.6840751454770838,1.0691406776100979e-4,0.10006522941800465,0.22848684728918,0.4009823156867169
2012-08-31,0.2021359884451024,0.1985709251532177,0.2525647937334235,0.3444914326775475,0.0958433162673545,0.773753801209492,1.0691406776100979e-4,0.07670835863339134,0.1478605215685291,0.4870504632484704
2012-09-01,0.224472099348951,0.4176836701498716,0.18843916462663782,0.299200920202517,0.0882842413537449,0.5890526787901987,1.0691406776100979e-4,0.10527013352621324,0.2401147872026132,0.6543870137677732
2012-09-02,0.20274200695799752,0.35580467363401147,0.19310255251152134,0.1948118678917008,0.0828410248809651,0.48519691456743513,1.0691406776100979e-4,0.12754385105608534,0.14111063858327041,0.3154595543806721
2012-09-03,0.20784991467797856,0.41971249186280374,0.2760473786869845,0.2061522303440395,0.09007589567864108,0.5221500463162465,1.0691406776100979e-4,0.06219121292671807,0.11916306963794616,0.3443852879613121
2012-09-04,0.5152744114653361,0.40043875131851503,0.2464560224508518,0.34865691686976413,0.09623577388137937,0.5218924575734221,1.0691406776100979e-4,0.09126185176472039,0.09312956729057295,0.3784744224291227
2012-09-05,0.3539869129619645,0.19958533600968367,0.21256155709982777,0.16158502654183166,0.10393135579117149,0.3864036584212401,1.0691406776100979e-4,0.05244281793321579,0.07452098181639502,0.3491486708639694
2012-09-06,0.3098341355938917,0.19147004915795574,0.25775893720272675,0.1976566000448272,0.0722958594258619,0.7536340998537909,1.0691406776100979e-4,0.2629598477551928,0.15746223761727307,0.4193995175202733
2012-09-07,0.2507040809469903,0.18335482803479303,0.21499745633853368,0.07648502427467686,0.10761704468810077,0.9188704182152511,1.0691406776100979e-4,0.26978587840471036,0.15174459407756305,0.3523849015691488
2012-09-08,1.3857767182025356,0.32385060019820233,0.2105331849634705,0.04517025654530406,0.9087424785345329,1.1427740548884513,1.0691406776100979e-4,0.48659842348454496,0.15695432148351696,0.37620177681493877
2012-09-09,0.5235855224993264,0.608392976894043,0.39347442882278166,0.12801769140951264,0.2738484761433608,0.7511330087434476,1.0691406776100979e-4,0.4379872207416374,0.1915306531730241,0.5252302498728224
2012-09-10,0.39917857920928607,0.3274011696529637,0.27740275892470495,0.25443879801119185,0.1598139073534093,1.1005141836698045,0.3358968266821707,0.5904791119373628,0.14687934727282037,0.40838188268403547
2012-09-11,0.26637395081198473,0.29747598365865174,0.15845451924966159,0.19365356817719362,0.0783021672578948,0.4532360922157246,1.0691406776100979e-4,0.2116881548349671,0.15514156126736414,0.38792846483134313
2012-09-12,0.2640364882306829,0.4328997672682963,0.25094874927737754,0.2617463194619052,0.07239823967299884,1.1299721484500886,1.0691406776100979e-4,0.0933990960353096,0.2923336296842084,0.6610957084356989
2012-09-13,0.30152302455990154,0.06974074638203683,0.23318636515731603,0.06348362747077993,0.11213883893664826,0.5201715615073388,1.0691406776100979e-4,0.05556142696867874,0.12386940478243923,0.3017330905816714
2012-09-14,0.28957580244854064,0.10930276978421051,0.22998744015268396,0.05774643330514323,0.09229413436660777,0.7364907402339923,1.0691406776100979e-4,0.07196865445828217,0.14371547222729522,0.33134965722420817
2012-09-15,0.23633274738704113,0.2305248671318964,0.1785485410154084,0.09983794718423565,0.09012708580220954,0.6331559610401635,1.0691406776100979e-4,0.046896200930749046,0.1454203608839117,0.3252954339166324
2012-09-16,0.5147550044227197,0.29443281681781897,0.1612174514647085,0.16060057955285673,0.13399702170038158,1.3284455451965196,1.0691406776100979e-4,0.13752486956738438,0.1939534548127876,0.39289179782501266
2012-09-17,0.8593197038492052,0.32131463878560257,0.3470637307882228,0.16297774615361987,0.20257476076153866,0.7226412739773468,1.0691406776100979e-4,0.0586364190945548,0.2140697372077975,0.36807497578668014
2012-09-18,0.2870651543236895,0.32892272020909746,0.18045370514124243,0.11559403330741294,0.15612821845648003,0.4459856889985992,1.0691406776100979e-4,1.4189750086538273,0.18944885030585032,0.43918032242933863
2012-09-19,0.3870582089513837,0.11336041321007446,0.2621710880170535,0.05491110885505928,0.19511802924112537,1.339456187502652,1.0691406776100979e-4,0.7056859248270445,0.1289747274280022,0.3743655501543115
2012-09-20,0.36931056132789175,0.2295104562754304,0.12257429328905677,0.1806750860436468,0.16810674422544084,0.7815073070618513,1.0691406776100979e-4,0.023052290356580137,0.3079453476508839,0.4421437618379231
2012-09-21,0.5435841334248653,0.3629054839007081,0.20941947134770347,0.08979647131708599,0.17312333948120945,1.2173262381899461,1.0691406776100979e-4,0.6353900212436645,0.3149236836821401,0.5049040587080483
2012-09-22,0.5244513006290416,0.23306096000162654,0.10604411210351426,0.032915120634057375,0.2575358532456035,0.7009580609786091,1.0691406776100979e-4,0.10375084257726586,0.13738542262640713,0.3405127274790602
2012-09-23,0.7349128727501886,0.25081308426121623,0.19127320476301934,0.1001276068364129,0.310398187517302,0.7401896371470427,1.0691406776100979e-4,0.14043266353984404,0.2169540940574852,0.41247261337556956
2012-09-24,0.5870443182067723,0.1772682971674319,0.19430154035971087,0.03457426842937291,0.33339961637406434,0.2521288535986746,1.0691406776100979e-4,0.06678551170237289,0.19654322892179638,0.3800379755956438
2012-09-25,0.7454749470862256,0.17168903745686892,0.12954086336816306,0.015434933263273207,0.38796828809804496,0.5007897327242024,1.0691406776100979e-4,0.03791838704077997,0.1045081331273276,0.2978059875470989
2012-09-26,1.181721627503423,0.12756223092916355,0.14005232760997108,0.028533938415844853,0.5511795022627656,0.4552297734295636,1.0691406776100979e-4,0.012620579480381236,0.08800800279121018,0.3068964129338494
2012-09-27,1.1760077386675547,0.15799449089457804,0.11842753562060072,0.08895419722365745,0.6523482129546291,0.21937029258236107,0.14586972264271708,0.08931337858987028,0.08198544124111459,0.2630623817189386
2012-09-28,1.3225776073178943,0.21530870428490648,0.16099470055293597,0.1548213489504266,0.7144247694686507,0.5208343473848367,0.12226500111284758,0.055517574546621075,0.11890915665949629,0.2681166582339719
2012-09-29,1.6051551954885208,0.20212136315084864,0.12095353014123947,0.09377408611958325,1.2064304789990694,0.15537530344685896,0.16028171683002013,0.11596334174912551,0.14375037568054108,0.2951152609001171
2012-09-30,4.56624841055237,1.042560757732922,0.1309957967429068,0.16465790227162141,3.366107223356153,1.0959845660859067,0.288841326591879,0.48713594144700256,0.23389035974967723,0.4989042994178005
2012-10-01,3.697997179308241,0.9818989885162558,0.24927393100755527,0.21021170842992778,3.0386540640144997,0.9184017494720829,0.29983466179590024,0.7231863227018127,0.26914775715684797,0.6924358825595575
2012-10-02,1.851372046855519,0.48057714325076306,0.1522082712877398,0.19840317041566255,1.2600262066897836,0.8537758917490579,0.18234833747827348,0.4001856478863601,0.13492682077465923,0.4767964634122159
2012-10-03,1.7121609744331914,0.48057707752219786,0.18457204830133156,0.18086745594836634,1.173361364342318,0.5903327823208858,0.09741954487180769,0.03018340386073521,0.08604230763645587,0.24249987876160525
2012-10-04,5.886676101283542,1.5923714419374886,0.23994914097792625,0.23836137240585148,4.281267447116181,0.2976893452514478,0.13043232786766992,0.1782918584463034,0.10883769433637332,0.4897594492812183
2012-10-05,17.902987314875084,2.9532034963390066,0.22534780949903943,0.28931886016790215,11.902589698400767,1.041163051334252,1.0691406776100979e-4,0.5205103822783786,0.28740691733218954,0.5023587395997582
2012-10-06,1.9440929167254795,0.7991021521810842,0.2649861510286108,0.25413476924485756,1.2919688437965038,1.208375047525365,1.0691406776100979e-4,0.6685898531292105,0.24276837145716415,0.5518105751686883
2012-10-07,1.1845785345243491,0.4907211860868577,0.19626830337291956,0.2993417781885603,0.79851300540923,0.9639042866824825,1.0691406776100979e-4,0.3770179564191019,0.424659248938225,0.5639918237219265
2012-10-08,1.1645799235988101,0.461810476677577,0.23924303635069907,0.1696861839901287,0.8428607526479817,0.5712398062219294,0.7924155995267754,0.3296936880214784,0.3486256305131983,0.4173450813828678
2012-10-09,1.3256079055659133,0.19299166544265475,0.12867360671653802,0.09881680473108796,1.0192107651952742,0.6183329327459361,1.0691406776100979e-4,0.3548970393802664,0.22582749672564584,0.38465583315712043
2012-10-10,9.843371532930878,2.091968788746989,0.19965206598277116,0.13393375393486848,6.102680149764391,0.5242984743605567,1.0691406776100979e-4,0.3700684073290803,0.35367994311700013,0.5825181499276202
2012-10-11,2.533662318302149,0.37812164674769805,0.18956712643968396,0.12590099889226625,1.4566472133386619,1.649531764281778,1.0691406776100979e-4,0.5095187954558303,0.33369114073796474,0.6250976239041669
2012-10-12,8.116909119945488,1.917997326863072,0.3137948042880009,0.1263893047697807,5.560048034541755,0.6452313680115632,1.0691406776100979e-4,0.25555952779611446,0.1496894935795296,0.47634190287538203
2012-10-13,1.937600010818206,0.6302027445794967,0.2177840843701762,0.0893922654246945,1.1327846228731095,1.0909382949324415,1.0691406776100979e-4,0.49491447873330874,0.14269372335603916,0.5183760691312126
2012-10-14,1.1609436255364,0.41311888702433985,0.1528907517487887,0.08079717645513283,0.694545901295624,0.9991573327286518,1.0691406776100979e-4,0.07377875620613827,0.1245734104904018,0.48855943459517476
2012-10-15,0.9273670937265351,0.14429994433228718,0.28756827447999117,0.024262582726076686,0.6492768055405213,1.0950874942330184,1.0691406776100979e-4,0.09425686385552243,0.1627926066275924,0.40692749315714793
2012-10-16,1.2824936244085066,0.2827670262398949,0.05495593152340137,0.026670183381739827,0.704101464736285,0.7960989531523316,1.0691406776100979e-4,0.10268222829238693,0.11150969971875334,0.3749473373790635
2012-10-17,1.3947802348376523,0.41514770873727197,0.11906734314022974,0.0618787600886541,0.8678074430542861,0.9803749392050034,1.0691406776100979e-4,0.13848442587746468,0.1266018587175485,0.35894818869838263
2012-10-18,3.6882140846466016,0.5282543877760995,0.09735247634047439,0.04456554186504218,2.158685741892896,0.4000493041066491,1.0691406776100979e-4,0.3257899903142828,0.1124804160040342,0.3896374648040523
2012-10-19,1.2222384433821567,0.31370649163354236,0.17777604715861792,0.14258722759751924,0.6408987255037569,0.5662194754284743,1.0691406776100979e-4,0.32152281836052965,0.33003788090267033,0.5567194834125261
2012-10-20,2.348913096354378,0.8787334044136644,0.12080661607834675,0.06795800695006901,1.7451717762910965,0.4849310016792342,1.0691406776100979e-4,0.23468882085795412,0.43146364383316765,1.6374075520426856
2012-10-21,1.0852779976888052,0.2198735531390035,0.270369840559131,0.13675213367486158,0.5079919907836845,0.8056582177970387,1.0691406776100979e-4,0.2442045766328282,0.14946913140147983,0.5601920259102648
2012-10-22,0.6412396880742497,0.5647732443374404,0.2859664372781286,0.20678834831661863,0.3383650215062645,0.8821082578481559,1.0691406776100979e-4,0.20164899614505025,0.3830569578176403,0.4351259534393517
2012-10-23,0.6380364473632326,0.21327988257197456,0.1377017230752354,0.21963535305562845,0.3353790046726522,0.5155309714504874,1.0691406776100979e-4,0.44346852228554345,0.45427292778861894,0.5164852213832721
2012-10-24,2.178621782039827,0.9720592032085356,0.15269168641783787,0.1257365674255445,1.5241330438461214,0.7292285041474219,1.0691406776100979e-4,0.14709151173677654,0.27546118916703466,0.4026549539578789
2012-10-25,1.9537893999168412,0.45369525555441437,0.19864261396002472,0.18486766821624076,1.0324007905553554,0.9411329094586555,1.0691406776100979e-4,0.20058766704593384,0.12506397258912935,0.35989359293860473
2012-10-26,1.0845856294846865,0.32942999136589574,0.26114744921167143,0.21257197098790429,0.5181789359356305,0.9059295179075803,1.0691406776100979e-4,0.1681730494387716,0.2123381612115168,0.5593193450731367
2012-10-27,1.7636725480292763,0.565280384037108,0.16232639520983477,0.29500417640912474,1.0578252185943582,1.4225924521387712,1.0691406776100979e-4,0.15625831653412414,0.19611296007121204,0.4755601655596178
2012-10-28,4.142382046994935,1.4980313418337605,0.2283856234223692,0.5796859878808654,2.871423190542643,0.7591560088023674,1.0691406776100979e-4,0.2122624284436965,0.3640123572231963,1.0214220291832106
2012-10-29,0.4991716712339881,0.08952175808312368,0.10095897962632466,0.13430530398197288,0.19885490826162308,0.3710037716920483,1.0691406776100979e-4,0.3637149089009188,0.20813052913195265,0.5723005117929126
2012-10-30,0.7261687417618131,0.4435511469897544,0.15667258360589859,0.15975830545942818,0.37947076443962097,0.9589119772853817,1.0691406776100979e-4,0.23577921219596368,0.15211802645949885,0.5257755968610349
2012-10-31,0.5583017258808894,0.3639198947571741,0.2786918113475056,0.23333811987729913,0.2652826989868454,0.8659351209285501,1.0691406776100979e-4,0.1352567902688659,0.18408955456393325,0.4586518958052694
2012-11-01,0.6703286140902232,0.5733956708888359,0.27405216022231327,0.4811131191962456,0.35694707321555696,0.2491021798209615,1.0691406776100979e-4,2.199710656286776,0.1800489149929157,0.43738030040027326
2012-11-02,2.6523552231682896,1.4386881971828913,0.12761678353214817,0.289403881945254,1.935923792890819,0.6516085586994667,1.0691406776100979e-4,3.7621475212811744,0.22987162814493559,0.5046131650956723
2012-11-03,2.553834301756277,0.10321630464541455,0.2543514685405056,0.1279571377935319,0.6833522539007723,0.5303342057013489,1.0691406776100979e-4,0.7793984706272332,0.13033746004237196,1.002659312649965
2012-11-04,1.3648259046620426,0.30356233705888686,0.07844320446141195,0.3940025023637436,0.7372384643517214,0.5240650353185623,1.0691406776100979e-4,0.6592120605597144,0.23863841170989852,1.1677234138925654
2012-11-05,1.001474519144785,0.08140647123139576,0.19884640821852076,0.1747561862960333,0.1954081066080133,0.4759667924384537,1.0691406776100979e-4,0.4024322327467128,0.16757785153124657,0.6330972375120036
2012-11-06,2.3586383378448086,0.9860918136912427,0.2090466639904486,1.4805660045334381,1.7068189858706562,0.6595012278078132,0.09109114008247471,2.286883556234792,0.6122566681860099,0.7593026171197252
2012-11-07,0.37029326120278233,0.17223248123405643,0.13223893353111366,0.13126983491972782,4.112899776990909e-5,0.5988699435453798,0.1888780131216328,1.188951975596989,0.4354368511549116,0.5769965902069614
2012-11-08,0.49334544178641143,1.6903345443748445,0.27466177425607025,0.11394317120421647,4.112899776990909e-5,0.3346746846673987,0.581427757192166,0.10362469047930538,0.23716052324992673,0.5105047031661972
2012-11-09,0.7825026969226211,2.142761786358676,0.41476090801296506,0.10049647284143888,0.22248126939005597,0.6665809376485287,0.1776506518266678,0.30003890289197194,0.28259357732794643,0.4821788591260901
2012-11-10,0.5763699780530424,0.7307017646104085,0.36321776775421666,0.37650905884802843,4.112899776990909e-5,0.7777285806267176,0.2208046244884384,0.8961874719963897,0.31558332738658723,0.47483379541359566
2012-11-11,0.26868572164886456,0.30617093072699997,0.3534219274093697,0.06388386152312611,4.112899776990909e-5,0.42205304509857167,0.15303589964442985,0.17968533863336458,0.22129836411377216,0.4328543287800708
2012-11-12,0.3111070175515227,0.08553656944564704,0.4357032809559299,0.037444234644766615,4.112899776990909e-5,0.3500993986441375,0.0905377338214261,0.03715251932682849,0.20807342714256027,0.37776627240137034
2012-11-13,0.1859209076020458,0.20675866679333293,0.3793878134706017,0.027658198248871488,0.0199219135757107,0.43788111715461,0.0914247274767057,0.07362352522640332,0.23983962755483423,0.3824024286161094
2012-11-14,0.15042553756104612,0.22552526763795375,0.43533360574549074,0.02990700257060071,0.042838025559858904,0.447464192726789,0.13853161940422984,0.04409487743607584,0.22307620083737772,0.39045650624127404
2012-11-15,0.18211164837813365,0.41674177981035826,0.38234503091018474,0.03332509084570641,0.09373807176143306,0.4250433249383601,0.08557480605018507,0.04040196339022073,0.22004345296068523,0.39172916579541917
2012-11-16,0.24305979596072821,0.4948514157582395,0.34445068101050175,0.05890580663648176,0.12583427923885884,0.3868375303008873,0.08302666344275998,0.041957648866318024,0.22678632720027275,0.3756573722466368
2012-11-17,0.3342222951148079,0.43753720236791094,0.2767517432326474,0.21804442100308133,0.2153998584012634,0.4085710753414356,0.11583438846795437,0.0015829295587161372,0.2485078277764683,0.39074739985365
2012-11-18,0.5221746081855648,1.0608925641186537,0.30787383898508186,0.5569082307883237,0.39123796971287145,0.6228090725354097,0.33132743791187824,0.20867599743629295,0.3692727740420886,0.5337761921562784
2012-11-19,0.37742275767690264,1.5503460214587115,0.40895544318281707,0.4536826429396504,0.31670522350507196,0.9702067294486778,0.284881929363449,0.09589723961610915,0.383972954285485,0.5406667738669315
2012-11-20,0.48667923814456515,0.7788865651163256,0.34886758122392153,0.34326206007103516,0.3047949512342024,0.5315072326527029,0.1424435337199141,0.06757532632435241,0.24018525540605176,0.47021593785211907
2012-11-21,0.2989866472936204,0.7509901570159021,0.3926290357842228,0.2761505972813376,0.46377444851726357,0.44187578740758954,0.1019504423630181,0.5072556776200293,0.20079820886078736,0.4711613420923411
2012-11-22,0.5727338669756716,0.7824368935663478,0.3389295659795009,0.32617509575001735,0.6383327330317787,0.9425628476061175,0.1604803300583331,0.4806129054415484,0.29625336713994216,0.46121637745173977
2012-11-23,0.4048667389037243,0.6145518968212264,0.3794209773780616,0.18077341958524606,0.6127718717044747,0.9860880131200725,0.224701146721866,0.1443992273759043,0.3030496461178103,0.5807918722565518
2012-11-24,0.4462491459271337,0.879820335787083,0.4076379557801017,0.22731517012069014,0.8162696025557532,0.5000726221188846,0.1435714522195517,0.07230047582876792,0.25320253511631324,0.4510168809003095
2012-11-25,0.35950192450986135,0.8022179052674346,0.3507680164222103,0.19140175176379864,1.2592689319172243,0.5789818179782021,0.2434044534423187,0.5436175470406486,0.2938874771162075,0.5955910847861816
2012-11-26,0.3842621094652904,0.8813420616193907,0.459095791099106,0.7889215861191831,4.72098382744419,0.40953657941270866,0.47331459085616295,0.7700037525615042,0.4514463342252704,0.6322073182440126
2012-11-27,0.4845148863127968,2.525702059950761,0.27660006953488775,0.648162909632757,4.7647346145522285,0.6112076336904269,0.9482749607290955,1.0185548531499045,0.8179501777938425,0.8446687403831448
2012-11-28,0.4834759974335481,0.888442828067044,0.25192327683955196,0.5999639528946585,5.151322943696423,1.0133228987267269,0.5622938486655037,0.35988129970502475,0.5179013669652156,0.7834902167978104
2012-11-29,0.7947963649150965,0.7266442964607184,0.18991131457309374,0.2570775231569176,4.1666976854000515,1.0557232882947944,0.28752744073294795,0.44803835916590073,0.2978990947689455,0.5517751558870518
2012-11-30,0.6084889592364834,0.6110014588235954,0.2194837141559499,0.05914713184201902,6.387426962676144,0.81993294141079065,0.25384303142555376,0.17967075256100812,0.27092158602016975,0.49037846209243535
2012-12-01,0.29586998065587405,0.7220794476066213,0.1514056228410182,0.03724778445385717,5.3317672079267355,0.7583707321577321,0.15781426638331747,0.04659558025239112,0.28047346933611106,0.45928920726974864
2012-12-02,0.34019590617048834,0.6982407924796705,0.2219575369369827,0.042254734815725274,6.240204314709009,0.7558033140634449,0.14853952914061241,0.21647618930924487,0.24143200054381056,0.4532349446946766
2012-12-03,0.32530516556792266,0.8316357105573398,0.1991716396986541,0.10585582708358549,7.077965145341403,0.36563082622875387,0.36258164782631885,0.33241720447614126,0.357743512658666,0.5151407808459437
2012-12-04,0.2793343326611645,0.839751216504285,0.10542152320275225,0.11843011688050895,8.880437575977163,0.9336211425955696,0.5988902849076864,0.49941907865926233,0.5933389163695457,0.6628056508283184
2012-12-05,0.3806259983879197,0.979739805148983,0.19914320471873936,0.0664097755669509,7.737993424696808,0.4516087701908347,0.3307275674946074,0.6299427277005378,0.3444454823355297,0.5061412204455644
2012-12-06,0.6496982181133514,1.088788972219077,0.30004472071034793,0.09985722348643501,7.779969326022948,1.074531380197483,0.20409059490820933,0.18238957132692066,0.3056661276057847,0.47365207938081444
2012-12-08,0.3130982212367496,0.7246154747477864,0.3132290730641396,0.28079600988639986,1.149653813982624,0.2835317646253909,0.700692033112041,2.8168583054669223,0.9968857592981938,0.9983696528223219
2012-12-09,0.41006118329996816,0.7925810021310079,0.29757560638531255,0.22061833602165154,0.8537577995284497,1.0774248676491736,0.45591874739916727,0.2630881235476064,0.39682901781583385,0.8719581581266735
2012-12-10,0.34919960979064435,1.0167658014099916,0.2432790429454772,0.30801709019357615,0.6476323090006567,0.8857108463350494,0.5988748928254297,0.1449589777156028,0.615691254154399,0.635207119354144
2012-12-11,0.56424960779514,0.6125230093797291,0.29535292855287143,0.1318790112777143,0.5766146179445583,0.6510406051642074,0.3244470221149962,0.14755419953685436,0.3895665244904617,0.6441520979347064
2012-12-12,0.44053525709126545,0.6906327110561757,0.2910639959848418,0.2890716165140243,0.3966640859571878,0.5082561039572703,0.25015672738605416,0.15122528942708466,0.34841426598148545,0.5396304261053457
2012-12-13,0.46183247911586534,0.8899644443517429,0.2693349628739986,0.3498232687105065,0.38045395386838937,0.3615495751846211,0.18078837762516478,0.16121356172248344,0.27007843241298174,0.4683614910732219
2012-12-14,0.4362931275009997,0.5673817919955578,0.2870973060509645,0.1690552307651853,0.3448767811343676,0.5720028448153993,0.20378299687876703,0.17444402429717476,0.31933759031085673,0.5102683913736379
2012-12-15,0.339676461730864,0.6749093427809529,0.32303443267872045,0.11243590941894444,0.28761209623578127,1.1802633922692265,0.261425879845362,1.0805054508356509,0.29791302208343146,0.4419447541668213
2012-12-16,0.3032287768838862,0.5694105479799245,0.3148404090641882,0.05153049007848331,0.19360996598956204,1.194450494573653,0.1240427090994055,0.18369806291369611,0.20966580013153663,0.4207276620466494
2012-12-17,0.3666009985180612,0.5699177534081575,0.30236691073671673,0.09665316858900583,0.22120147944690374,1.6337761413282303,0.17081634583591282,0.25030836903864634,0.2625955067720049,0.5811009074522051
2012-12-18,0.36798618369039293,0.37109322554082336,0.35111394463718437,0.10618439179013137,0.10587013104715859,1.2264115831044309,0.14620161580055582,0.17996881714401666,0.25602196462940463,0.5797373829116889
2012-12-19,0.4508375718104825,0.7068632847596314,0.24755374778777556,0.24811896337802283,0.1145894785743793,1.0381270612891844,0.16170567268724684,0.09159368883603752,0.21289227795469348,0.4631799093352779
2012-12-20,0.4517033125431898,0.531877346290683,0.3285507983106283,0.14117830884288415,4.112899776990909e-5,1.1551389920907478,0.17215450467635937,0.07432869352622126,0.21448695546333296,0.47834281741537016
2012-12-21,0.5265898859223721,0.7870017424204448,0.36072023892081434,0.3266825017047462,0.02212308888915457,0.5804552401060169,0.17583569278636074,0.29711656680948373,0.17064289274217517,0.44956249137342197
2012-12-22,0.41819914618741694,0.40913363265829805,0.31642801854031943,0.12483258747584908,4.112899776990909e-5,1.1141717590170463,0.3296560349538553,0.025056096401396454,0.357541666795127,0.4904148237939823
2012-12-23,0.8002505689281604,0.41927774122295797,0.3001016111417252,0.05128572306343238,0.09539321909014668,0.2636939227038299,0.11573696433867818,0.10204720816702986,0.21759404413846314,0.469306895313444
2012-12-24,1.2433366385307534,0.7134568457790518,0.2980684998420488,0.08838535652802311,4.112899776990909e-5,0.8364442467363125,0.12583204419845948,0.05409768870133696,0.2735600606414511,0.4488897606273061
2012-12-25,0.4164676647220023,0.519704416013091,0.29201184912021355,0.048949048897479176,0.05899704123297012,1.2499178565348885,0.11983342861327545,0.15213392794098413,0.29547058192827774,0.4765610155045746
2012-12-26,0.3390704432179688,0.36652837668672644,0.3532133837517806,0.04056513032737707,0.07723778859786547,1.1853580596167403,0.09232706892048007,0.10329030579108775,0.24469444891301384,0.4206367185252856
2012-12-27,0.1800338706196361,0.547093574866238,0.36912278572138796,0.06206531050214005,4.112899776990909e-5,0.9565819667210008,0.08572348913540795,0.15617579610453206,0.21637390618316285,0.37767540741499916
2012-12-28,0.45005840515104595,0.6201311565317894,0.33727560821690195,0.2008790094522268,0.12678986506607745,0.5717375368796239,0.10631867101368897,0.3220945201730782,0.22010492351778682,0.39182003078179034
2012-12-29,0.31560886936160076,0.5831051602707806,0.46678746340181154,0.18163328906563295,0.0791659499189442,1.1221455401466187,0.13078984496676177,0.2604492879569342,0.23291579842343668,0.40789198140055777
2012-12-30,0.3053931287156545,0.4527532994863356,0.37453961868782026,0.19253933826469075,4.112899776990909e-5,0.8593303713362291,0.1566094317661586,0.28149443113177935,0.2212600890480626,0.4914875332571152
2012-12-31,0.5209625711597745,0.5912203813939434,0.2618944559914325,0.20041110500566175,0.08418258202865349,0.5683520053230393,0.09348063350825171,0.11429629341618232,0.20024612610670464,0.41629153445791517
2013-01-01,0.3927752391359149,0.6345017586334909,0.41083688078473374,0.1495239445683722,0.011117182838782689,0.9638032596274058,0.1201068982991818,0.06320635646023301,0.23454604569209414,0.4362903917737737
2013-01-02,0.6146355688506738,0.6120158039514961,0.38400373807187665,0.10953562166152575,0.15168532849487282,1.0561353818871198,0.11972577262500281,0.37226112263695194,0.20613312178270335,0.4620164134207664
2013-01-03,0.47490516417974565,0.5450646874247408,0.30655633111081876,0.0961959189761459,0.10284991375661934,1.0153033677795904,0.10650322097260197,0.23072434523246801,0.22823030916224432,0.4009832581066273
2013-01-04,0.4904884973684772,0.855981614931567,0.4932793863556919,0.23542417635870125,0.1016042874164534,0.6148365739049797,0.3166540219419028,0.302903061113847,0.21689813430827373,0.4470717540849486
2013-01-05,0.5720412743895058,1.0208234448358557,0.3637201190660434,0.954560315989704,0.10358363886110061,0.49961919817684175,0.37067196987609613,3.5784154346658674,0.29492431057160634,0.5486116878524626
2013-01-06,0.6712551623577634,1.1293655160253253,0.24763903225597192,1.1281247645581252,0.12390615477172073,0.4671609113465038,0.7090131256612631,19.36231633850432,0.3149037445772286,0.42230935679644765
2013-01-07,0.758868161904751,1.1070482580878562,0.38959597125998596,0.581539386714836,0.16893640013744457,0.39543976020828,0.16905265682499293,2.1745556791894844,0.21805324974029597,0.3900383074059873
2013-01-08,1.2786586734401724,1.2216766848685132,0.31430960230089894,1.202710254297773,0.12742113621554052,0.49194266647111695,0.14980077186353766,1.7695797704509564,0.19538198647336535,0.4330542788710831
2013-01-09,1.9316870951063354,1.3221035787538638,0.4368643862048882,0.5663309671775635,0.13462195397205215,0.5229392914487939,0.19481074173600604,2.0925120367440657,0.2429188165125644,0.4117281016462702
2013-01-10,2.664969495709426,1.5239713391905956,0.4836209715113255,0.5952406895135549,0.0933627143758717,1.066956020735417,0.16527920480897554,0.91609152898885,0.2407268175268897,0.42583644184650693
2013-01-11,1.909091448967714,1.277976706497593,0.326247564937536,0.5915659512371056,0.10778122899371453,0.49861478356555355,0.12886722550880586,0.5200134698060483,0.232237317775656,0.44499905856177696
2013-01-12,1.6669437660294795,1.107555573063698,0.32562199537941217,1.2996442441781726,0.06297280749678734,0.4473874605611247,0.17567162869232167,0.2889747468267631,0.2043482212053477,0.4599437178975947
2013-01-13,0.846308088099213,1.068500689361192,0.3416403673980375,0.39346816516458466,0.01807906912724606,0.3211495697032682,0.1347991834117222,0.592453887772982,0.18407995573855374,0.45565303711504845
2013-01-14,0.6287473297788424,0.7839584441224816,0.4074341615216056,0.27166931791609955,4.112899776990909e-5,0.8791642689679753,0.33922302908157215,0.37481290339792805,0.3597904772003234,0.5092501851953293
2013-01-15,0.4092820166405316,0.4816640088956164,0.33149378802448,0.1830191087914722,4.112899776990909e-5,0.36629438644535656,0.2871839426094941,0.16760342641629836,0.37492786490242036,0.6055359708917905
2013-01-16,0.4260773868550534,0.49130091203204335,0.3726108099242602,0.10953091781000454,4.112899776990909e-5,0.44978955725654135,0.35692655251146954,0.15712811433134397,0.4482789723412984,0.5227585965875369
2013-01-17,0.45447368288785317,0.4699982840462575,0.4204621112500925,0.06522763125640385,4.112899776990909e-5,0.5758055273665873,0.16557143290304216,0.3736568668838988,0.2533092443963673,0.46472532091852176
2013-01-18,0.5823435891087227,0.9097453903242645,0.35511854787761465,0.09182479378226652,0.04643839758417408,0.5749070762221689,0.1773737936679769,2.828002253157228,0.2571910073759128,0.45827107962643265
2013-01-19,0.4260773868550534,0.5952780248198074,0.4487549367367862,0.11016263015795998,4.112899776990909e-5,0.4098012339998644,0.2038906528670397,2.8457324484001445,0.2997535818204773,0.4652707464417267
2013-01-20,0.4567246087928921,0.34218251613154266,0.35864923478613286,0.09349178724946948,0.0937551351359559,0.6294148142497086,0.16320273539847227,0.22761300882210247,0.296152519355553,0.4635981081705647
2013-01-21,0.4227009979974949,0.5967997068330715,0.40552901786731943,0.056887341925843694,0.07298897148774244,0.5347546172733754,0.15957797754111827,0.1704239865695842,0.2735067560996776,0.446635335131392
2013-01-22,0.48338942336027735,0.6886038893432437,0.3000968412710843,0.033650205609277783,0.053946282374215185,0.6439646218304337,0.164243550215354,2.6942001449161612,0.24319951702718556,0.4622526466783331
2013-01-23,0.2541412773393818,0.5729610517061208,0.34396728635195145,0.023191026371466653,4.112899776990909e-5,0.4292156092234986,0.1371268205990204,0.6265622916009025,0.21455078063835126,0.42819995244706205
2013-01-24,0.3450440542736492,0.46695511720542476,0.32035677469609597,0.03166343157324006,0.020809209050897375,0.3971914604518752,0.09496234843098243,0.2614015747820833,0.2185218187057166,0.40572842089101496
2013-01-25,0.5024357194798381,0.64904186594107,0.3723311890526582,0.0522092816089552,0.30803702924747894,1.0818928042837561,0.14020813829175102,0.5790781573381193,0.21586360537253793,0.4355450161595564
2013-01-26,0.43975609043182895,0.7276587073171843,0.33285395860438916,0.10030975569200565,0.020416751436872497,1.3820331747828039,0.13115385110197048,0.2872809693984704,0.23177110342815208,0.4382903638938514
2013-01-27,0.3407153506101127,0.7246154747477864,0.3066084516715551,0.12462138860927656,0.007312079803346194,0.4540144482046109,0.13762926688701504,0.1163244797119729,0.30822459531615226,0.4325270734661478
2013-01-28,0.32617090630062995,0.6338257030940803,0.3994723671454842,0.11275883085924165,4.112899776990909e-5,0.4602078785437112,0.3947894802873615,0.26153970755644024,0.5419295915277073,0.5211222414829292
2013-01-29,0.2892903510872985,0.4299291209444161,0.37752056265132067,0.0595638686864169,4.112899776990909e-5,0.4391902584017262,0.1189515841078155,0.2637714551311344,0.2440971775342322,0.4488351788074894
2013-01-30,0.2741398882649206,0.5744826679908197,0.32164584759044446,0.07592687365774467,4.112899776990909e-5,0.41668704448912325,0.1685912265605081,0.1359520858859091,0.2262459173392664,0.4717794910186401
2013-01-31,0.2543144254859232,0.21588836450152685,0.1694428579620408,0.08157462686563778,4.112899776990909e-5,0.3960666119116966,0.1589216990180811,0.9964337037387644,0.2637669542346833,0.4496715764780629
2013-02-04,0.35362621882084294,1.274776382657334,0.38440301514045605,0.07476729970103867,0.35031107895350916,0.5423720330280697,0.9324206730671436,4.734997505483311,0.3362565721055753,26.36655194667631
2013-02-05,0.39665353323639624,0.5332420465806949,0.35822389743718536,0.29184678046540163,0.4225403064546685,0.5576998336262258,0.10783965235633482,0.7788626273154512,0.23471592886987044,0.3992089955551158
2013-02-06,0.26618640481740474,0.30601394900374773,0.38610438500779404,0.22018776416035865,0.4215336042117628,1.1083480514023816,0.20810846654639778,0.49291720109418213,0.20021847187074698,0.38304625848496976
2013-02-07,0.24789044226419557,0.11361401592419094,0.35198713803767573,2.8593337487058806e-4,0.3921049955206985,0.8163492274395763,0.05186819227995565,0.18147803443954755,0.21000812149802,0.37210751204874043
2013-02-08,0.18504918334807574,0.011226154114730883,0.41758475331853484,2.8593337487058806e-4,0.40652461575676085,0.9757211127890796,0.032660375846610766,0.3098629225099221,0.19691562426988377,0.3969837065414348
2013-02-09,0.237790108784605,0.2694951581709721,0.32091245438998023,0.0056643698683966,0.3889766119143395,1.0203768859903055,0.05347805348520916,1.1053204735317992,0.16205377261376427,0.4019362017061335
2013-02-10,0.12576326919138153,0.2610417416702628,0.43248341355788333,2.8593337487058806e-4,0.3158886138880597,0.7130838967842076,0.05469828904337703,0.46629655766745487,0.1812240396674044,0.3661684603077276
2013-02-11,0.1683577020214788,0.16805407252437304,0.3243910002662142,2.8593337487058806e-4,0.3205525537857098,0.3651235857189287,0.03907631330378354,0.2365298155616429,0.19281797288633026,0.38233724457229945
2013-02-12,0.1942606647440815,0.591874928355864,0.4248337693428415,0.16905119114629968,0.2967730645338594,0.5064224205609565,0.051363681902656985,0.13577912552737445,0.21121518881897003,0.38688976101998107
2013-02-13,0.09312483234921361,0.19696478193365377,0.36916661530525935,0.08056661452944529,0.29640784198197784,0.4593754640060723,0.0890850977533759,7.619299454401753e-6,0.22021759449001296,0.3563022662646461
2013-02-14,0.07601202511259939,0.3164961872173891,0.44441977941379085,0.13570493703547817,0.27900894918344277,0.30275584601402544,0.308840407452026,7.619299454401753e-6,0.413633575199452,0.46962959559779954
2013-02-15,0.17588964639603238,0.3095643870013787,0.41707007813492364,0.061084912621088436,0.33041518425990013,0.7677466236231884,0.5466392815759118,0.012418880320079912,0.49460402582371393,0.521984320096064
2013-02-16,0.1678036279525461,0.17961835628808534,0.3644340847676314,2.8593337487058806e-4,0.30338001789067187,0.6715250202382599,0.12303097313720433,0.018408935903346735,0.2487492011620555,0.3991217431784015
2013-02-17,0.3771744041474897,0.37600829809990116,0.38684211817639497,0.13928954301001195,0.39626845890426665,0.9948491035344302,0.5777893169917643,0.05543484686605471,0.7238145574148497,0.6725521575427658
2013-02-18,0.23649149768554406,0.39325328265982296,0.3265473093406399,0.1681636543432764,0.3796771096533429,0.8451224102721676,0.5970788184305043,0.015370291202126431,0.7931939755090661,0.6935751896963661
2013-02-19,0.2492525160856498,0.4482343510802797,0.4226234153821849,0.09066320354061737,0.357286571716862,0.8085777424011279,0.10357709533340394,0.026934587830598357,0.26598435303490614,0.41978979716571146
2013-02-20,0.10039705450395502,0.18732787879722684,0.3111023658478541,2.8593337487058806e-4,0.30824989760869675,0.8245422191300925,0.03966078122976364,0.16313709569676196,0.22463285377157535,0.38675515204276395
2013-02-21,0.3747503300959092,0.33678440434670887,0.4555156858741628,2.8593337487058806e-4,0.4623833965272769,0.7485922327539842,0.04994726262901581,0.09209243516547361,0.21851470475371298,0.38386435750228093
2013-02-22,0.10922760997756957,0.2892761698720589,0.42196089468025544,0.02011497859194788,0.31574068217027434,0.581937881708798,0.09205874174032909,0.01771106534995643,0.21923877481222095,0.38968230828479383
2013-02-23,0.3249528857535769,0.20234115947292355,0.434914921649583,0.004536022979022833,0.4466577463423165,0.8578017533491018,0.07598560745963294,0.09557014419587022,0.2238307807322955,0.40856133514199416
2013-02-24,0.4205479774591179,0.3633281623940763,0.41432136340983405,0.17483256356008528,0.39134845782695227,0.48203942587720827,0.09335589784539443,0.00539655787658992,0.16774363166205739,0.39151853494542116
2013-02-25,0.39968362580087186,0.5829481128189632,0.3901721634447806,0.31490225457844867,0.4323062321885827,0.7522251898526431,0.33205547232917654,0.06676554652518402,0.30921830419489826,0.44112202158495006
2013-02-26,0.4611512178230908,0.6017147136635841,0.48590651746710584,0.2617495592904746,0.4740717712214684,1.1958571299536804,0.1723937618605822,0.24417731370921172,0.30977538675468486,0.4789684271659607
2013-02-27,0.291916219393466,0.6843891984655622,0.4137971894280368,0.49346493172756,0.40461359151808624,0.7308240056747247,0.10887635671211315,0.52798225720641,0.27037020464163675,0.400838046905417
2013-02-28,0.3194583303689972,0.7215843362343877,0.34214863498718273,0.6195426571681899,0.43019044745563423,0.5207578088039485,0.12679078710393593,0.7236748854720126,0.3186418758638561,0.40141496496063145
2013-03-01,0.5679836242391727,0.8122050321088423,0.3908767122343738,0.6723063154682459,0.5429395507955727,0.7240611215183496,0.08334285446200887,0.16272275075651788,0.20103724766775927,0.4047906345450693
2013-03-02,0.7181376969199286,0.5792962994642509,0.3827158729988493,1.1053351597242878,0.47658005042238233,0.24363224838479333,0.07691256294688933,0.14640422354373958,0.2741612396840094,0.37569027840851194
2013-03-03,0.5043516803851855,0.748804353579718,0.4132977041329041,0.9703645793126116,0.48060700680976803,0.38492225092140725,0.0450185030656964,0.07287920313532792,0.23801665230478328,0.37093781186981806
2013-03-04,0.44308610699960094,0.9346105503636806,0.5610284794256925,1.0548206744628525,0.4759430669121179,0.6088674841233925,0.12417259391208246,7.619299454401753e-6,0.27401991251075464,0.4103115659857879
2013-03-05,0.26843733072244375,0.8071329778265123,0.5625482666639134,0.7514233358053772,0.466239645461553,0.8836445708301373,0.24240810291830983,0.06235295661131142,0.3949353038317751,0.509621420105076
2013-03-06,0.23422325696585092,0.45797269530235313,0.32413981437452694,0.3455370568478345,0.3697769618675667,0.7825315157165054,0.19363186326331447,0.7338251818688533,0.3476909974950343,0.5476375398049701
2013-03-07,0.1459350170443595,0.39629651522922094,0.32789798112236296,0.07778339438510234,0.3379059688214778,0.6656073756109465,0.37625360841622774,0.5366579274373768,0.4532917033946567,0.6653221475943456
2013-03-08,0.2885225157212533,0.5937683492244554,0.362021553800756,2.8593337487058806e-4,0.4075530618246525,1.1713662359553003,0.18934020745351024,0.16020266997410754,0.33391227442911914,0.48618618565554433
2013-03-09,0.153813257711996,0.4201352360847369,0.3051262911382178,2.8593337487058806e-4,0.36351813083417234,0.8018024688190762,0.2625162195174124,0.09098748915677035,0.4571143003367636,0.5163664764745486
2013-03-10,0.3036210340996688,0.03516625032732826,0.3216982138097546,2.8593337487058806e-4,0.36322464816316796,0.9613966862840396,0.22103465971143582,0.18277491055126457,0.3430416791729025,0.6627150214469247
2013-03-11,0.01991204807137048,0.002682820936809085,0.39009003159494776,2.8593337487058806e-4,0.2982109431408412,0.3865999775823989,0.19249160895099066,0.23514621747785527,0.32534692592201603,0.39285794924322703
2013-03-12,0.068364647393784575,0.002682820936809085,0.36998648032369313,2.8593337487058806e-4,0.31319823936637403,0.28938758311480695,0.10232302155584051,0.3098716710131697,0.2245841432396521,0.3344670252181751
2013-03-13,0.1274254801790772,0.002682820936809085,0.3674292155137674,2.8593337487058806e-4,0.32504364133090435,0.23641460939103895,0.22167862678335576,15.486489501478948,0.22649731037556287,0.5782250345603052
2013-03-14,0.16731881314223,0.2142097664935756,0.3707068331481994,0.021266685051979865,0.39926593731342236,0.8822436703991046,0.32941334943246225,0.14469441242643682,0.36890655580866344,0.4945493770113549
2013-03-15,0.5252737730236176,0.838579714376958,0.3835057471997345,0.19046709511095472,0.5254267793204166,0.46849134691900163,0.167512850633544,0.12928313263389732,0.25274659091078633,0.42456527445722014
2013-03-16,0.2708614047740242,0.5043312714428488,0.4450737839518294,0.22532336689469742,0.5379911721839548,0.7062766333178897,0.2325693798495289,0.13453168819352182,0.34926227911926755,0.47858666856721355
2013-03-17,0.5575947354466851,0.002682820936809085,0.48456616334548136,2.8593337487058806e-4,0.40047740005060206,1.1008487707573604,0.24001688867988347,0.12484582647125882,0.34227717982378253,0.4960621965726937
2013-03-18,0.4997632545018368,0.18834228965369285,0.2900794578357859,2.8593337487058806e-4,0.5397486629058645,0.4800285398163849,0.14310317856885488,0.3918714296348683,0.2872154418071347,0.558891447166271
2013-03-19,0.41457436640343753,0.48624092989619094,0.3790066946649341,0.23332388632082282,0.44850516067942225,1.0045622196800184,0.27038103759603355,3.053816414587412,0.3736089882992053,0.5189359843605417
2013-03-20,0.2950328860312123,0.8264067840993662,0.4181686018622121,1.2866616139795954,0.5025163059891885,0.5070053285201769,0.46003100239987826,6.877137508829599,0.4666643801155772,0.5363944702726401
2013-03-21,0.24558177537897077,0.6717091284883026,0.33384089192453936,0.509903686330878,0.47518085371151103,0.7646946870321819,0.43916711241509404,3.4440228652589138,0.46269279096742283,0.8011694645739448
2013-03-22,0.26601325667086323,0.8149099816626066,0.41013351934491377,0.50099339864209,0.4827683430133649,0.36798876139710107,0.16496987932281956,0.49061542781151196,0.33068344198804556,0.45891490949529296
2013-03-23,0.24861186794344636,0.7604700127005116,0.45770839336060304,1.0141295120929734,0.4946160004390632,1.0240182398286317,0.11762711868385714,1.7947439733567696,0.24631833370347098,0.4718961154825651
2013-03-24,0.25950288636090435,0.8884887285150848,0.38996112225835816,1.1389971141177544,0.5056151327351429,0.9019010429130576,0.22073114113746356,1.8525699280959074,0.2717155431423751,0.4606021552750679
2013-03-25,0.2521614049475463,0.834522005222529,0.3927344642554689,1.0321218119404938,0.501236663461799,0.5604415022171857,0.43686002753331254,1.2871448306296993,0.40546029562460406,0.5734361277850718
2013-03-26,0.1377682098447234,0.8439897668511391,0.3856667852017054,0.47330736904578863,0.46060873186902224,0.9519283822860473,0.27561742397974054,0.23459372720258911,0.3693271306471866,0.5311050599899357
2013-03-27,0.159613720621135,0.5134609691510429,0.36797707507638633,0.3239459852481441,0.4446545135441254,1.1999635470187187,0.3564327435070434,0.37885166593702807,0.43462394186338954,0.6845938494142566
2013-03-28,0.3548728854759415,0.7221252823260971,0.4445448810424869,0.3926207534350566,0.534213274727509,1.0039209701088723,0.3646317845953787,0.3264896821641137,0.4298651588572586,0.6310222252065519
2013-03-29,0.9184354728390917,0.6189596982235058,0.33977432440007754,0.7518235020788829,0.5272241460061142,0.8144598158258153,0.4769787923084796,0.09126371388332262,0.5835715103668473,0.6261060917434003
2013-03-30,0.15750708471355715,0.5437242256386274,0.3528149255451138,0.589005944436578,0.5108206044367635,1.0223357219444291,0.7315721600604431,0.12015265956037409,0.6968350948341856,0.7089623151801661
2013-03-31,0.10567807297346961,0.5590080166063658,0.48491127269854284,0.4213474729020666,0.4372933074378874,0.7276909812605895,1.4821829749126048,0.18614793899865262,0.436737537082264,0.5414851084892205
2013-04-01,0.2025544609634175,0.6808387604679313,0.4281170575960183,0.6163070308869194,0.5329915665948276,0.9700083050530778,0.628999501077281,0.09279759090462646,0.7105668257382741,0.59018065207997
2013-04-02,0.3403515525173362,0.7499879059440007,0.26426207238240224,1.250258113939572,0.6780416010525252,1.226810851705333,1.846086902265733,0.05064667736462701,1.7919715450576839,1.1756525816120917
2013-04-03,0.3008160341256972,0.8203202532320051,0.4077339263962574,0.45490202494509313,0.8442104176626137,1.6376241227170483,4.627242336537488,0.4786618259286884,3.763007574426094,2.1889679147251346
2013-04-04,0.2946865897381294,0.8580563370925398,0.41334984516518836,0.5671816051798928,0.8223112901708138,1.0886288285524341,3.4895072097742452,0.03832733089502772,2.790752871975317,1.8673053917610118
2013-04-05,0.3431507559550845,0.9237902263201012,0.3588257609429396,2.152026982304671,0.695349538325526,1.0600069564205363,1.6554307160730424,0.08043945082084167,1.365827684473861,1.0958446939108484
2013-04-06,0.4262329958048934,0.6329923744347782,0.4416458027986978,1.009790988521309,0.5537747567636232,0.8816356448151728,1.4974711218569652,0.005333559860741665,1.4965909395927757,0.8789168296758606
2013-04-07,0.19536881288194685,0.831478772653131,0.34485945687726705,0.7293878925724959,0.49881359057167707,0.9828927512003905,1.8577266384838902,0.19448311471987675,2.400732908192006,1.1351698348664345
2013-04-08,0.32003547839179936,0.605265151661215,0.45811029078730275,0.566252181053525,0.4835556168936166,0.89579119280107955,1.1452610134052617,0.17913434621741256,1.2808243244391038,0.7987950376094263
2013-04-09,0.2752766825108315,0.6859108147502613,0.4725988854523736,0.8408192883989875,0.519067852984206,0.7439144986182004,1.672134558088037,0.1273567065664777,1.533327337641147,0.9447436823997781
2013-04-10,0.266705886654037,1.0272602213177193,0.34574407340143903,1.0754956608119588,0.5667429214009668,0.9385242094108445,2.617625434413562,0.290917696449132,3.032033175007389,1.7184113706103603
2013-04-11,0.3828536259570418,0.620684196679498,0.38963883868111016,1.9027877838088891,0.7595317078848757,1.2418185114798566,2.9880618722108103,0.0669516484795877,2.605440183580522,1.7494065405119816
2013-04-12,0.2746706639979364,0.8598822766341787,0.4604666068838788,1.94577678442477,0.7418472707541531,0.9151790469103751,3.173177263141208,0.19090656581574675,2.4649113259960362,1.669086526124371
2013-04-13,0.19190586117021996,0.699267363120701,0.46736998129488083,1.3526429323850728,0.6946044253533826,0.6903813631464147,1.7103306192471004,0.0418360553477418,1.4914078744773591,1.142224004966553
2013-04-14,0.194676220295781,0.4662908643253743,0.45498336421633523,0.7876162876556956,0.5705138903165696,0.6140377463260107,0.8637802026953859,0.025780193623531882,0.6318204369819567,0.6258515598325713
2013-04-15,0.1629554798493852,0.5760501189949945,0.4074580927610011,0.4825175916589527,0.4830367871170889,0.864760279119919,1.393596602771225,0.07026071802024676,1.1389422128298197,0.9353114727254842
2013-04-16,0.19952436839894194,0.6306254230728647,0.44359989392380916,0.613781184621935,0.46448208103176186,1.1058340627063241,1.3439189562708311,0.14761673594825991,1.0941173014516012,0.9609972844562955
2013-04-17,0.3116089601914535,0.8838901389975115,0.47274732464557856,0.9696743196023502,0.5489515341344664,0.951092652609116,1.577295058405655,0.04248547627564498,1.244123446052497,0.9385742875256393
2013-04-18,0.6633016789102475,0.8284356058122981,0.4076249154041437,1.535952975070921,0.6602502137860243,1.4048207647316373,2.0568594990644398,0.1756478959061508,1.7652634647164815,1.4596071561870556
2013-04-19,0.2949636267725957,0.7046774813234473,0.4421222166594432,1.442747309418162,0.6487972620647309,1.3106182989586175,2.1888071608201147,0.13459276536965847,2.075485076615505,1.2950450113492882
2013-04-20,0.18480677594291767,0.603236329948283,0.32102617383809123,0.7343474058795705,0.5131468251708465,1.1845367762037327,1.3178893284525537,0.3376847517614088,1.3817239104224273,1.0077585111807323
2013-04-21,0.18982808453363267,0.6113516168000109,0.46700978441107993,0.7178504428081482,0.5634666797847041,1.2437696040429327,1.062721603490168,0.21277557871584496,1.1590949366944594,0.979663088808744
2013-04-22,0.16870399831456173,0.681954612410044,0.48614716051166845,0.7334161246129766,0.49993638272764307,0.5078166423172104,0.21984110228605405,0.009993780147048588,0.3232048748951272,0.4390033830911413
2013-04-23,0.32462390427514815,0.6585217216256796,0.4331026778792803,0.40749723287953316,0.5559588687025443,0.6246165251945491,3.739788114721757,3.0212150826934216,3.510021563961609,2.5416948754543007
2013-04-24,0.17666881305546897,0.2691570285219907,0.5661783838801681,0.7136034477825106,0.43444486636473656,0.1617077518533643,2.4161478171067436,0.9236827365157383,2.1460571337336503,1.4538194413766712
2013-04-25,0.2087012201656394,0.5778760585366333,0.47145196698605096,0.6695227740521995,0.43868233246113825,0.4360727933639777,0.25988093557753383,0.058136655351244966,0.3290323037476592,0.3997544996133133
2013-04-26,0.24719783845892732,0.9785681934740473,0.3956758981316867,0.3412719594495124,0.3754739177217496,0.3012142094506989,0.11447913887948273,7.619299454401753e-6,0.22955731170218469,0.37540425396567356
2015-07-10,0.7741180633711147,1.4241189129652136,0.3578426558022308,0.005218970707985824,2.267254429036566,0.15133489879050335,0.10630502853502698,0.04678847752661814,0.15740871264318398,1.7489742839130296
2015-07-11,0.8414326775772987,2.0156759998892255,0.18403921485480865,0.032194949172639827,0.3383191752040909,0.08067645547929934,0.005758189045647295,0.024493296960243053,0.03206288226977649,2.565738206351086
2015-07-12,0.8264738744203689,2.0814045651030044,0.2368558082169228,0.07589874543899384,0.43561357853075755,0.06879518984032636,0.009966096425158779,0.042078228111186784,0.034066812411637525,1.674366040998015
2015-07-13,0.8676105831019256,1.5117569999169191,0.19468441971849054,0.07252335918889391,0.418660765829899,0.0738767902154472,0.017274567136941883,0.02543534684332932,0.03376622289035837,0.8528900190074317
2015-07-14,0.691844646008001,1.380299869489361,0.16029221938967203,0.05880492189933118,0.30146523455005053,0.07077943379632592,0.031448570941612145,0.033599779163410344,0.03341553511553269,0.8041983236313167
2015-07-15,0.30665546471705984,0.002682820936809085,0.16459124443077436,0.012986425813637454,0.19606296427949496,0.08858923320627324,0.10696943496337089,0.03516986230188746,0.05520827540827139,0.7115270324316142
2015-07-16,0.47868170102175206,0.002682820936809085,0.16049693486781977,0.022380573088011935,0.2970427616715657,0.08312046327876224,0.05581013998088916,0.2590637178487246,0.03802457444181306,0.5890124440659058
2015-07-17,0.5497360160171684,0.15336665216548456,0.10788505698385334,0.022936359578992246,0.32284052012939396,0.07329603588686195,0.012180784519638508,0.043334294621968486,0.02299509837785533,0.5096921015983639
2015-07-18,0.41510678760480063,0.1314571304275582,0.17359872546927443,0.015955139021556663,0.23733937781202016,0.062406892225888744,0.03388472784553985,0.03673994544036458,0.04889589546140915,0.5481742479440029
2015-07-19,0.41136708681556816,0.0657285652137791,0.17503173381630854,0.03942017355538383,0.24028769306434342,0.30661408739598145,0.15126319685296546,0.05338282670822204,0.09628884331642253,0.5136188512254698
2015-07-20,0.41884648839403305,0.6353761303998646,0.19591271258737694,0.045384711507367635,0.3442158057087374,0.09238833443910167,0.034327665464435796,0.029517563003369832,0.05150100464582849,0.4586443564459854
2015-07-21,0.4225861891832655,0.1971856956413373,0.19877872928144513,0.03971840045298302,0.40907874125984856,0.0820557470096893,0.01461694142356621,0.03422781241880119,0.03692241286378949,0.43743990845961267
2015-07-22,0.4038876852371032,0.24100473911719,0.19734572093441102,0.017039600467371897,0.2439730871297475,0.14020377415928628,0.05824629688481687,0.03673994544036458,0.049146386729141775,0.48927300353741243
2015-07-23,0.3739700789232438,0.15336665216548456,0.13531693105564907,0.018747627244530895,0.24913263882131312,0.5056676335185719,0.09700333853821211,0.038938061834232554,0.07589885412298653,0.4610004062222489
2015-07-24,0.4375449923401953,0.10954760868963183,0.21044751153586572,0.02728776113032588,0.31768096843782834,0.06627858774979033,0.05226663902972159,0.055894959729785434,0.063173897722169,0.43743990845961267
2015-07-25,0.5085993073356115,0.24100473911719,0.16152051225855843,0.026379524669455624,0.3206292836901516,0.07489311029047137,0.01395253499522229,0.044590361132750174,0.04158155044361639,0.4429373579375612
2015-07-26,0.3365730710309194,0.2848237825930427,0.21965970805251353,0.018679848404167445,0.26313713626984847,0.14092971707001783,0.08150052187685401,0.028261496492588137,0.06177114662286628,0.5049800020458366
2015-07-27,0.4338052915509628,0.1971856956413373,0.16172522773670614,0.04579138454954835,0.23733937781202016,0.1231441157570949,0.1835976430323695,0.04930061054818153,0.16337040481522053,0.5041946521204154
2015-07-28,0.3814494805017087,0.15336665216548456,0.19734572093441102,0.04726896326947161,0.3213663625032323,0.11089987866275615,0.097889213776004,0.03988011171731882,0.0626228169331572,0.4767074047306731
2015-07-29,0.47868170102175206,0.1752761739034109,0.18281092198592225,0.04126375801326974,0.3722248006058081,0.08851663891520008,0.0383141040344993,0.026063380098720175,0.0381247709489061,0.4507908571917733
2015-07-30,0.3702303781340114,0.24100473911719,0.20512490910402476,0.031273156943696874,0.2830382642230303,0.08803267697471237,0.22213321587631682,0.019783047544811697,0.16632620177446555,0.6117875919031208
2015-07-31,0.35901127576631403,0.0657285652137791,0.14473384305044462,0.03142227039249647,0.23660229899893936,0.1795256818239118,0.5439273960042214,0.10833573655492121,0.44321924912611343,0.6832544351164507
2015-08-01,0.4712022994432872,0.3505523478068218,0.18158262911703588,0.031978056883476776,0.3582203031572727,0.11230336829017046,0.3499207189277971,0.03108764614184695,0.20344900765244114,0.6007926929472239
2015-08-02,0.4300655907617304,0.04381904347585273,0.2182266997054794,0.03382164134136268,0.3560090667180303,0.08411258525676202,0.14506207018842224,0.02260919719407051,0.0836139851691515,0.4617857561476702
2015-08-03,0.3290936694524545,0.08763808695170545,0.19468441971849051,0.04764852477550694,0.276404554905303,0.13582391859787263,0.3007546432303471,0.0251213302156339,0.2921229164297917,0.6455576386962327
2015-08-04,0.35153187418784915,0.10954760868963183,0.17093742425335398,0.06712816349596312,0.28598657947535355,0.24689318393979948,0.4236698324739721,0.010990581969339833,0.3967280698349376,0.6141436416793844
2015-08-05,0.4412846931294277,0.21909521737926366,0.19202311850257006,0.05141702829971489,0.4009708743159596,0.15344013323162486,0.21105977540391813,0.014444764873989492,0.21432032867203726,0.5945098935438542
2015-08-06,0.7628989610034173,0.788742782565349,0.20369190075699067,0.07881323557462229,0.4378248149700001,0.12215199377909514,0.08504402282802158,0.016956897895552884,0.092331081286247,0.5018386023441518
2015-08-07,0.3253539686632221,0.3505523478068218,0.16315823608374022,0.04877365352554025,0.3331596235125252,0.17676709876313193,0.13376716090657562,0.03516986230188746,0.16286942227975526,0.6793276854893447
2015-08-08,0.38518918129094115,0.21909521737926366,0.17626002668519491,0.05773401622158864,0.3294742294471212,0.39399341575103547,0.2513670987234492,0.03925207846192797,0.21507180247523514,0.510477451523785
2015-08-09,0.48616110260021694,0.6572856521377909,0.19059011015553598,0.098374208903514615,0.4053933471944445,0.2691312351052092,0.24893094181952152,0.027947479864892717,0.2719834185040884,0.6157143415302269
2015-08-10,0.45250379549712494,0.5477380434481591,0.16970913138446758,0.07011043247195502,0.37812143111045454,0.13233939262636119,0.12180784519638506,0.055894959729785434,0.12304131071026728,0.5521009975711091
2015-08-11,0.35901127576631403,0.08763808695170545,0.25261890003429793,0.02961935323882863,0.29999107692388893,0.14259938576470038,0.1975501780275918,0.07033972460377493,0.1703340620581876,0.5450328482423181
2015-08-12,0.299176063138595,0.1752761739034109,0.18690523154887687,0.026243966988728714,0.28746073710151515,0.1045599772423673,0.23763603253767487,0.08635457261624155,0.20094409497511487,0.5041946521204154
2015-08-13,0.41510678760480063,0.2190952173792636,0.19857401380329742,0.05286749548349277,0.5329079818574243,0.1515768797607472,0.21238858826060597,0.1519840478045851,0.16161696594109212,0.60471944257433
2015-08-14,0.4824214018109845,0.48200947823438,0.2145418210988203,0.08864116742732286,0.5358562971097476,0.07394938450652035,0.08460108520912564,0.11587213561961136,0.08105897423827868,0.4342985087579279
2015-08-15,0.44502439391866006,0.3724618695447482,0.2327614986539682,0.12938980625383037,0.41792368701681815,0.16866073625996297,0.09744627615710807,0.08290038971159187,0.06607959642786748,0.6070754923505937
2015-08-16,0.43006559076173034,0.4162809130206009,0.27902719671535503,0.13851283816675103,0.3479011997741414,0.142575187667676,0.08482255401857361,0.040508144972709666,0.041832041711349015,0.3997431120393948
2015-08-17,0.4562434962863574,0.6134666086619383,0.1578356336518993,0.15255661389005834,0.4488809971662121,0.1296050076626057,0.05802482807536889,0.05966315926213052,0.06818372307682156,0.41387941069697654
2015-08-18,0.4487640947078925,0.4162809130206009,0.17503173381630854,0.14243045513975858,0.36632817010116164,0.08909739324378531,0.025911850705412822,0.03988011171731882,0.038926343005650524,0.4248743096528733
2015-08-19,0.5085993073356115,0.4381904347585273,0.17769303503222905,0.1009633606053985,0.3633798548488384,0.10671360787753754,0.11560671853184185,0.028261496492588137,0.07865425806804546,0.5089067516729426
2015-08-20,0.38518918129094115,0.32864282606889544,0.2077862103199452,0.13966507845292972,0.6449439614457071,0.2438684218117513,0.3313173389341674,0.05463889321900373,0.2860610277506621,0.5246137501813667
2015-08-21,0.4749420002325196,0.788742782565349,0.18178734459518361,0.1482323238748701,0.5063731445865152,0.36761748999445587,0.5857850009898882,0.04333429462196847,0.49196484982688304,0.8795919164717526
2015-08-22,0.5534757168064007,0.8325618260412018,0.1959127125873769,0.34963037013083215,0.4628854946147476,0.3532680184589956,0.42234101961728426,0.02763346323719729,0.3871092051540046,0.7719989766890473
2015-08-23,0.4338052915509628,0.4162809130206009,0.21310881275178617,0.37645723514668655,0.4230832387083838,0.14448683733260242,0.4447093693715295,0.06845562483760238,0.35093826609341294,0.7123123823570354
2015-08-24,0.47868170102175206,0.32864282606889544,0.23931239395469556,0.21514359508167016,0.430454026839192,0.062164911255644884,0.2710778227643188,0.10331147051179443,0.1635206995758601,0.6361334395911783
2015-08-25,0.4637228978648223,0.5477380434481591,0.17114213973150172,0.28972743101761306,0.4370877361569192,0.1716129040969379,0.0914666183020128,0.026377396726415595,0.061670950115773226,0.5450328482423181
2015-08-26,0.5011199057571467,0.788742782565349,0.1774883195540813,0.24573896362173253,0.4636225734278283,0.1552549905084537,0.03964291689118714,0.033599779163410344,0.05260316622385205,0.567022646154112
2015-08-27,0.43006559076173034,0.4600999564964536,0.17892132790111537,0.17680788297210157,0.3331596235125252,0.09270290970041868,0.06998414378555942,0.025121330215633897,0.042984301542919115,0.6070754923505935
2015-08-28,0.40762738602633575,0.5258285217102328,0.19181840302442232,0.2010591520541448,0.5012135928949495,0.13628368244133593,0.11162027996177833,0.03234371265262865,0.09383402889264277,0.5528863474965302
2015-08-29,0.4599831970755898,0.6791951738757173,0.24074540230172964,0.22116235610594476,0.5262742725396969,0.08962975137832178,0.11162027996177833,0.048044544037399835,0.0571621072965859,0.46492715584935496
2015-08-30,0.5048596065463792,0.72301421735157,0.22764361170027494,0.17958681542700314,0.7238113944453536,0.08120881361383582,0.04008585451008309,0.05338282670822204,0.042433220753907326,0.43979595823587636
2015-08-31,0.44502439391866006,0.4381904347585273,0.19202311850257006,0.1264888718862746,0.37517311585813135,0.22843003591019373,0.09168808711146077,0.1780474279033053,0.04563950898088497,0.6887518845943992
2015-09-01,0.37770977971247627,0.3943713912826746,0.23808410108580919,0.11298732688587491,0.32873715063404046,0.24275530934862963,0.5129217626815051,0.05777905949595797,0.13892245708451595,0.4869169537611488
2015-09-02,0.39640828365863845,0.6134666086619381,0.18547222320184276,0.23685993553412027,0.4525663912316162,0.11939341071831523,0.1322168792404398,0.025749363471024744,0.07349413795275331,0.5214723504796819
2015-09-03,0.4712022994432872,0.32864282606889544,0.21044751153586572,0.23016338610621118,0.422346159895303,0.1454789593106022,0.04938754450689795,0.022923213821765934,0.05280355923803816,0.5466035480931606
2015-09-04,0.418846488394033,0.4600999564964537,0.15251303122005833,0.2516086111972075,0.4739416768109596,0.4971741014630128,0.11272762400901819,0.034855845674192046,0.04398626661384962,0.5921538437675906
2015-09-05,0.34779217339861673,0.3505523478068218,0.2329662141321159,0.18080683455354526,0.29188320998,0.042419264083746785,0.11361349924681008,0.021981163938679667,0.06658057896333275,0.4476494574900885
2015-09-06,0.41136708681556816,0.5039189999723064,0.19222783398071783,0.19260035277678597,0.4864720166333333,0.158352346927575,0.06489036116825604,0.054010859963612885,0.06122006583385448,0.5733054455574816
2015-09-07,0.8339532759988336,0.854471347779128,0.19591271258737694,0.22709978252178314,0.4149753717644949,0.2513456337922863,0.024361569039277015,0.04678847752661814,0.03436740193291667,0.5128335013000487
2015-09-08,0.3739700789232438,0.6134666086619383,0.2272341807439795,0.121391903090943,0.307361865054697,0.2406016787134594,0.04119319855732295,0.05715102624056712,0.051551102899375006,0.4963411528662033
2015-09-09,0.34779217339861673,0.5915570869240119,0.19734572093441105,0.16315722452290227,0.3582203031572727,0.3893473811223535,0.07197736307059117,0.039566095089623395,0.05981731473455176,0.43743990845961267
2015-09-10,0.4225861891832655,0.5915570869240118,0.2327614986539682,0.4890650005265262,0.4953169623903031,0.4658617639134587,0.037649697606155386,0.07128177448686118,0.09498628872421286,0.5607398467507423
2015-09-11,0.452503795497125,0.6353761303998646,0.1789213279011154,0.41122778025313755,0.7532945469685859,0.23130960945609558,0.022146880944797286,0.035169862301887456,0.0460903932628037,0.48141950428320035
2015-09-12,0.512339008124844,0.5258285217102328,0.2208880009213999,0.21740740834980948,0.6722158775296969,0.4007204867238145,0.08637283568470942,0.020411080800202545,0.04458744565640793,0.5230430503305245
2015-09-13,0.39640828365863845,0.5696475651860855,0.22088800092139996,0.21689228916304723,0.38770345568050507,0.2985319229898369,0.09744627615710806,0.04239224473888221,0.12404327578119778,0.8685970175158558
2015-09-14,0.4824214018109845,0.72301421735157,0.18547222320184276,0.32021435341309384,0.495316962390303,0.41250495997468994,0.06466889235880809,0.0646874253052573,0.03677211810314991,0.5081214017475214
2015-09-15,0.5048596065463792,0.72301421735157,0.21965970805251353,0.253994426378001,0.5130068539042424,0.33468387994426796,0.058910703313160784,0.07190980774225204,0.035870349539312445,0.48299020413404276
2015-09-16,0.512339008124844,0.5696475651860855,0.1934561268496042,0.16611238196274883,0.47836414968944446,0.05592180222335357,0.05293104545806551,0.04992864380357238,0.056961714282399795,0.5395353987643697
2015-09-17,0.5684345199633305,0.7449237390894963,0.22477759500620678,0.3546460043177276,0.5159551691565656,0.034312901580577836,0.13996828757111884,0.048044544037399835,0.13296076491247938,0.5740907954829029
2015-09-18,0.5534757168064007,0.6791951738757173,0.23010019743804774,0.3041643240150284,0.6021933902870201,0.04837199595174548,0.09345983758704456,0.06217529228369391,0.09218078652560742,0.60471944257433
2015-09-19,0.4562434962863574,0.5696475651860855,0.24995759881837748,0.1584533730016787,0.5292225877920201,0.4826794413454062,0.11228468639012225,0.08447047285006898,0.043735775346116994,0.661264637204657
2015-09-20,0.512339008124844,0.6134666086619381,0.16172522773670614,0.16464835901089825,0.4628854946147475,0.4130857143032752,0.10187565234606752,0.11932631852426104,0.09248137604688657,0.5568130971236362
2015-09-21,0.4749420002325196,0.4162809130206009,0.16438652895262662,0.11314999610274723,0.33463378113868686,0.21795225989863512,0.0677694556910797,0.04019412834501424,0.08281241311240709,0.5678079960795333
2015-09-22,0.4487640947078925,0.5039189999723064,0.19857401380329742,0.31326024439180367,0.49973943526878783,0.3065414931049083,0.0744135199745189,0.06719955832682069,0.053705327801875626,0.5662372962286908
2015-09-23,0.47868170102175206,0.48200947823438,0.19591271258737694,0.22756067863625462,0.43487649971767683,0.47152411861716476,0.05935364093205673,0.0329717459080195,0.05175149591356111,0.47356600502898827
2015-09-24,0.46746259865405465,0.3505523478068218,0.15128473835117198,0.16719684340856403,0.4702562827455556,0.061269581665742645,0.08172199068630198,0.07159579111455662,0.06332419248280857,0.8473925695294832
2015-09-25,0.45250379549712494,0.3943713912826745,0.21843141518362716,0.14802898735377976,0.47099336155863636,0.42702381818932095,0.08725871092250131,0.05620897635748085,0.07164050257153184,0.4578590065205641
2015-09-26,0.40762738602633575,0.72301421735157,0.18936181728664958,0.2632665717397213,0.5948226021562122,0.44778578543624314,0.12291518924362495,0.06405939204986645,0.05415621208379435,0.5411060986152122
2015-09-27,0.5646948191740983,0.8325618260412018,0.16172522773670614,0.22955337654294014,0.726022630884596,0.3850643179490374,0.04318641784235471,0.06562947518834357,0.04894599371495568,0.4641418059239338
2015-09-28,0.42632588997249793,0.2848237825930427,0.1682761230374335,0.10298317004822936,0.46067425817550506,0.1750248357773762,0.06001804736040065,0.03736797869575543,0.04062968362623239,0.5034093021949941
2015-09-29,0.3814494805017087,0.4381904347585273,0.21965970805251353,0.1252417412235871,0.5004765140818688,0.24306988460994666,0.054481327124201326,0.04427634450505476,0.05590965095792276,0.6510550881741812
2015-09-30,0.47868170102175206,0.8982903912549808,0.19202311850257006,0.15867026529084174,0.6044046267262627,0.08723413977290767,0.03454913427388377,0.037996011951146276,0.05145090639228197,0.47278065510356715
2015-10-01,0.4674625986540547,0.4600999564964536,0.21965970805251353,0.12083611659996271,0.5329079818574243,0.2991852716094953,0.034106196654987826,0.05244077682513576,0.03777408317408043,0.4107380109952916
2015-10-02,0.4375449923401952,0.5039189999723064,0.16172522773670614,0.16913531824295877,0.4400360514092424,0.061874534091352275,0.034327665464435796,0.059349142634435095,0.05821417062106294,0.4884876536119913
2015-10-03,0.48990080338944936,0.28482378259304275,0.19591271258737694,0.23366077426896537,0.6862203749782324,0.06545585245096124,0.03809263522505133,0.03642592881266916,0.05029864656071187,0.5536716974219515
2015-10-04,0.44128469312942764,0.4162809130206009,0.227643611700275,0.2083114879730342,0.75697994103399,0.11486836657475527,0.02325422499203715,0.030459612886456103,0.037323198892161694,0.44686410756466716
2015-10-05,0.5235581104925412,0.5915570869240119,0.18670051607072913,0.2599725200980575,0.6427327250064646,0.1011722436589534,0.04340788665180268,0.031715679397237795,0.04774363562983905,0.3832507636055494
2015-10-06,0.4674625986540547,0.4162809130206009,0.27083857758944585,0.1275055544917264,0.4732045979978788,0.0757884398803736,0.02081806808810945,0.03988011171731882,0.042884105035826056,0.4759220548052519
2015-10-07,0.5684345199633305,0.8763808695170544,0.22887190456916132,0.16737306839350902,0.5616540555675757,0.2409646501688251,0.0358779471305716,0.03736797869575543,0.03577015303221939,0.4240889597274522
2015-10-08,0.43380529155096276,0.5477380434481591,0.1998023066721838,0.18950963765621254,0.6574743012680808,0.32456907538807506,0.08415814759022969,0.0687696414652978,0.09172990224368868,0.41387941069697654
2015-10-09,0.5235581104925413,0.5915570869240119,0.13019904410195585,0.13978708036558393,0.5889259716515656,0.4563761098798998,0.4819161293587889,0.10739368667183494,0.06778293704844937,0.4429373579375612
2015-10-10,0.6469682365372117,0.6134666086619381,0.13941124061860366,0.15345129458285592,0.6250428334925252,0.35034004871904506,0.10564062210668307,0.06248930891138933,0.07655013141909137,0.5002679024933093
2015-10-11,0.3739700789232438,0.5915570869240119,0.18547222320184276,0.28555225445122434,0.503424829334192,0.492721651610526,0.09611746330042022,0.08541252273315528,0.059166037438446936,0.4963411528662033
2015-10-12,0.43006559076173034,0.6134666086619381,0.1867005160707291,0.2528150745556769,0.6633709317727273,0.3480896256957772,0.03632088474946755,0.07065374123147035,0.05345483653414299,0.44372270786298235
2015-10-13,0.605831527855655,0.7668332608274229,0.2143371056206726,0.22510708461509762,0.637573173314899,0.06071302543418179,0.05846776569426484,0.059035126006739665,0.06307370121507594,0.42723035942913706
2015-10-14,0.5085993073356115,0.5696475651860854,0.16459124443077436,0.1530446215406752,0.622094518240202,0.042782235539112555,0.22080440301962895,0.09294892179784543,0.09528687824549202,0.6408455391437055
2015-10-15,0.4375449923401952,0.4162809130206009,0.16970913138446758,0.09170477101175091,0.6161978877355556,0.05855939479901153,0.08969486782642902,0.14413363211219948,0.08601870133938475,0.5395353987643697
2015-10-16,0.5534757168064008,0.30673330433096907,0.17503173381630854,0.08819382708092409,0.7695102808563636,0.057325291850767894,0.15148466566241345,0.07913219017924679,0.09593815554159685,0.47984880443235794
2015-10-17,0.48616110260021694,0.3724618695447482,0.20635320197291113,0.09151499025873325,0.6176720453617173,0.4970289128808665,0.042743480223458766,0.1507279812938034,0.07299315541728804,0.4822048542086216
2015-10-18,0.48616110260021694,0.19718569564133726,0.21433710562067257,0.07348581872205495,0.45035515479237376,0.051808125729208135,0.07862142735403037,0.050556677058963224,0.04639098278408286,0.47827810458151554
2015-10-19,0.5048596065463791,0.7449237390894964,0.1774883195540813,0.08565889845133097,0.5203776420350504,0.4949720746337938,0.06356154831156823,0.08133030657311476,0.06322399597571551,0.4476494574900885
2015-10-20,0.5160787089140765,0.5039189999723064,0.19181840302442235,0.100678689475872,0.6618967741465657,0.21904117426473238,0.062011266645432404,0.061547259028303054,0.055007882394085286,0.4264450095037158
2015-10-21,0.5011199057571467,0.4162809130206009,0.15251303122005833,0.13176206566655121,0.7370788130808081,0.14736641087850422,0.01948925523142161,0.03422781241880119,0.03767388666698738,0.4240889597274522
2015-10-22,0.512339008124844,0.3943713912826746,0.15251303122005833,0.07562763007754003,0.9043957036501514,0.43029056128761284,0.10674796615392292,0.09608908807479968,0.03436740193291668,0.585871044364221
2015-10-23,0.48616110260021694,0.5258285217102328,0.24995759881837748,0.10791746962668869,0.7370788130808081,0.42368448079995574,0.07884289616347834,0.06154725902830306,0.08767194370642009,0.540320748689791
2015-10-24,0.4487640947078925,0.6134666086619383,0.17626002668519491,0.11718961498840895,0.8034159062580809,0.2455864867004827,0.07817848973513443,0.03234371265262865,0.14132717325474917,0.6267092404861239
2015-10-25,0.5759139215417954,0.3943713912826746,0.16438652895262662,0.1309080522779717,0.9685215603881819,0.41891745568615196,0.03609941594001958,0.09891523772405848,0.05901574267780736,0.419376860174925
2015-10-26,0.7890768665280444,0.8544713477791283,0.17871661242296769,0.0895900711924112,0.6191462029878788,0.043217801285551485,0.06334007950212024,0.06311734216678018,0.06838411609100768,0.46492715584935507
2015-10-27,0.5011199057571467,0.32864282606889544,0.22907662004730908,0.0776745510565163,0.6405214885672222,0.031820497587066184,0.10586209091613102,0.08164432320081018,0.039527522048208835,0.3918896127851827
2015-10-28,0.605831527855655,0.7011046956136436,0.16684311469039936,0.11233665001838579,0.7356046554546465,0.04742827016779446,0.19887899088427963,0.07913219017924679,0.03672201984960339,0.3966017123377099
2015-10-29,0.4749420002325196,0.5477380434481591,0.1682761230374335,0.12755977756401715,0.8984990731455049,0.26269454129672287,0.029676820466028365,0.08447047285006899,0.04789393039047863,0.450005507266352
2015-10-30,0.4487640947078925,0.1314571304275582,0.1789213279011154,0.0643085637368435,0.6412585673803031,0.22344522792317045,0.06334007950212024,0.06939767472068865,0.036972511117336015,0.4986972026424669
2015-10-31,0.5422566144387034,0.3505523478068218,0.16970913138446758,0.08079237771323511,0.7555057834078283,0.06780306786232658,0.05514573355254524,0.07285185762533831,0.033565829876172265,0.40995266106987044
2015-11-01,0.5534757168064008,0.6791951738757173,0.22621060335324086,0.1891165203821045,1.117411480630505,0.07489311029047135,0.03144857094161215,0.058093076123653394,0.12579671465532621,0.4429373579375612
2015-11-02,0.7741180633711147,0.6134666086619381,0.19079482563368372,0.2582238260166804,1.3377980457416667,0.4381307447235136,0.019710724040869584,0.04741651078200899,0.03577015303221939,0.6966053838486113
2015-11-03,0.5646948191740981,0.48200947823438,0.15005644548228558,0.133171865546111,0.5550203462498485,0.32536761258987973,0.048944606888002,0.031087646141846954,0.03161199798785776,0.4672832056256186
2015-11-04,0.5385169136494711,0.4381904347585273,0.14063953348749,0.07229291113165819,0.5631282131937374,0.4232731131505412,0.07419205116507091,0.04427634450505474,0.08957567734118808,0.44372270786298235
2015-11-05,0.59835212627719,0.7668332608274229,0.1672525456466948,0.15547110402568678,0.699487793613687,0.5189039925909105,0.02236834975424526,0.046474460898922716,0.05410611383024782,0.39817241218855226
2015-11-06,0.6245300318018172,0.3724618695447482,0.241973695170616,0.1235201586783554,0.6434698038195454,0.3852337046282081,0.018381911184181747,0.04992864380357238,0.041381157429430285,0.40916731114444926
2015-11-07,0.5011199057571467,0.2629142608551164,0.17912604337926313,0.07775588566495244,0.5211147208481314,0.2279460739697061,0.03144857094161215,0.04773052740970441,0.028656201028612743,0.44372270786298235
2015-11-08,0.5235581104925413,0.3724618695447482,0.2841450836690482,0.1284951255610328,0.5985079962216161,0.09067026955037033,0.06267567307377633,0.050556677058963224,0.14653739162358786,0.4429373579375612
2015-11-09,0.7815974649495796,0.6353761303998645,0.22232100926843404,0.2192103255034773,1.0923508009857577,0.05050142848989136,0.019710724040869588,0.024493296960243053,0.022143428067564388,0.4264450095037158
2015-11-10,0.6843652444295361,0.8544713477791284,0.17114213973150172,0.4046261212017373,0.9419867231172727,0.3223912466558804,0.015502816661358101,0.058093076123653394,0.055408668422457494,0.3918896127851827
2015-11-11,0.5160787089140765,1.380299869489361,0.16315823608374022,0.18266397477950383,0.5469124793059597,0.43469461494605094,0.04385082427069863,0.04867257729279069,0.05200198718129375,0.4484348074155096
2015-11-12,0.6507079373264442,0.4600999564964536,0.2208880009213999,0.16544814932718696,0.8321619799682324,0.217444099861123,0.09988243306103577,0.04773052740970441,0.053605131294782574,0.517545600852576
2015-11-13,0.572174220752563,0.5039189999723064,0.1959127125873769,0.12955247547070267,0.787200172370303,0.4577554014102897,0.03720675998725945,0.0514987269420495,0.04498823168478013,1.190590486938551
2015-11-14,0.572174220752563,0.6353761303998646,0.1670478301685471,0.16380790139039145,0.6832720597259091,0.21778287321946438,0.0236971626109331,0.05526692647439459,0.023095294884948377,0.40838196121902803
2015-11-15,0.5160787089140765,0.4162809130206009,0.21965970805251353,0.14080376297103572,0.5741843953899495,0.27370467544281796,0.11383496805625805,0.052440776825135774,0.03812477094890611,0.5065507018966791
2015-11-16,0.5310375120710061,0.3505523478068218,0.22232100926843398,0.13139605992858855,0.5749214742030303,0.5491032176773428,0.20862361849999045,0.0646874253052573,0.12068669279358056,0.7531505784789382
2015-11-17,0.897528189415785,0.8106523043032754,0.2642876822887186,0.19670775050281114,1.202175544134798,0.25945199629545523,0.054481327124201326,0.028261496492588137,0.042733810275186475,0.4319424589816643
2015-11-18,0.6843652444295361,0.6353761303998645,0.18813352441776324,0.20446164984039006,0.8970249155193435,0.13255717549958065,0.018824848803077696,0.04584642764353187,0.040880174893965025,0.423303609802031
2015-11-19,0.3739700789232438,0.24100473911719,0.1893618172866496,0.10576210250313091,0.49310572595106067,0.23380201344960722,0.06090392259819254,0.031715679397237795,0.04498823168478014,0.4578590065205641
2015-11-20,0.48990080338944936,0.3943713912826746,0.14862343713525147,0.1800477115414746,0.6235686758663637,0.2841098571633035,0.11560671853184185,0.054010859963612885,0.07945583012478986,0.4013138118902372
2015-11-21,0.5235581104925413,0.3724618695447482,0.2012353150192179,0.14264734742892163,0.6383102521279798,0.044718083301063354,0.048058731650210115,0.04113617822810051,0.03386641939745142,0.4664978557001975
2015-11-22,0.512339008124844,0.72301421735157,0.18281092198592228,0.1255128565850409,1.1129890077520201,0.47711387902979774,0.025690381895964853,0.07787612366846511,0.04228292599326775,0.40838196121902803
2015-11-23,0.5833933231202603,0.5696475651860855,0.16561482182151302,0.1479476527453436,0.9051327824632324,0.12227298426421705,0.0832722723524378,0.09860122109636309,0.0878723367206062,0.5018386023441518
2015-11-24,0.8414326775772987,0.6791951738757173,0.18424393033295636,0.10954416179541154,0.7997305121926768,0.2081036344097104,0.16920217041825128,0.2757065991165821,0.06893519688001946,0.46649785570019736
2015-11-25,0.998500110725061,0.8106523043032754,0.20921921866697935,0.2352467991334701,1.1461575543406568,0.33376435225734136,0.0693197373572155,0.06562947518834357,0.06001770774873787,0.47827810458151554
2015-11-26,0.6432285357479792,0.4162809130206009,0.21577011396770668,0.10973394254842919,0.6360990156887374,0.1325087793055319,0.019932192850317554,0.04082216160040509,0.026552074379658657,0.4492201573409309
2015-11-27,0.48990080338944936,0.3724618695447482,0.16581953729966073,0.06830751531828719,0.36927648535348484,0.1946494924641524,0.0710914878327993,0.04773052740970441,0.053054050505770785,0.48770230368657
2015-11-28,0.4300655907617304,0.3067333043309691,0.17626002668519491,0.07088311125209838,0.44298436666156565,0.31292979071934596,0.09855362020434791,0.04396232787735933,0.07720140871519621,0.4492201573409309
2015-11-29,0.6095712286448873,0.3724618695447482,0.16704783016854713,0.18808628200858002,0.806364221510404,0.5137497979247165,0.061789797835984435,0.057465042868262546,0.06036839552356355,0.8238320717668469
2015-11-30,0.8002959688957417,0.7449237390894964,0.13941124061860366,0.23715816243171947,0.7916226452487878,0.2045707122441502,0.028348007609340527,0.031087646141846954,0.034617893200649306,0.42723035942913706
2015-12-01,0.392668582869406,0.21909521737926366,0.18690523154887687,0.11515624977750541,0.47762707087636364,0.0836770195103231,0.10165418353661955,0.060919225772912214,0.0824617253375814,0.483775554059464
2015-12-02,0.725501953111093,0.4162809130206009,0.20492019362587705,0.0905931980297903,0.6073529419785859,0.4254751399797603,0.14262591328449453,0.048986593920486106,0.14067589595864435,0.634562739740336
2015-12-03,0.5347772128602387,0.32864282606889544,0.20901450318883158,0.12540441044045936,0.6220945182402021,0.2855617429847666,0.14594794542621412,0.046474460898922716,0.07940573187124333,0.5041946521204153
2015-12-04,0.6544476381156766,0.5039189999723064,0.18137791363888817,0.12442839513922567,0.8852316545100506,0.3411447718497788,0.05027341974468984,0.065943491816039,0.027704334211228747,0.42016221010034616
2015-12-05,0.5796536223310279,0.19718569564133726,0.1668431146903994,0.06063495058914439,0.4746787556240403,0.24902261647794532,0.10519768448778712,0.3598630553389557,0.0873212559315944,0.6031487427234876
2015-12-06,0.38518918129094115,0.24100473911719,0.17994490529185406,0.07214379768285858,0.43929897259616163,0.2635656727896007,0.2380789701565708,0.5620897635748086,0.14914250080800723,0.48927300353741243
2015-12-07,0.7890768665280444,0.48200947823438,0.17216571712224032,0.11216042503344081,0.9773665061451516,0.07743391047803179,0.06599770521549592,0.1042535203948807,0.060418493777110074,0.4319424589816643
2015-12-08,1.0059795123035258,0.4600999564964536,0.15640262530486518,0.13145028300087933,1.0083238162945456,0.18603496992347135,0.04385082427069863,0.0449043777604456,0.04794402864402516,0.46335645599851255
2015-12-09,0.9424045988865744,0.5696475651860855,0.21044751153586572,0.18243352672226812,0.7481349952770203,0.2144193377330749,0.09589599449097225,0.045532411015836445,0.07880455282868502,0.6329920398894934
2015-12-10,0.47868170102175206,0.2629142608551164,0.17769303503222902,0.09047119611713607,0.3950742438113132,0.4290322602423448,0.12778750305148034,0.08290038971159187,0.07239197637472973,0.4570736565951429
2015-12-11,0.6095712286448874,0.6134666086619381,0.2644923977668663,0.12370993943137307,0.6825349809128283,0.4020513820601556,0.08858752377918915,0.09294892179784545,0.06868470561228683,0.4931997531645185
2015-12-12,0.5572154175956332,0.32864282606889544,0.25261890003429793,0.18492778804764315,0.5321709030443434,0.3009033364982266,0.0358779471305716,0.040508144972709666,0.052502969716759,0.46649785570019736
2015-12-13,0.35153187418784915,0.08763808695170545,0.16438652895262662,0.10684656394894615,0.34716412096106064,0.4511251228256083,0.06444742354936012,0.030145596258760683,0.052553067970305525,0.49162905331367607
2015-12-14,0.4599831970755898,0.2629142608551164,0.18547222320184273,0.12612286614831197,0.4157124505775757,0.5147177218056918,0.12070050114914523,0.08729662249932782,0.09162970573659564,0.49084370338825484
2015-12-15,0.6207903310125846,0.3505523478068218,0.2286671890910136,0.1703824489056463,0.6095641784178283,0.3194632769159299,0.21105977540391815,0.054324876591308316,0.08020730392798776,0.5206870005542608
2015-12-16,0.9872810083573637,1.0078379999446128,0.2118805198828998,0.3065501391958219,0.9493575112480809,0.18922911873069015,0.13022365995540805,0.04270626136657764,0.15595586329033473,0.45471760681887935
2015-12-17,0.4824214018109845,0.5039189999723064,0.2339897915228546,0.16346900718857418,0.42382031752146465,0.28142386839359673,0.3042981441815147,0.021667147310984243,0.46426051561565423,0.6000073430218027
2015-12-18,0.48990080338944936,0.48200947823438,0.177693035032229,0.14556183756455007,0.47688999206328286,0.5200413031510566,0.41724723699998084,0.08290038971159187,0.4720758431689123,0.7366582300450928
2015-12-19,0.5572154175956333,0.5258285217102328,0.18547222320184273,0.42348219459084974,0.8955507578931817,0.33214307975670754,0.15746432351750872,0.051812743569744926,0.1632702083081275,0.5434621483914758
2015-12-20,0.519818409703309,0.6353761303998645,0.18403921485480865,0.337592848082283,3.514391780769293,0.17040299924571867,0.07950730259182226,0.04427634450505474,0.0900265616231068,0.4178061603240826
2015-12-21,0.5011199057571467,0.3724618695447482,0.17503173381630854,0.13755037863359,0.44519560310080813,0.4334847100948317,0.13576038019160735,0.07913219017924679,0.11577706394602104,0.5662372962286909
2015-12-22,0.5011199057571467,0.3724618695447482,0.21699840683659305,0.10287472390364785,0.399496716689798,0.6173176531890839,0.16698748232377153,0.15481019745384392,0.16231834149074348,0.5081214017475214
2015-12-23,0.5983521262771899,0.32864282606889544,0.2077862103199452,0.2599589643299848,0.6243057546794445,0.46985444992248226,0.12601575257589656,0.11995435177965189,0.06798333006263546,0.49005835346283366
2015-12-24,0.6806255436403037,0.5696475651860854,0.11566424515346704,0.19994757907218416,0.7002248724267677,0.299669233549983,0.07773555211623848,0.09671712133019052,0.044938133431233616,0.4342985087579279
2015-12-25,0.5235581104925413,0.1314571304275582,0.17912604337926313,0.11206553465693196,0.606615863165505,0.32926350621080575,0.08548696044691753,0.07693407378537882,0.04143125568297681,0.4704246053273034
2015-12-26,0.5908727246987251,0.48200947823438,0.17359872546927443,0.22770979208505424,1.9326206478978791,0.5349231328210532,0.10940559186729859,0.10488155365027155,0.06738215102007715,0.4342985087579279
2015-12-27,0.9498840004650392,0.24100473911719,0.18813352441776324,0.26033852583602013,5.091740440762222,0.7070441969555034,0.11627112496018575,0.07190980774225203,0.059316332199086504,0.5575984470490576
2015-12-28,0.8264738744203688,0.5477380434481591,0.22375401761546812,0.1205378897023635,0.7886743299964647,0.5023040980321825,0.07131295664224727,0.05652299298517628,0.05049903957489797,0.45471760681887924
2015-12-29,0.4936405041786818,0.4600999564964536,0.1971410054562633,0.07166934580031441,0.46730796749323233,0.8337212348781583,0.15835019875530063,0.13251501688746883,0.1182318783698008,0.5363939990626849
2015-12-30,0.519818409703309,0.19718569564133726,0.14063953348749003,0.11342111146420103,0.48573493782025257,0.5933615371349429,0.13354569209712763,0.03736797869575543,0.1369185269426549,0.6306359901132299
2015-12-31,0.8040356696849742,0.6353761303998646,0.21945499257436582,0.19889022916251434,0.6965394783613637,0.7811145719471456,0.11804287543576954,0.0646874253052573,0.14718866891969268,0.49005835346283366
2016-01-01,0.7367210554787903,0.5477380434481591,0.2014400304973656,0.12960669854299342,0.7503462317162627,0.4282095249435158,0.04761579403131417,0.04835856066509526,0.09162970573659562,0.40995266106987044
2016-01-02,0.8302135752096012,0.21909521737926366,0.18813352441776324,0.07900301632763997,0.5505978733713636,0.42157924635883426,0.07374911354617496,0.06123324240060764,0.05110021861745628,0.4853462539103065
2016-01-03,0.5646948191740981,0.7011046956136436,0.15128473835117195,0.13581524032028564,0.7341304978284848,0.32236704855885606,0.06112539140764051,0.048358560665095265,0.06477704183565783,0.41859151024950375
2016-01-04,0.6170506302233522,0.6353761303998646,0.14063953348749,0.14501960684164247,1.1152002441912625,0.43203282427336853,0.05802482807536889,0.027005429981806446,0.05646073174693453,0.4311571090562431
2016-01-05,0.5459963152279359,0.1971856956413373,0.13286034531787633,0.1361405787540302,3.403092879994092,0.44851172834697467,0.12867337828927225,0.09734515458558138,0.04308449805001217,0.4507908571917733
2016-01-06,0.7142828507433956,0.5039189999723064,0.20389661623513838,0.2290247015881052,0.5682877648853031,0.38733893906932965,0.06998414378555942,0.02009706417250712,0.05706191078949284,0.45157620711719443
2016-01-07,0.8414326775772984,0.5696475651860854,0.1670478301685471,0.14247112244397664,0.7473979164639393,0.40345487168757,0.07242030068948713,0.05966315926213052,0.0454892142202454,0.3934603126360251
2016-01-08,0.6320094333802819,0.3724618695447482,0.2116758044047521,0.136587919100429,0.6921170054828788,0.4106417065038123,0.04252201141401079,0.06186127565599848,0.03221317703041607,0.43665455853419155
2016-01-09,0.6394888349587469,0.3943713912826745,0.10010586881423962,0.1262042007567481,0.7886743299964646,0.19501246391951818,0.03609941594001958,0.03422781241880119,0.03141160497367165,0.39031891293434023
2016-01-10,0.35153187418784915,0.10954760868963183,0.19857401380329742,0.0899018538580831,0.5071102233995959,0.43142787184775894,0.0628971418832243,0.05872110937904424,0.05951672521327261,0.5065507018966791
2016-01-11,0.5048596065463791,0.10954760868963183,0.2012353150192179,0.06067561789336246,0.5255371937266162,1.0351461945091387,0.09213102473035673,0.08509850610545984,0.08531732578973338,0.7240926312383535
2016-01-12,0.5160787089140765,0.24100473911719,0.19181840302442232,0.09090498069546217,0.7540316257816666,0.2577581295037483,0.08282933473354186,0.03893806183423255,0.057913581099783784,0.41859151024950375
2016-01-13,0.7217622523218605,0.6572856521377909,0.17626002668519491,0.07915212977643955,0.7164406063145454,0.17260502607493772,0.049166075697449976,0.03454182904649662,0.06277311169379679,0.4248743096528734
2016-01-14,0.7628989610034174,0.1752761739034109,0.14452912757229688,0.15881937873964136,0.5948226021562121,0.3359905771835847,0.07729261449734254,0.062489308911389325,0.060668985044842694,0.4617857561476702
2016-01-15,0.5422566144387035,0.1752761739034109,0.1748270183381608,0.09433459001785285,0.4577259429231818,0.35534905480309276,0.07773555211623848,0.04145019485579594,0.06738215102007715,0.483775554059464
2016-01-16,0.5759139215417954,0.32864282606889544,0.2208880009213999,0.07427205327027098,0.5874518140254041,0.1960529820915667,0.0604609849792966,0.015072798129380342,0.06127016408740102,0.3942456625614463
2016-01-17,0.5310375120710062,0.2848237825930427,0.145962135919331,0.06307498884222867,0.5992450750346969,0.1300163753120202,0.028126538799892555,0.04145019485579594,0.036471528581870756,0.4028845117410796
2016-01-18,0.44502439391866006,0.1752761739034109,0.19468441971849054,0.056486885558901113,0.46067425817550506,0.32827138423280594,0.059796578550952675,0.06280332553908476,0.06001770774873787,0.4774927546560944
2016-01-19,0.4936405041786818,0.04381904347585273,0.18137791363888817,0.04168398682352314,0.4275057115868687,1.0101737583799735,0.08172199068630198,0.102997453884099,0.04298430154291911,0.4130940607715553
2016-01-20,0.632009433380282,0.32864282606889544,0.17503173381630854,0.06115006977590663,0.6471551978849495,0.7474066227921774,0.06998414378555942,0.1780474279033053,0.04017879934431367,0.41387941069697654
2016-01-21,0.7442004570572551,0.21909521737926366,0.2000070221503315,0.07997903162887367,0.6058787843524243,0.21594381784561112,0.18869142564967287,0.04176421148349136,0.03787427968117348,0.423303609802031
2016-01-22,0.5011199057571467,0.1314571304275582,0.14616685139747873,0.04293111748621066,0.3420045692694949,0.2741160430922325,0.06821239330997564,0.021981163938679667,0.057362500310772,0.4586443564459854
2016-01-23,0.4038876852371033,0.1752761739034109,0.16049693486781977,0.038444158254150124,0.3464270421479798,0.29207103108432614,0.07906436497292631,0.02072509742789797,0.057412598564318525,0.362831665544598
2016-01-24,0.4749420002325196,0.1752761739034109,0.13286034531787633,0.042524444444029946,0.4400360514092424,0.1612319204734768,0.05403838950530539,0.031715679397237795,0.05731240205722547,0.39895776211397355
2016-01-25,0.5198184097033088,0.24100473911719,0.17769303503222902,0.03276429143169282,0.4614113369885858,0.1476325899457725,0.03875704165339525,0.03736797869575543,0.036571725088963815,0.4146647606223977
2016-01-26,0.3814494805017087,0.1752761739034109,0.1447338430504446,0.032303395317221345,0.3198922048770707,0.4876642493324296,0.0766282080689986,0.04616044427122729,0.0668811684846119,0.4672832056256186
2016-01-27,0.3814494805017087,0.002682820936809085,0.1774883195540813,0.027762213012870046,0.29114613116691923,0.33567600192226776,0.09811068258545197,0.04145019485579594,0.08411496770461677,0.43665455853419155
2016-01-28,0.605831527855655,0.24100473911719,0.1433008347034105,0.04321578861573716,0.5985079962216162,0.3662865946581147,0.06356154831156823,0.042078228111186784,0.060568788537749656,0.4130940607715553
2016-01-29,0.6020918270664225,0.08763808695170545,0.17237043260038806,0.049736113058701265,0.48352370138101014,0.20418354269176006,0.04008585451008309,0.07850415692385594,0.04143125568297681,0.4209475600257674
2016-01-30,0.4936405041786818,0.19718569564133726,0.1735987254692744,0.1669935068874737,0.7407642071462123,0.31314757359256534,0.042964949032906735,0.030459612886456107,0.050098253546525764,0.45157620711719443
2016-01-31,0.38892888208017357,0.021909521737926364,0.16029221938967203,0.046699621010418614,0.3442158057087374,0.3991718085142539,0.0744135199745189,0.033599779163410344,0.04583990199507107,0.39267496271060387
2016-02-01,0.6656667404833739,0.3943713912826745,0.18792880893961547,0.06653170970076473,0.5262742725396969,0.4156023163938112,0.05049488855413781,0.06531545856064815,0.03662182334251034,0.38874821308349783
2016-02-02,0.5534757168064007,0.1314571304275582,0.17093742425335395,0.0576526816131525,0.5218517996612121,0.7152473518467698,0.03410619665498782,0.0646874253052573,0.04558941072733845,0.43351315883250674
2016-02-03,0.6170506302233522,0.3724618695447482,0.1684808385155812,0.05679866822457299,0.4378248149700001,0.6905894909789215,0.06001804736040065,0.04992864380357238,0.036020644299952026,0.47199530517814586
2016-02-04,0.5422566144387035,0.3505523478068218,0.15906392652078563,0.09715418977697247,0.3965484014374748,0.49286684019267224,0.07906436497292631,0.05715102624056713,0.04158155044361639,0.48770230368657
2016-02-05,0.6394888349587469,0.5258285217102328,0.17892132790111542,0.33999221903114923,0.6383102521279798,0.4621594550687279,0.06068245378874457,0.03422781241880119,0.03126131021303208,0.43979595823587636
2016-02-06,0.5459963152279359,0.24100473911719,0.24709158212430926,0.12544507774467745,0.5203776420350504,0.30247621280481163,0.03720675998725945,0.06437340867756187,0.05981731473455176,0.40995266106987044
2016-02-07,0.48990080338944936,0.32864282606889544,0.21965970805251353,0.09406347465639905,0.4127641353252526,0.5222191318832512,0.05935364093205673,0.03673994544036458,0.054957784140538764,0.5324672494355788
2016-02-08,0.38518918129094115,0.1971856956413373,0.17359872546927446,0.0508205745045165,0.47467875562404044,0.09681658619456411,0.07087001902335131,0.06437340867756187,0.03777408317408043,0.4060259114427644
2016-02-09,0.9162266933619473,0.5915570869240119,0.18424393033295636,0.11569848050041301,0.8675417629961112,0.4734357682820912,0.052488107839169566,0.0687696414652978,0.06327409422926204,0.43508385868334915
2016-02-10,0.6843652444295361,0.48200947823438,0.21024279605771798,0.2273437863470916,0.5638652920068182,0.30303276903637255,0.03543500951167566,0.046474460898922716,0.03592044779285898,0.40916731114444926
2016-02-11,0.4674625986540547,0.2629142608551164,0.1789213279011154,0.26096209116736385,0.361168618409596,0.42840310971971085,0.0832722723524378,0.03328576253571492,0.046240688023443284,0.47278065510356704
2016-02-12,0.5684345199633305,0.21909521737926366,0.1867005160707291,0.10588410441578512,0.4525663912316162,0.16292578726518372,0.05913217212260876,0.10362548713948982,0.027554039450589173,0.4759220548052519
2016-02-13,0.7554195594249524,0.3505523478068218,0.20512490910402476,0.19113632982493536,0.9088181765286365,0.17253243178386454,0.048944606888002,0.261575850870288,0.03376622289035837,0.43665455853419155
2016-02-14,0.6245300318018172,0.4381904347585273,0.1907948256336837,0.09399569581603562,0.7127552122491415,0.14768098613982122,0.03388472784553985,0.22766205507918225,0.04804422515111821,0.404455211591922
2016-02-15,0.4936405041786818,0.2629142608551164,0.1959127125873769,0.06497279637240533,0.38033266754969697,0.24352964845341,0.062011266645432404,0.28889529747978987,0.06557861389240223,0.48770230368657
2016-02-16,0.519818409703309,0.15336665216548456,0.20901450318883158,0.0925587844003304,0.40023379550287885,0.08469333958534726,0.07795702092568645,0.3928348012469752,0.05295385399867773,0.44529340771382486
2016-02-17,0.7965562681065093,0.416280913020601,0.18424393033295636,0.127085325681473,0.7451866800246971,0.3771999364161123,0.06422595473991213,0.24461895297473513,0.04032909410495324,0.4476494574900885
2016-02-18,0.7217622523218605,0.5696475651860855,0.18014962077000177,0.09819798391856964,0.5056360657734343,0.284835800074035,0.027462132371548636,0.10645163678874865,0.0392770307804762,0.4036698616665008
2016-02-19,0.7442004570572551,0.1752761739034109,0.19325141137145643,0.10650766974712889,0.4702562827455556,0.4104481217276172,0.09811068258545198,0.19940055858659414,0.06778293704844937,0.46021505629682774
2016-02-20,0.41510678760480063,0.1752761739034109,0.18792880893961547,0.10402696418982654,0.37148772179272727,0.3069528607543229,0.07729261449734252,0.09012277214858662,0.05200198718129375,0.43743990845961267
2016-02-21,0.9835413075681312,0.28482378259304275,0.20778621031994526,0.14065464952223614,0.6700046410904545,0.3330626074436342,0.04451523069904255,0.09671712133019053,0.05049903957489797,0.4225182598766098
2016-02-22,0.6507079373264442,0.4600999564964536,0.19059011015553595,0.15814159033600683,0.8358473740336363,0.19796463175649315,0.027462132371548636,0.05463889321900373,0.02740374468994959,0.42801570935455824
2016-02-23,0.5085993073356115,0.3943713912826746,0.2075814948417975,0.12307281833195663,0.6235686758663637,0.48500245865974717,0.06688358045328781,0.24053673681469465,0.04513852644541971,0.49084370338825484
2016-02-24,0.6544476381156766,0.3943713912826746,0.2839403681909005,0.3737325257640758,0.5896630504646465,0.2830451408942305,0.2236834975424526,1.0035971421145744,0.05465719461925961,0.5159749010017335
2016-02-25,0.6694064412726063,0.5915570869240119,0.21310881275178617,0.7297883299613632,0.8594338960522222,0.07583683607442238,0.057138952837577,0.22389385554683713,0.0425835155145469,0.45314690696803683
2016-02-26,0.8788296854696228,0.6572856521377909,0.22621060335324086,0.6488603945674012,0.8336361375943939,0.04670232725706292,0.04097172974787498,0.11367401922574341,0.039928308076581036,0.43743990845961267
2016-02-27,0.5385169136494711,0.3943713912826746,0.20246360788810425,0.15556599440219562,0.4053933471944445,0.08612102730978598,0.06998414378555942,0.13157296700438256,0.06953637592257778,0.5034093021949941
2016-02-28,0.4749420002325196,0.10954760868963183,0.21044751153586572,0.1256619700338405,0.37738435229737377,0.08563706536929827,0.14484060137897425,0.18746792673416798,0.06352458549699468,0.5497449477948455
2016-02-29,2.3485320956379714,0.8544713477791283,0.2184314151836272,0.7081126568131311,2.116153272355,0.07332023398388635,0.10431180924999521,0.09137883865936833,0.04999805703943271,0.4319424589816643
2016-03-01,0.8115150712634391,0.8763808695170546,0.2509811762091161,1.0164250458584028,0.7967821969403536,0.42995178792927147,0.0383141040344993,0.0502426604312678,0.02324558964558796,0.48770230368657
2016-03-02,0.538516913649471,0.5258285217102328,0.2317379212632296,0.49886582084308134,0.5225888784742929,0.5193395583373493,0.047172856412418224,0.043648311249663896,0.03957762030175536,0.4657125057747762
2016-03-03,0.725501953111093,0.4600999564964536,0.1672525456466948,0.6880365642974766,0.552809109810606,0.32297200098446566,0.11339203043736211,0.07410792413612001,0.05330454177350342,0.4028845117410796
2016-03-04,0.7890768665280444,0.6791951738757173,0.32611175668933273,0.7911824035625782,0.7967821969403536,0.3779500774238682,0.08127905306740604,0.04647446089892272,0.07890474933577808,0.4217329099511886
2016-03-05,0.7142828507433956,0.6353761303998646,0.2143371056206726,0.4045176750571558,0.6655821682119697,0.043604970837941646,0.039642916891187145,0.04396232787735933,0.04779373388338558,0.4555029567443006
2016-03-06,0.47868170102175206,0.5696475651860854,0.2012353150192179,0.2066034611958752,0.349375357400303,0.23235012762814417,0.06334007950212024,0.1259206677058649,0.04047938886559282,0.4884876536119912
2016-03-07,0.5310375120710061,0.21909521737926366,0.17503173381630854,0.1245097297476618,0.5012135928949495,0.31075196198715127,0.1421829756655986,0.19092210963881767,0.05135070988518891,0.43508385868334915
2016-03-08,0.8077753704742066,0.5039189999723064,0.17359872546927443,0.23412167038343681,0.8373215316597981,0.3001531954904707,0.048058731650210115,0.03862404520653712,0.048244618165304315,0.4586443564459854
2016-03-09,1.0097192130927584,0.5258285217102328,0.16581953729966073,0.31083376190679207,0.8395327680990404,0.34102378136465683,0.05536720236199322,0.061861275655998485,0.049146386729141775,0.45628830666972175
2016-03-10,0.8264738744203688,0.6353761303998645,0.20799092579809297,0.1668579492067468,0.5999821538477779,0.2824401884686209,0.1395253499522229,0.056522992985176275,0.07599905063007958,0.4594297063714065
2016-03-11,0.5085993073356114,0.5258285217102328,0.14862343713525147,0.36450104770657354,0.5078473022126768,0.25480596166677333,0.08526549163746955,0.0329717459080195,0.09934483678276058,0.40602591144276434
2016-03-12,0.9798016067788987,0.7887427825653492,0.16295352060559254,0.537418425241813,1.0002159493506566,0.0655284467420344,0.08216492830519793,0.10519557027796697,0.07875445457513851,0.47356600502898827
2016-03-13,0.7068034491649308,0.5696475651860854,0.17093742425335395,0.2603656373721655,0.8019417486319192,0.39336426522840146,0.04805873165021011,0.0329717459080195,0.03486838446838194,0.4311571090562431
2016-03-14,0.4562434962863574,0.10954760868963183,0.1684808385155812,0.10317295080124704,0.47688999206328286,0.08757291313124906,0.05780335926592092,0.014130748246294069,0.06302360296152941,0.450005507266352
2016-03-15,0.6768858428510712,0.1752761739034109,0.20921921866697935,0.11306866149431108,0.5505978733713637,0.09739734052314936,0.10076830829882764,0.056837009612871706,0.0822613323233953,0.4130940607715553
2016-03-16,0.7105431499541632,0.5696475651860854,0.18567693867999047,0.24075044097098244,0.8129979308281313,0.27290613824101323,0.12025756353024927,0.07065374123147034,0.05430650684443394,0.4594297063714065
2016-03-17,0.7778577641603471,0.48200947823438,0.2235493021373204,0.30913929089770575,0.7466608376508586,0.15598093341918526,0.033220321417195935,0.008792465575471866,0.04473774041704751,0.423303609802031
2016-03-18,0.5759139215417954,0.4162809130206009,0.21843141518362716,0.2986064591052253,0.48573493782025257,0.1952786429867864,0.05581013998088916,0.03925207846192797,0.03897644125919704,0.45157620711719443
2016-03-19,0.6282697325910495,0.6134666086619383,0.18137791363888817,0.16577348776093154,0.5948226021562121,0.08590324443656651,0.08991633663587699,0.11618615224730679,0.07534777333397476,0.419376860174925
2016-03-20,1.0022398115142934,0.72301421735157,0.20389661623513838,0.24371915417890164,1.037806968817778,0.2471351649100433,0.053595451886409434,0.040508144972709666,0.04664147405181549,0.4390106083104551
2016-03-21,0.8937884886265526,0.5477380434481591,0.18670051607072913,0.22709978252178314,1.1889081254993434,0.3147446479961748,0.04075026093842701,0.051812743569744926,0.027704334211228747,0.4476494574900884
2016-03-22,0.6320094333802819,0.5477380434481591,0.20655791745105884,0.14506027414586053,0.6103012572309091,0.15893310125616023,0.048723138078554024,0.052440776825135774,0.06743224927362368,0.45157620711719443
2016-03-23,0.6282697325910495,0.4600999564964536,0.202668323366252,0.11662027272935596,0.6302023851840909,0.16953186775284082,0.10564062210668305,0.08509850610545984,0.07594895237653307,0.40681126136818563
2016-03-24,0.8863090870480878,1.0078379999446128,0.11975855471642163,0.16304877837832074,1.2626160068074244,0.16391790924318353,0.21881118373459718,0.065943491816039,0.15174760999242654,0.49948255256788815
2016-03-25,0.8414326775772984,0.7449237390894964,0.20901450318883158,0.14762231431159903,1.0156946044253536,0.05016265513154996,0.10386887163109927,0.08541252273315528,0.08015720567444123,0.4390106083104552
2016-03-26,0.785337165738812,0.3067333043309691,0.22477759500620673,0.24316336768792138,0.6618967741465656,0.2714058562255014,0.0939027752059405,0.02574936347102475,0.08546762055037295,0.4680685555510398
2016-03-27,0.7442004570572551,0.5915570869240119,0.311576957740844,0.31628318067201366,0.8270024282766668,0.4657649715253611,0.3189150856050809,0.05338282670822204,0.20329871289180154,0.5591691468998999
2016-03-28,1.2341012604467045,0.5696475651860854,0.19079482563368372,0.32735824318740175,1.2176541992094951,0.14952004151367448,0.4276562710440356,0.05369684333591746,0.37062687973719766,3.1044882551900344
2016-03-29,0.9162266933619473,0.5915570869240119,0.202668323366252,0.33611526936235975,0.9500945900611617,0.028360169712579136,0.12025756353024927,0.1070796700441395,0.0935334393713636,0.5363939990626849
2016-03-30,0.7068034491649308,0.4381904347585272,0.18813352441776324,0.23097673219057263,0.9884226883413636,0.06148736453896211,0.12668015900424048,0.15889241361388443,0.13666803567492228,0.4986972026424669
2016-03-31,0.8750899846803905,0.3505523478068218,0.21965970805251353,0.19762954273175412,0.9080810977155556,0.48635755209311266,0.3235659306034883,0.2669141335411102,0.18401088527638915,0.5568130971236364
2016-04-01,1.0471162209850826,1.0954760868963183,0.1537413240889447,0.2277911266934904,1.4549935770215152,0.13894547311401825,0.18337617422292155,0.2207536892698829,0.10650888703991378,0.47278065510356704
2016-04-02,1.204183654132845,0.5258285217102328,0.15271774669820606,0.20473276520184389,1.2220766720879799,0.04670232725706292,0.0996609642515878,0.023865263704852206,0.06021810076292397,0.43822525838503396
2016-04-03,0.8414326775772987,0.3943713912826745,0.20799092579809297,0.15640645202270245,0.733393419015404,0.37240871320528407,0.06311861069267226,0.054324876591308316,0.03577015303221939,0.47356600502898827
2016-04-04,0.9947604099358285,0.4162809130206009,0.11709725350050115,0.11697272269924591,0.6478922766980303,0.46249822842706917,0.18780555041188102,0.04741651078200899,0.1619676537159178,0.5528863474965302
2016-04-05,1.3724701896483047,0.6791951738757173,0.19325141137145646,0.10362029114764582,1.1107777713127778,0.6166643045694257,0.33331055821919914,0.1017413873733173,0.28019953208571863,1.1144115441726938
2016-04-06,0.9349251973081094,0.3724618695447482,0.17503173381630854,0.1049216448826241,0.8498518714821718,0.0423950659867224,0.04761579403131416,0.06562947518834357,0.06627998944205359,0.4209475600257674
2016-04-07,0.8376929767880662,0.1752761739034109,0.17359872546927446,0.12616353345253004,0.7768810689871718,0.059817695844279546,0.062011266645432404,0.1491578981553263,0.056059945718562335,0.4476494574900884
2016-04-08,0.8302135752096012,0.3943713912826745,0.2116758044047521,0.14665985477843801,0.8188945613327778,0.6388297614437621,0.21836824611570124,0.5171853858143629,0.15675743534707912,0.5418914485406333
2016-04-09,1.3462922841236775,0.8763808695170544,0.17503173381630854,0.1756149753817048,1.3009441050876265,0.3195842674010518,0.20308689826379112,0.43208687970890314,0.2018458635389523,0.5638812464524271
2016-04-10,1.1518278430835909,0.4381904347585273,0.15640262530486518,0.17013844508033787,1.2891508440783335,0.03801521042530873,0.08836605496974118,0.14633174850606748,0.05585955270437623,0.4743513549544095
2016-04-11,1.0471162209850826,0.3505523478068218,0.15394603956709244,0.09178610562018705,0.8616451324914647,0.04420992326355127,0.08615136687526144,0.29768776305526173,0.06577900690658835,0.691893284296084
2016-04-12,1.271498268339029,0.10954760868963183,0.17216571712224032,0.09970267417463828,0.9854743730890404,0.09062187335632158,0.17673210993948235,3.9066808651587666,0.07199119034635752,0.450005507266352
2016-04-13,1.7389608669930834,0.9201999129929072,0.20000702215033153,0.13127405801593436,1.5935643938807071,0.13391226893294622,0.1483841023301418,3.300314757078904,0.06983696544385692,0.6251385406352813
2016-04-14,1.4510039062221858,0.7668332608274226,0.14862343713525147,0.1624116572789043,1.2788317406952021,0.04573440337608752,0.065333298787152,0.20159867498046202,0.06768274054135631,0.7052442330282446
2016-04-15,1.050855921774315,0.4381904347585273,0.21699840683659305,0.10146492402408804,0.9058698612763132,0.07181995196837447,0.06356154831156823,0.039566095089623395,0.08927508781990892,0.48770230368657
2016-04-16,0.9947604099358285,0.5696475651860855,0.1920231185025701,0.1347307788744704,0.8822833392577274,0.6831122789983866,0.11250615519957022,0.0687696414652978,0.1110177298591011,0.4680685555510398
2016-04-17,1.529537622796067,0.9859284782066864,0.12897075123306945,0.18705604363505554,1.5766115811798487,0.8376897227901576,0.17651064113003437,0.07065374123147035,1.9567876852737502,0.4806341543577791
2016-04-18,1.3088952762313533,0.9421094347308335,0.120986847585308,0.14603628944709424,1.1778519433031314,0.06976311372130176,0.09279543115870063,0.07599202390229255,0.10064739137497027,0.47984880443235794
2016-04-19,0.9162266933619473,0.3943713912826746,0.1907948256336837,0.08835649629779636,0.7790923054264142,0.5401015255842717,0.11029146710509048,0.053382826708222045,0.11237038270485729,0.521472350479682
2016-04-20,0.9461442996758068,0.4600999564964536,0.17093742425335395,0.09322301703589224,0.8889170485754545,0.5015539570244265,0.833165661143274,0.1664288126785746,0.11247057921195035,0.4947704530153608
2016-04-21,1.4397848038544887,0.8106523043032756,0.15783563365189926,0.42925695178981593,1.5758745023667677,0.4898178799675998,0.1246869397192087,0.12309451805660612,0.08271221660531404,0.6416308890691267
2016-04-22,1.3088952762313533,0.7011046956136436,0.1893618172866496,0.2664386214687309,1.2360811695365153,0.06010807300857217,0.09058074306422091,0.06625750844373442,0.0647269435821113,0.4484348074155096
2016-04-23,1.1854851501866828,0.7449237390894964,0.24483971186468423,0.06575903092062138,1.202175544134798,0.43212961666146604,0.09943949544213981,0.02920354637567441,0.06081927980548228,0.48141950428320035
2016-04-24,1.2004439533436126,0.4600999564964536,0.1907948256336837,0.06505413098084148,1.1660586822938384,0.595950733516552,0.1541422913757891,0.07410792413612001,0.10600790450444852,0.5191163007034184
2016-04-25,0.7142828507433956,0.7449237390894964,0.18281092198592228,0.15564732901063177,0.8365844528467172,0.30980823620320025,0.3977579817685592,0.11493008573652509,0.325688746305964,0.6997467835502961
2016-04-26,0.8638708823126932,0.5696475651860855,0.22743889622212723,0.17152113342375228,0.9397754866780302,0.2204446638921467,0.28879532752015663,0.11147590283187543,0.20931050331738466,0.589797793991327
2016-04-27,0.4824214018109845,0.19718569564133726,0.15660734078301292,0.07025954592075462,0.5668136072591414,0.020181212918337032,0.4440449629431856,0.4273766302934717,0.2908203618375821,0.7641454774348352
2016-04-28,0.6133109294341198,0.5258285217102328,0.15251303122005833,0.13630324797090249,0.6456810402587879,0.7666441099265634,0.3485919060711093,0.4182701480903044,0.2922231129368848,0.6322066899640721
2016-04-29,1.5856331346345536,0.5915570869240119,0.17359872546927446,0.20780992455434463,1.0238024713692422,0.33969288602831565,0.41835458104722073,0.1359691997921185,0.3600561482388807,0.7076002828045083
2016-04-30,10.355231485384621,3.834166304137114,0.3762670488355264,0.17160246803218845,9.420604309985807,0.09139621246110188,0.4473669950849052,0.10017130423484018,0.196385153902381,0.8717384172175405
2016-05-01,4.2744780020926765,0.8544713477791283,0.19857401380329742,0.15177037934184232,3.542400775666364,0.15769899830791662,0.3337534958380951,0.13502714990903222,0.26892742503775036,0.7233072813129323
2016-05-02,0.5759139215417954,0.2629142608551164,0.22477759500620678,0.1452636106669509,0.6781125080343435,0.21833942945102522,0.4985262900673869,0.11807025201347933,0.4266868254557599,0.7036735331774022
2016-05-03,0.7292416539003254,0.5477380434481591,0.10522375576793286,0.21262222222014973,0.8093125367627274,0.2680423207391119,0.212167119451158,0.06908365809299322,0.26682329838879626,0.5772321951845877
2016-05-04,0.59835212627719,0.4600999564964537,0.19734572093441102,0.26883799241759704,0.7739327537348485,0.3746591362285519,0.09323836877759657,0.10770770329953035,0.1423291383256797,0.48927300353741243
2016-05-05,0.4749420002325196,0.5258285217102328,0.22088800092139996,0.2058850054880226,0.5284855089789394,0.15474683047094162,0.2686416658603911,0.08101628994541933,0.18270833068417947,0.5552423972727939
2016-05-06,0.7030637483756983,0.32864282606889544,0.18547222320184276,0.17796012325828026,0.7385529707069697,0.23559267262941166,0.4524607777022086,0.09326293842554086,0.3374117376358511,0.6699034863842902
2016-05-07,2.0381369301316785,0.8763808695170546,0.1774883195540813,0.24961591329052202,2.1139420359157577,0.32522242400773343,0.5534505548104842,0.08384243959467814,0.4583489216971642,0.7421556795230413
2016-05-08,3.7397007892324376,1.2926617825376554,0.2720668704583322,0.21931877164805885,4.2345177811492425,0.163821116855086,0.537726269339678,0.07599202390229255,0.3209795104725906,0.631421340038651
2016-05-09,0.8152547720526715,0.48200947823438,0.2235493021373204,0.18603936102960375,1.0849800128549496,0.2946360293689109,0.9146661830201279,0.059349142634435095,0.6195651016098842,0.9738339075222976
2016-05-10,0.4749420002325196,0.5915570869240118,0.23665109273877505,0.1866900378970929,0.529959666605101,0.3956872825427424,1.3301416695445252,0.06971169134838406,1.0629346454966373,1.304466226124626
2016-05-11,0.9723222052004339,0.7011046956136436,0.2286671890910136,0.46440705840230223,1.0039013434160606,0.27922184156437774,0.7410346364129172,0.0898087555208912,0.6765769141458304,0.9612683087155582
2016-05-12,0.9199663941511796,0.7449237390894964,0.18547222320184273,0.6487248368866743,1.0967732738642424,0.10518912776500128,0.2515885675328972,0.055580943102090004,0.22358850557814447,0.4971265027916245
2016-05-13,0.6843652444295361,0.4600999564964536,0.21843141518362716,0.30385254134935646,0.7201260003799496,0.41598948594620133,0.310499270846058,0.2009706417250712,0.2744883311814147,0.6714741862351327
2016-05-14,0.6394888349587469,0.1971856956413373,0.16029221938967203,0.12830534480801514,0.4363506573438384,0.31116332963656584,0.6480177364447686,0.1679988958170517,0.40920253496802245,0.8112664729601076
2016-05-15,2.183985260911744,0.7230142173515699,0.20103059954107017,0.4926708348338618,2.217133069747071,0.25383803778579794,0.3512495317844849,0.15983446349697067,0.40800017688290585,0.8277588213939531
2016-05-16,1.1518278430835909,0.7449237390894964,0.1881335244177632,0.2888056387886701,0.9375642502387878,0.06773047357125343,0.13996828757111884,0.11304598597035255,0.143882184185622,0.5489595978694242
2016-05-17,0.7741180633711146,0.2190952173792636,0.12487644167011487,0.16380790139039142,0.606615863165505,0.12904845143104485,0.2154891515928776,0.08761063912702324,0.13741950947812018,0.5929391936930118
2016-05-18,0.9536237012542716,0.2629142608551164,0.22621060335324086,0.1219748011180687,0.748872074090101,0.2424891302813614,0.9766774496655601,0.19500432579885815,0.7306329297225318,0.9322103614749735
2016-05-19,1.2677585675497962,0.8106523043032754,0.21310881275178617,0.23036672262730154,1.110777771312778,0.27907665298223144,0.3614370970190917,0.10393950376718525,0.3143665410044492,0.6377041394420208
2016-05-20,0.9012678902050175,0.3943713912826745,0.1893618172866496,0.24999547479655732,1.1542654212845456,0.050574022780964505,0.07862142735403037,0.08352842296698272,0.0703880462328687,0.47278065510356715
2016-05-21,0.6357491341695145,0.3943713912826745,0.21577011396770668,0.21648561612086653,0.48573493782025257,0.05991448823237709,0.12136490757748913,0.04835856066509526,0.096238745062876,0.5057653519712578
2016-05-22,0.6020918270664225,0.3724618695447482,0.2208880009213999,0.11889764176556794,0.41644952939065655,0.6673351197384876,0.34881337488055725,0.31652876071698716,0.3404677311021891,0.6706888363097114
2016-05-23,0.9124869925727148,0.9421094347308335,0.20778621031994526,0.24880256720616056,0.8697529994353536,0.36543966126226124,0.28503035775954105,0.09734515458558136,0.2921730146833383,0.7837792255703654
2016-05-24,0.9760619059896664,0.5915570869240119,0.15537904791412654,0.2950684036382531,0.894813679080101,0.4391228667015133,0.15657844827971681,2.4034832683807736,0.09223088477915393,0.5348232992118426
2016-05-25,1.4734421109575804,0.7011046956136436,0.18915710180850184,0.16547526086333236,0.9117664917809595,0.2848599981710594,0.20773774326219854,0.11869828526887019,0.1765462454979568,0.6793276854893447
2016-05-26,0.7030637483756983,0.3505523478068218,0.20389661623513838,0.10612810824109356,0.6655821682119697,0.3450648635677291,0.8105758425795807,0.11021983632109374,0.8785229741918757,1.081426847305003
2016-05-27,1.3275937801775153,1.0735665651583919,0.2012353150192179,0.3004635993311839,1.2876766864521716,0.7036564633720894,0.8533193228030393,0.03736797869575543,0.8951054961157757,1.1827369876843388
2016-05-28,0.9424045988865744,0.7668332608274229,0.24975288334022974,0.4220181716389992,1.3031553415268686,0.45719884517872883,0.28015804395168564,0.02857551312028356,0.27328597309629804,0.6832544351164508
2016-05-29,0.3066554647170599,0.15336665216548456,0.16049693486781977,0.16649194346878413,0.4562517852970202,0.19968269664522442,0.4715070953147342,0.054952909846699156,0.35514651939132114,0.7005321334757173
2016-05-30,0.44502439391866006,0.3505523478068218,0.2313284903069341,0.14595495483865809,0.491631568324899,0.2363428136371676,0.7388199483184376,0.0951470381917134,0.8526221771083219,0.944775960281713
2016-05-31,0.6881049452187685,0.48200947823438,0.19447970424034283,0.28911742145434194,1.0967732738642424,0.2761002870482321,0.6683928669139821,0.03422781241880119,0.60759161901226455,0.9534148094613462
2016-06-01,0.9685825044112014,0.7011046956136436,0.21699840683659305,0.407269495975912,1.094562037425,0.1923264751498114,0.47947997245486124,0.08133030657311476,0.3651661701006263,0.8261881215431106
2016-06-02,0.5946124254879577,0.6134666086619381,0.20512490910402476,0.19898511953902315,0.637573173314899,0.06831122789983866,0.21039536897557423,0.04961462717587695,0.10986547002753101,0.5151895510763123
2016-06-03,0.6095712286448873,0.3943713912826745,0.17871661242296769,0.21046685509659196,0.5469124793059597,0.12031293840524189,0.32976705726803157,0.0634313587944756,0.2948282221213041,0.631421340038651
2016-06-04,0.725501953111093,0.6353761303998646,0.19202311850257006,0.23450123188947214,0.8196316401458587,0.1259026988178748,0.277278949428862,0.07222382436994747,0.170083570790455,0.6094315421268572
2016-06-05,0.4637228978648223,0.72301421735157,0.22088800092139996,0.18156595756561592,0.6950653207352021,0.33190109878646373,0.0644474235493601,0.03642592881266916,0.07354423620629982,0.45550295674430047
2016-06-06,0.3365730710309194,0.19718569564133726,0.17093742425335395,0.10878503878334088,0.30367647098929296,0.1422848105033834,0.07352764473672699,0.06845562483760238,0.05981731473455176,0.483775554059464
2016-06-07,0.3702303781340114,0.3505523478068218,0.14985173000413785,0.1372928190402089,0.3095731014939394,0.3134621488538824,0.19710724040869584,0.1322010002597734,0.1619676537159178,0.702888183251981
2016-06-08,0.5422566144387034,0.4162809130206009,0.23808410108580919,0.20917905712968635,0.4577259429231818,0.12728199034826473,0.36365178511357144,0.15638028059232104,0.30194217412491076,2.870453977414514
2016-06-09,0.6170506302233523,0.9201999129929072,0.227643611700275,0.19429482378587223,0.5137439327173233,0.07380419592437405,0.17451742184500263,0.09169285528706374,0.08035759868862734,7.312393155596865
2016-06-10,0.7479401578464875,0.6134666086619383,0.24320198803950238,0.09075586724666258,0.5845034987730808,0.15218183218635684,0.22567671682748433,0.28606914783053106,0.10385367960194791,8.795133814792106
2016-06-11,0.40762738602633575,0.48200947823438006,0.2208880009213999,0.10473186412960643,0.22554611680272726,0.13541255094845808,0.3534642198789647,0.2936055468952212,0.21587337453197955,11.455114012193736
2016-06-12,0.6507079373264442,1.2488427390618027,0.22887190456916132,0.2708713576285006,0.6464181190718687,0.11440860273129194,0.3193580232239769,0.12780476747203748,0.10731045909665819,11.673441291460833
2016-06-13,0.5422566144387035,0.9201999129929072,0.18813352441776324,0.17470673892083452,0.44814391835313133,0.07970853159832396,0.16942363922769924,0.11304598597035255,0.10916409447787966,6.991970386025011
2016-06-14,0.3066554647170599,0.4381904347585272,0.19059011015553598,0.09390080543952675,0.1827955456440404,0.02272201310589745,0.19887899088427963,0.09451900493632256,0.07149020781089227,7.977584542428628
2016-06-15,0.3216142678739896,0.72301421735157,0.2327614986539682,0.1506045832875909,0.2749303972791414,0.07460273312617875,0.2792721687138938,0.12372255131199696,0.11858256614462649,10.609292142515097
2016-06-16,2.004479623028587,1.7746712607720352,0.2603980882039117,0.17345960825814705,3.2564141961910105,0.28846551462769277,0.25092416110455323,0.07504997401920628,0.0748467907985095,10.866886918053252
