SampleDate,Cu,Ni,Pb,S,Zn,Al,Ca,Cl,Si,Ti
2003-05-17,0.028641641179987794,0.07170360691233908,0.08969426921920545,0.006397863328222024,0.009116967357253538,0.06369735241391802,0.015312903422268796,0.1641436625631854,0.0781033633480433,0.028824688857124643
2003-05-18,0.025461876253859147,0.05039161543450147,0.08412962294829471,0.017520580347449615,0.020199588367537234,0.003204108226013572,0.019496378085586734,0.09937320564777183,0.02518262998614736,0.019194046603713176
2003-05-19,0.008165727983530074,0.04161794659953923,0.07574216070738182,0.02163761820501375,0.007413170306103568,0.018443285730754922,0.03399820671483304,0.01714511899292146,0.022271550487532394,0.017417245065811455
2003-05-20,0.006819265714909468,0.044401598634293694,0.06356962078786105,0.03827936218166594,0.006760620773369876,0.02832266766112869,0.03792232076870497,0.017335612085695444,0.03926275206152882,0.01953477521230919
2003-05-21,0.008395731637974557,0.05375131538955778,0.07700747599492769,0.01823280312720815,0.007989982008333068,0.01314853958542407,0.058500573881879576,0.017415108735500964,0.03443250478828296,0.019366706638812497
2003-05-22,0.012534921565973044,0.07800849486548553,0.0991821972455158,0.01261616336514147,0.00489500701047306,0.09839553094386537,0.027348422630115582,0.06300142614246831,0.10967618906852508,0.027919392001055598
2003-05-23,0.004872806237412187,0.050528543660917184,0.07051914862133273,0.027102307771278828,0.005910814709333759,0.02166236057662198,0.14054944575239256,0.027947942217682233,0.01682193255305217,0.12522205715066378
2003-05-24,0.013015407423691392,0.040466059586743756,0.05517109428819116,0.055066754620045524,0.005882696907131945,0.09558986767572965,0.016492582877864263,0.030013342650989195,0.0852187492098986,0.03935071981550844
2003-05-25,0.021473054364353105,0.03995971948026928,0.06361014443838814,0.03629728894870869,0.003235481246609995,0.09530282658967205,0.014399312377142124,0.026293934648297674,0.043178978947453255,0.06950054034765177
2003-05-26,0.20846975692816816,0.08682610878535203,0.07915522133472574,0.010079777878621295,0.0138935281825192,0.03817522683270349,0.04671248297338325,0.03504836697636075,0.14182517043007456,0.05750362519420636
2003-05-27,0.0131530873960208,0.0952745637476511,0.1045567820284291,0.010822442844304982,0.006782907326248693,0.06532157333592244,0.019819984235463613,0.031097795105393504,0.04673005889017177,0.03612625895139743
2003-05-28,0.008959883733454233,0.09331394095228752,0.11075781447244404,0.013152626075408312,0.006599946242266011,0.013305855210804787,0.010137278186268254,0.026728301725487846,0.015431137828500646,0.023214908175254952
2003-05-29,0.0054307001901872185,0.059724858527046294,0.08816607451811402,0.013333690029480405,0.004848900061481942,0.009970298111290733,0.008786494066671676,0.029984658223365365,0.007219137324611919,0.020263878206438907
2003-05-30,0.0499982603989859,0.03971235768195381,0.057733572406114826,0.01741481936137042,0.013593697876958006,0.019437031674298236,0.012592355588243492,0.03341783070482296,0.009135438043801375,0.02098543561379877
2003-05-31,0.06674420579808714,0.03868345586546556,0.06952326329651505,0.023461632757665357,0.004251227272785396,0.009130628636450793,0.011485516222187036,0.03149989285614185,0.05604117862879393,0.021498376399046466
2003-06-01,0.08090244234142709,0.061412783234819864,0.0824717142295405,0.011911577583887053,0.005634948890754794,0.03368571403881542,0.01000737985029152,0.030941221970771763,0.015669131341831413,0.018407798044721427
2003-06-02,0.09521939151283845,0.050780327440053945,0.0735700115503734,0.010394895848914728,0.004395619642443548,0.019761731876809924,0.0047188063308520175,0.026148248925401883,0.00711596368050447,0.014579793170366976
2003-06-03,0.06793477734494326,0.05077124901242309,0.07253311235362092,0.01384405916910348,0.009146104665413088,0.025878971585206766,0.01250791096619816,0.025557471895040262,0.009841848884391794,0.015410276018385566
2003-06-04,0.04556946215011917,0.02913413592984604,0.05724047665592601,0.011510232958258966,0.003737465117104029,0.014568179025716199,0.029628264261150325,0.024953632096215605,0.03292428520591102,0.01774861447421969
2003-06-05,0.06938849647257812,0.053455495094401784,0.07956795706658275,0.009886459133209046,0.0032536813547103943,0.005082608512371828,0.02881832263847675,0.02256484501201631,0.016212497926296296,0.019785206882647927
2003-06-06,0.05347938103562744,0.0698363387484915,0.07890737424562118,0.005212558178007477,0.004193615315194319,0.028524420334484955,0.006974269541107926,0.022521767020319498,0.012780668994173502,0.012389561065898792
2003-06-07,0.09545983228707675,0.07779537862378512,0.06896548926493654,0.0014810569785199906,0.003814315301972553,0.015117722427051675,0.0034422031457643464,0.019449515515961985,0.0022450986861361905,0.005008043042842312
2003-07-11,0.006484368170371433,0.030477744132542443,0.002682777712017481,0.0020991428945610576,0.003863096396449693,0.028498278715027546,0.00152534469140231,0.006341954518320465,0.0022150957638902603,5.387175553911393e-4
2003-07-12,0.002580681501531153,0.007751019143313161,0.0011283671496929062,0.0020648035042139263,0.0035669255990140015,0.014920727692355303,0.0016095586646889739,0.02198798406288845,0.004614064907273491,3.171992101695143e-4
2003-07-13,0.0039036866688402804,0.008612238623787571,0.0012423662391471196,0.0058310939137263245,0.0054405276092696865,0.04370264997057688,0.0011435418206592683,0.03147888486959703,0.0038947282515955756,1.591945281300096e-4
2003-07-14,0.004650364705644571,0.014345510433341363,0.0011285999392616859,0.00939096604805466,0.004867970495363528,0.021050466113324166,0.0014924716138856088,0.006388851077132132,0.004740576734986684,0.0010480283211546692
2003-07-15,0.007243891047637713,0.030428870591173666,0.003602772342637952,0.008571449757701398,0.0052066906915213705,0.045476067598396445,0.012842411681869849,0.01584672645302204,0.0074590669798564315,0.0018433431691914834
2003-07-16,0.0061556096326715595,0.00795234495843201,7.326388107017849e-4,0.00641753785526326,0.005240171744539275,0.03738267634391866,0.001859222228235982,0.003427405947246542,0.011338347495841401,0.0016792321452037545
2003-07-17,0.007506488995266264,0.031153165458653223,0.002638689645410558,0.009208337021793151,0.005473281099642224,0.003938007212283737,0.006180085531277285,0.00896087624480923,0.014430383747470858,0.0018033008852249297
2003-07-18,0.0031030278614622288,0.012838456669718295,9.411107005992336e-4,0.009763199831608565,0.005153339153346071,0.01314478904205979,0.003516181687629136,0.0032952299364989073,0.008588562060457211,4.59113246274754e-4
2003-07-19,0.0035863395819305944,0.013638133430456436,0.001164711360836484,0.007667387069030514,0.005097696218293372,0.012745032351852955,0.0026153721373631126,0.003224857858701827,0.011401448173022972,0.0014783641665602086
2003-07-20,0.004480727650094762,0.011453530863852073,8.330987177093639e-4,0.008680833242701897,0.005089935095408061,0.05873101899881031,0.0024911162432140707,0.007199419070778359,0.02432486131976574,0.0019616826955608127
2003-07-21,0.007182070526503517,0.030017277117810673,0.002703711652583635,0.007464840873178335,0.006013836680123888,0.04526780974221255,0.0022232525377478426,9.792767652942365e-4,0.008234484136659908,8.110327386333502e-4
2003-07-22,0.004880065330320956,0.013857100500714724,0.0013566984753023705,0.011088469367833129,0.00600175783883122,0.017378280334467658,0.0011102498547538703,0.003301550381077744,0.015615945767015244,0.0033502120126034846
2003-07-23,0.007343181686008651,0.030839884551115176,0.003024747522746724,0.011909835458184047,0.007260572164317024,0.009888304948009885,0.001849448057550904,0.0011412395049001534,0.0025078983270383987,0.0026259099920171356
2003-07-24,0.003648620483744222,0.015743723798519103,9.244128169513415e-4,0.006940115377964045,0.005863752547866216,0.01703829869852482,0.00406915840638455,7.130989233239017e-4,0.004851054788856747,7.463397950338409e-4
2003-07-25,0.008762064161375005,0.03326049828978256,0.003175018159564621,0.013285575568670946,0.008433338380491585,0.02148239589047477,0.006276609177657814,0.0010077507232909358,0.007878547047033212,0.004153560695394746
2003-07-26,0.005905847974449451,0.015379105705114469,0.0014069307677508488,0.015046353833089481,0.00834825285220116,0.023439274241413274,0.0028674502199181958,0.0010099272745703125,0.0035009389116900337,0.0011466022542334765
2003-07-27,0.013344484281409176,0.01780709582213088,0.001533705990919359,0.009470642499232351,0.007552930189779751,0.006229129840216545,0.0014654409938206266,0.003170136711017504,0.0053429765311317256,5.066159342245514e-4
2003-07-28,0.004873680127109055,0.014475146713027874,0.0013773182509792079,0.008540040041915064,0.008834761326053438,0.06534578530372602,0.0025707068301225686,0.001892872635974865,0.005843460202754957,2.325360192977602e-4
2003-07-29,0.0057665674878521886,0.010761894338113392,7.990634095116742e-4,0.004523753336775079,0.006774968249528658,0.01997185763005601,0.002690917554828445,0.012629892678140681,0.0019802680271965222,6.435027854206895e-4
2003-07-30,0.003612788477255471,0.01263173785690032,0.0012071886545930441,0.007738305757405594,0.005632128268587744,0.0289412368616307,0.0022450281623934616,0.001441885943761887,0.004223702919651917,0.0010872184025920353
2003-07-31,0.004521462145689688,0.016519600066758216,0.0011714723397128683,0.01094665336878621,0.0065995020622146485,0.030487959835931958,0.0015006187057215361,0.0012928937030061548,0.002026022582430001,1.3970914702917867e-4
2003-08-01,0.005708048125994019,0.02692151319719491,0.0026793938759728133,0.0028359850922959557,0.005446621687157189,0.006016381320481234,9.716782168362617e-4,8.968497212915305e-4,0.006112311541954587,3.5793124183095286e-4
2003-08-02,0.0037997679561518004,0.0163747837132984,0.0015660517127652695,0.0029743853721228455,0.005436340100958606,0.01062579301576151,6.485809121953596e-4,7.374414610378835e-4,0.0010351484580376478,8.913446576184869e-4
2003-08-03,0.0028384716315660538,0.01595137363998078,9.612497026391587e-4,0.004140561322830629,0.0049317551207526044,0.008485116503219614,3.2721134435596507e-4,4.051217750717944e-4,9.263732125537057e-4,9.7213290473411e-4
2003-08-04,0.0055717460256365205,0.03036023376097842,0.002743528331476206,0.004519006038457077,0.005171708591440795,0.006812600728384914,0.0021663454914952487,0.001057156754040482,0.00904851417096565,0.001490982218253886
2003-08-05,0.0087325191969397,0.016514819931670748,0.0012524652438843404,0.006621982884384932,0.0054289168169945915,0.003712859556467644,0.001482825579895333,6.48907920879266e-4,0.007547768067324596,0.001453152906211551
2003-08-06,0.0037353304428329047,0.011879339665743158,0.0013383938331188855,0.010230251540604775,0.008420950411849627,0.054996706244802816,0.004763650548555192,0.001990302657489421,0.012999407785379032,5.687877105911624e-4
2003-08-07,0.004974009163102483,0.015818213682808356,9.595474547649844e-4,0.006348167251455628,0.007009695491239469,0.01952958164548514,0.0034710619607596104,0.0014837126866415601,0.009609101540153998,0.001338110340527113
2003-08-08,0.0040000074804572286,0.014981217470771375,0.001037251069122431,0.004573473194113015,0.005817009476429968,0.008876295695357785,0.0046668513348559985,5.668350115370657e-4,0.008963320904636926,3.9210003162492543e-4
2003-08-09,0.00671028081380724,0.031605151630398315,0.0025744778617960043,0.006247908915024608,0.006365278150811711,0.018094440481025507,0.0016200555492005986,0.0011027250634948243,0.004377190394297342,6.320589575586388e-4
2003-08-10,0.009832918203025235,0.04701631886615574,0.004148655147470935,0.006293638324854824,0.0063554235267166415,0.004247213805512953,8.166169055596962e-4,6.238886091037626e-4,0.010621942118079321,0.007901983868132435
2003-08-11,0.020831066338620214,0.037966767253443105,0.003600104798651758,0.016998748437230607,0.13223787636277998,0.03199245809387346,0.006680253255573377,8.439110752490698e-4,0.011810655709271615,0.031469362121229555
2003-08-12,0.007775008788466387,0.03610493548237781,0.0029361176570117872,0.028982362659310725,0.008319511612814127,0.004997864386138794,0.002529420251018409,8.604462567820838e-4,0.008864413691098657,0.005707998252934534
2003-08-13,0.007214558370381548,0.040403143798822073,0.002958958646396298,0.01086157651833012,0.006489095433752531,0.01488157445682766,0.0032991749256061106,7.156594248475963e-4,0.017046684996780432,9.230630669959011e-4
2003-08-14,0.007577302647853928,0.03899509204397227,0.003100005906810037,0.014689836188006629,0.007236242071665169,0.010289560870974407,7.418744342273423e-4,7.220144762035127e-4,0.016120022970467832,4.7383422316483076e-4
2003-08-15,0.010305680549148951,0.049293348336255864,0.003912614754057866,0.02865372636578519,0.008065302864593239,0.046433152257488244,0.006230107249687276,8.322900077968394e-4,0.021230757418783542,0.0034018204325373604
2003-08-16,0.003998076857269069,0.02158420049693787,0.0011519004684756526,0.021289241751276167,0.006730599003350317,0.034301308306221016,0.006142622610535952,0.0017244537397886467,0.01625463986220682,0.002381436336208533
2003-08-17,0.002956877801893131,0.019521882104256663,0.00130890022591956,0.011730285391161206,0.006439124063492345,0.030865713088013846,0.003961315983748787,0.0027191182486970343,0.019467555281993384,0.0013168229770379038
2003-08-18,0.008031581719750299,0.035725129039950336,0.0029071711045222434,0.012239316595880671,0.00701474804434548,0.016873346426434933,0.0037322478138466595,0.0015272791498154418,0.014625706433970122,0.0025421864841433644
2003-08-19,0.0077471057529083925,0.04104709674489692,0.0030318949598709213,0.010939655783654483,0.006530404685574385,0.02402356045774531,0.008254278709569135,9.435013122148613e-4,0.039804112805869124,0.002325348752124562
2003-08-20,0.007787523487504439,0.03676646047143887,0.00346253225118674,0.011851232407234145,0.007090601779903601,0.030305140370528817,0.013661661710396894,9.85386458627618e-4,0.034526549887924085,0.0012051011615570712
2003-08-21,0.03169845180132503,0.02945973585208179,0.0015577957262518129,0.010716978642080563,0.011127220100980896,0.01905656953908299,0.012387894544132425,0.0034303016304133814,0.023080898396314505,0.0061864968629571715
2003-08-22,0.007713290603933839,0.04085191342742122,0.00297331788823752,0.009448505218650382,0.00667516632533426,0.015464553058592316,0.027176444736063846,0.004411933115024553,0.01642993247093267,5.841522914552423e-4
2003-08-23,0.010401316691157588,0.05297084725013724,0.004364967754652343,0.017097825817119792,0.00850086878587861,0.021107353294510554,0.004461305851150702,0.0023142836935978583,0.03218002575144788,0.0029714805068681103
2003-08-24,0.008090112562571207,0.04637456402456176,0.0033969088724311496,0.03829338600954461,0.007326833893900818,0.012441286164853087,0.00269117506777457,0.001658537795803527,0.0201392779777632,0.002233242229502039
2003-08-25,0.00731896545376102,0.042132423187453,0.004019247867569096,0.02686438399920965,0.006782385433698852,0.011658539026416804,0.005113001058006782,0.0011578217864616554,0.025759455390563853,0.0014432624677149682
2003-08-26,0.0036965998371875247,0.024088419496619273,0.0011012379721256952,0.02151422740405541,0.009322847197287293,0.01297821853762389,0.003910147830055733,0.003471854530905202,0.02314477219123477,0.01593477525029589
2003-08-27,0.0031734598529937507,1.1391958245240963,9.197867594178203e-4,0.02297852800310012,0.006267493337731817,0.005933580424473714,0.002162743331804472,9.022060149059898e-4,0.008093862625474815,8.468709348471955e-4
2003-08-28,0.049821370398629085,0.03527040501877723,0.002526736797341257,0.012691108021399455,0.020323443505980254,0.025421497769989563,7.693069017859859e-4,8.673032439078952e-4,0.006001858235527541,8.469510022690177e-4
2003-08-29,0.007213989902102264,0.037910558492260105,0.0029465320391976555,0.02543392744817369,0.006536799749309494,0.005280310834007053,0.0011446004883986236,8.467030013234473e-4,0.005621949342348675,3.502819800073145e-4
2003-08-30,0.004539905078280544,0.02063193844108976,0.00130726348852481,0.007601793572995448,0.014932337600502025,0.007363535003539413,0.0028612921801281174,0.002074981398999947,0.010322126719407613,2.8753628684332786e-4
2003-08-31,0.007848741960929197,0.045628820514185514,0.002962672900870501,0.007869933520337916,0.015928209831025723,0.015640096321459712,0.010238877714745345,0.00167926697000434,0.02341121633936203,0.004590683323439067
2003-09-01,0.006982282720367552,0.03751637604308475,0.003126073899613254,0.012419533508398117,0.0071383975424388485,0.0062984058606117225,9.556252268338875e-4,0.0012484082679029992,0.006613405154054666,7.382805366046932e-4
2003-09-02,0.007444235808977851,0.0380463015352633,0.0038907291209768742,0.01224507001289553,0.007061142038789083,0.018059220240310387,0.001149784717509415,0.0013822504007127594,0.003418938880321383,6.149130016733397e-4
2003-09-03,0.007347985932078003,0.03427855500680698,0.0028938755912270393,0.008328518249305104,0.008192262629930771,0.005336595070636913,0.0033195674246843977,0.006501216225961466,0.006933217343712228,4.994148756622739e-4
2003-09-04,0.003972465187115934,0.017711328263538367,0.0014575471716529644,0.008984587674090308,0.0071980421529789585,0.012158252326406422,0.00320821466735606,0.003557974018994753,0.012039782971360673,6.157397261059918e-4
2003-09-05,0.005324358965525895,0.021197672524058502,0.0014951380062205556,0.009561786349477523,0.007413279636864173,0.008744332083378136,0.01836910328828053,0.004859568449287676,0.013165396827982609,6.181489378672539e-4
2003-09-06,0.009300513189824316,0.01387799332226883,0.0013508911471951704,0.013906559609705549,0.07975417678084208,0.01845540437803791,0.005053700256296815,0.004973569406331292,0.014539961272357297,0.0023973167685700496
2003-09-07,0.009146730077285746,0.04719319015443727,0.003963865888111351,0.006107283930777851,0.006305576051316096,0.005486708307223571,0.004191091109280103,0.00788372526019189,0.0035753800989510457,6.817632923829391e-4
2003-09-08,0.004788209523475795,0.01816129147398149,0.0014579046206831213,0.009346529836580969,0.0062252675931828705,0.009075960179520122,5.501798233932278e-4,0.0061155039441988645,0.0026972954322078183,7.3851673166494e-4
2003-09-09,0.00416298171720046,0.01740881138392745,0.001187733736680823,0.007578308467062786,0.006005370275625784,0.003933824922834127,0.0035752021808788306,0.009048721014133669,0.008440634548031234,0.0061895116214025605
2003-09-10,0.0073209465257086034,0.037986301545232526,0.0030621919668423173,0.007395754751881574,0.006337031081333447,0.005166421803836648,7.920579723903346e-4,0.004825300729488911,0.004637644833029684,5.345562004012839e-4
2003-09-11,0.004197784081013289,0.022397175324605962,0.0014121490329880467,0.01421173639314082,0.0061317844746708655,0.005166421803836648,7.920579723903346e-4,0.004825300729488911,0.004637644833029684,5.345562004012839e-4
2003-09-12,0.005121829531729478,0.021176751167282667,9.466563666252082e-4,0.014163711682254176,0.014137342027849865,0.018059220240310387,0.001149784717509415,0.0013822504007127594,0.003418938880321383,6.149130016733397e-4
2003-09-13,0.009504181614820814,0.045239357532713555,0.0040861183000103895,0.016961806563374024,0.007072513000091471,0.00582742743230858,0.003640601845609327,0.0033387160637818264,0.007454703681917819,8.257598540568602e-4
2003-09-14,0.005905706321596623,0.018235261004732245,0.0013179410919334647,0.012563904380227794,0.007156333750212299,0.0082592758801783,0.004323187817842858,0.003954253453945736,0.017850526323773642,9.100525212958369e-4
2003-09-15,0.010087600473620173,0.05066254051080088,0.004983754102269791,0.014717935097284841,0.007017561656673549,0.0035247314752769707,0.0023386459136633293,8.069484103334331e-4,0.004443462728365994,0.001306773904179764
2003-09-16,0.007700268665817122,0.058004881878667994,0.0012422097990948352,0.015723796369258646,0.007646493805627973,0.011392802618308029,0.001008128850794422,8.381486143723536e-4,0.0028055960716560756,9.133185113782064e-4
2003-09-17,0.008899296710075317,0.05205999602403985,0.0027950973184236736,0.008895783029178855,0.007329161322887478,0.013890848418017299,0.007546236458800868,0.0013916531832213336,0.028676452504629097,0.003880747884173864
2003-09-18,0.008395480748231574,0.03364957222625363,0.0035036759289259834,0.007221531942506426,0.006510113923596684,0.04039092905659237,0.002622155019410719,8.454014209608561e-4,0.006399504091192243,3.560290109651488e-4
2003-09-19,0.006857616656700318,0.0341652465103434,0.003997450233142669,0.004731205691466412,0.005983445026229142,0.0055319857095265735,0.0024533925892759904,8.968497212915305e-4,0.00492554629383308,8.563471049997693e-4
2003-09-20,0.004876381317742432,0.014214759981327525,0.0012264622227311048,0.0038581422782798455,0.00549974825427394,0.02878343205016404,0.003738083389628557,0.0012093789790206739,0.012486568127879799,0.001754295095591782
2003-09-21,0.007747662094198097,0.03509895526335229,0.0029238373464658615,0.0035443159422585877,0.005662368911752087,0.010846216478918817,0.0024774133357227212,0.001614117230950411,0.00496252343581831,0.0018545230055921522
2003-09-22,0.0027610852053068778,0.01169327372825899,7.256316051782528e-4,0.002159116567373093,0.008552399687932848,0.005763988996728733,0.003239958987845026,0.003166728266468506,0.005011314391308046,0.0011904394028700565
2003-09-23,0.0037979066121411552,0.012859280786309988,0.0011715782621748543,0.001990693636701179,0.0053668484389428305,0.03820395494717516,0.0019243837537150192,0.0033839275375181286,0.002487096367794612,7.298727140950386e-4
2003-09-24,0.009652530533800526,0.05195745419557856,0.0013803269317462753,0.004060450552590396,0.012871440586697093,0.009008738315867338,0.0010154511190426986,0.008266893457247855,0.002584745895132228,0.0012690939975698577
2003-09-25,0.0036344887700672504,0.013767271880039412,0.0016166730847479913,0.002972297221515518,0.004956885860010808,0.014586408862286753,0.004522692894332215,0.0031736668360618447,0.0046319068594585875,0.0011184549966332929
2003-09-26,0.0044778672508966316,0.01376395057258981,0.0012548448160959638,0.003371962160542149,0.005897494622707934,0.01640492827159691,0.0017411623458093138,0.002998091997581395,0.00632185293084429,7.490128137270113e-4
2003-09-27,0.008206455771927065,0.03688696132503588,0.0028876418143543307,0.012890274112067453,0.006464647014108045,0.018289160662267538,0.0026444550713123722,0.005285368803020391,0.005601704969792569,6.440825807630144e-4
2003-09-28,0.004281391160086335,0.022558900360576884,0.0010504186284206235,0.014190634909365544,0.006294446642459072,0.010051030160313173,0.003640072407439609,0.003407055135404118,0.010213520372330748,9.786154769872617e-4
2003-09-29,0.007026125141431696,0.036776847570652624,0.0028047097550696893,0.009717140085338404,0.006131697457235709,0.028726989758817507,0.003970588752414484,0.0014663083946396555,0.006614248434470056,8.302782424643673e-4
2003-09-30,0.007437436700146379,0.03145635061968486,0.0026558057054734538,0.006985178576960308,0.007214214604893106,0.018376928023958104,0.002643688771926852,0.00389070011090303,0.0029083355074776673,5.802140935114507e-4
2003-10-01,0.008990289119335772,0.04551147833979548,0.002692130279608342,0.011938259098225905,0.0072382354067467795,0.005533805617628319,0.0012288779813970133,0.012072550218105894,0.0031846117074693548,8.551948823730838e-4
2003-10-02,0.007349555933404806,0.037273512838910866,0.0027506109160147095,0.00818037875204843,0.011996418904409426,0.004761914773540604,0.002280680216997355,8.524404530910243e-4,0.004201091489282064,6.72274199673691e-4
2003-10-03,0.009355655329232163,0.046742057535149414,0.003808166328972706,0.006899935161307478,0.0074475019562345425,0.01952377211384575,0.0023201925862270274,0.0032708090452161017,0.0027773750995598234,0.0012165549761120646
2003-10-04,0.004041607117200785,0.012959837112306367,0.001049356938362146,0.003571836520852267,0.00615283242315809,0.0029227818025053354,0.0011282870535762254,0.008909764118496278,0.0014738725720836326,0.0014807166043018134
2003-10-05,0.0046385278670218796,0.019498059570667817,0.001307378361153123,0.003936348136302108,0.007219491377433934,0.0038666912806602834,7.482036209498817e-4,0.006848845956637728,0.006635471782224067,0.0010631539764707823
2003-10-06,0.007550050392084541,0.03602901040739702,0.0030327876846422772,0.0030242921432739067,0.010350871161890556,0.033247593585580576,5.104926527240751e-4,0.13133102850293232,0.002203044256662896,0.0011080852556255183
2003-10-07,0.0035800957058508332,0.01762522163491083,7.520133409231167e-4,0.0033508469373241785,0.005564823630909463,0.006750240465336617,7.643068461978058e-4,0.0014215336525182315,0.0033034183574995974,9.616902182231963e-4
2003-10-08,0.003554210489436269,0.016554488428047368,0.0010176904859744047,0.004133432897113761,0.005875307350036137,0.002745246580438525,0.0018153551538031068,0.0016088190130307926,0.0028315212038624985,0.001847377205753016
2003-10-09,0.004058010481101021,0.01969444598654588,9.998903987689931e-4,0.005562602907010375,0.006524698528468647,0.021617938517369144,0.01113839447220211,0.025271498879340163,0.0030386627226112474,7.497002375460039e-4
2003-10-10,0.0036607565069011793,0.017586988532127878,0.00135149357970245,0.006517718495303137,0.006010291621263484,0.005188436824675068,0.004455322306307593,0.0258492988898112,0.0013982002024439683,0.0012316698795097909
2003-10-11,0.007518169968912912,0.035325089242186324,0.002794762572988374,0.005135639401858617,0.006468174707269051,0.009014126077809884,7.028639098008754e-4,0.0018883035014813118,0.0015599895077376322,0.0014323284390392716
2003-10-12,0.0052332508839941245,0.02814168017909326,0.0015316800122846968,0.011317078354639144,0.007003271868615985,0.020521681386739668,7.219879159956618e-4,0.002421467504165442,0.0035482057547822137,0.0010112602081761924
2003-10-13,0.00493934934101833,0.024550402384098367,0.001488247340701637,0.01580154894815362,0.007138086611247738,0.050808478770711915,7.473570022900906e-4,0.005737837800492724,0.003246091675074678,6.762261238145764e-4
2003-10-14,0.008144764264862324,0.04043145579637727,0.0035665063837151275,0.010627818752042228,0.006932151099794125,0.051399470462736484,0.002453171955305844,0.009871130738398433,0.004528884786869255,6.842957294983554e-4
2003-10-15,0.005905191188328705,0.025087820634472836,0.0013990655495776988,0.015719974500875377,0.0074440637059066195,0.05170188440469729,0.0030770361218754446,0.0088127935863600345,0.007422437422468643,0.0011918214571739287
2003-10-16,0.004945718097301035,0.02385296050497616,9.834694488631537e-4,0.017051761610817097,0.00734402990756783,0.09133294467039993,0.006749738642158193,0.009678577656707444,0.012203189336669907,0.007987755409546717
2003-10-17,0.008414191212985584,0.04028977591284859,0.003324010237070074,0.01050675217714744,0.007009004726679843,0.008219232252118075,0.011545208003178403,0.03273281811328122,0.018045841082425802,0.007937873992186607
2003-10-18,0.2654829754187192,0.04894786612813123,0.0034278951460604656,0.00948035262252048,0.05918188572106454,0.05321513883407378,0.005639349351623933,0.06851347025039947,0.007816251707277323,0.0015717757423663761
2003-10-19,0.005613579126847699,0.023640405354023605,0.0012005721991049092,0.012426916374306762,0.006735864031816828,0.041965899975304685,0.004534732919912971,0.006367898414673232,0.009429016356510146,0.0011194603604058934
2003-10-20,0.00843673838489305,0.01887931419932154,9.060053895487686e-4,0.007045047423052648,0.012883134858325648,0.026730994809289334,0.0025200070446418418,0.005459029823363167,0.005880665851711182,8.527694877998985e-4
2003-10-21,0.004129321096462581,0.01798300540057063,7.492395368349958e-4,0.004874991812781344,0.009275410518054632,0.010252851204893344,0.003401176451412133,0.002106286866209705,0.010204953607534612,0.001002047045399096
2003-10-22,0.008040911733758786,0.03508163602790931,0.004114438216912868,0.004913816538544911,0.006872336640347015,0.013173202539122464,0.005198792920079778,0.003557438938721476,0.010199163930407701,0.0024721748209171356
2003-10-23,0.004315400887188466,0.018437812179914227,8.277097397506362e-4,0.0036137834585156835,0.006659776007362317,0.014400211207662397,0.002594597354939402,8.176328239285233e-4,0.00425868255964713,0.00794756352628744
2003-10-24,0.0036156115648062048,0.015730918404006783,9.886035921413015e-4,0.003993605793018832,0.005846084823889725,0.005358808142950297,0.0011150447766598698,8.185720561096527e-4,0.002751844947932733,8.148551106935956e-4
2003-10-25,0.0031190100876945276,0.018346326668903613,0.0014709393073252934,0.003376230125924841,0.006068094485409718,0.025245104460741283,7.307555652818264e-4,0.007098892209704218,0.0028853465352514174,8.529900847692744e-4
2003-10-26,0.004516931005061444,0.01604509611452459,0.0015992089892175269,0.002814157682899437,0.006040366115658741,0.035413738131932236,0.001064845361332579,0.004764103348156751,0.0039014056413500444,0.0011993044177694954
2003-10-27,0.004034239239511089,0.0191070463167135,0.001475526719605792,0.0026676892113559497,0.0060082331543772705,0.02749867001910454,0.001041863909273678,0.0075825696576361686,0.0043595611193685815,0.0011841256304337528
2003-10-28,0.007737547898652623,0.03649767727054145,0.00373334317906358,0.003854163454577469,0.006472507641481552,0.008992593853866193,0.003197419042159088,0.013545873142845553,0.003347713195466441,6.680240373335431e-4
2003-10-29,0.007761627094716091,0.03636081258950964,0.0030005302872886195,0.003896055335676866,0.006383133625492489,0.019150439875033304,0.00303436331553288,0.006447600384595975,0.007665585083329648,4.885596387468207e-4
2003-10-30,0.00741559507299222,0.03400193422044912,0.002908022564766344,0.003910131953000317,0.006419134427193542,0.015493011986990029,0.004630809532416179,0.002711981744426972,0.005707375415601325,9.203549854900924e-4
2003-10-31,0.007437036946325782,0.034601445565456905,0.0030834259328841353,0.009996107635854217,0.006713481576497071,0.021674503459809643,0.0030862237269923057,0.0036405974960607543,0.008586748157470465,9.014866944491052e-4
2003-11-01,0.004896527664271071,0.01791783470480792,8.446866574140622e-4,0.010229529188065679,0.006723305417844248,0.006166394809818936,0.003200531599445986,0.0011785891569641097,0.007103703343068169,6.785287156147702e-4
2003-11-02,0.0050836194477859465,0.021009566770686508,0.0013934339835645305,0.00975440334308609,0.006676343337013674,0.005209209342859512,0.0010119022031953116,0.001038077215723251,0.0023474459356140898,0.0012135905938300462
2003-11-03,0.008067622789665276,0.03925515450761004,0.003857175587177469,0.007935560546246861,0.00673839619588517,0.0029258848927667543,0.0010253767556946884,0.0032772221642150354,0.0022413881351114676,0.001274673468572135
2003-11-04,0.009063223005076938,0.0414430507841831,0.0030166133612381588,0.006883697322440441,0.007247362100539193,0.0027632835295250922,2.0122837369486484e-4,0.0032553955497031067,7.1351475656255e-4,0.0015246481127033785
2003-11-05,0.006650857747227114,0.013967433070387749,0.0013127363751391735,0.007410043178429057,0.0094470942467943,0.013550181106365643,7.193969315930516e-4,0.0015788764137184329,0.0021222989453593666,0.0013235135935433262
2003-11-06,0.0074000084593242995,0.017289536456647322,0.001668715213269466,0.005851401117335548,0.006704733757043403,0.013167576221888832,0.0022549755161944,0.003578522996947512,0.022563600393999704,9.936573151207535e-4
2003-11-07,0.010053875741560893,0.04683445753993081,0.005055448535313057,0.005265863490504865,0.007400429104551816,0.08221860553325736,4.588533092144378e-4,0.00414311472037619,0.002834901498479346,9.684965250712334e-4
2003-11-08,0.005274166909379911,0.01699817759523459,0.0011661322666330874,0.003767825831742112,0.006756398508399977,0.0072443864200807595,3.834233519851458e-4,0.004405687034591248,0.003788421160955887,0.0012671990510194169
2003-11-09,0.007751899427966994,0.035502239678928606,0.0030162218324365844,0.0057635684634707775,0.006363219897868948,0.005184784776923325,4.729423412372823e-4,0.005030833736051643,0.003372936524287455,0.0010625839665454417
2003-11-10,0.007786265030396172,0.038043015969199775,0.003825097770108663,0.005203663137591537,0.006765105306025704,0.00588475995934149,0.0012942861605813373,0.0010033953835733972,0.006977364825716414,9.157300307306714e-4
2003-11-11,0.008003502739041492,0.03721433778230279,0.002984747002303045,0.005974309525079975,0.006780455961307942,0.02073217900512844,0.005526445525184472,0.00352005015042142,0.01733647734670609,0.0045761822427794335
2003-11-12,0.010098027764748503,0.05157734343230473,0.004228479940838657,0.011148109780907207,0.007509159655761271,0.014176955792198544,0.0026740931302223557,0.006278875449113222,0.008715365568362547,0.0010628289327288321
2003-11-13,0.004132405583621607,0.023294378465952916,0.0012578693426599076,0.00644583199690732,0.006530699237848942,0.011714426866620975,0.00233608843230918,0.004084374751839206,0.008444715827117375,0.0010262122267471474
2003-11-14,0.0042016129118197755,0.020418751323265677,0.0014294091883753312,0.0061973538455078825,0.00694271382127975,0.010584268234343495,0.009731182275593742,0.00903790677836095,0.01619624136740879,0.003130442634427772
2003-11-15,0.008542373718881408,0.03598829578327838,0.0031365890036649624,0.010470725877730793,0.012373449234905876,0.010602116619059599,0.004442470411248948,0.004033966977279939,0.02103048804717388,0.0011484965439707542
2003-11-16,0.018969122679233563,0.055698106512880596,0.0044586839668215115,0.005842355550656914,0.020137307388188724,0.015496186460560746,0.0035517081963475604,0.003791494339153294,0.018486925805257782,0.0012316869170373084
2003-11-17,0.00787733955212373,0.0374799579279333,0.003072912703953482,0.005065719934716824,0.006963207426917529,0.006418755085971521,0.002796156466499647,0.0038604905402333765,0.01032395490778943,0.0011118144444380266
2003-11-18,0.008165100484427666,0.03680469406679257,0.0031540663632190057,0.008558085709567927,0.01047554687941908,0.08270126417347422,0.0037751353773521046,0.006573993998489655,0.008894151474151676,3.5794631938518057e-4
2003-11-19,0.010219993479390175,0.035312986956961605,0.002859334088884723,0.005766913236653454,0.026823216967884332,0.010679356830324279,0.00260793155864941,0.01153334207179605,0.010530973835327827,8.13512899864543e-4
2003-11-20,0.006294605345072972,0.014431190909269495,0.001657924894672682,0.00654126237721635,0.03437251639392994,0.02595624665699856,0.0020945978074081517,0.017108212465112703,0.009871621145982461,0.0010600435351967097
2003-11-21,0.00972131769307281,0.01805065638026354,0.0014917539272877448,0.0085104310763464,0.006819045692935204,0.0027942644022633805,0.001417428994121498,0.012191432862686995,0.0040007908039461325,9.747526013216552e-4
2003-11-22,0.004384247833982187,0.016788742025272224,0.0012971061343338012,0.00779883108639485,0.00645094762663516,0.004621358796770026,0.0012236291743155131,0.005355061773887963,0.0069384335124761855,0.0013753147085309736
2003-11-23,0.00847597095133411,0.03541820156058971,0.0031374251966988518,0.006626708631568207,0.007030012113364343,0.003325931856310795,0.001272543751790445,0.007473049527702627,0.007745437836709801,0.0014667448980227782
2003-11-24,0.005151200464761416,0.018750470069323944,0.0013463416929212517,0.011896259396238559,0.007688616461636697,0.005684762481216176,0.0030696820854216158,0.010065215373164793,0.009664319840349787,0.004414546641399168
2003-11-25,0.003921977434904011,0.014826392247301506,0.0014764841038000967,0.01034174931622861,0.006668921231581695,0.026367035877923658,0.001889282395141609,0.006559097150839165,0.004243672295989703,7.14138465773717e-4
2003-11-26,0.005164706626255868,0.020570876606346298,0.0017231652441874678,0.016524618669802805,0.0073486604583075585,0.03320428654713277,0.0015116781834335707,0.0019861525946382116,0.026464063134151224,7.475815394041712e-4
2003-11-27,0.004672394469543684,0.02051333740658157,0.001684716907399999,0.016825657296333868,0.0072483281338368896,0.0030448253833444843,0.009480776753997914,0.004019127798514725,0.03136501384296557,0.00305860311377014
2003-11-28,0.007401798331430683,0.03346230088866488,0.002704657414948797,0.015365683236186162,0.007385494765798018,0.02068012431854794,0.0041215581459837156,0.011431929143761487,0.021096631548962377,0.0020223127838050674
2003-11-29,0.005750467159009151,0.020349693175573075,0.00143432019087988,0.014698958585564933,0.009544236160001543,0.007034742761494978,0.0037565282488523735,0.019355690123097156,0.009396977879752206,0.001195006300228017
2003-11-30,0.010118528579177112,0.040972208110415,0.0036793540540472677,0.014417042654470778,0.007671143970156647,0.024356167759990884,0.0023692316657628154,0.004017845842176794,0.03179126869288248,0.008939647590498439
2003-12-01,0.10619185277077868,0.0603600789498876,0.005998541203803993,0.012258229086186463,0.1021223334847633,0.005613915580459297,0.0018373867691058824,0.02272608186419496,0.0065730427988818195,0.0010090807400805015
2003-12-02,0.012622464668264418,0.03990029870233772,0.004239885833540268,0.02259114920977831,0.010154181425458644,0.019558878036794194,0.003408410872007699,0.002089520239475925,0.014289406012186302,0.022740756435102854
2003-12-03,0.014982220927008955,0.056945932321325284,0.0051515905047112755,0.016997200710985295,0.008455825080378357,0.011345122015012369,5.257168711475713e-4,3.8722441855714796e-4,0.004068942822380286,0.0016972072833603944
2003-12-04,0.021524356491297355,0.03718714003810668,0.00310939745462987,0.019275536002267106,0.009373528352196212,0.019424284079574083,0.004838093162177219,0.001303357808182532,0.02307509418228028,0.0031753877435877955
2003-12-05,0.012299858853045853,0.018937544558276686,0.0018432905943684234,0.023512759627436763,0.010006655863412602,0.004965904498488962,0.003446113454603315,0.0021805251599454423,0.005768525674020552,0.0010026224578916258
2003-12-06,0.009996423624490602,0.040361899867539054,0.0032675920160716593,0.028420474965079132,0.00865744940425224,0.003476828835892295,0.002734209407344154,0.006738157067991641,0.00834105330642094,3.2548289177826434e-4
2003-12-07,0.018327954030210356,0.061139765716680256,0.006979736645054187,0.04127294532155151,0.009493592161500548,0.061525011747947986,0.0017770541135889485,0.007053587317338134,0.004268730876474028,7.635955285888324e-4
2003-12-08,0.01059449627658063,0.03945560519670446,0.0032658948251570743,0.01201183563311504,0.0067822937131152205,0.02902350957724078,0.007278661713141361,0.0011162467464328025,0.009727480144203215,0.001460945416957456
2003-12-09,0.010034815690699537,0.04792919589553704,0.003906473583569398,0.013234027266928081,0.006870367188855268,0.023347028404036525,6.755128198597009e-4,0.004986712434579431,0.002996080739506196,0.001264173409680048
2003-12-10,0.014553015403499264,0.06020579461977138,0.004925574142495223,0.018095663941099023,0.008023202266275018,0.006814325226203824,4.5307390711900666e-4,0.005415656155031979,0.002644295271831057,0.001867429918693209
2003-12-11,0.0070614268986284034,0.021771487083093462,0.0013739019086342163,0.010918277318300971,0.027929659411797064,0.07315878184693755,0.001403593452563192,0.013253638222258352,0.00814744061456728,0.0011524258276252464
2003-12-12,0.00558250773496284,0.0217517132416747,0.0012944874074687163,0.00895101585561828,0.006293532177312213,0.0022426410446889414,8.257382496956629e-4,0.0032678946217484877,0.0021051950274282093,0.001261685841185043
2003-12-13,0.005181262101876507,0.018920139011650808,0.0012160657803185321,0.01024055869997502,0.00620056128797244,0.04547966243952132,0.0010422978184214476,0.004523783059822773,0.003421459838496403,0.007984548674891179
2003-12-14,0.010499923003094727,0.04720629489947806,0.004046342296189021,0.007859507574039795,0.007742356374047077,0.003984194023495449,8.771994966365439e-4,0.006372169514185787,0.0021328267898179905,0.0019218315896153831
2003-12-15,0.014996157949875855,0.04612196042894555,0.0036238920809276523,0.0075827570134454824,0.007955325898697406,0.002573049646942883,3.279892159705328e-4,0.0067385953984545124,0.0025839697357174594,0.0015243986362424267
2003-12-16,0.008515629959958484,0.033616366659952615,0.0030677195459434385,0.008333044061280851,0.006677212578515073,0.005198917367019506,0.0010664192190593747,0.0060014272076199466,0.008277349411428,0.0014759209633519652
2003-12-17,0.026973614409511668,0.0377682173668936,0.0039052000478250895,0.009963786221518996,0.029731304038793566,0.004263458770515811,0.0025842336698565266,0.0027072562046386046,0.0050887116134378805,0.001477430510243868
2003-12-18,0.005694681684713124,0.025166122477406988,0.0011558852125365564,0.013955714913724581,0.0066642935538023486,0.004380349172208234,0.0010440009899205446,0.008458140853564559,0.004549143940045165,0.0014682418844588548
2003-12-19,0.005194370964712857,0.025061072428466356,0.001182496570958379,0.009336990964545449,0.006502312966586026,0.0053157833329006724,0.0047876508405165,0.0034989499511889773,0.01110589126961479,0.0014956471455472616
2003-12-20,0.003950528309636241,0.019148941216910086,0.0015235199383400796,0.013408252310379164,0.00807661077147682,0.03591734621215542,0.0028454701559540822,0.0020197096450240283,0.007545049718930655,9.352585606893537e-4
2003-12-21,0.00834243447996997,0.03802243996141788,0.0031450339078504825,0.011144212009768457,0.007188282517839413,0.004277891444500756,0.0036642719441733916,0.003016943581840202,0.006799578378212627,8.823076497068892e-4
2003-12-22,0.004717223687919787,0.018691835900586304,9.523670153400323e-4,0.00697487597257137,0.006158768859619685,0.006784870939868309,0.0012154810905676016,0.007625585990167607,0.0030974059804568265,0.0011172618156069525
2003-12-23,0.003452423473069933,0.01580394436523951,9.103167661866918e-4,0.006286729368336244,0.005986407423285601,0.004491170665598605,0.0012098109530038412,0.002491771975800851,0.008192967292362834,0.0011369100350442445
2003-12-24,0.008510778462384192,0.033816418767752904,0.002766483336724368,0.008821073777150969,0.007780488259689039,0.023430278752232192,0.0016058756954630243,0.0016664009565847966,0.005674129063451245,0.0011977421956273248
2003-12-25,0.007358856869636572,0.03562044047781253,0.0029806743056506268,0.012771375873149238,0.006774966708128273,0.01293797154908402,0.0063831839747858846,0.018724327943618998,0.014808259466129427,9.009210666260996e-4
2003-12-26,0.004290262264918145,0.015484443071473748,0.001308952058937538,0.011074717694736327,0.006765010870085758,0.0032800762937988765,0.0015968824142077568,0.002441152191443744,0.0031429734859869307,0.0016973670880702303
2003-12-27,0.004914556109740611,0.019709303567727102,0.0010769613788568263,0.015174702511506944,0.008863974599826671,0.004575901855483465,0.0029188717091853094,0.0037956001339007474,0.0046161328285565855,0.0010583088664053763
2003-12-28,0.004800430385113092,0.02082329159729419,0.0013586864467719324,0.015897142369027454,0.008219884101631872,0.004184857922822835,0.0024244884124074075,0.003194405464072517,0.003608333327676744,0.0014699010157889602
2003-12-29,0.004257088649945482,0.020943868183508345,0.0014040384597044696,0.009664629809398497,0.007174494292424669,0.0022734056454141944,9.250974096335728e-4,0.006418703310364934,0.006970544175776836,8.198968013383907e-4
2003-12-30,0.009667074930748842,0.045544655804849996,0.004456240769405334,0.006018675313566822,0.007894374131933373,0.003174696972560227,1.7838743009424858e-4,2.7901960336153816e-6,0.002586482298962184,0.008087564572241322
2003-12-31,0.007943410149253849,0.03673509239962265,0.003218150759858689,0.010750494529732698,0.008155337664166852,0.006222789196050231,0.0026269081819474535,0.004987027160897736,0.007371428475563413,0.039291477439051925
2004-01-01,0.008421275435521056,0.040616797159048694,0.0033297630922301123,0.01714755684288187,0.007654468500776776,0.002501748540303266,4.0300531082380057e-4,7.492384590399748e-4,0.0072112457911472656,0.001577374201625729
2004-01-02,0.004882760360890009,0.02633328564283892,0.0015316198414502447,0.026884806861989602,0.008001833846318543,0.0023939752932994308,3.739209021441221e-4,6.354897813377135e-4,0.003416718796319294,0.0015959285671236063
2004-01-03,0.0107995610890103,0.05374650343940098,0.0040982205875709455,0.026129072521210134,0.008744676072330477,0.046236202147528535,0.0029214918714865817,0.006797477256730036,0.008666257073914477,0.0015486368976274998
2004-01-04,0.008301097035456725,0.04059107980925545,0.004202955538018794,0.016918853211291437,0.012913373264799235,0.0041514729128410465,0.0023198797618025047,0.003963148618614303,0.009579451076351414,0.0014426726829487545
2004-01-05,0.008024140588916368,0.04043880311207251,0.003784576313397691,0.021149358525651377,0.008695112042055463,0.008099927606767416,0.0025298452609515115,0.004018284492391162,0.010296828658005672,0.010806393144990316
2004-01-06,0.008048733175371026,0.043904726344692765,0.002975084704289902,0.027031145286890882,0.00964875552382778,0.020803528792018956,0.002273936650642356,0.004694565592999187,0.0038572250206457283,0.0015767010280794082
2004-01-07,0.0044543927810074815,0.023859628591402813,0.0014230086583146308,0.009373238373170946,0.008003541935556852,0.007774429774652542,0.0023046260025640767,0.007247368737196105,0.004934876025631992,0.0012452820077858899
2004-01-08,0.004704956685260638,0.01796950765141387,0.001071665511371875,0.008261303387701218,0.008451564496935762,0.005806691577762177,7.138242975041926e-4,0.004267552513811836,0.0065100652491703334,0.001336579163456496
2004-01-09,0.004081959304174682,0.020661158380934155,0.0011455633025823017,0.007835243153209784,0.007074825195641194,0.006890554745821139,3.409837596452923e-4,8.007913382640725e-4,0.0017897055395416053,0.0017266132812262095
2004-01-10,0.007031538742960459,0.0359492195274127,0.0028080982295362743,0.008430179380620812,0.0072734984065284435,0.007337658898413708,0.0023416445050351035,0.0065579794889682255,0.0031801632269156223,0.0015689190504560916
2004-01-11,0.003763722221231636,0.02128253047696758,0.0012093925642207442,0.011955563323882737,0.0069133557634821485,0.006462297291721932,0.004333041187423056,0.002338741891680156,0.004699049102783658,0.0011995636615099458
2004-01-12,0.00460682204375538,0.02581937210129468,8.042508198390071e-4,0.016472019789100307,0.0076819340568487085,0.004650095165053387,0.0026264382674083746,0.0031645588877065632,0.006603165547167602,0.0016526107764622416
2004-01-13,0.011419354564011778,0.07805781762330358,0.03945193327193819,0.013619910764297919,0.007718826073764624,0.005029507036556649,0.0023190353039590004,6.609228157524778e-4,0.0023900678426742985,0.0016675995392346837
2004-01-14,0.012396027791510706,0.045064321521910526,0.0037178878771394735,0.020364343914371964,0.008232225269122371,0.010143602057204116,4.77019269230011e-4,0.00393742005414709,0.0026563826439423717,0.0012543019538703375
2004-01-15,0.005965110993923579,0.034911663276344436,0.0013813536734435885,0.03700059127521645,0.008919317237114574,0.01550524032539089,0.002408575715810261,0.006911333646604943,0.001974134613908398,0.0015240824814588964
2004-01-16,0.011632248584465182,0.05892812484936279,0.00482601699915686,0.030402724747354413,0.009972072373333562,0.03871386008315464,0.0032151622501241104,0.006590280590115814,0.013520383714640392,0.005783165975098801
2004-01-17,0.009717155025438207,0.04441205502674497,0.0039739549033964965,0.016624358676571332,0.00847131411630012,0.018559624942427074,0.0025643186479746573,0.0073276248431723015,0.0028699845615492788,0.0011694718288367348
2004-01-18,0.006346360671088636,0.029515546339469043,0.001240018598503067,0.028912408508969412,0.009841027761839897,0.018559624942427074,0.0025643186479746573,0.0073276248431723015,0.0028699845615492788,0.0011694718288367348
2004-01-19,0.006877540920925372,0.040433831855209365,0.0018432785430847257,0.03367637541599501,0.010656836108409274,0.007765816378267227,5.741196433291505e-4,0.003850691315061867,0.0040710641573334025,0.001847482357737966
2004-01-20,0.006483163041025001,0.03175937012517623,0.001550589689507432,0.023841593776727926,0.009432359059458918,0.009887696613425992,5.317653580514933e-4,0.006362321896195356,0.00229439045235233,0.0014357068315892735
2004-01-21,0.010621214484754941,0.05569336205615923,0.004354193170735718,0.017009315279035132,0.008999413809046682,0.010891067998859777,7.048986615857269e-4,0.00685909533759117,0.0016159708501852273,0.0018517949864218562
2004-01-22,0.012924966378617841,0.06727763746973481,0.006149789306718665,0.010429477440913453,0.010647060752948781,0.012058780126771322,3.4051274594129534e-4,0.007446869027362919,0.0013838731323766945,0.0015091901457660985
2004-01-23,0.010156544496380853,0.05684204731965732,0.004333440625429138,0.013232783299179587,0.008225881285650192,0.01063592580484992,9.418695681000147e-4,0.028842841729537043,0.0012271958579080722,0.0011562687811388533
2004-01-24,0.007884497482924255,0.1730335953451815,0.0031958337157046777,0.014820498876402842,0.008454320626939576,0.004917192486447502,8.154538582026901e-4,0.016590610329555864,0.001175116044304594,0.0013011763329863237
2004-01-25,0.006462469616432003,0.024983037096903575,0.0015080149245401773,0.010296478848774071,0.007281510535683138,0.0016265630665842816,0.0014032155144359543,0.007780213015910741,0.0013196850020959537,0.0036050132555369876
2004-01-26,0.00828268456984817,0.04029452786870674,0.003354188246093745,0.008275353646606165,0.0075778292587774625,0.0010337911765058564,8.945986688575265e-4,0.005106981845697995,0.0012870769606556588,0.0037625951222204795
2004-01-27,0.009328548353093925,0.048045539040610964,0.0032161252240627807,0.008247106067904884,0.007887569205541916,0.0045237880203083366,0.001524910916819473,0.004569759363392761,0.0022186397884855864,0.0016743684481940007
2004-01-28,0.007771213889250298,0.04267735903696643,0.0031710189774840857,0.015357094517182219,0.007525124823455153,0.008781643058829947,0.0016510160653656375,0.003577901333709242,0.00183076316750921,0.0016100212478767912
2004-01-29,0.011488937488543441,0.05094843804293188,0.004205502185668987,0.008458157361178761,0.0076067368155243375,0.004591931781834902,8.077703737591263e-4,0.006547924515071229,9.373856852518137e-4,0.0016877560520792783
2004-01-30,0.007574435652520737,0.042214834195250246,0.003751999102908891,0.006977841981007714,0.007156258840999072,0.0064672138054679236,0.0014871364785970316,0.022108119439058865,0.0014060811133142996,0.0014734271465237847
2004-01-31,0.004212455946842009,0.02418393402928842,0.0015719488462826352,0.012876113476494965,0.007427672677657883,0.004425787737152186,0.001412055165320029,0.012759570855153161,0.0018297709329950763,0.0014407571874907365
2004-02-01,0.007166489076058396,0.03897631971021939,0.0030170049604270432,0.006882568954481609,0.0066866023599565635,0.010061409030331411,0.0013540798022697292,0.0078112728614311705,0.002960212610266523,0.0013955382371950386
2004-02-02,0.009733634913235045,0.05259710723911418,0.004461908561653445,0.0092995220568333,0.007350710582760043,0.011729822862315279,0.0015620512576890065,0.00549274480669255,0.003107202819192239,0.0014212314937041073
2004-02-03,0.004273353637897057,0.022912911513244358,0.0012677014061833443,0.008703171967366273,0.006763732459051116,0.013800873226149354,0.001368581998822844,0.007991694957530224,0.0017749275304720289,9.140788147760266e-4
2004-02-04,0.003875481966223392,0.021989731723335,0.0010020800066900496,0.013374391072258417,0.007173557658362938,0.06151358553108196,0.002469627801173796,0.017081620772854064,0.0025675534201466724,0.001275626411852916
2004-02-05,0.004508290657994164,0.03019994080527465,8.87433307023943e-4,0.016996396318614944,0.009738497199258922,0.012283520525397133,0.0032118011398474737,0.05039242415399777,0.008453788094788164,6.991429176453807e-4
2004-02-06,0.006425216437951392,0.03066643969797793,9.797102605481115e-4,0.03406421353581114,0.008344674038484975,0.009886967963456499,0.004370936181759797,0.08957307463554241,0.0013066985791811317,0.0016539756418419
2004-02-07,0.008346851269882497,0.040313434809729126,0.003131912622554352,0.01845185859738767,0.009289078763652838,0.010640725868389945,0.0028950364917726987,0.039858576952588154,0.0029523983191686244,0.0012729157976163568
2004-02-08,0.006381423446985934,0.02428574438308616,0.0013144506243568323,0.015199217429509845,0.008084176936055277,0.034344661916324085,0.002859625800161073,0.058613882592011383,0.004613567162927717,8.106959133055634e-4
2004-02-09,0.010916571426414735,0.054921371941885885,0.003378522204421125,0.029673617622625405,0.009080198073602896,0.045615935243286436,0.003083021242229903,0.03460354751950692,0.008327368894611439,0.0058916453274500845
2004-02-10,0.01877843861944509,0.05859184241384769,0.0030104912835246136,0.016540850684437856,0.00879658333520289,0.05711002938943992,0.006610488797246995,0.06031304339952784,0.008411853053285658,0.007933425498859822
2004-02-11,0.009567974325975769,0.04706000747667899,0.0027112878374886615,0.025072964061938208,0.009638221746476286,0.053807377928161614,0.00801198732858582,0.07149160582678481,0.008275454994139609,0.01231232603703642
2004-02-12,0.0062786147204075705,0.03674594539635678,0.001405040747055057,0.01662867903430554,0.009523145397259661,0.06948783702305554,0.01552333805235725,0.13666611248649155,0.011953954641206696,0.022970838918868274
2004-02-13,0.008062112345781624,0.0429320625778251,0.0030315104247107955,0.014081136632911582,0.01958757002191359,0.026498062301511752,0.005919875305964168,0.08475055771972442,0.004865346852932133,0.001136469376806674
2004-02-14,0.00848943089097304,0.04260087875304892,0.0034227663473664714,0.017457165654494063,0.008381266541597475,0.012457029803658403,0.005250663916193675,0.060812622997588106,0.006480989568256281,0.01660419842717687
2004-02-15,0.01128639328241208,0.060915981782829226,0.004223255381244635,0.028709524774786725,0.010062030849665733,0.010983560932938986,0.011665268227634765,0.18070575363497673,0.0066701458962456096,0.004626633275746051
2004-02-16,0.003910328649461219,0.023600306029401608,0.001625894044089674,0.0265037360781337,0.008983463653892809,0.00791969073595508,0.007979888877055988,0.16412575588215986,0.006581436826984898,0.0026416087267949594
2004-02-17,0.007311102563106746,0.03851820217793463,0.0029068851465014053,0.011788115514623046,0.008790186952930176,0.010774561353736981,0.00530419101136781,0.06154929509175216,0.006014033684566171,0.011512892351155268
2004-02-18,0.011110162970944899,0.05083645882599784,0.0049001706683546725,0.01910068434131757,0.009118606861378943,0.0063541357641492945,0.005107205319102999,0.03754211154626589,0.00702996162068787,0.0012407516498616474
2004-02-19,0.008910137328444296,0.019778593048878006,0.0014907184303152158,0.021015701449114157,0.012850895058626322,0.006952095024712693,0.005636408498817581,0.017585536827639515,0.003991220885311168,9.628418233339292e-4
2004-02-20,0.00731260867456933,0.01911903608902184,0.0015678539950572518,0.011734869016410888,0.009773001734340134,0.003826667395935979,0.009140817583962653,0.01823446127023885,0.008065262957416563,0.004960058227423078
2004-02-21,0.007857234132433397,0.024875515424254743,0.0015561162757563747,0.011119328442280975,0.011007601561975704,0.013707060916172393,0.006808589894297003,0.03676444462525922,0.0046437115477950775,0.0011810246546429507
2004-02-22,0.008972126231126991,0.03652822882297615,0.003352890566816946,0.01621167992064601,0.017980909979758073,0.012441911424315302,0.0024293210324814298,0.03830847273404185,0.002394253880133964,9.990236318520227e-4
2004-02-23,0.0042600349422466,0.0216450607414881,0.002397968403770386,0.014992124569172012,0.009885239336271893,0.0030732709929885416,0.003619638193833301,0.03343338569686892,0.0033880197253894364,0.0011720895084861597
2004-02-24,0.007082194739403464,0.03495874862770462,0.0028196097191517965,0.013586302859851013,0.010847595072341227,0.005823061668966921,0.0016779509935199,0.012539766882130285,0.0032972659674373656,0.0011667483505435029
2004-02-25,0.007724491439183378,0.03778276271567512,0.003058985902056287,0.010724132626459444,0.010684742517695727,0.0019162383538917451,0.0026466366252669354,0.019541011527624712,0.0026117961848370463,0.001245517414989527
2004-02-26,0.007602117389674512,0.038756121170820924,0.0030018871518517507,0.014106542502073277,0.009239005065922856,0.0055438384523225715,0.005084808221023039,0.03276955645004108,0.004243275894067657,3.6867958798205444e-4
2004-02-27,0.003818854059315891,0.01729384506158361,0.0015844728474721233,0.01647851792766799,0.01057923563619842,0.016831238521442953,0.0020532256061280498,0.0048512337813375285,0.0019917038248535917,0.0013389827387944697
2004-02-28,0.004829841053886334,0.023232004939900314,0.0011971215114127695,0.013779412864659937,0.009040374014523364,0.004394343251333849,0.0051749559472781936,0.009518291121512135,0.004437066390549827,0.001170808243130665
2004-02-29,0.005235134857413003,0.01823670232671463,0.0017860240707237975,0.02879416073182113,0.01195171588081582,0.008775032866360903,0.012188911197234817,0.02514941306834847,0.012727202370166255,0.004778014349485283
2004-03-01,0.005913042471994575,0.02410223913136934,0.002214202220890632,0.03798700808821022,0.015202245071638283,0.013743003111895408,0.013222515550805001,0.04881327911515531,0.01221259879494497,0.003327570207141388
2004-03-02,0.009558150358798244,0.046683865624998676,0.003442331932996405,0.023924167007266073,0.01599305552106098,0.02631137203251005,0.008648214373691223,0.14309731072340037,0.01047294131621061,0.0010322109126448377
2004-03-03,0.010784569231142653,0.05409156526933753,0.004740382294423212,0.02935001435879258,0.01364416328739025,0.00434759381770928,0.017848743563843354,0.3080468151288862,0.007870699451574998,0.0016473029554128224
2004-03-04,0.012052755409795265,0.057413425531192455,0.004911663957852884,0.03846511521103975,0.014262007546230587,0.0035467157593880297,0.011478278075541309,0.162992630967673,0.004933619784856678,9.555275082865136e-4
2004-03-05,0.018444494933699308,0.041445296224118425,0.0037149039222561706,0.03202979532692869,0.014562459825039707,0.007032249946899463,0.005900364110733764,0.051087973833402446,0.0041558307082524264,0.0013150745616245041
2004-03-06,0.005457535126418992,0.026246033236064698,0.0019518658872414503,0.026423708803438195,0.012028821030751466,0.003361086902468505,0.00741517617213986,0.02204490506267989,0.003887357837545314,0.0010260972870455266
2004-03-07,0.011940681639127548,0.06568415734281427,0.004885806667740964,0.06314998606880404,0.01511774216140052,0.0080494793560293,0.01154634684685769,0.04329462114082233,0.007244866929091096,0.0025514221383578723
2004-03-08,0.012436400716883083,0.05956642591562463,0.004870800267241502,0.04048292141546424,0.01603989270820965,0.015549054317221108,0.02953428625428542,0.08568263633810012,0.019190420887207706,0.00730628206882797
2004-03-09,0.0073798399128362745,0.02658179799683244,0.0026899941063371173,0.05296565334891096,0.016187549917498954,0.026674223543468323,0.01878797995451851,0.04945543654323406,0.015689266110234835,0.005194309197152571
2004-03-10,0.007762524553988129,0.03642707579910438,0.003004328979680498,0.07227620174839479,0.021778072464049822,0.07352730910826397,0.012309852690615585,0.012922266667304057,0.007721743381778424,0.00316389060644829
2004-03-11,0.009430332499112798,0.03372441551142749,0.0023586226834347817,0.06525899101275617,0.020278635117532164,0.03570010829122811,0.009534989553916616,0.0075928685150721395,0.006460457558853575,0.0012684302402691432
2004-03-12,0.009867778416970239,0.03255269194752225,0.0029718445543641535,0.07999573953230107,0.022470987614664217,0.020600880836143087,0.009447970216304398,0.012106832352339236,0.00930811780865566,0.0046839533056393864
2004-03-13,0.011869271123239714,0.038707061418121275,0.0030858707479946594,0.04600176396761501,0.02943570142938417,0.023375823926144335,0.008500563234057009,0.01046000506224209,0.015888545302964407,0.005286105436882516
2004-03-14,0.01778925801891357,0.07138112995731286,0.006066564666378553,0.031578972771501165,0.036169791281083115,0.02598661644270064,0.014131811548444322,0.01885785596097457,0.015316486135181974,0.007875990697341967
2004-03-15,0.008852767945465833,0.03954223649912788,0.002094119500729737,0.03065821118461749,0.020777347806415776,0.0409989901384096,0.026901081101821746,0.07708067422812236,0.02882533537934793,0.015720233063942147
2004-03-16,0.011442321931870435,0.05139310064422411,0.003728257544736424,0.04132378061322769,0.023258676417574228,0.023575304058427084,0.026618887356681886,0.022988539324671264,0.026231109722346962,0.011551571669315093
2004-03-17,0.044294345311818126,0.14437048736328675,0.017236105679347365,0.029509288650772125,0.08797782263939437,0.06055304465909532,0.06907605062200557,0.014792090985613817,0.06935314306532599,0.023612532684675547
2004-03-18,0.006002355983848184,0.02725884536486844,0.0023481282967403212,0.05777158944071809,0.013694329571508764,0.1366175495708582,0.0741519309906864,0.016883938200821506,0.08796756831506314,0.02365308220746897
2004-03-19,0.015575370668511182,0.0822671101754845,0.006358351464725836,0.019528778379719683,0.025839230104692783,0.10569950865154475,0.23987208087468154,0.11001923332157125,0.08823327306475998,0.13559624200278667
2004-03-21,0.020724245452048852,0.08316054742312504,0.007993464629660992,0.011365655414418314,0.03564991940190859,0.08205259654058122,0.15724969183957122,0.009542626543731432,0.12718371709661755,0.058996008739996705
2004-03-22,0.01469445551408102,0.05982505689838309,0.005552304526734109,0.027530016259821984,0.025691999253462397,0.02279900185420231,0.0326213124923674,0.00548884547897171,0.031168806768287174,0.010369599381681246
2004-03-23,0.014033807350587736,0.06294908253332902,0.005037734108864146,0.03002748937983786,0.019184293356728947,0.023237439019444084,0.009869422650734537,0.0014826141439700682,0.01442918029227285,0.0023291105824598227
2004-03-24,0.007542402543884684,0.026915723915419434,0.0020237297274409228,0.06795330725667008,0.015753376053082455,0.02115129950244967,0.009036195414739582,0.003592968670281805,0.008956191420210896,0.0011585551316014246
2004-03-25,0.010610158902554142,0.04212014802927563,0.0038992755626256516,0.04850444906111067,0.014265706047688748,0.015635752239770248,0.0063511017732301904,0.0012091591059937596,0.007915664464992252,0.0019569235157947534
2004-03-26,0.007031685550937665,0.01990818862759633,0.0014705700929511744,0.044490703918316006,0.012384771721605872,0.004872554612934011,0.005977537376216428,0.0016541240561120836,0.007592198635505897,0.0018650500094503062
2004-03-27,0.011270726925446273,0.04067288029424205,0.003231411973687027,0.04414088078143683,0.012810570209013534,0.004030050084674284,0.005427607079028826,0.0020166304197824564,0.005807971832713007,9.626946704237942e-4
2004-03-28,0.01445250545354661,0.04460798821122123,0.003939993474868377,0.045420159701335276,0.014213256280313162,0.010946233327356045,0.006187978866015076,0.0029845994122954913,0.009732321466415596,9.932953348772567e-4
2004-03-29,0.01080239314391825,0.04091220071639353,0.0033941026888159964,0.044153818503424466,0.014090482407502727,0.013361432767177972,0.007120663947794608,0.0020455449022923834,0.00998034864321911,0.0020757354113399304
2004-03-30,0.06281737241698288,0.04317759456941832,0.003488295898259194,0.0454770787509821,0.01532841007281233,0.006711234002185211,0.009911945488194962,0.0012982301638003405,0.015994060855308627,3.4680123311561404e-4
2004-03-31,0.057600589604138705,0.037580089344133434,0.0034083911857805786,0.03766646634505699,0.012624284563255964,0.006763479001790475,0.009370917276366356,0.0011937469165597425,0.01866916576433626,0.008133332588822977
2004-04-01,0.00760323823417327,0.02421434651359648,0.0020674479301397808,0.03978866493971866,0.013781567746095302,0.007172742309390842,0.011932653619327693,0.0013468249264320786,0.021499798518386175,0.004909067538695615
2004-04-02,0.007417521742864904,0.018855412923357757,0.0016336114859808884,0.034817367042554066,0.012191431769275382,0.004305531473325211,0.007556978505207544,0.001233595556767759,0.011059267246524012,0.0015988798860020101
2004-04-03,0.005177159850087577,0.018552371662555054,0.0015195936562002125,0.025621632038706824,0.011121157061641521,0.005879029227042021,0.005909306636765077,8.334901327587841e-4,0.00675120441635307,0.0013880188740555948
2004-04-04,0.004919378421244938,0.02056781301940147,0.0017605479490089768,0.023145023112975574,0.009864075538406595,0.0061058061790410685,0.011730542779214178,0.003246392539899175,0.013578876557821688,0.007877020130153286
2004-04-05,0.006284347509264619,0.021628234990604848,0.0013120438179355545,0.0233012772699723,0.01065226407368976,0.007531948476327566,0.01229304749839367,0.0012123915396446557,0.013082337258765545,0.0020567065179144094
2004-04-06,0.010674906132121818,0.021481197604280636,0.0014465718219957855,0.028455911903981782,0.01205972634273165,0.011691274256519814,0.02136749550494205,0.0016427160802247446,0.02202769272984839,0.0036621040310475233
2004-04-07,0.014936872833504979,0.04324224523977714,0.0034543249690033883,0.0277440430063537,0.015537419022812372,0.01496842099024283,0.037391257695426096,0.0036892267656895767,0.02834261593733806,0.008171129988433314
2004-04-08,0.00402945904856401,0.01778580953911046,0.0015539505499493288,0.024472046801651152,0.011107347623412072,0.02194543905951141,0.05691787033418913,0.005676865995540463,0.0380367761305968,0.018755696259713933
2004-04-09,0.005486741392612891,0.018027450819783908,0.0015245761666875656,0.028702843872180295,0.011145034371658733,0.02039530954035307,0.08654474250172245,0.003886835697995099,0.06096059349556449,0.018481443918566466
2004-04-10,0.007476917802691883,0.0352991963195173,0.002939057801069367,0.029635362480919615,0.011102986047965053,0.02236505060163337,0.09558070361992774,0.003460321867911576,0.06130851179073248,0.019749470937734194
2004-04-11,0.0043938419508875145,0.015193645200500506,0.0017753008647052372,0.022635493087759345,0.010324070932289944,0.027834245994487354,0.060146653627272596,0.003803150690928146,0.04448096837676724,0.020593694390411487
2004-04-12,0.006560473281550874,0.018828002794983298,0.0015533510671902272,0.017206041327872165,0.008710239184022604,0.016513592115826117,0.0718796327849285,0.0037576991184492454,0.0510024896556332,0.01760888419543692
2004-04-13,0.007363481269209945,0.03327735933638136,0.003101990240162781,0.017814887286358987,0.009506767819842414,0.01841272984261945,0.08428437295687295,0.003719293926986518,0.059616407949328376,0.02180873440465336
2004-04-14,0.004261186795980417,0.009670757101358719,0.0013716016779522359,0.01964350667492399,0.010291779973996384,0.01825728004988938,0.07117454444351859,0.005195771538383329,0.060996298698407746,0.020464976361107015
2004-04-15,0.014404685172153485,0.013684302133161838,0.001616583065027301,0.01899187680686814,0.008948738798857348,0.010023029693669704,0.03845009334649561,0.0017861697741600026,0.030193585515717235,0.008959975823707157
2004-04-16,0.007264982985989078,0.03516297104585829,0.0035119813233122263,0.015692553826177704,0.008704072852815522,0.007340034395262504,0.031662005266631404,0.002784792489502895,0.02584714223744448,0.0090023322386659
2004-04-17,0.021057283400940357,0.016737321379667477,0.0016343405009843432,0.01587087413951501,0.008098871960127116,0.013849834251435917,0.035855148781298085,0.002156466997785808,0.028991056783672597,0.008075057218111121
2004-04-18,0.007676370576039622,0.033857106809682125,0.002806936953768426,0.018796589304450773,0.008790281646797867,0.008389040207136145,0.032491466749536,0.0022376081000641647,0.026884496140322664,0.006504342560502606
2004-04-19,0.0038375817107051562,0.018449716985539374,0.0014297333022980261,0.020359010118069627,0.008502639855449518,0.00861131080919973,0.031830036609821755,0.0025203226405338145,0.028018799962330677,0.008977167546653621
2004-04-20,0.0037245326511059786,0.01782291230944029,0.001254093452050646,0.019081890510421605,0.00855146141386386,0.007551620006326546,0.022356654485933547,0.0015539791627494548,0.024556834869077247,0.007732027298601927
2004-04-21,0.004291628848370271,0.016508577034315457,0.0010902237660828597,0.01801687655161924,0.00848177396728663,0.006013022130990516,0.016236019018162864,0.001595075289609328,0.015015030719192546,0.004468471304095741
2004-04-22,0.0037459320952135384,0.01745793105332311,0.0012744676116551955,0.015107511822699232,0.007769205853720909,0.00562938322921643,0.01370353456290113,0.0014775744951368716,0.01461466974713322,0.0022948079027881123
2004-04-23,0.010987528106213276,0.0479239958005494,0.004121160616710039,0.03077088543173978,0.011308045327225525,0.01939346277020459,0.01851019303629043,0.002477142656440048,0.01934825573221373,0.00391793917927557
2004-04-24,0.012547336812244543,0.03548108791496679,0.003033484025086009,0.01948327071368314,0.008590825535688448,0.005215626404390476,0.015131842505440434,0.0016318796883165664,0.017613703023349414,0.006466008120782075
2004-04-25,0.011293197319823449,0.0473616993129234,0.0038414248370631904,0.014430013302931243,0.008523809503313794,0.02172994686826803,0.01830248768596526,0.003907524883129437,0.02220292868624718,0.007619929498109491
2004-04-26,0.010420730205845332,0.04656708550300961,0.004625184460402654,0.015339443743164973,0.007947566977178208,0.0077153901056400175,0.023099044067695744,0.0015865258391444166,0.02533782376195879,0.011560468944056886
2004-04-27,0.00890689038467411,0.0344681673822904,0.0027503274702997105,0.015235276168546369,0.009871237109896581,0.01635255577097486,0.023162529959579597,0.0020260091859097646,0.027590472282018753,0.008963230564462157
2004-04-28,0.008412289648461677,0.03547410259819728,0.0028069457540707793,0.013396409624405628,0.008123529175409067,0.007761817961525856,0.018506021968470888,0.0016316215116812182,0.022543942647222103,0.005981775167692473
2004-04-29,0.015456728154438628,0.01306837859154121,0.0011939577556669026,0.013976758416550767,0.007634027418058261,0.007945006916441037,0.01722261098235819,0.001127678476442334,0.02280702318672877,0.006726921401147031
2004-04-30,0.01028952020451468,0.009776122014284835,8.912863693825093e-4,0.010666259398441832,0.01408317093551355,0.005526166646663355,0.013327514335742112,0.0015797644082171842,0.016824998997498838,0.0055854626449875185
2004-05-01,0.037421438176728515,0.0903164653705997,0.007853757201007332,0.007749298870116396,0.07307782159512144,0.0036994229502866766,0.006611173211490266,7.850907949362969e-4,0.008743657801469094,0.002004497058022375
2004-05-02,0.07818297446505212,0.013868170974483555,0.0010400767680893823,0.014433028729042502,0.008077061198761793,0.003872225532031372,0.008670735971318599,9.838169565520897e-4,0.011418415222980014,0.002345254110486803
2004-05-03,0.011021629367077748,0.016599782950318196,0.0011244023173609078,0.01718231251486017,0.010809319304400235,0.009044370966390653,0.0108380896527591,0.0010572757554759677,0.01287806371714071,0.0024894085137279792
2004-05-04,0.024601229797385223,0.019680482375389528,0.0016495973312810363,0.01459820060936119,0.026126230896426725,0.009325022839733231,0.015278954748061468,9.838609299441885e-4,0.010496382767521923,0.005491778982112842
2004-05-05,0.004038601465693089,0.018727001742276556,0.0011088467491021886,0.014074512984773304,0.007420847786926254,0.007557988151837239,0.021428155639913033,0.0011132255406899572,0.01574214512616913,0.0013744560283580093
2004-05-06,0.010948210736449438,0.0480635633268196,0.0036108930639833074,0.01773275422446048,0.14576948942857376,0.012518153577546327,0.03460275703023977,0.0035292469193863164,0.023378283379839156,0.005542109326279325
2004-05-07,0.004542197509246342,0.014745421560330142,9.336956890935321e-4,0.020236914484122237,0.008105992563366148,0.02535619825432158,0.05143026235930569,0.005828360696465917,0.034588835334085785,0.010255922985905499
2004-05-08,0.003977095587680705,0.017109911092276803,0.0013749879291138406,0.02071054120717648,0.008397883883965255,0.06901759265274365,0.06619759987426065,0.008941928037642348,0.0462184147709491,0.014968759944355335
2004-05-09,0.007619340490361056,0.0361772396258027,0.0028292805767564156,0.01828043173972395,0.009316250448893181,0.04597277957780121,0.06093191691085742,0.007431583089380798,0.04916069326754623,0.01959003376134222
2004-05-10,0.010006171428071588,0.046206054429111125,0.0038573159689676466,0.015311267461363704,0.008819224606563864,0.00789923106273587,0.03074471350194606,0.010352156696861068,0.02109639606837667,0.0050151230257136
2004-05-11,0.007685191554808071,0.03774982730378511,0.0033315586206398655,0.017786803105955366,0.009471388330884001,0.024952074707547046,0.013906440532575786,0.0025534636176307818,0.011412594372971327,0.003546569199898852
2004-05-12,0.0044766768973015965,0.03444433768017082,0.0014539711874516882,0.018020669924123787,0.008222361664718264,0.0031758296387167126,0.006346733217010855,0.0015034960193438562,0.006209121483256276,7.048080361142992e-4
2004-05-13,0.055904599588137524,0.048248697277648744,0.0037712345402978837,0.020662988188663876,0.008465809800216587,0.003858305140181262,0.006717955135505743,8.225814525840895e-4,0.006076925695218977,0.0013550444890069627
2004-05-14,0.007137985009147777,0.03384788001682327,0.0029522174420857994,0.025249290234504278,0.008607829780923082,0.0029209483544800604,0.00818091360803137,9.264693934985353e-4,0.009054943846648348,0.0018183603455541916
2004-05-15,0.010422560919955455,0.03798539090999514,0.0030927575852144726,0.02632916300145231,0.008957373666586516,0.0036748611523210154,0.01090261434560192,0.0010108558383187805,0.010713842102686269,0.0038553185683283713
2004-05-16,0.027893153943251193,0.05264711063626654,0.0011138677053967809,0.021156945973054425,0.010408758464686061,0.003911253576706181,0.012505807381762147,9.838609299441885e-4,0.012903399225925097,0.003346866341363455
2004-05-17,0.011272722007132046,0.06429963474517371,0.004630035505868163,0.0177252682984054,0.009889159889128519,0.008535790540901818,0.010670002116317185,0.0013752187944950575,0.01209292631074789,4.039588302770213e-4
2004-05-18,0.003118251988877579,0.01975130631699366,0.0013483549723616484,0.017162762062073917,0.007733905144342606,0.0031000110251257645,0.012750014177966267,0.001386248935336289,0.010678486246706139,0.002619628288275467
2004-05-19,0.009265618562127487,0.045095843426091506,0.0037647171029458167,0.013348918803723495,0.008249601478444737,0.003536926530390321,0.014253535601215237,0.0012613157278959547,0.012851223730114868,0.0020003493014833463
2004-05-20,0.004123226938086305,0.02213857758799746,0.0012155955350033963,0.015004718586637867,0.0075464775247409905,0.004882595075686841,0.008603200140194731,8.137065917764897e-4,0.008209927684333916,0.001098699993695379
2004-05-21,0.004636091133635749,0.017216211047926935,0.0010120969452351487,0.011701810464307334,0.007266145616761891,0.00354106434403647,0.007254027274322577,5.861780875139241e-4,0.007503454055366107,0.0010285081421350967
2004-05-22,0.002757107080943497,0.01691623213591815,0.0010067547722289883,0.010557293708565068,0.007291664178550904,0.0033811590964378906,0.006451465717749405,4.3488219050708216e-4,0.007637992545223096,9.736506274419211e-4
2004-05-23,0.006153187986412303,0.020019141721649175,0.0012573702825713871,0.012583997139154326,0.00875811321666151,0.002664629914689291,0.01018649582969736,7.850206121055161e-4,0.008171735808111943,0.0017250612042960273
2004-05-24,0.006722253679655633,0.037175069146986595,0.002694363165188715,0.015608557817028156,0.009422855368098353,0.003937156388704467,0.012612388574110485,0.001655471547484638,0.00956781927861405,0.0028495677859176616
2004-05-25,0.0070211006629142675,0.035730590532655086,0.0028242580111555227,0.01246459882470029,0.009723801242020689,0.01457172039831836,0.005491147665564744,8.225814525840895e-4,0.004411459741872066,0.0013440969072080551
2004-05-26,0.006758220055590277,0.035837641506953344,0.0028598631981155247,0.013733628950047616,0.013985733471088403,0.0021519592213113527,0.003421872640001755,5.621778587682201e-4,0.003943067040531094,8.875381405589155e-4
2004-05-27,0.0034015414831075406,0.02411126778785491,0.0012636769844345775,0.01608549737778496,0.011847325502942057,0.04555984296183504,0.0064283610590880925,0.0052473827157788165,0.011354982723279849,0.0010883771987592692
2004-05-28,0.0039520891724539094,0.018922924028318477,0.0017094451072167728,0.020683374680913483,0.013660419779359292,0.0026235732411298914,0.005475153880388021,4.628156522105819e-4,0.005662033370076082,8.220979885222916e-4
2004-05-29,0.0036809576728481052,0.020675612334025373,0.001265334409156762,0.025282013493042196,0.01766196016693269,0.004696452335256712,0.00791709455859156,8.844508018739739e-4,0.010497172743850198,0.001696917753333549
2004-05-30,0.004262304815848997,0.0212409706900705,0.0015041500378058575,0.02995995635627318,0.018008221446416603,0.005997587295571853,0.011888055717889605,0.0010572757554759677,0.009436789102055244,0.0013978765684989501
2004-05-31,0.005433935586121128,0.02045209048194139,0.001251674610569434,0.023049093391277583,0.01640498611760453,0.0034804301942585026,0.009808922794184367,8.072317604945826e-4,0.009700296771520959,0.002107466232047541
2004-06-01,0.008078629508735707,0.042672629550715394,0.003566878294129669,0.017809112445030063,0.0163162927463146,0.005855350221667386,0.010666648262477898,9.900438129852112e-4,0.012567538508558202,0.001827575832694261
2004-06-02,0.016303646371522075,0.04107092813377008,0.0038216209400234007,0.0167314718050834,0.01618677553054841,0.00472819287791433,0.006286838144621156,8.808015347505999e-4,0.011041060063470536,8.617698317357335e-4
2004-06-03,0.004526193261518199,0.03106043865766489,0.0015471430578954404,0.0168017440753441,0.017455314440233117,0.0028769060456617797,0.006075263050131047,0.018578808736610795,0.006590148914765882,0.0014362680528357643
2004-06-04,0.00501545241251439,0.018685147779210317,0.0013681056379277847,0.014000725739803092,0.022202328884073686,0.009383780210914178,0.00528558080062324,0.0016332827717659335,0.016618510291502003,3.369140811490673e-4
2004-06-05,0.010094484063223783,0.049188097625344276,0.004508977221018428,0.020085548701063365,0.03557344707657232,0.0017973809612992573,0.004908812304041072,8.788311652991365e-4,0.004735377511613365,0.0017309494352656053
2004-06-06,0.009541461714867382,0.043077999452829495,0.003532042173114879,0.018991806480524818,0.032520587555845776,9.94073707130364e-4,0.0035712819638620357,6.208390447623305e-4,0.002731238977399065,0.0013971738995868764
2004-06-07,0.026297422761519692,0.10652822910802903,0.011332603312918773,0.01774074682008431,0.07606502505287291,0.0011608099346757273,0.002511048139405965,5.445460624327262e-4,0.001920619481360256,0.001890553267893406
2004-06-08,0.019219579474340984,0.0852071757688061,9.460510577016413e-4,0.010654511096918649,0.016060222947058632,0.001267249293748194,0.0025440588038625356,1.8858458436005207e-4,0.005140096946878178,0.0018196445012121014
2004-06-09,0.028349426011104843,0.12447255642926641,0.011545687101519438,0.013896293758994349,0.01464804872318846,0.02901035830150568,0.002758726031139871,0.001924688131628411,0.0023587548659580065,0.001156973706657577
2004-06-10,0.016969013288106464,0.07436681595970825,0.002309777198182834,0.010477555600837041,0.012590807886902942,0.0027385393576091497,0.0020469175437136224,5.860882316035515e-4,0.0028704943151356475,0.0011716554591074677
2004-06-11,0.01661829877824901,0.08554156313180841,0.0015645402232440742,0.011372643247350784,0.014039058370581189,0.0076585613672115055,0.003190011252697286,0.0020358828143986793,0.01865697210539791,0.0031607318057642513
2004-08-05,0.025481508691160587,0.13108072981393049,0.011814378529721328,0.014121144002846638,0.01332094227699567,9.718106839143789e-5,1.0903168384231709e-4,2.7901960336153816e-6,9.483869926926478e-5,3.179968236522267e-5
2004-12-14,0.012299448430362086,0.07230168108035638,0.06499017110346303,0.02553393886794265,0.014243887138194834,0.01835220517199952,0.00450259693258801,0.0096587514001852115,0.01123226944489935,0.011068151702597829
2004-12-15,0.012709278918730126,0.07552113206867027,0.07018969134039216,0.02897838193318066,0.014631077935101513,0.01742820853948161,0.0070281202386530935,0.010561113453553915,0.009892906322837416,0.01145746717801382
2004-12-16,0.016485939381390573,0.09050579003746675,0.0858362231837248,0.04444144894087034,0.014790789037981797,0.01325467357974363,0.0058770732834269096,0.012779599659075883,0.0076746665422306876,0.010732067188502522
2004-12-17,0.00717811732824517,0.05829726519365288,0.05350490941750071,0.023755746723198815,0.012211437887181669,0.011475084612037688,0.0048348863437290175,0.010026037318531173,0.006416256738610456,0.01613538317565275
2004-12-18,0.012203870515480601,0.06636995123176302,0.07060582569515711,0.025957988826318563,0.01416978743304884,0.009972550638140926,0.004995208035647834,0.0066046832477359265,0.004877153594676538,0.014920823804374685
2004-12-19,0.01684965894855332,0.08527561729296214,0.08281417260892357,0.031018035209173164,0.01386560382123689,0.007628235880082934,0.006239749327037492,0.00798174411268656,0.007687640533110997,0.012428475754282717
2004-12-20,0.014148718156217467,0.08125106861054582,0.08248678470239405,0.033877473217707135,0.014373879744084089,0.008812027118599408,0.005234492402923829,0.006242272298963996,0.006379240099033895,0.013214302717465251
2004-12-21,0.007934420503871054,0.050096352628581003,0.04027403021136892,0.019654346456764112,0.012802054989862775,0.00325898149712598,0.004383434098666496,0.010091569845998568,0.004239923924495373,0.012168272385765058
2004-12-22,0.014951800408382293,0.07990829778045497,0.07628178643726224,0.01873886775727999,0.013315585642821754,0.00708121395425347,0.004343895778910022,0.010165240062768323,0.005909141999127075,0.01057507895883044
2004-12-23,0.016663435938084732,0.09300264687936738,0.097563741077559,0.012461255252954186,0.014138273794986712,0.007329407960635535,0.0037818651149106428,0.017435209826039067,0.004497737816565864,0.011827659470503613
2004-12-24,0.0070987349465501835,0.053400593095603154,0.042387546432925145,0.01592491577462923,0.013691888594001446,0.012568982418786559,0.004081411379384303,0.007639274337848071,0.0096872045014367,0.011904228163956343
2004-12-25,0.016284751493574633,0.08540676558928158,0.08482943472645539,0.01601716421187788,0.014061562377960041,0.007012056781986566,0.005279158040710782,0.007528454713089909,0.004383669348427529,0.01811923744611455
2004-12-26,0.010655589144625607,0.06640200889415394,0.05001945388125595,0.02276974074021659,0.013759555978695033,0.00616036645341595,0.004168816749626151,0.016542407654437305,0.0060461675486389015,0.014075378614093408
2004-12-27,0.00740316806554268,0.05515170031174224,0.06148384928448565,0.01845056045060602,0.01372462933153261,0.028199173243320438,0.003952820707981192,0.00971987737345065,0.00706783760467588,0.010160852974572726
2004-12-28,0.008217128172573343,0.04897854779335385,0.046275592550649114,0.022876936449686323,0.01390736687518234,0.015578619093251653,0.003962664798731765,0.008034605234857413,0.007355995290898004,0.006622513048655752
2004-12-29,0.013435997288448605,0.07304593043910454,0.06273228017848881,0.02930302818855468,0.01584678826487395,0.015900362826711312,0.004310904786302482,0.007467020262622129,0.005300972067582043,0.01071231667095789
2004-12-30,0.01394751387739514,0.08066555454285644,0.0771808192693905,0.023309532553862325,0.013771241832438672,0.018025422284070516,0.005765819687355342,0.008285896779163832,0.006846864393515004,0.006924478339012721
2005-01-01,0.01506488398428135,0.07937113339423423,0.07587053409320818,0.016674948455947483,0.014292748189560006,0.02087370202771675,0.004557413919637282,0.014976243617627437,0.006039074239486945,0.00818313296605502
2005-01-02,0.014966322945857003,0.07786117512516214,0.0848317191554535,0.014367787038434344,0.014105882000683264,0.02480380664383169,0.004743902220888639,0.0048396447753141164,0.007317811789493705,0.009437942932969751
2005-01-03,0.01824172178716206,0.09004023418183263,0.08550370077603803,0.014131115471043279,0.015078640656058049,0.013051733722524607,0.0492861409804732,0.02794728045343726,0.008180511306303966,0.012852153525368
2005-01-04,0.008046111799025736,0.05666710534410873,0.05067161413838782,0.015785607854326242,0.014664112522092175,0.008470552769084623,0.004772130157470201,0.019014368393289183,0.004982529319451983,0.010725685198496667
2005-01-05,0.011007984997866704,0.07047262620544707,0.0571299191380964,0.018174235019996026,0.014339081950025812,0.06423205840027689,0.006146720478083004,0.032354329972516756,0.01127970102468911,0.01010087480302465
2005-01-06,0.011810323768920427,0.06954573512835907,0.07647332713163481,0.02172148135330916,0.017550315269198462,0.0373577776584164,0.007715785062604549,0.023324160661729366,0.028563708672282022,0.010463205117457392
2005-01-07,0.009902374378797225,0.056965209617888535,0.06608904900125318,0.023626082062625318,0.015777533277755197,0.053912934963862,0.006864085956228011,0.016149736859997505,0.032508757562868196,0.014655583810656033
2005-01-08,0.012604152397158225,0.07019536190476601,0.06386195379436081,0.02771268745636082,0.016916062624389376,0.03063735797038551,0.008986560183786262,0.013571387232985168,0.03790038475651783,0.012726380823915672
2005-01-09,0.011276103628386982,0.05130313578315009,0.04380091132721326,0.031239926598495765,0.01700514119267471,0.025128646910460052,0.008924067994847932,0.048169152184192245,0.013243677954779832,0.01936566555542612
2005-01-10,0.015122017290775489,0.08063883582581477,0.06361516313459019,0.04092310711732191,0.018656322418969053,0.025611230376337127,0.04684686644632069,0.013450735288116345,0.012507370321025087,0.014950220384700138
2005-01-11,0.026899686731573325,0.09008118071617201,0.08100790764824133,0.030275404925242472,0.017364348655776095,0.007758286165662167,0.006470258462354851,0.011361340220860695,0.007398559375970573,0.01101609122576756
2005-01-12,0.008699229328044705,0.06438436319153006,0.05664795212705859,0.025716683212397912,0.016530817132008508,0.0082097577277759,0.005277106192073371,0.016143302885562122,0.00464113906026907,0.006854981628436243
2005-01-13,0.01203544286877577,0.07362314202772345,0.06959554354667784,0.021946521920457287,0.016965563693171377,0.0084508614128577,0.00457317041444282,0.028481948095608275,0.005500005031458262,0.006347460022199573
2005-01-14,0.012166879530608674,0.07419551047554622,0.07064076056230939,0.024533278451701866,0.01636766358428565,0.014093488094395519,0.005985644320918343,0.036421597116018604,0.006033481435127237,0.010758371602610927
2005-01-15,0.007192933467137378,0.05904052781869208,0.03759017477725366,0.022090456081940713,0.014844284396514489,0.008512169956480815,0.005368272502262489,0.03727202362963928,0.004322236127132617,0.010718995968182344
2005-01-16,0.011976275727509696,0.0679393861231708,0.06149971954126107,0.019744505480421823,0.01636314421282282,0.046723617825915574,0.007559834053293558,0.15907130113686607,0.006798201963392465,0.013113258166377208
2005-01-17,0.009319467253339599,0.06077742436093858,0.052915613297247685,0.02777928682124123,0.017714150209711392,0.010593372831883791,0.005189778182910074,0.04893633031328626,0.00507725205296561,0.008195330030903846
2005-01-18,0.012122784865802467,0.07178679719436858,0.06172799966800954,0.03327908267684466,0.01819753609881953,0.008680321821593489,0.006664857135716006,0.028560632544874606,0.006581132284335498,0.011236366489070795
2005-01-19,0.022435782077077648,0.09866704498621601,0.10120941270569497,0.05670078533511862,0.019591357309672378,0.03158999472881295,0.0091394425627828,0.04672478336114133,0.006705862566473095,0.011666278242249506
2005-01-20,0.010739611171546728,0.05379962140227995,0.06551596574758302,0.062359308748813964,0.020362732863523424,0.06190891296296848,0.010066036348845668,0.015782394409730487,0.010903073011434073,0.010368570199340892
2005-01-21,0.016543702009355676,0.0869151367774778,0.08284943573805117,0.055542402304349106,0.01872231099870149,0.05426237925629711,0.0067038340443382775,0.018194320931427244,0.006295397334892327,0.008871091505879527
2005-01-22,0.012526401395456785,0.07367457791601152,0.05852562139709114,0.04794768866935715,0.017908548978890146,0.0244611927090128,0.010905946733514475,0.021819642524554112,0.007949722313650254,0.0127779879816122
2005-01-23,0.01207516467538133,0.06643159902809948,0.05700453482917678,0.028028005478109023,0.014805566505412147,0.01728315057957512,0.006372822607413785,0.02552436558922398,0.007775439011745121,0.010169631451482416
2005-01-24,0.008236403354333044,0.05437528344904568,0.052113982382557864,0.01351515704429513,0.014057713653861078,0.018921078969280837,0.008712300185608379,0.035486574849373176,0.005381447166005131,0.009952174359890032
2005-01-25,0.014164771938292756,0.07916075861901292,0.08395383526046124,0.0053413216106807365,0.013874546715283667,0.014753688651909916,0.005955762311678944,0.04098166508715827,0.006598170432708806,0.007312227001718586
2005-01-26,0.016401553464180107,0.08795725220915353,0.08921169539760071,0.005867977452766746,0.014255607299118988,0.004909434008657212,0.005673695041035963,0.04190842651190751,0.006045744242747408,0.012409186045522129
2005-01-27,0.012404305524478205,0.07047979320401512,0.07805095696110081,0.005042853163646668,0.0139924557678003,0.011215002678661982,0.005654492566252912,0.050732235119263044,0.006050733426376956,0.011715904836889585
2005-01-28,0.011203999044435973,0.07023179329111419,0.06648051215062531,0.005202139138023898,0.013475550905439726,0.06291792928214197,0.010413655201606462,0.06169910443091819,0.007307613326223447,0.01714764356710214
2005-01-29,0.007253633195347191,0.05630888634776405,0.044916292767589815,0.008501648223324335,0.012833467089213166,0.01686453073505645,0.008134806598947745,0.06489316774628026,0.008053417831232985,0.011980053219514737
2005-01-30,0.006522281393307988,0.060500298276461056,0.0572109385560354,0.008232969705051099,0.012722350561131782,0.04448424202257648,0.022555854606553506,0.10023276037940207,0.012964411292409087,0.03299034073241376
2005-01-31,0.007604580444995531,0.05143242771107587,0.04013952019155342,0.013676920079385573,0.013333806620463007,0.011187747797408188,0.009805058234537997,0.01727963770807529,0.00956073497284333,0.012321183314250906
2005-02-01,0.006641133569127081,0.0503896033348473,0.03558238652467263,0.00870422542544732,0.012220764155835881,0.01715541997191171,0.008859495026255276,0.01854868902854,0.006852052373339181,0.012495561890334572
2005-02-02,0.007980056541811956,0.05119506390431548,0.05404966371015265,0.006475574682011096,0.013414998641387899,0.008976616206015914,0.007668830763884616,0.019137882783999725,0.0059735912125689124,0.01101069688514048
2005-02-03,0.007297529988340652,0.0574957696413761,0.036939230426091714,0.008850745088300091,0.01249553156707973,0.01432533028699525,0.01228157936083452,0.03102716612062647,0.01037004727662852,0.011755926893781288
2005-02-04,0.01232575731655659,0.07821958278454412,0.0746874414652049,0.009617454799862653,0.013025179882275131,0.005261818341893072,0.0072266138428198935,0.04022348665318533,0.006395309630793101,0.01041799728851278
2005-02-05,0.011896636499452252,0.07952532850825793,0.072972241742070107,0.013843242692038654,0.013765550292548629,0.011366168531771262,0.005614130861719756,0.038585924920556555,0.005873620778708232,0.010631555893135976
2005-02-06,0.007670730068522135,0.06398491225394676,0.04159906532103105,0.026043232503456974,0.014296816036878553,0.02527573991279681,0.006026165198650858,0.04130232559604785,0.006587669909135304,0.007938210431698676
2005-02-07,0.015229609041951952,0.09514459939156887,0.07638365431544131,0.013073920640562583,0.014219001031717008,0.00914921432477787,0.006523910223868965,0.04452626580863115,0.007176794208234606,0.011202670122829153
2005-02-08,0.014419842166505421,0.07929129674414448,0.07004979884303053,0.018203040085237456,0.014083524547794083,0.005383877487901728,0.005986999568980964,0.036584205184380374,0.006410555222040078,0.007095203607978987
2005-02-09,0.015332567996862445,0.08645622292376111,0.08567262404890272,0.01639066856026784,0.013951484376166983,0.061538801049692525,0.005671893941604623,0.03209722553890038,0.005442002172016639,0.01054908385539676
2005-02-10,0.012555733182619919,0.08394686473266723,0.07890227849776861,0.013590436472108633,0.013537202286461639,0.038827076974336,0.005817000238612403,0.021618396564363533,0.00599426716513401,0.00713910527037109
2005-02-11,0.008805305424525648,0.0634358758042383,0.060124358268508975,0.01621423343974251,0.013303608948746128,0.008548981702254236,0.0061283482676219875,0.030008086507420907,0.0062680512251956306,0.00823513058462702
2005-02-12,0.007274602735337097,0.062206163875420134,0.042202638071564956,0.018841686928238035,0.14773977982029685,0.008712144140696125,0.006632080438220991,0.027218111129235733,0.006197579964252733,0.010704794158160825
2005-02-13,0.008816325359089093,0.0630325985120997,0.039111728240420675,0.011183973841420955,0.013666943746696076,0.008686139717571569,0.005798317710926415,0.0517018041982269,0.005469545430299025,0.01049261781969611
2005-02-14,0.011787672982131374,0.07711791055159416,0.07947168683278641,0.008730416882200859,0.013272527566690902,0.015577609434368584,0.006927095790054667,0.0739017174507822,0.006344995215229744,0.011844256157531107
2005-02-15,0.014931195952235325,0.09147392289776442,0.07502836207762303,0.012056910660485944,0.015214891089897167,0.0126942228903807,0.00617886960457351,0.04257431354531041,0.007765580547826569,0.010098301762984542
2005-02-16,0.009818104059150646,0.06414531818424343,0.054023839401660334,0.016194159896631255,0.014310172982119689,0.01740814415897092,0.0072029015208197305,0.04899298913424701,0.012040918480773053,0.008377240623806978
2005-02-17,0.007834680909772128,0.06288320968986745,0.052430918272325204,0.013562710292130225,0.015875257755381466,0.014238457468186843,0.005179416637253829,0.018939778658362216,0.006036554519651131,0.010087929638865725
2005-02-18,0.02057309017478141,0.11188001192223399,0.11462654279784079,0.017358045477087487,0.014803560540115111,0.01755030000085417,0.007173303121759681,0.012967312684444596,0.00806240778169335,0.01175053470765422
2005-02-19,0.023292704365423755,0.08897372573645572,0.07255761063790415,0.020107325639920442,0.017805423844298163,0.014398057077366171,0.007766307303126833,0.017760737487351286,0.007460247740769865,0.024878372311505557
2005-02-20,0.016153518035259107,0.08575725153330302,0.08072951924540246,0.023468006640625556,0.016023644010223992,0.007162438866745525,0.005607028753609146,0.029883590492852705,0.005889196619866989,0.011048066991596309
2005-02-21,0.007785133123554741,0.06247141232631808,0.03534118106149388,0.029236667010781026,0.013945192293787103,0.011142062009815497,0.007004529389597539,0.03501294585841608,0.00663792536762307,0.010279520599431389
2005-02-22,0.016996666468674957,0.08710956168455154,0.07304930544361146,0.02972007502934464,0.015920516344259943,0.009188601747926073,0.006585478076093758,0.015675282264050083,0.005769580517351422,0.010156552586701654
2005-02-23,0.00723840432202956,0.06448209546626645,0.041339176186633624,0.025691390949004713,0.01478588744883673,0.0067198699223701705,0.006913207747964745,0.019611371078615315,0.005843379887502445,0.017904431763469876
2005-02-24,0.013071522975439042,0.07935999747775961,0.0645835156758675,0.025251550062672063,0.01538407991586362,0.018301965775481294,0.006264783627045926,0.045194560129436,0.00785087113869141,0.010072176182012414
2005-02-25,0.012131618620677985,0.07090394862276218,0.05482162875217474,0.022816363255934554,0.014971887043678866,0.016376181682064037,0.006450043658044078,0.07275062652116786,0.008667728636799274,0.009909372617707501
2005-02-26,0.013131154274747682,0.0755971379202091,0.07253380371711733,0.024708374494440362,0.014752120440710588,0.011407297831855708,0.008365485957422014,0.10704552204760953,0.005746937130699912,0.011946053463477397
2005-02-27,0.012245113123176936,0.10414718419198901,0.0643523718378675,0.029314852050090774,0.015691034319353966,0.0065556136182353605,0.0062234952181352355,0.03673834882030565,0.008177903998243677,0.009997457564544829
2005-02-28,0.008847150847472104,0.0619383831806416,0.03952835522401832,0.03510189103445754,0.015495331758700437,0.004867702239142935,0.005341498764864948,0.02943377382062088,0.006256553645274008,0.006417519204455544
2005-03-01,0.008867681834149644,0.10152120033397909,0.04681600512381685,0.026999384082785842,0.016567895218834415,0.007446025155616849,0.004600442872053162,0.018296344174577713,0.007081617460419828,0.010016388547093009
2005-03-02,0.006798818271176478,0.06047831917188313,0.0476152852617093,0.016186876626535056,0.015270798309358269,0.005056456928620223,0.0043932649074620985,0.006613288958555743,0.006082047371463942,0.010252767931783348
2005-03-03,0.014419809700094599,0.0834162689998649,0.07642774016036531,0.01763190390735634,0.015359430230302073,0.005087372547142204,0.004132494465304244,0.008267300425674452,0.00636636570632859,0.010426039053138566
2005-03-04,0.014745399568237996,0.08533208472450873,0.08452015030183033,0.013556912024138668,0.014848728343296154,0.010091581794680437,0.006153209664618272,0.028751687170691508,0.006359635093752319,0.009737511368399397
2005-03-05,0.019963572435511535,0.07882514885324285,0.05937850670028649,0.025208503353322132,0.015926212571984854,0.010300442317131129,0.00596790449202859,0.026764044711158706,0.006706600321972983,0.009828195014699951
2005-03-06,0.012027590519990071,0.07490428717751696,0.06632586566714883,0.013951475539822384,0.014178786250884503,0.011775152547667436,0.006003735742627462,0.020678860345642185,0.0058044436198026236,0.010307412584225231
2005-03-07,0.013698767929479126,0.0833254491872028,0.07682056734090802,0.026581322823577263,0.01486466125278632,0.009035191015623785,0.007349102640567463,0.060835522568558,0.008796801155960064,0.0072207568933578955
2005-03-08,0.008894058487779969,0.05990403161212299,0.042808498058607515,0.018882622628725386,0.014009737883290435,0.008495810452994544,0.006355294634056921,0.04149170267329718,0.0076348200832935175,0.010060682425526143
2005-03-09,0.010200952361730234,0.06871678220902104,0.05975949316615737,0.015582469105498617,0.014241098918321139,0.010036698064385908,0.013453063111455655,0.01696461764571727,0.01033699554494237,0.011363391754266806
2005-03-10,0.007917729297043803,0.06362770398667136,0.03739029776561132,0.020387697781731287,0.014277725824249706,0.006101419277695478,0.006865573859820789,0.005461780662210823,0.00859942542345808,0.008110128851473709
2005-03-11,0.006198684495062042,0.056574113597189155,0.047077717603606954,0.022295041067953405,0.013466728543097687,0.007004149070193007,0.006362664524499959,0.008354336257243798,0.007055943165674359,0.01042383277472029
2005-03-12,0.01910339838520631,0.10432513677350194,0.1016958822013865,0.03149420189160816,0.015888708469208312,0.010691950237304716,0.00677350363677159,0.00800739138678319,0.008119379044059308,0.010693929024065256
2005-03-13,0.00885334717725323,0.0536945160220875,0.048489263060748716,0.033181411309609554,0.014867819735636601,0.01567806576643535,0.006820615523622642,0.009624180063695238,0.0103270978949024,0.01101770940219785
2005-03-14,0.011498127746035643,0.07214473685020376,0.06812083595034565,0.024877483219822458,0.015519838338202089,0.011724998063402934,0.00721716066333586,0.03501373536918626,0.007823306466809515,0.010623130138852499
2005-03-15,0.01224837374398591,0.08043270198086802,0.06813230064900332,0.043241802844444066,0.015258013513055831,0.011019478897527635,0.008069051214355331,0.12584120653778752,0.00778419822360791,0.011183652700582466
2005-03-16,0.012767758116088017,0.07651613261783528,0.0723977728174443,0.02695764397899459,0.015458749630867479,0.0099345156504899,0.0067540751701850735,0.0522293583999876,0.008006292048405033,0.010176980683214043
2005-03-17,0.018022031952938247,0.10438743955129996,0.09155144491439014,0.028102935193517694,0.01609445932946345,0.011214141514340883,0.009648220388525502,0.011526805754636977,0.007854372259298477,0.010615203961927904
2005-03-18,0.04460028512658688,0.09268879874376891,0.09181445313183771,0.03073199715329843,0.06246192215601671,0.011003658540964656,0.008588212003934781,0.015375590256921345,0.008506290692217146,0.010846464191036142
2005-03-19,0.011657113532720805,0.07406886408147602,0.06419800288607624,0.03617950890664605,0.014957992430028363,0.0152249479715979,0.0078115303649867055,0.010804474936893535,0.011182757416253644,0.007628436022043587
2005-03-20,0.016525722709177456,0.08810057180824668,0.08274608184835747,0.021598043242672275,0.014940371868610448,0.024613728844402518,0.008849461235961992,0.014952312650082174,0.013587485355221035,0.010874692167307314
2005-03-21,0.01662609675666038,0.09391094289228512,0.08126404479053993,0.016637587442519572,0.015091417928108579,0.02335473532756777,0.008140348761436156,0.009939462831563264,0.013073935905177102,0.010479862893182517
2005-03-22,0.008866315966305835,0.058876076018129456,0.051978849515222435,0.03180737507742593,0.015074986726917662,0.03832644486126346,0.011592004234850304,0.007833257231396964,0.01726853187045214,0.06553013159102913
2005-03-23,0.008812373499742412,0.06001435748890515,0.04884006467216019,0.017077189136535612,0.014714223544434635,0.06435915583425482,0.011520586141275357,0.013267130216873197,0.01555558133820768,0.012436203962381525
2005-03-24,0.012897793400722292,0.07741849199234535,0.08093824575835903,0.02866776072099943,0.01536286640181636,0.044415144751253695,0.010575106726150566,0.010463250895945518,0.014172920160530159,0.012395612388473065
2005-03-25,0.018506024581043896,0.0985577272763285,0.10953511539740605,0.04078905066859457,0.017693394810718355,0.06222890000751083,0.019220241970576618,0.009644650643753533,0.02014884472005649,0.01686620103525754
2005-03-26,0.009909294590883617,0.06230700585066012,0.04996443544407569,0.04567868871385921,0.016395441176111563,0.034713500579384535,0.014788877454337948,0.010582743621975907,0.017288013871481205,0.014251808523757983
2005-03-27,0.011682567524831294,0.07819826275407733,0.06766344501287981,0.05322751153930598,0.0173813433272054,0.0196578320396181,0.01078031105622668,0.011631010278122434,0.012546642617293168,0.012191628090741152
2005-03-28,0.010338412988789819,0.0631112385298436,0.056878503054754045,0.03903245154933072,0.02338253649004021,0.01963803040869789,0.012065045444158172,0.0111190373921736,0.01180925331429282,0.01226715077170622
2005-03-29,0.009200121087039183,0.05680380621493726,0.044477126523418176,0.049369399477900734,0.017824538711198767,0.0299039577473672,0.0113493438298555,0.026370506042363323,0.01627735154134444,0.010974530499944301
2005-03-30,0.01674094150762088,0.09834684929030363,0.08997531898460802,0.05917303276479188,0.017921998377032847,0.029405006262205817,0.010242508408980841,0.04738379746862924,0.015363123540856217,0.010266766674351488
2005-03-31,0.01812693303927542,0.10524658972828975,0.09474548739115027,0.03513879408213781,0.02170616290090757,0.02224983721010285,0.012701300572320488,0.00930472858834377,0.01530621435801542,0.011458801614430157
2005-04-01,0.017345368313515606,0.09394831545005464,0.08515976711647907,0.02960152099746519,0.022355763178132808,0.039908699021887144,0.01523778202081672,0.00788870780236808,0.020182835368410267,0.013243933063926442
2005-04-02,0.00867390684828623,0.07149600796433453,0.03876790345280155,0.062064666992032794,0.01741696040309407,0.04832431050833107,0.012215114792526573,0.004069584054614233,0.017802794837098807,0.016343040656047067
2005-04-03,0.011407328331945138,0.08498447222350615,0.057929652756442004,0.06508623435987619,0.01804676758201783,0.02811248609924282,0.014233905376719093,0.008480362724916594,0.01686810349400807,0.013215389689001676
2005-04-04,0.014348972903368453,0.10487444678893702,0.05488551252011858,0.02579289378390479,0.019627643214525654,0.03457689379729105,0.010657953977122023,0.018559047886398367,0.017086855911874844,0.011608706787156505
2005-04-05,0.011526674090436463,0.07830409759598303,0.06272296785986353,0.04366730119334841,0.01701146024591734,0.02365523832343314,0.01339062443639838,0.01677797654533367,0.016689739537871055,0.011747364397489996
2005-04-06,0.010336105164254797,0.06404315824350741,0.054772673508632526,0.026280181096766293,0.01661143423762259,0.020708039867675773,0.013565861770037704,0.003924939248567572,0.019592131468439012,0.011962165200844293
2005-04-07,0.0101848352225318,0.060278666463388,0.03838647863627741,0.018952848676906005,0.01558807168663736,0.04528434697418287,0.017936416403561455,0.004960884788633307,0.0210975536515117,0.012757501363321428
2005-04-08,0.014294071686123228,0.1025050626892605,0.08580370607396384,0.01952514242583464,0.016658593384838462,0.04584071387168702,0.019277661588488797,0.010913319369021844,0.023776234954787784,0.018123105658150097
2005-04-09,0.013326514284855796,0.07246707605717541,0.06552570691327624,0.021469423212856203,0.017192765454072178,0.04859138364460661,0.01623671994522117,0.013205710787646222,0.022743012019783636,0.01781673451628403
2005-04-10,0.016089453728578645,0.08691784245467529,0.08851693323462337,0.039509892787081544,0.01914524343789237,0.035911761562326554,0.01934961199691294,0.012755522688605442,0.019558084274733652,0.014636015138950813
2005-04-11,0.012932988746615956,0.07803085884186733,0.06656390045966691,0.043999847482874783,0.01984922872801868,0.08890196024507847,0.016627825737305153,0.03165251869312089,0.02122937338560247,0.0161632677642129
2005-04-12,0.02113621189477305,0.10658292860066891,0.1104936031467953,0.05786734088907138,0.02371416371701847,0.09670585318574175,0.011971830844162442,0.035230126418519796,0.015045702435474647,0.18195642363550335
2005-04-13,0.016288493069930618,0.08326733030893234,0.08290470318866035,0.0777576200013581,0.0245806765034087,0.10425660833171065,0.013799519857171916,0.032562997084851254,0.01599329748447701,0.012828798357989054
2005-04-14,0.02130655116367257,0.10725560078587644,0.09904108169924643,0.07471145020554172,0.02685560253355453,0.02086877282066412,0.012665411418231147,0.032195451600789016,0.02621857022988996,0.015028258374120656
2005-04-15,0.011154196142454133,0.059006509833324484,0.05423801217269956,0.07678399318095548,0.025068887455106607,0.017049226768932203,0.01257440371668702,0.012569194702050455,0.025095535496767043,0.015720247048614713
2005-04-16,0.010800280120175866,0.06041985611422348,0.05071125932861204,0.07157217476328685,0.031017490562244544,0.016422264112417536,0.01102971435998703,0.006115807871416522,0.015548974391182998,0.01645517693915104
2005-04-17,0.016086400805620914,0.06864225389882382,0.06169219678755208,0.05973032104422862,0.027858493791959947,0.025563659693325094,0.011387342119975436,0.005148523636596672,0.015920911151886527,0.011271422036549303
2005-04-18,0.010840208493467104,0.060626010231102784,0.04977719372866316,0.07385860868051253,0.026349117466562027,0.0869683724396525,0.012962839261354185,0.006925034548878943,0.01480179261518967,0.010889406989923682
2005-04-19,0.021441611340543683,0.10511276449747622,0.10731123837400905,0.06528672739451724,0.02269947620789244,0.05419962985824433,0.014909484806313739,0.009257846607549018,0.015547778080100404,0.011014582286348315
2005-04-20,0.013687536863875341,0.06764727755028987,0.06420315381772462,0.06730043195875635,0.023880463432207726,0.1200517952163198,0.019905812938743755,0.007869612032157679,0.02644726293124702,0.022304838707702637
2005-04-21,0.016070534866881092,0.08004170883216943,0.08187529442210892,0.058708093881421335,0.022623380277593048,0.11209547335994564,0.01971222696004621,0.008736940500570693,0.026331593046309523,0.017968817931863758
2005-04-22,0.01459165755135793,0.07289583661486676,0.08007916736540018,0.05800760538112687,0.020980100191297257,0.07902581416350256,0.032277144243442704,0.028969776410885117,0.03430167676586882,0.025051790986485505
2005-04-23,0.01526257590901527,0.0814201221648012,0.07925169175372225,0.050702146992652734,0.020544250337961527,0.1122296281216973,0.025519729984727877,0.013470376547647938,0.030427525218906598,0.019759284419453172
2005-04-24,0.011079927807091623,0.05462629053753796,0.05042745169718656,0.05611551616647327,0.01965718388635384,0.08567551587620503,0.0243090367614988,0.01163610532030376,0.027764312525780883,0.02158840124935277
2005-04-25,0.008574418314599234,0.05600645076852874,0.05299926910698659,0.06547648549944399,0.01871281566494353,0.04281815515078714,0.01989466207869704,0.007256094375657084,0.02178263719585982,0.022503478494439785
2005-04-26,0.009502037731602289,0.057057223931085116,0.04977100894919547,0.030424431362650283,0.016809758780054453,0.03377889030009976,0.01916341825647687,0.004864459124181753,0.02588809083711276,0.01792237866595832
2005-04-27,0.012027303898590832,0.0692552528168248,0.06532252011162717,0.04126523055103845,0.017039835154631786,0.029697621945353324,0.017009853707488302,0.0023224556072518722,0.02370512441360382,0.017294699423710234
2005-04-28,0.016137561910210294,0.09226816988639676,0.09060008399181566,0.031726395137938554,0.016782065902210656,0.0327543212533121,0.02200528851754101,0.0023069220774510576,0.029397536812548437,0.019803105207869497
2005-04-29,0.015748926874723363,0.0853354183419818,0.09892721626968323,0.030267689077103126,0.01730493500683452,0.07311049350231522,0.02912287245656728,0.007064503887541985,0.02855946813843622,0.01995655124132398
2005-04-30,0.012897915352493163,0.0706882209834269,0.06665007495345392,0.02877384643407635,0.016115774013655278,0.050196316837600743,0.03041496353371339,0.0049693784714042325,0.035845553466105934,0.022281460810315536
2005-05-01,0.00891386605333174,0.0509181120598284,0.04294668540956693,0.026080293860202743,0.01663300195961973,0.03445837091433939,0.01960234401825593,0.005041451176914731,0.022149305052664377,0.017106077059057225
2005-08-14,2.5084472833884487e-4,0.005667109455721012,8.391488092017778e-5,0.0031019137893672495,3.6288613548188584e-4,0.0027409595867170225,0.002613433827138426,0.0019509674089238894,0.002917749840589111,0.002277493579273516
2005-08-15,0.005143136684960499,0.021736726607282462,0.00263205530774979,0.00418252876786089,0.0011545789510924117,0.004043361663811981,0.005727639638072041,0.035715811610798724,0.0014102237548017213,0.005244522037017077
2005-08-16,4.961415146812814e-4,0.006053976379136375,4.106557650727584e-4,0.015162266625534824,0.0016769586126591054,0.008980963592390947,0.001199372511575469,0.00120628468588544,0.002603221628042616,0.0012563558273762415
2005-08-17,0.004980278272788778,0.02305421243846492,0.002251386482404734,0.019314036493655578,0.0016503342043751174,0.0037194766830055508,0.0011842632113734397,2.22756770076844e-4,0.0027470233452352925,8.912250236894172e-4
2005-08-18,0.0011667101308918638,0.0028416100768272976,2.0974684997359356e-4,0.013490476585369207,0.0018275235166164078,0.00436169992639663,0.002778822616652824,0.003719735732483587,0.0021762466936582885,0.0017880706470187002
2005-08-19,5.405604911577769e-4,0.004752017562268806,2.7868139369842355e-4,0.0020616066153672577,0.0013196310279311278,0.024723746386735787,0.001818769716643319,0.0019352574514614788,0.0021404898598774303,0.0013768359861167309
2005-08-20,0.003029603229251112,0.013802089887573858,8.596407921129364e-4,0.03678448323435164,0.0018254779143889674,0.009741281470111779,0.006781011725940043,0.00946119042260831,0.0021050291135548105,0.00100616299863156
2005-08-21,0.0024335852837590495,0.010188056654401508,0.0010077077218802713,0.026664917609510508,0.0018781002021012187,0.011089454396405072,0.0011618321121662982,2.6402926885207183e-4,0.0015290092988754823,0.0010078577818395126
2005-08-22,5.14614905860522e-4,0.005655807924192703,1.3964050211642595e-4,0.016488786115134685,0.0017519385235465164,0.017124544379805696,0.0019553611700780186,6.932728743514279e-4,0.0019633693086479544,7.854347506613929e-4
2005-08-23,0.0012801539685385025,0.00448831370495257,3.2493739649325665e-4,0.014993091483507907,0.0019023523692466402,0.011943166826020812,9.905058497729571e-4,0.0015976941082614395,8.319037258104695e-4,7.196492435197784e-4
2005-08-24,0.004769484405143371,0.018087723684438523,0.0027614118260808995,0.005615073280520232,0.002088309232751669,0.009838773771458479,6.462312090766247e-4,0.0010033400750442836,6.379458824139851e-4,7.044015192088245e-4
2005-08-25,6.770701695064598e-4,0.004589379637200869,4.402997077351662e-4,0.002855516319985084,0.0019953753690236946,0.00388760736164006,0.0010013626349544295,4.0607599266611564e-4,0.0012650426453877294,0.0010115385946279213
2005-08-26,0.007181866181399481,0.02940911259858153,0.0030740207021650095,0.0019581775370043114,0.00210736283027127,0.02708052945819743,0.0010096101729636044,0.001813674470933473,0.0017628423909924994,0.0015455180995220391
2005-08-27,0.0014682867678652396,0.011459041129470328,9.224566756824526e-4,0.0021454723161128605,0.0023041421507280575,0.007257862165813889,7.35933821584974e-4,2.786383659373656e-4,0.0010547539493126188,0.0012411691670559577
2005-08-28,6.563624550073579e-4,0.0041416651189978984,5.111280244136105e-4,0.0014645680537946164,0.0019421230714899043,0.013817107647702592,9.712285016513633e-4,0.0022079715399043382,0.0018286460245938658,0.0014068662705458963
2005-08-29,0.0010253998852334982,0.00452302681506223,2.2925151892501828e-4,0.0020012236262763744,0.002162380968525455,0.008734261221632723,0.001325317253906211,8.39295109562699e-4,0.0027559427420025383,9.808515984723834e-4
2005-08-30,0.004799218493662131,0.018256588135783125,0.001876071609266667,0.0023168428790501247,0.002624221175063117,0.009060032581109585,0.0010980628229618906,0.0019038992892489483,0.0017587498268295386,7.255793793779982e-4
2005-08-31,8.85701630367859e-4,0.0057653109369989,3.8241346096653373e-4,0.0027595261572817436,0.0019392281793681621,0.014726554428231226,0.0033461753138813812,0.002041990962354602,0.002647504092081157,0.0017003941097479536
2005-09-01,0.0025249176841024637,0.012234130211661295,5.77003401333089e-4,0.003499636104206476,0.002225967198529989,0.021267241628952643,0.0015394336924627772,0.0014109799370296305,0.005764676642047188,0.0017230106739045234
2005-09-02,0.00753432288811323,0.029640864895251882,0.003929982624000833,0.004299291131096642,0.004072680178636967,0.10307891307933822,0.0034101134543215767,0.0047526182718926726,0.009601836193113729,0.014095207152713387
2005-09-03,4.8505891693779215e-4,0.0033711214613384175,4.2216998122790016e-4,0.00371266954608639,0.0020607031241466297,0.09841329074662944,0.007717001643930997,0.0054544283796089,0.012033043334602563,0.005528093924282659
2005-09-04,8.643512137145264e-4,0.0022238638149993805,3.8712017866647004e-4,0.0031598875671002497,0.0020627949025651595,0.08254212053273448,0.007877160984966734,0.005408032403582102,0.01308632743324318,0.005807242295942553
2005-09-05,0.0056761767566468925,0.02396975708538878,0.0023645932154685214,0.01501793306561964,0.002014913876285468,0.05306255864216093,0.005317144210910314,0.004525941282306405,0.005258390505042262,0.0031201964167429704
2005-09-06,0.006546136839033319,0.02535354072069177,0.002931286708358064,0.01609754909667381,0.002488223927130812,0.043184666026889244,0.0037448766441136243,0.0033934351668540286,0.004383002422245242,0.003287908515514404
2005-09-07,0.0069431467402257955,0.027910437937039345,0.002747456367535875,0.010226646877394196,0.0021982770189500947,0.03414432423496213,0.0028940566097122784,0.0045778093814454164,0.002269393900982569,0.0029468500575069497
2005-09-08,0.005787631816842174,0.026213464483916715,0.0022494295164731636,0.006730552218343107,0.002203089696018183,0.014001850678476965,0.003519209439081765,0.016345269668260165,0.0015238499727319485,0.0019004150832639568
2005-09-09,0.005067276401055371,0.01799137761118378,0.002007392120110928,0.002754687135974581,0.003224019783032447,0.03198696679919054,0.007980253903095041,0.09024562431181793,0.0049968963643711615,0.0024360664011508566
2005-09-10,0.005143765115933996,0.0209343896099051,0.0019945124227091385,0.008334655080636248,0.0024437982954163364,0.023230540069421646,0.005582610292874868,0.056433091713059186,0.00436054097249212,0.001993218777194772
2005-09-11,0.003204830808413278,0.00811062844296417,6.556927781391838e-4,0.016024305880723136,0.0023014073364162205,0.033903712891914045,0.003955334717844891,0.009117419273458523,0.0033413852652914794,0.0022979220453307066
2005-09-12,0.0029424197645975857,0.008380841873782525,9.395824357673716e-4,0.015793934972428123,0.0026635468402314917,0.018718991203178808,0.0029254436277760727,0.003544401473389393,0.002997281842152304,0.002229923438396465
2005-09-13,0.0010669078811610256,0.0044309404278148655,2.2949837774015252e-4,0.006034359419317408,0.0018798754968380733,0.016998318599196226,0.003078626633438492,0.0015854237281042517,0.0025256962714710184,0.003929763889589657
2005-09-14,9.072629172178698e-4,0.0052915276091625866,5.229153822496805e-4,0.006403062869946206,0.0019946541618406878,0.016941980287829304,0.0019062338262381988,0.0022602484089136615,0.0010580004184432231,0.003349257542654026
2005-09-15,0.001349610405603336,0.0028367113127437216,4.1251325299787556e-4,0.01319598497066402,0.0025468425369729,0.08743723288199172,0.002477227118383804,0.0023100087306250844,0.0035915239982860507,0.0020165676281362448
2005-09-16,9.08603308822056e-4,0.004443587384662751,3.8144141835961816e-4,0.009270892790909828,0.002100089817983185,0.08181417055917496,0.00314656564987441,0.0050125217798628954,0.003958608458782202,0.002656289797012217
2005-09-17,0.002273314897018613,0.011814857258507788,6.982491971579363e-4,0.011922768322991857,0.0015218052491786766,0.05885040592374439,0.0029461062082197773,0.004603583724852442,0.004108929279083137,0.003571869972197159
2005-09-18,0.0014509863724134363,0.00835437120797693,4.88402176436321e-4,0.01478996180660218,0.0022504546037874274,0.03418207398245949,0.004658852048261664,0.004090338783901431,0.0030521088677767073,0.003949806571880108
2005-09-19,0.0010896797426811727,0.005425145588327101,3.2912950933125913e-4,0.007461659140061848,0.002065009333273704,0.014030242282702185,0.0045014704404778795,0.005834231244713597,0.0029887811651992755,0.003774077113211289
2005-09-20,0.001343301965962409,0.003810684431071704,3.5561133904849027e-4,0.004629800922264604,0.001911553138507001,0.04295354663950326,0.019536738528472417,0.007212281534756117,0.010470724793983659,0.016436677592805204
2005-09-21,0.00100978855376745,0.003991183398003486,1.5562420682999314e-4,0.0052985047731246,0.001508809789442467,0.032876112662270834,0.003053371383537,0.017563202444223797,0.002236965192983323,0.002476491925432337
2005-09-22,0.0015373450061801617,0.004930367542867934,4.635644928179994e-4,0.00663272910735672,0.0019391251316324002,0.025386819172815305,0.0027632421322153406,0.0048270131833694505,0.003686015962019994,0.0020042929487009893
2005-09-23,0.002204234250219876,0.011547124971361716,2.4466199834117977e-4,0.003853273276396163,0.0016271916268837173,0.01920683659181532,0.0037729691444688845,0.0052584688733141325,0.002673870777925473,0.002962767208875473
2005-09-24,0.006487877982503217,0.01497192828805341,0.0018143511511172904,0.0032580868729137945,0.001989293736190607,0.01635700707949052,0.002552837437974259,0.0026789303083388193,0.0020141224268165523,0.001823854151756805
2005-09-25,5.685359035598021e-4,0.0022949260190442745,6.448684171233323e-4,0.003999023931890062,0.001799120235656869,0.01674550878098887,0.0027876190922029426,0.004117853638600882,0.0023998895828286925,0.0027134765996261628
2005-09-26,0.004938115579349243,0.018230436054149014,0.0020748970277125658,0.015783662820261644,0.0030908612468538215,0.019058571037376598,0.005114406458358888,0.0079884874278199,0.003450907793212589,0.004310547277649336
2005-09-27,9.506319406228857e-4,0.0024654784811688536,7.209260278450435e-5,0.014168610791488716,0.0027457608349369346,0.0189792170498034,0.00848152592595227,0.016141798153809745,0.005690931260296484,0.007973477339688709
2005-09-28,0.0010155531463239607,0.002037585521627152,1.7401225073513285e-4,0.007917327677463296,0.0022563257614750167,0.007843285982925574,0.004304403864227636,0.004906202469206799,0.0026243397953135362,0.0025838615570325544
2005-09-29,0.003745721707503102,0.007145133229172546,7.73345473179551e-4,0.005490019646176077,0.0021930328037957675,0.009909029782925615,0.00432581618617774,0.0022996195398498676,0.003795149733711776,0.0024500561450664965
2005-09-30,0.0030153581433660067,0.009189510702538454,8.270976162768003e-4,0.012573484584299927,0.0035461768304257766,0.025852899604008363,0.004001550194893759,0.009791356391439868,0.0033437423284385258,0.0033900233624222656
2005-10-01,7.350007931157434e-4,0.002044377473365909,2.6590493456608557e-4,0.008307015342248926,0.0020600490443397285,0.03876157769624434,0.002216477933687855,0.0076853627036188935,0.0019340980843240115,0.0028023295641205017
2005-10-02,0.004638388285892884,0.016687825422126372,0.0016567971662808584,0.009616144665793707,0.0031764728393607047,0.0019076016747618825,0.002910540879077165,0.002572954274148461,0.0032763473132882974,0.002358747453257445
2005-10-03,0.0045039086455120865,0.01564186485435777,0.0018757721010589676,0.0052807592544379545,0.002078299852830422,0.0019303736197443992,0.002447992197104601,0.002212983825122834,0.003301655414798279,0.0030049475081926724
2005-10-04,7.377786127613084e-5,6.808910446151763e-4,1.0769824289220678e-5,5.900595800321297e-5,2.5948135956540907e-4,9.718106839143789e-5,1.0903168384231709e-4,2.7901960336153816e-6,9.483869926926478e-5,3.179968236522267e-5
2005-10-05,7.377786127613084e-5,6.808910446151763e-4,1.0769824289220678e-5,5.900595800321297e-5,2.5948135956540907e-4,9.718106839143789e-5,1.0903168384231709e-4,2.7901960336153816e-6,9.483869926926478e-5,3.179968236522267e-5
2005-10-06,7.377786127613084e-5,6.808910446151763e-4,1.0769824289220678e-5,5.900595800321297e-5,2.5948135956540907e-4,9.718106839143789e-5,1.0903168384231709e-4,2.7901960336153816e-6,9.483869926926478e-5,3.179968236522267e-5
2005-10-07,7.377786127613084e-5,6.808910446151763e-4,1.0769824289220678e-5,5.900595800321297e-5,2.5948135956540907e-4,9.718106839143789e-5,1.0903168384231709e-4,2.7901960336153816e-6,9.483869926926478e-5,3.179968236522267e-5
2005-10-08,7.377786127613084e-5,6.808910446151763e-4,1.0769824289220678e-5,5.900595800321297e-5,2.5948135956540907e-4,9.718106839143789e-5,1.0903168384231709e-4,2.7901960336153816e-6,9.483869926926478e-5,3.179968236522267e-5
2005-10-09,7.377786127613084e-5,6.808910446151763e-4,1.0769824289220678e-5,5.900595800321297e-5,2.5948135956540907e-4,9.718106839143789e-5,1.0903168384231709e-4,2.7901960336153816e-6,9.483869926926478e-5,3.179968236522267e-5
2005-10-10,7.377786127613084e-5,6.808910446151763e-4,1.0769824289220678e-5,5.900595800321297e-5,2.5948135956540907e-4,9.718106839143789e-5,1.0903168384231709e-4,2.7901960336153816e-6,9.483869926926478e-5,3.179968236522267e-5
2005-10-11,7.377786127613084e-5,6.808910446151763e-4,1.0769824289220678e-5,5.900595800321297e-5,2.5948135956540907e-4,9.718106839143789e-5,1.0903168384231709e-4,2.7901960336153816e-6,9.483869926926478e-5,3.179968236522267e-5
2005-10-12,7.377786127613084e-5,6.808910446151763e-4,1.0769824289220678e-5,5.900595800321297e-5,2.5948135956540907e-4,9.718106839143789e-5,1.0903168384231709e-4,2.7901960336153816e-6,9.483869926926478e-5,3.179968236522267e-5
2005-10-13,7.377786127613084e-5,6.808910446151763e-4,1.0769824289220678e-5,5.900595800321297e-5,2.5948135956540907e-4,9.718106839143789e-5,1.0903168384231709e-4,2.7901960336153816e-6,9.483869926926478e-5,3.179968236522267e-5
2005-10-14,7.377786127613084e-5,6.808910446151763e-4,1.0769824289220678e-5,5.900595800321297e-5,2.5948135956540907e-4,9.718106839143789e-5,1.0903168384231709e-4,2.7901960336153816e-6,9.483869926926478e-5,3.179968236522267e-5
2005-10-15,7.377786127613084e-5,6.808910446151763e-4,1.0769824289220678e-5,5.900595800321297e-5,2.5948135956540907e-4,9.718106839143789e-5,1.0903168384231709e-4,2.7901960336153816e-6,9.483869926926478e-5,3.179968236522267e-5
2005-10-16,7.377786127613084e-5,6.808910446151763e-4,1.0769824289220678e-5,5.900595800321297e-5,2.5948135956540907e-4,9.718106839143789e-5,1.0903168384231709e-4,2.7901960336153816e-6,9.483869926926478e-5,3.179968236522267e-5
2005-10-17,7.377786127613084e-5,6.808910446151763e-4,1.0769824289220678e-5,5.900595800321297e-5,2.5948135956540907e-4,9.718106839143789e-5,1.0903168384231709e-4,2.7901960336153816e-6,9.483869926926478e-5,3.179968236522267e-5
2005-10-18,7.377786127613084e-5,6.808910446151763e-4,1.0769824289220678e-5,5.900595800321297e-5,2.5948135956540907e-4,9.718106839143789e-5,1.0903168384231709e-4,2.7901960336153816e-6,9.483869926926478e-5,3.179968236522267e-5
2005-10-19,7.377786127613084e-5,6.808910446151763e-4,1.0769824289220678e-5,5.900595800321297e-5,2.5948135956540907e-4,9.718106839143789e-5,1.0903168384231709e-4,2.7901960336153816e-6,9.483869926926478e-5,3.179968236522267e-5
2005-10-20,7.377786127613084e-5,6.808910446151763e-4,1.0769824289220678e-5,5.900595800321297e-5,2.5948135956540907e-4,9.718106839143789e-5,1.0903168384231709e-4,2.7901960336153816e-6,9.483869926926478e-5,3.179968236522267e-5
2005-10-21,7.377786127613084e-5,6.808910446151763e-4,1.0769824289220678e-5,5.900595800321297e-5,2.5948135956540907e-4,9.718106839143789e-5,1.0903168384231709e-4,2.7901960336153816e-6,9.483869926926478e-5,3.179968236522267e-5
2005-10-22,7.377786127613084e-5,6.808910446151763e-4,1.0769824289220678e-5,5.900595800321297e-5,2.5948135956540907e-4,9.718106839143789e-5,1.0903168384231709e-4,2.7901960336153816e-6,9.483869926926478e-5,3.179968236522267e-5
2005-10-23,7.377786127613084e-5,6.808910446151763e-4,1.0769824289220678e-5,5.900595800321297e-5,2.5948135956540907e-4,9.718106839143789e-5,1.0903168384231709e-4,2.7901960336153816e-6,9.483869926926478e-5,3.179968236522267e-5
2005-10-24,7.377786127613084e-5,6.808910446151763e-4,1.0769824289220678e-5,5.900595800321297e-5,2.5948135956540907e-4,9.718106839143789e-5,1.0903168384231709e-4,2.7901960336153816e-6,9.483869926926478e-5,3.179968236522267e-5
2005-10-25,7.377786127613084e-5,6.808910446151763e-4,1.0769824289220678e-5,5.900595800321297e-5,2.5948135956540907e-4,9.718106839143789e-5,1.0903168384231709e-4,2.7901960336153816e-6,9.483869926926478e-5,3.179968236522267e-5
2005-10-26,7.377786127613084e-5,6.808910446151763e-4,1.0769824289220678e-5,5.900595800321297e-5,2.5948135956540907e-4,9.718106839143789e-5,1.0903168384231709e-4,2.7901960336153816e-6,9.483869926926478e-5,3.179968236522267e-5
2005-10-27,7.377786127613084e-5,6.808910446151763e-4,1.0769824289220678e-5,5.900595800321297e-5,2.5948135956540907e-4,9.718106839143789e-5,1.0903168384231709e-4,2.7901960336153816e-6,9.483869926926478e-5,3.179968236522267e-5
2005-10-28,7.377786127613084e-5,6.808910446151763e-4,1.0769824289220678e-5,5.900595800321297e-5,2.5948135956540907e-4,9.718106839143789e-5,1.0903168384231709e-4,2.7901960336153816e-6,9.483869926926478e-5,3.179968236522267e-5
2005-10-29,7.377786127613084e-5,6.808910446151763e-4,1.0769824289220678e-5,5.900595800321297e-5,2.5948135956540907e-4,9.718106839143789e-5,1.0903168384231709e-4,2.7901960336153816e-6,9.483869926926478e-5,3.179968236522267e-5
2005-10-30,7.377786127613084e-5,6.808910446151763e-4,1.0769824289220678e-5,5.900595800321297e-5,2.5948135956540907e-4,9.718106839143789e-5,1.0903168384231709e-4,2.7901960336153816e-6,9.483869926926478e-5,3.179968236522267e-5
2005-10-31,7.377786127613084e-5,6.808910446151763e-4,1.0769824289220678e-5,5.900595800321297e-5,2.5948135956540907e-4,9.718106839143789e-5,1.0903168384231709e-4,2.7901960336153816e-6,9.483869926926478e-5,3.179968236522267e-5
2005-11-01,7.377786127613084e-5,6.808910446151763e-4,1.0769824289220678e-5,5.900595800321297e-5,2.5948135956540907e-4,9.718106839143789e-5,1.0903168384231709e-4,2.7901960336153816e-6,9.483869926926478e-5,3.179968236522267e-5
2005-11-02,7.377786127613084e-5,6.808910446151763e-4,1.0769824289220678e-5,5.900595800321297e-5,2.5948135956540907e-4,9.718106839143789e-5,1.0903168384231709e-4,2.7901960336153816e-6,9.483869926926478e-5,3.179968236522267e-5
2005-11-03,7.377786127613084e-5,6.808910446151763e-4,1.0769824289220678e-5,5.900595800321297e-5,2.5948135956540907e-4,9.718106839143789e-5,1.0903168384231709e-4,2.7901960336153816e-6,9.483869926926478e-5,3.179968236522267e-5
2005-11-04,7.377786127613084e-5,6.808910446151763e-4,1.0769824289220678e-5,5.900595800321297e-5,2.5948135956540907e-4,9.718106839143789e-5,1.0903168384231709e-4,2.7901960336153816e-6,9.483869926926478e-5,3.179968236522267e-5
2005-11-05,7.377786127613084e-5,6.808910446151763e-4,1.0769824289220678e-5,5.900595800321297e-5,2.5948135956540907e-4,9.718106839143789e-5,1.0903168384231709e-4,2.7901960336153816e-6,9.483869926926478e-5,3.179968236522267e-5
2005-11-06,7.377786127613084e-5,6.808910446151763e-4,1.0769824289220678e-5,5.900595800321297e-5,2.5948135956540907e-4,9.718106839143789e-5,1.0903168384231709e-4,2.7901960336153816e-6,9.483869926926478e-5,3.179968236522267e-5
2005-11-07,7.377786127613084e-5,6.808910446151763e-4,1.0769824289220678e-5,5.900595800321297e-5,2.5948135956540907e-4,9.718106839143789e-5,1.0903168384231709e-4,2.7901960336153816e-6,9.483869926926478e-5,3.179968236522267e-5
2005-11-08,7.377786127613084e-5,6.808910446151763e-4,1.0769824289220678e-5,5.900595800321297e-5,2.5948135956540907e-4,9.718106839143789e-5,1.0903168384231709e-4,2.7901960336153816e-6,9.483869926926478e-5,3.179968236522267e-5
2005-11-09,7.377786127613084e-5,6.808910446151763e-4,1.0769824289220678e-5,5.900595800321297e-5,2.5948135956540907e-4,9.718106839143789e-5,1.0903168384231709e-4,2.7901960336153816e-6,9.483869926926478e-5,3.179968236522267e-5
2005-11-10,7.377786127613084e-5,6.808910446151763e-4,1.0769824289220678e-5,5.900595800321297e-5,2.5948135956540907e-4,9.718106839143789e-5,1.0903168384231709e-4,2.7901960336153816e-6,9.483869926926478e-5,3.179968236522267e-5
2005-11-11,7.377786127613084e-5,6.808910446151763e-4,1.0769824289220678e-5,5.900595800321297e-5,2.5948135956540907e-4,9.718106839143789e-5,1.0903168384231709e-4,2.7901960336153816e-6,9.483869926926478e-5,3.179968236522267e-5
2005-11-12,7.377786127613084e-5,6.808910446151763e-4,1.0769824289220678e-5,5.900595800321297e-5,2.5948135956540907e-4,9.718106839143789e-5,1.0903168384231709e-4,2.7901960336153816e-6,9.483869926926478e-5,3.179968236522267e-5
2005-11-13,7.377786127613084e-5,6.808910446151763e-4,1.0769824289220678e-5,5.900595800321297e-5,2.5948135956540907e-4,9.718106839143789e-5,1.0903168384231709e-4,2.7901960336153816e-6,9.483869926926478e-5,3.179968236522267e-5
2005-11-14,7.377786127613084e-5,6.808910446151763e-4,1.0769824289220678e-5,5.900595800321297e-5,2.5948135956540907e-4,9.718106839143789e-5,1.0903168384231709e-4,2.7901960336153816e-6,9.483869926926478e-5,3.179968236522267e-5
2005-11-15,7.377786127613084e-5,6.808910446151763e-4,1.0769824289220678e-5,5.900595800321297e-5,2.5948135956540907e-4,9.718106839143789e-5,1.0903168384231709e-4,2.7901960336153816e-6,9.483869926926478e-5,3.179968236522267e-5
2005-11-16,7.377786127613084e-5,6.808910446151763e-4,1.0769824289220678e-5,5.900595800321297e-5,2.5948135956540907e-4,9.718106839143789e-5,1.0903168384231709e-4,2.7901960336153816e-6,9.483869926926478e-5,3.179968236522267e-5
2005-11-17,7.377786127613084e-5,6.808910446151763e-4,1.0769824289220678e-5,5.900595800321297e-5,2.5948135956540907e-4,9.718106839143789e-5,1.0903168384231709e-4,2.7901960336153816e-6,9.483869926926478e-5,3.179968236522267e-5
2005-11-18,7.377786127613084e-5,6.808910446151763e-4,1.0769824289220678e-5,5.900595800321297e-5,2.5948135956540907e-4,9.718106839143789e-5,1.0903168384231709e-4,2.7901960336153816e-6,9.483869926926478e-5,3.179968236522267e-5
2005-11-19,7.377786127613084e-5,6.808910446151763e-4,1.0769824289220678e-5,5.900595800321297e-5,2.5948135956540907e-4,9.718106839143789e-5,1.0903168384231709e-4,2.7901960336153816e-6,9.483869926926478e-5,3.179968236522267e-5
2005-11-20,7.377786127613084e-5,6.808910446151763e-4,1.0769824289220678e-5,5.900595800321297e-5,2.5948135956540907e-4,9.718106839143789e-5,1.0903168384231709e-4,2.7901960336153816e-6,9.483869926926478e-5,3.179968236522267e-5
2005-11-21,7.377786127613084e-5,6.808910446151763e-4,1.0769824289220678e-5,5.900595800321297e-5,2.5948135956540907e-4,9.718106839143789e-5,1.0903168384231709e-4,2.7901960336153816e-6,9.483869926926478e-5,3.179968236522267e-5
2005-11-22,7.377786127613084e-5,6.808910446151763e-4,1.0769824289220678e-5,5.900595800321297e-5,2.5948135956540907e-4,9.718106839143789e-5,1.0903168384231709e-4,2.7901960336153816e-6,9.483869926926478e-5,3.179968236522267e-5
2005-11-23,0.0019116663610659682,0.01186250877595839,0.0015503162064333163,0.004234345390892269,9.972098077445236e-4,9.718106839143789e-5,1.0903168384231709e-4,2.7901960336153816e-6,9.483869926926478e-5,3.179968236522267e-5
2005-11-24,0.003495431116460243,0.015157116476487723,0.0010697127975268438,0.0045581642982177074,7.393441478028092e-4,9.718106839143789e-5,1.0903168384231709e-4,2.7901960336153816e-6,9.483869926926478e-5,3.179968236522267e-5
2005-11-25,4.934919165358974e-4,0.0033714498626408055,1.547264756218037e-4,0.00426652733069129,2.911490721898301e-4,9.718106839143789e-5,1.0903168384231709e-4,2.7901960336153816e-6,9.483869926926478e-5,3.179968236522267e-5
2005-11-26,2.2953112397018483e-4,0.006935005130560289,2.1656321674907913e-4,0.0028654214872556685,2.5948135956540907e-4,9.718106839143789e-5,1.0903168384231709e-4,2.7901960336153816e-6,9.483869926926478e-5,3.179968236522267e-5
2005-11-27,0.0022018592820854162,0.009691717696309323,9.346412512328677e-4,0.0025354161785642055,5.664642880674497e-4,0.004771375931648816,0.0011681361280892857,0.0031355483484273488,6.713526682659988e-4,8.336324534861781e-4
2005-11-28,0.007400739240010103,0.03140923376306391,0.0030505527299217565,0.002947468467628489,0.0014486362826048927,0.028507100557711204,0.0028561990773029156,0.015978111207192523,0.001445648730867005,0.0018516847032093915
2005-11-29,8.750519891347723e-4,0.00619665755733236,1.249404424549466e-4,0.002859435416473762,7.905027037230972e-4,0.02889011049499486,0.0026630830822920964,0.00935193604833355,0.0031159764175297555,0.0032460075469921295
2005-11-30,0.001449682536219018,0.006197387068926299,3.6880167056310616e-4,0.0049175543984733205,0.002081569370759004,0.03733395193260222,0.0041770664453357155,0.013343571750377006,0.004782553973158654,0.004985107025451147
2005-12-01,0.0038801930349458436,0.01551979549743345,8.822024025696466e-4,0.003911810391527042,0.0019721539930582645,0.05838599533968643,0.006291726962028847,0.011362807183042,0.007811470871474053,0.004463626590639229
2005-12-02,0.004012137272266482,0.014580577211661852,7.744840024788702e-4,0.002099995457825218,0.0018325820718442212,0.054496650628306983,0.0038370509689565615,0.014789740833672264,0.006028409952296721,0.0030668436214969143
2005-12-03,0.007681582837890282,0.029390260826441878,0.0039220382383575265,0.0017327450326540894,0.002396724588542498,0.0632519781732527,0.0035748241452838187,0.010456620734959378,0.004558470540385511,0.0029047521464609797
2005-12-04,0.007412501553214459,0.027143259090089245,0.0029760304187859345,0.001452663046235938,0.002560036471556819,0.023571325562455836,0.003552794807211729,0.007770395601331916,0.0016832520672208774,0.0012100231822049618
2005-12-05,0.0024247262303791913,0.0034276350075000735,4.7706530858105555e-4,0.0016030442116852276,0.0021450402016705405,0.011707750702164892,0.006280814853345543,0.008322653720457195,0.0020345936655908866,0.003137988448717461
2005-12-06,0.0030724767579362903,0.005187063835282309,9.998991869901048e-5,0.002596741812608275,0.0019850841325214723,0.020202263749719417,0.004979769972488743,0.007970731803962319,0.0015054950599931321,0.0023266729195931786
2005-12-07,0.006301318842929379,0.007695664968799103,5.047462836605072e-4,0.006777082546201471,0.0045198184005206055,0.04665323195166723,0.004078815937434786,0.020212984474529534,0.004214857271505862,0.0033927905230176397
2005-12-08,0.00707136329160541,0.02607494139780285,0.002568778336539699,0.007201447873861356,0.0036453289057875324,0.10516903872532926,0.0060931870388305645,0.03454068468739007,0.004001631499510656,0.00604558299317195
2005-12-09,0.0035889197737032806,0.010761401189485998,7.814770971026223e-4,0.001484891226317647,0.0018435556202501839,0.0682965358503761,0.003164742466355084,0.0239463689083851,0.0013870221737589095,0.0018771411916491353
2005-12-10,0.003255487909987408,0.010773696916723188,7.289685274655909e-4,0.002400782750715268,0.0022135806999642313,0.02743287827678348,0.0021052628367871956,0.009510180950902803,0.0018961941709745348,0.0016661228090169347
2005-12-11,0.0023076548709310488,0.003926112362330727,3.749044712127636e-4,0.009656631486086335,0.0031725826015078567,0.01628910878634847,0.0026897084568849603,0.005427928379053139,0.0026770574870056646,0.0020896979893006993
2005-12-12,0.0033346503094817425,0.007397698301929516,6.540867497139481e-5,0.006140103092461105,0.0026279775599047026,0.0407767079066061,0.008974532225908627,0.0720974209894642,0.0018710046121783316,0.002834117884879042
2005-12-13,0.0017349752384645852,0.004970080007740614,2.116036763570225e-4,0.005305915954423994,0.002471745545970971,0.003133529211572649,0.005303633557276708,0.040354252607288796,0.006292072245954473,0.004246405046236992
2005-12-14,0.0027810736968412564,0.004534598142295066,4.508137829146476e-5,0.001971634988792898,0.0025177255172074936,0.06383388826268978,0.003249771668684455,0.03289267841863055,0.003350339745127873,0.007757891225170588
2005-12-15,0.003044584066209044,0.015055258449924074,8.727243741351715e-4,0.0023528075394829632,0.0021063151572013753,0.06937516495616726,0.00355145149651809,0.0535015794239914,0.0029786520325622234,0.027612171725327653
2005-12-16,0.005621874105033738,0.013841979313970193,8.625172609748972e-4,0.003869896435499854,0.002447915434599028,0.06064987348622601,0.004480883516533725,0.06900097095962326,0.00511417392878293,0.02658436380472051
2005-12-17,0.0067742339980689514,0.004996088787448032,5.019871884500109e-4,0.015595311774132536,0.002997304049035525,0.07461132650664579,0.006426790510003742,0.14820456391634196,0.008081754971084914,0.003887681636740047
2005-12-18,0.01339797835434779,0.00830402974164818,5.342950063704585e-4,0.016719431883248134,0.003920458608125016,0.09523389753965349,0.007193549707012476,0.056797096388325544,0.010140695084956372,0.005518023458647419
2005-12-19,0.004613187983934885,0.0039244435514929265,4.6109569976011613e-4,0.01609570465551393,0.0025485911011410164,0.10662105436710557,0.007080394925001201,0.02262666789838,0.008424631394433597,0.009251343401454637
2005-12-20,0.010188703350393926,0.024100313138116343,0.0020556966381775196,0.049454969108691946,0.004535265905998097,0.05618359381046141,0.009940365312438314,0.01858199982738293,0.005175255861810707,0.005502098437378569
2005-12-21,0.01127940838909444,0.024098200827084096,0.0030607469609732884,0.006183704041350195,0.006178479350656577,0.022100355584584275,0.0036637316318253667,0.013130098436180482,0.00622207983869511,0.004883903990412228
2005-12-22,0.008075242719064181,0.02220213498271294,0.002233004637508201,0.04282541353181238,0.0038403931743821733,0.006106864839858742,0.0019546515992104386,0.009035299433446099,0.0012633542809916598,0.0014805927271492132
2005-12-23,0.0070265406479909035,0.01512397157609028,0.0016275877210910228,0.04200206213817676,0.010019092860045556,0.004200003462576612,0.004918955708985685,0.006105457855165614,0.0011418686091964427,0.001242733795236892
2005-12-26,0.0024785378864354635,0.003029933747228204,6.89430729832472e-4,0.02061284727667341,0.004286325864402532,0.01628285794395719,0.005276131598462267,0.010153947311054805,0.003933398615126311,0.0025106655428309235
2005-12-27,0.00220930444214456,0.005495830624743832,1.905759702671702e-4,0.013390770394074821,0.003145643557503242,0.023173402143039975,0.0053694271467048605,0.012939769614779007,0.0024499337878593694,0.0030869885995565343
2005-12-28,0.0033088899367118567,0.01187183427777261,0.001053049734225403,0.008902820030169858,0.0021276799618149627,0.034374911491562105,0.005688348839763433,0.01452817426526936,0.0025919272578683824,0.009033378783172829
2005-12-29,0.00789833388287555,0.031087229801057145,0.003231242307896536,0.0038600357680279064,0.0020014726267685006,0.054572317884532276,0.003818808325495833,0.013675385216646418,0.001937293039179057,0.0035129195609620058
2005-12-30,0.0012709999826124416,0.0020475453485997446,2.1867081091108513e-4,0.0025463764425642634,0.0020633118487898266,0.02332665491663249,0.0029394326194170017,0.012878516942616875,0.0013353113404288488,0.0018014938636288134
2005-12-31,0.0015140268555716477,0.003015833076983741,1.76972461177143e-4,0.007767028314284052,0.002683672223967097,0.02463600250577562,0.0027810197565409024,0.024412287065659725,0.0023380411910721554,0.0018764936674835755
2006-01-01,0.00396588418268783,0.013105925786112234,0.001054185099330763,0.015364840794322028,0.002983895860912792,0.022100494592560162,0.0023656259824025535,0.07186509286841043,0.0023242241306986747,0.0017423500715567763
2006-01-02,0.006260583718788331,0.02034446807261203,0.0021422895809791774,0.019499469404204973,0.003586727177428469,0.07104441866496142,0.003059718947809543,0.0974132127933193,0.0023129938140241156,0.0031913994828435726
2006-01-03,0.0015484213771845678,0.0048497959807302935,3.889081129295048e-4,0.011680820580920842,0.0031664449004437547,0.05111176737646874,0.005191316325368458,0.07651163978011905,0.0021465757935276737,0.0015587617805584205
2006-01-04,0.0011623181133469229,0.007567346840264028,2.8735373294534988e-5,0.015326906252792982,0.003133010374598915,0.03525047956191491,0.004136781040937881,0.14263280536339068,0.0018584987490762258,0.0021014302663834583
2006-01-05,0.002264954083974621,0.004295881286729434,4.890722008879148e-4,0.020763833366448173,0.003771776510871327,0.020233040256914542,0.003990860512712555,0.07636033231835881,0.00187442584565479,0.0022100877315777514
2006-01-06,0.0017241405050834162,0.002630301147899014,3.825015681500217e-4,0.010288975189776069,0.0024222375651580808,0.011789930420959452,0.004355279509751213,0.05386068524977131,0.0017622827781917075,0.0025978459984244934
2006-01-07,0.0017568520053099646,0.0033715114343238553,1.782172043156269e-4,0.003110716676830018,0.0033027513139141985,0.04719563331052738,0.005582723410334278,0.041802685770193436,0.0030797389882219854,0.0022929241349085197
2006-01-08,0.0023992033584515527,0.0033715114343238553,2.3276560882555034e-4,0.0025169455808061827,0.0027188340057994237,0.07905724903702159,0.004079147839658701,0.027739639188785612,0.004721427582318803,0.005325082537301403
2006-01-09,0.004434685563763718,0.007521644217560372,0.0014532755867455352,0.0011596485026707263,0.001961794034265457,0.07266333338813849,0.00331369029327461,0.018171681778856898,0.0034388775684501315,0.010652279438711146
2006-01-10,0.007398246688159018,0.022089666906501746,0.003089928198966539,0.0017454742615979411,0.002391185361741212,0.06432087763304803,0.00569578850275759,0.024894701276722216,0.004677063620121066,0.002759300885640678
2006-01-11,0.0046209182579448746,0.006012745744442728,0.0011081313184409672,0.0010688361608216053,0.0027126701211158542,0.08519098392787625,0.0038856905823819294,0.029947547735800342,0.005403729242635875,0.00342929466330162
2006-01-12,0.00930564789981481,0.021580632281523734,0.0026155772994208076,0.0012825022532776877,0.0035576960073454974,0.011551495338827752,0.005777535112219132,0.18116652003391745,0.00875031962303338,0.004979194546886888
2006-01-13,0.009681647929717744,0.025393228296316617,0.0029711818875847265,0.0012681617783331554,0.0029392203082599516,0.008468635929716837,0.007375243892168328,0.19945948850944395,0.021676283210625837,0.005929536632284812
2006-01-14,0.00351923119332926,0.0017459940225938487,3.8216954133510854e-4,9.622764062543249e-4,0.0021493906404235056,0.014091237346641916,0.017070686463764077,0.13687002495919226,0.022947228883606847,0.009352567038397352
2006-01-15,0.006203093629363712,0.015093186956887703,0.0020128498290796454,9.387003139742623e-4,0.0029184739612605503,0.011376416083362114,0.011739111625186267,0.04106459066590562,0.019787071251559995,0.0109405439954624
2006-01-16,0.004315634539244469,0.002308174624507376,3.370786182163212e-4,8.166385140796174e-4,0.002565771235590347,0.0163093487279004,0.006816022570776445,0.02714215118497495,0.011610245941475727,0.015343633865202098
2006-01-17,0.006972028275981846,0.016095365115795013,0.0020651424928566703,6.955941330466741e-4,0.003582181944168786,0.09625822091513096,0.006632297299004884,0.05450308307950367,0.010975547230188896,0.012725547532960093
2006-01-18,0.0028009813109435054,0.002865535627008395,1.323250627474121e-4,0.0012740402156375798,0.0026029539026038977,0.1439095232354849,0.007504210022675943,0.05792438058949667,0.008872358255108079,0.009273843160881024
2006-01-19,0.004140171686107736,0.0017911704426173112,2.201581888688608e-4,0.0016452340619650268,0.0028991635972151373,0.06897640631301243,0.0028213861054156675,0.022710627926074433,0.003819036913330824,0.0019190591657789265
2006-01-20,0.002385695448714022,0.0017806834363433468,4.1611916582220797e-4,0.0011746785512459553,0.002763070645508863,0.06293028981884807,0.0037248162729608624,0.02858352826781776,0.002101791250078836,0.004698505130884634
2006-01-21,0.006844876019881532,0.0029632064167360063,3.2444412830873447e-4,0.0018458334570605167,0.0029968417307974595,0.04775080480648394,0.008920625591180419,0.055599867726250786,0.003848228290571804,0.009247861269997324
2006-01-22,0.0037622138710657737,0.0029133673018204654,4.788151293313712e-4,0.0018313360571707632,0.002596151318152275,0.10661614231363954,0.0034421034099948503,0.023291906587038842,0.0038808666208553643,0.002890119811952226
2006-01-23,0.0028690198314952364,6.808910446151763e-4,3.871830262330137e-5,0.0015265276526886544,0.0024880987839905042,0.017587161084329825,0.005721362648197793,0.017570247121223823,0.018686851599299913,0.0055267647213652765
2006-01-24,0.0036261134755831096,0.003346909526981852,1.202475318324662e-4,0.0015950069239947498,0.002367579997556812,0.003718420601802882,0.004634150496781512,0.024469339755795745,0.03334788859445733,0.004595400904314786
2006-01-25,0.006646987745292874,0.01454196044976476,0.0026354369546361884,0.0019360804729225247,0.002921973116031557,0.0026637307471430874,0.004708643622407329,0.0211415710205987,0.027679774881376892,0.00325246434526283
2006-01-26,0.0034203848956008563,0.0016705578163242162,2.3686875388773484e-4,0.0028487942703681103,0.0030699388036670187,0.11608915239943164,0.002376335997925453,0.019513458832717927,0.005975394091181149,0.0026044949406905707
2006-01-27,0.003559323786155969,8.393764247482755e-4,4.930558788702714e-4,0.0030602917461016437,0.0033407021434487785,0.02349774296632222,0.0024056349738659473,0.0634839034593499,0.0027827571206229377,0.0015070672376603007
2006-01-28,0.006551967022959828,0.0014399258057683144,5.127844970330846e-4,0.001415094883789465,0.002715684228306826,0.07279869076766271,0.004035978230070581,0.10705189426620998,0.003906472371501469,0.0035263943139666174
2006-01-29,0.003841667490326074,0.003379205885538676,4.0546572778303217e-4,0.0017936124268143742,0.0027752723898301257,0.0544729791085898,0.0035240254665487775,0.07567870388505075,0.005842109404836285,0.002568574557400049
2006-01-30,0.006728652904597168,0.015725132910097,0.0028861847443053873,0.002051669241980328,0.003298334745305414,0.04359499630396027,0.003162225798557808,0.059287719739525686,0.0031406733567190185,0.002529194161294955
2006-01-31,0.006651624601711872,0.011898828760934465,0.0013294070406534427,0.0034017962877233732,0.0030265562544757305,0.06475770039429558,0.004006955202370464,0.03606341709235275,0.003475828101143129,0.0033873823982529003
2006-02-01,0.007297347096615788,0.01231634070718839,0.0017633331323840668,0.003637345590353739,0.0029631208338016285,0.06392387197440379,0.003435304789457688,0.015509936610539591,0.0031363581297932487,0.002262102907812058
2006-02-02,0.004465976534024241,0.01326863530362932,9.492766795110069e-4,0.0023958584592370206,0.0027781271699052566,0.10301681612539469,0.0042395268586430035,0.013253000798576374,0.006693098601174272,0.0041730581292319
2006-02-03,0.007815520412149118,0.021311858851623563,0.002309491940581518,0.004825585392194005,0.0027414669646375314,0.11987697092689993,0.004799682990268867,0.014927859579490353,0.0029942426863809406,0.003151532414288257
2006-02-04,0.004744380587995236,0.009535559186257416,0.0011892908597950108,0.008272292369050438,0.0032558341358931014,0.006404763263443538,0.003564134248086456,0.013898420901915877,0.00318240737190454,0.002083710935068557
2006-02-05,0.005259839316241619,0.007314711296645699,0.0013304977071545844,0.005995385938152633,0.002905233688821477,0.06227240949044556,0.00709787461134443,0.018479581494155163,0.006523175905052729,0.00533196751419811
2006-02-06,0.007328078206168021,0.020981643841060243,0.00212046590622372,0.003917718201211406,0.0032801075329720094,0.03698509784691564,0.006043510661514912,0.008538674226693545,0.0061448049993824356,0.00948225659714209
2006-02-07,0.0073874188711921425,0.02271799121870037,0.0022881603868676586,0.0033896579260859826,0.003026743605814542,0.023747040073876204,0.005542369247685977,0.01847815463730019,0.004574738511605308,0.003624087388300472
2006-02-08,0.0024054222943120577,0.0034875663621929467,6.846077016959424e-4,0.002432024883780132,0.002290880441121963,0.030367763994273066,0.004511967976817771,0.028769375149383186,0.00409327365758355,0.0020827663874077476
2006-02-09,0.0033068127074129916,0.002792483514400183,2.2764341472597587e-4,0.0027899951463652107,0.002464200810776792,0.03704598581825631,0.0037311319216493917,0.011123119546745082,0.0026336765542923275,0.0015114576894754792
2006-02-10,0.005438053629629001,0.0038699763822987827,5.795743984375335e-4,0.061706759440293205,0.004712729501852054,0.03518407965579725,0.004516247133269941,0.011388663847233048,0.0024074558340423137,0.0021832928668677172
2006-02-11,0.010853624751337937,0.029897910798704828,0.0039868745508461634,0.004105579290194069,0.005624927922394455,0.016631333340006382,0.0037368785639333066,0.006759761388661734,0.0021964993631776457,0.0016746994034194792
2006-02-12,0.009634297917075254,0.015321913030642922,0.0020906220883032396,0.03649353612843035,0.0030509783360283768,0.013735645798195268,0.0059692212396524275,0.0033312026794233463,0.004966003956460388,0.002684222568435127
2006-02-13,0.006904039069482814,0.014703441387276523,0.0019367173898378785,0.02340084176114173,0.0022416764750090934,0.023520499305288503,0.007698447839607121,0.018437799408251642,0.00541106439116963,0.004634210580875115
2006-02-14,0.005481054710698602,0.011897312795175871,0.0016107548750094061,0.023035368411687893,0.0016591534875249985,0.030608971101285812,0.005647667322023595,0.007408568399087884,0.004729844327555565,0.006125632574052887
2006-02-15,0.00892169654339251,0.009178432591587798,0.0016680921458989764,0.014354100859514489,0.0017527900014730272,0.05377602224085787,0.004205687822060294,0.007031437966479172,0.0034035789756164123,0.00408686350700586
2006-02-16,0.006859489203675709,0.010156657015370385,0.0010746725506464128,0.014760254272558069,0.0017922602835647406,0.0427984949689594,0.004473405308733463,0.007806820673384598,0.0030410163112731896,0.005313177257063764
2006-02-17,0.004884286899404969,0.008130987513272018,7.435616328893726e-4,0.01703075428664824,0.002084242192451597,0.020674702904762497,0.003582077405559374,0.009238396445521142,0.002148978080423885,0.0026798426211148483
2006-02-18,0.002430438907227161,0.004078463809558661,2.7413030232785804e-4,0.017814166911028394,0.0021281506520560854,0.04474364494959811,0.005094019363562231,0.025528019493527863,0.0030869689462165533,0.0049082856990944656
2006-02-19,0.00676883115715265,0.021270597196551947,0.002180351734550035,0.011097095027312959,0.002262667330921426,0.013686105873577246,0.007328547420483488,0.023262616269811066,0.004570809165836727,0.0066963598097586055
2006-02-20,0.005699523584146875,0.01654606989391471,0.0018691853463322274,0.0030758920182100435,0.0023396093572721458,0.00969394805512,0.005875747841240706,0.015461257335639278,0.0042830434954249826,0.005283465316335997
2006-02-21,0.008331301080026757,0.020074091069925644,0.002263416536572309,0.008629069099138352,0.0024198526008528563,0.0931867872644709,0.005446241315516057,0.013816300876028713,0.0040142906085758245,0.005294126837288467
2006-02-22,0.003945053566876296,0.005414651103642536,1.111233483521185e-4,0.003832618746595004,0.00219095944094643,0.03284329248709683,0.004649651046563828,0.015681400972934405,0.003251249439687169,0.0031453893996095652
2006-02-23,0.012761287015956172,0.0018155104247379612,1.8180566924561007e-4,0.00353986312720929,0.0025633350819793694,0.04191178466858872,0.005619411070742912,0.027005768297519883,0.004724348138322406,0.004361550911194255
2006-02-24,0.003844580955368867,0.006752525490401208,1.9313935980204495e-4,0.010036495910191739,0.0023284975510040155,0.040510993223037674,0.007323691235461925,0.06152094650717873,0.005058534610228222,0.004349324327176734
2006-02-25,0.007520770109596563,0.018613861400780037,0.002298360304111673,0.005400754855620912,0.0020923239031568884,0.07512232626940996,0.00598343455050178,0.07156192343856982,0.004508541768453903,0.00482755122182536
2006-02-26,0.004662045943124381,0.005184404028184676,7.788052640882165e-4,0.0037723675549162475,0.0020309777993977847,0.06498614554223978,0.006462546206644187,0.05079565816942872,0.004949202858636591,0.005005957222528663
2006-02-27,0.004475860670869476,0.00516774698618049,5.14923137442191e-4,0.01610552166813715,0.003084482578119391,0.10059075101778572,0.007044212981532045,0.025419610737759456,0.0052499878275168756,0.004654919215188982
2006-02-28,0.007847809036591175,0.014528408664633648,0.001888589732420777,0.0038154247909776996,0.002331116608708456,0.05921426851817277,0.006154230899610514,0.015341252435873387,0.007018430782913418,0.005114540411806056
2006-03-01,0.008697426369885086,0.016875210630345538,0.0019204700854956597,0.005018333802885935,0.0025140701392790355,0.016229413416468372,0.007575114494902086,0.01462402960991894,0.00518287816914412,0.0037478571048558873
2006-03-02,0.006011854957788239,0.006101316514375588,0.0010674292439891262,0.016988789350182415,0.004664357087389955,0.01181272953223702,0.007932837023114607,0.012839010844397666,0.006080709354404777,0.004782312058282957
2006-03-03,0.005413770825110331,0.007684603413849203,0.0014591440953498475,0.017688776376620433,0.005620947452905669,0.058385477699287786,0.014529685045949215,0.015744492365346623,0.011106374816992512,0.008402670160456722
2006-03-04,0.004839469044043881,0.006974795423576233,0.0012028707353461579,0.012345607033238792,0.004838259743033372,0.0447964789429271,0.016375150167628347,0.007417316464671673,0.011627217120251382,0.010966850124311719
2006-03-05,0.008843833197493517,0.021928368152619383,0.002936348523641197,0.010092247337709939,0.0049835259555412546,0.03819885253762538,0.026003396746415705,0.010111555930476707,0.019033238570049134,0.017340743994370966
2006-03-06,0.004933265354522994,0.00859441721645031,0.001505215147785104,0.015207099138841836,0.00464661050963863,0.04684399700025798,0.017434320533577668,0.013000434596909064,0.010620442086770541,0.010854201546850952
2006-03-07,0.007923355058319712,0.019248850170210958,0.003541053700181946,0.015862564525105115,0.005567518462707589,0.07636296160721223,0.009608536110877032,0.02814791926411934,0.0074856836595705335,0.009630191252716754
2006-03-08,0.003729862207400448,0.005457332165471538,8.172823185121616e-4,0.01804738969131778,0.005962662021273546,0.05399643157172823,0.01095950296245435,0.05579490020761772,0.007275483653288059,0.010277395805995505
2006-03-09,0.0072151443904239915,0.02062255552091763,0.0034895637110002827,0.016759376097941668,0.005306834966497902,0.04861105232317277,0.014854314139239523,0.03258842375332662,0.012143443579669663,0.011871080722461397
2006-03-10,0.008285021809912427,0.01927584861175539,0.002486167254660188,0.024796711763641247,0.006747489541696477,0.023612581493980978,0.012444462995017126,0.015838507140792546,0.009502174045143358,0.011490078383906841
2006-03-11,0.005724917300827902,0.006090385199711284,0.001196579574901898,0.020791478871013968,0.005951252766389708,0.029142908597426184,0.013289171379524579,0.009592092267140433,0.009992282520549517,0.009704874067135988
2006-03-12,0.004886947862402411,0.005896000942223785,0.0010068810127775536,0.014332058450460622,0.0056529889066340286,0.026639316377805394,0.017843730755574154,0.010805791053273924,0.012498128393173958,0.01281006450635846
2006-03-13,0.004849309314128096,0.005183767785159093,0.0013458894037491375,0.017519919262709703,0.005932207195033576,0.0303836426884156,0.014752024521348873,0.007344449206171441,0.01194319654164492,0.01098603376661678
2006-03-14,0.003666499181898273,0.006035435474994375,3.291235684471662e-4,0.023797164813170683,0.006148994269307648,0.025164904347656978,0.008025912257032876,0.008833141880358204,0.007766634586844873,0.006202915378950731
2006-03-15,0.007592542384726211,0.015230098781087546,0.0021848049691549046,0.02931534618469218,0.00705231025277839,0.05433582238863486,0.01466555001870545,0.007757422289431001,0.02144674913007266,0.010698202394461068
2006-03-16,0.0047719770322290815,0.00450151172817815,0.0011131847087442338,0.04089255285026695,0.00898157980167735,0.02562739013693558,0.0221327416153852,0.004251194269654196,0.03223119649621957,0.01731874405483871
2006-03-17,0.009778249235432187,0.018789306897468248,0.002655264269446464,0.053506608758120695,0.011250021469340385,0.030343494835384306,0.0226585666980376,0.004103938839958157,0.02961279693923875,0.022132490390936788
2006-03-18,0.0061596792286021254,0.0063440501441657604,6.75474153015689e-4,0.05438759448482546,0.01093925111889906,0.045984656585634505,0.033064087732251314,0.011101459570871568,0.05751540377885277,0.033115522491710354
2006-03-19,0.005175325562449136,0.0033642313408896738,8.850921307089017e-4,0.051276550585162325,0.01009664778890283,0.03495601602541241,0.024299151914509425,0.02783294477961019,0.043259729029562606,0.022044303942820725
2006-03-20,0.01157630154433112,0.025564396582329174,0.004344107477820046,0.045274725870030536,0.010061278099736249,0.05712477214548927,0.01311181605189507,0.08441739840324251,0.01565245789787343,0.010587777929243635
2006-03-21,0.006055594424109537,0.004887950181306611,8.957543594940716e-4,0.04228144870477637,0.009947754420184272,0.03723168883326827,0.011789765117587418,0.12554675614130628,0.011970280823422611,0.009202432100302211
2006-03-22,0.005445863396578244,0.006935307783095419,0.0015660497484106487,0.03346133320583496,0.007846868563913437,0.027462836560415583,0.013872305489738163,0.027966689356795995,0.013508336408727565,0.014443866625391126
2006-03-23,0.008588419111715569,0.018591424279959072,0.003337616043893109,0.031293076421835556,0.007116602280182956,0.030365035032708685,0.016131491756901106,0.010270732157904553,0.013451803900969674,0.012466307393102878
2006-03-24,0.004090363233493312,0.00797139637313583,6.310495546600638e-4,0.026060029992650613,0.005238435519867344,0.06625715634290559,0.020502400218445915,0.009719332402944623,0.01761541629310875,0.013765951688702942
2006-03-25,0.004649659221046959,0.009069600653565872,3.326993714732315e-4,0.02404007305258925,0.005368090951676246,0.02094489488925193,0.018528440918054608,0.013450655740619556,0.017778266279669167,0.011597885503125066
2006-03-26,0.006865656231460959,0.015405116791764978,0.0020768246954957154,0.0240364055379673,0.005581537644341845,0.019396294108821436,0.010421926943154228,0.007837534339480577,0.010384162883952542,0.005631053081019809
2006-03-27,0.0034635120290387052,0.007821733824628448,3.937190062204855e-4,0.02598738505080393,0.004805745811590916,0.011202886454534246,0.012748865132922081,0.014511719215295512,0.010156104337602691,0.007057051003924257
2006-03-28,0.009330242486997471,0.021972592672542132,0.003593503644615698,0.027244360720335394,0.005966519282367985,0.023513437400208437,0.021176840499673107,0.07070216472765029,0.02266634170433374,0.01755670143401387
2006-03-29,0.006720188215155182,0.015893402172974587,0.002076840339046263,0.027510397233766894,0.00612053854122786,0.016083782120984477,0.014997866387613567,0.06066650475367075,0.01527599913674281,0.008578033990851096
2006-03-30,0.006060020003392097,0.007434324058792681,0.0011506277152266498,0.034315095458905424,0.005771393374765455,0.016414836261885276,0.0113151743446223,0.022692132423957623,0.011099489310597127,0.00652008941963401
2006-03-31,0.010849304055430997,0.028676584643353653,0.0035345423638972304,0.040324631304235733,0.006308975535848733,0.030703874052639156,0.011835072896867792,0.009290034615645162,0.00962724874043462,0.008648147588244984
2006-04-01,0.006742602195296651,0.017356991802123606,0.0024313763552426984,0.028526796342779607,0.006293865142861751,0.016100962313341564,0.016294141167768856,0.0067842572745676075,0.009597568588604355,0.011083729081792532
2006-04-02,0.006958654220149209,0.015909134646826462,0.0022881391247147457,0.030998909799597824,0.0068936150974067125,0.028823423596613124,0.01853382000781152,0.0033547969554964855,0.015248357310397104,0.009676529919990772
2006-04-03,0.007217235012383327,0.01638124987221495,0.001979566072355293,0.03178153540513014,0.006363009642725533,0.023771833195392722,0.017657409994992542,0.01147362408937867,0.013340483486709418,0.00978809289914735
2006-04-04,0.004657456653304843,0.005823555036462186,7.408817348867695e-4,0.03174773357760463,0.006528761465155012,0.03441728173775904,0.019385494356872795,0.06147141252034837,0.01568984466442936,0.012034751500654056
2006-04-05,0.010605567487160851,0.0282596723199672,0.0034587194029049935,0.031047829065638983,0.005976903884432083,0.023183205896452504,0.017005020445767797,0.027628705171364315,0.014954691178009707,0.01132257306245756
2006-04-06,0.005790135864254749,0.008049061740848473,0.0014446243958047352,0.027908736742508513,0.005217783557742559,0.0586979241948775,0.010401045089687215,0.017515424369891393,0.008789360544107724,0.007732388654341859
2006-04-07,0.007341518142388645,0.016370545340700725,0.0021425817562277416,0.02769770723538061,0.005348091118137278,0.006608368893388216,0.01156473465226663,0.014203423256869324,0.009114680879863727,0.006078074682733953
2006-04-08,0.0038547745140803443,0.004501911374780974,4.49804301385699e-4,0.02285738345003962,0.004047456889388966,0.004755729018004775,0.014753902150520477,0.018959739253443283,0.011843843659413161,0.009072821219083312
2006-04-09,0.0022078348286275716,0.010073854324153125,3.9007555085741554e-4,0.015884529392846316,0.0034716651701017093,0.009867206803215192,0.012929353579618011,0.014237968167519861,0.009363004679633472,0.011370670394099192
2006-04-10,0.0030269512158126273,0.002356807253348739,3.544976048892969e-4,0.009474112750235285,0.002754443623355027,0.028066015614382253,0.013866176061501846,0.008217346846812225,0.008606665812500155,0.007063751021888406
2006-04-11,0.0062243205965905775,0.012884332448422357,0.0018527037374038908,0.0030860926036606357,0.002629457169020914,0.06780090003148331,0.011969413007363395,0.010893988720008853,0.010447599086686197,0.015207762595714727
2006-04-12,0.0013146544154467713,0.0028050760681067126,2.476913984752821e-4,8.162840259758213e-5,0.0016265951067312974,0.03458754228662182,0.008944132094515167,0.026827558375223104,0.007290011829809343,0.014797922520928564
2006-04-13,0.002352234399419311,0.003932540056740403,1.2083126382191574e-4,0.0016435663888197394,0.0016090010354630586,0.013139328579299904,0.004860408183159018,0.00885978592647435,0.0028735344233294744,0.001806402745004431
2006-04-14,0.002019513220201301,0.003980083718911703,1.0084079738078997e-4,0.0024384169832227876,0.001321098051073695,0.0681799540229842,0.0029639047480270837,0.005352775047910289,0.0021215766314933077,0.0014134426536347288
2006-04-15,9.854111579627473e-4,0.005297722356230595,3.5221298015316825e-5,0.0027563282116403313,9.194048395209161e-4,0.012796986767133749,0.0013778216551285994,0.0032205243854714453,0.0014725881188023782,0.0019223288968859564
2007-09-02,0.012331065162421122,0.05096248509535136,0.03828624348917213,0.003467710727530291,0.015763302169832467,0.053863433594949016,0.006844293876738116,0.01779828226103935,0.008371677178599176,0.015024002931100861
2007-09-03,0.028036717422015602,0.11499582593249592,0.06358428121900103,0.003163252823927421,0.0319739573311803,0.04672448219519943,0.0016391105413490895,0.01178667586737446,0.01130056675386752,0.014965351982799422
2007-09-04,0.02423778503484974,0.1118751114369591,0.06759448730947792,0.0024220334341644944,0.01568511999584181,0.04695975649425097,0.0039007137448967763,0.017547987316648597,0.007277409824006917,0.013294161793123807
2007-09-05,0.045922292853747486,0.12749487821185074,0.06949736726386009,0.0114955906261608,0.022952590682411966,0.04931221483807071,0.008103498167528877,0.014952394638029566,0.015213562929232807,0.014447341439304122
2007-09-06,0.0396585484071412,0.16463637706328182,0.09325168361399967,0.048093729520835314,0.027440542694979825,0.05384775582204601,0.019830017090373308,0.022641143568099133,0.03856268612100693,0.024073358170996595
2007-09-07,0.03096462382456995,0.14754423942852896,0.07481224536689658,0.05172940024531087,0.022221949214674637,0.05436738924450786,0.025869951625284073,0.01808789701808104,0.05822208780159037,0.02931231313545775
2007-09-08,0.03591488854297399,0.14254647444880483,0.08184112004035442,0.05084932152667687,0.02433906193852489,0.05355329216272357,0.02671725158206188,0.0180474753302079,0.04521171042926976,0.024413736855874252
2007-09-09,0.024933015187233044,0.11358710789643703,0.06633185988621158,0.006561345913443106,0.018230257717855643,0.046820590658981635,0.004938604841773499,0.017286293081490125,0.009143488522534082,0.014588921569399563
2007-09-10,0.027518672760924977,0.12222690236384734,0.07241780325304165,0.012157786782219663,0.01981875369767292,0.05047565567444457,0.005223986011860115,0.017276589403349862,0.009264009932252992,0.012885779164039437
2007-09-11,0.0243267992357133,0.11411298768353106,0.0670900988855741,0.007652161052356299,0.018676895073995163,0.04243826720733827,0.020009179942302825,0.017597384949535864,0.010743976800647748,0.0156527936623754
2007-09-12,0.02538893669325541,0.11486386383316934,0.06769309063169067,0.0035811614290610005,0.019204748730882543,0.04745927094932469,0.003738256989439218,0.01316832740426831,0.011595367208114151,0.015389719159531417
2007-09-13,0.02642627215084208,0.10427590046196943,0.06545620433517017,0.0053458287048941365,0.018655791326396637,0.04522972994460175,0.003567034090936916,0.015753505732742513,0.010386873371152985,0.014033280131478214
2007-09-14,0.01429352355091668,0.0608983092888616,0.035792589897739195,0.008402459921187468,0.017947779651434882,0.04888156677805034,0.0050401851662129175,0.014828491427904426,0.012130862051813636,0.015481003474868036
2007-09-15,0.01992046870743168,0.09335616439982337,0.05125714553165444,0.018809958815022673,0.018660981912256826,0.048144374994729414,0.005763022493931497,0.01467963863253046,0.01266177556184261,0.015692642566607323
2007-09-16,0.022072424849013214,0.09334233079452048,0.05731824624980939,0.0158825628956459,0.019178630946557355,0.04492797368277066,0.01260985591888296,0.03124645454581087,0.010088162237344581,0.015460046749476817
2007-09-17,0.01977073002506277,0.07720974790618051,0.041710736210229554,0.01131986728477427,0.022051944993030037,0.04265292371542241,0.0047278769778004584,0.014520367407002042,0.009815482885428727,0.017315036249854546
2007-09-18,0.019595324183129568,0.07586459289496984,0.046849231485003556,0.008649053542456544,0.01880560067348327,0.03631561511197173,0.021541347759311994,0.012242585147729313,0.007493902859301023,0.015217130608654596
2007-09-19,0.012279453849661531,0.021205141870316715,0.017453064382659048,0.015287126319151478,0.018350639058067726,0.026693821789357006,0.004760130434810444,0.013716705940653436,0.007507712318075951,0.016519551006817703
2007-09-20,0.018740317481017725,0.05317349372008997,0.034489425273663166,0.011369064681824107,0.01931071954511237,0.045579865596281105,0.00426023994863533,0.016882149768357883,0.006492462498739776,0.013052869400450749
2007-09-21,0.02830667835277797,0.10638410278933189,0.06037206474559463,0.010085546503666054,0.023920309888168765,0.047815206491813235,0.005135572412395014,0.01498147580901916,0.011141525072851523,0.01571435214924343
2007-09-22,0.03065415377228034,0.13293683059083508,0.06310562106478311,0.016979115870222303,0.022874122219898606,0.0591120690272948,0.01382360647317368,0.022449739774320316,0.019673449464249596,0.021463261758229678
2007-09-23,0.02275837242642653,0.07113562853907354,0.04043245953373468,0.017466161878959618,0.022859095865112988,0.04523265787231099,0.005229127066634588,0.016927463323453767,0.009159678505208676,0.015816098004132306
2007-09-24,0.03437423170099396,0.1202915329830957,0.067604427411928,0.028937788513436882,0.029759285717357455,0.0567341211041018,0.0056778242879446834,0.016998671895412383,0.010833447173102676,0.2289915932122821
2007-09-25,0.01215874743027903,0.0215471295428865,0.017514243038094325,0.00566584387132231,0.020883693897888682,0.05792966266706969,0.004724855671909059,0.016238844794312066,0.009651054552772391,0.017468815854161795
2007-09-26,0.021090451411364213,0.057764863262869524,0.034140714089456646,0.012370837279046486,0.025177869764676293,0.0695952686499542,0.01703083023781401,0.022219574682434896,0.012672587343893796,0.02155266805858614
2007-09-27,0.017978439283981365,0.04238533988614192,0.029468565961614637,0.012528013912321103,0.024701185663504707,0.050372924886644174,0.005104458325015878,0.01984452407945192,0.0103255318719502,0.016933524106847238
2007-09-28,0.00814703834061588,0.014522004059181776,0.010059914696591416,0.008484969621929643,0.018505008509597524,0.05189816269897695,0.00526581065114236,0.013278233989611496,0.008925594670828778,0.01604908000845164
2007-09-29,0.03152548529800688,0.005408947088425976,0.010034553762743861,0.0036124080023383093,0.02085629932115431,0.05225038641936859,0.0032048305633474152,0.01672682674860996,0.008557730811738044,0.016355961338996472
2007-09-30,0.013939084680813087,0.039064610517304275,0.026570911804566964,0.007736261557057108,0.018133649891947413,0.12426819350753786,0.004810144448719738,0.01630616975762709,0.015003242063444226,0.020115942145350073
2007-10-01,0.017548906122126996,0.06490539788751856,0.0420978519504486,0.012857437094658154,0.015287081168235253,0.05335246824482399,0.008502731927048583,0.02148776495916927,0.01633553048328336,0.019583451528838863
2007-10-02,0.015444737717140024,0.06889642072812996,0.04153927283705392,0.011511264161945027,0.018488384088095652,0.06480287668120459,0.0068063339040286015,0.017990495560267494,0.01007336465219533,0.014215176050282876
2007-10-03,0.011188186935988316,0.05388572505956762,0.03403252835253433,0.008656621500626602,0.01313383410797339,0.04145656344545515,0.01080890913165982,0.02486015745935656,0.009049498995105619,0.014523228767571797
2007-10-04,0.012969837059990006,0.03760607274050559,0.028826287029644362,0.007615930752366069,0.01369747016523531,0.05682679506064564,0.0069386299573366,0.025101285405429063,0.011934626285237778,0.017988701061156062
2007-10-05,0.015368857651694358,0.06733948376162692,0.043555854179457544,0.009036983778460145,0.016762010304891477,0.04483275053335453,0.004755572071942817,0.017854305493505557,0.009610288161329405,0.01503974472028664
2007-10-06,0.006953760464226129,0.02284420491505786,0.020584198004275137,0.0049148769359218455,0.015177129336993746,0.04976028778185879,0.0029784872204123495,0.014560456338132098,0.007424411517645314,0.013448665622383692
2007-10-07,0.018112444058308027,0.06978402980559503,0.04171924713119434,0.011093383031587857,0.014399783673077794,0.0476897740534607,0.003918689855016297,0.01762229179601999,0.02286941641818749,0.01586197738355911
2007-10-08,0.017230648575297932,0.07581900447696617,0.04878710663182238,0.011950924978692112,0.016475331792618148,0.04531418496831834,0.00438847190943613,0.018421886642113902,0.008720364338322722,0.015447747433103037
2007-10-09,0.006902893653302792,0.015461384310986571,0.01168511539147732,0.014512596504201383,0.01446657544818039,0.04136706742034685,0.004887417536721059,0.01736103357467797,0.00876447452205734,0.015551394329259793
2007-10-10,0.008431343865967573,0.02393732286121111,0.01596681677231981,0.005114517848213817,0.01475959973675753,0.040611196381498176,0.00507697637072704,0.017592089634551184,0.01030515101847246,0.016177794232091015
2007-10-11,0.011358409135587182,0.013837269289811965,0.016311952257638963,0.004444042669650253,0.01673641213150167,0.029144207616142868,0.00411309770787179,0.022063540300772524,0.006273870824377933,0.018861970207074523
2007-10-12,0.010200081037193037,0.00841236273813248,0.009391352337117501,0.004443711598596323,0.01529504820603707,0.05229690940569095,0.004178026418500251,0.015112375528034997,0.007584384879358101,0.016219264717685505
2007-10-13,0.02220872608899548,0.07512749235922409,0.042237016560504985,0.013196426342873734,0.01901311632285277,0.04592043804272309,0.004403866861057515,0.01824798686348806,0.010041701025098798,0.016649967971574888
2007-10-14,0.006309671756464212,0.015296989252166654,0.008243470595612092,0.002674664741754136,0.013418084787318575,0.04629005217395773,0.004751816145339022,0.018166033326129715,0.008278805540668179,0.013878805608589428
2007-10-15,0.006318736910369083,0.012044930161439246,0.016534243739798584,0.0010656946519931926,0.01245675631285813,0.044458824644469486,0.004024585816196669,0.017184580621028338,0.0074314764733417315,0.013184742290817527
2007-10-16,5.63812774691487e-4,0.014232170198745155,0.012964134756830432,0.0010524274365358536,0.012416339270035938,0.04285758843820629,0.0031261737094063703,0.008653378133645735,0.008311267483563721,0.014246835669576605
2007-10-17,0.0027702519791439756,0.005916839659955126,0.010833647472630773,0.0020038119282713355,0.014300147251136423,0.04260947235180205,0.005471303809029718,0.01747025391137445,0.007244317980463464,0.017412506782828772
2007-10-18,0.009477291657013946,0.03960213765591292,0.02323041854329484,0.007421608958132594,0.020618761498843195,0.04445203490785501,0.013206291285427508,0.018236604578404713,0.013367702382157972,0.01987935012103854
2007-10-19,0.021953215513931857,0.09222533987219826,0.05489795866969044,0.038215739159175116,0.024132630558141726,0.04544812034973614,0.0052248618953626555,0.07479255237180295,0.009638495119588806,0.014820968254676714
2007-10-20,0.030701718187159367,0.1317040681235481,0.07741912990876122,0.052925362028507596,0.0331892672633414,0.044487302995837606,0.004567774351608633,0.02420415397049118,0.0076476213310360764,0.013693616387075454
2007-10-21,0.03079870359409438,0.13825301846184082,0.07862923749581854,0.0342673077558631,0.022855234964578038,0.04661234114104001,0.0031956924863496584,0.01121757771243204,0.011814751434387392,0.01594106739003479
2007-10-22,0.023915527720144478,0.09319253467359631,0.05347558920457442,0.03284849258439277,0.020397708054578054,0.045065837955742004,0.004893289417582176,0.017315084316019524,0.01166143124159663,0.014500354747590436
2007-10-23,0.01973402033797814,0.0641420023421636,0.04021263669678777,0.01909317397146972,0.02462021666026008,0.04677270961294698,0.01137928223458295,0.02132351971164716,0.01902963794114101,0.024922157231518725
2007-10-24,0.03019518735211551,0.13118773378169804,0.06815087901213428,0.028057404339176608,0.023117448426071618,0.06039703006433151,0.025817393160264206,0.020648806810130562,0.029393695261154717,0.029381897162909353
2007-10-25,0.03560268723051674,0.14093536621623845,0.07829634346341227,0.04657567693024373,0.021509211677910575,0.051616337297290905,0.010824904039007205,0.009726929511959768,0.016031942021679107,0.02016611462308452
2007-10-26,0.030311540737311078,0.13700567971885255,0.08558645769090935,0.040921321004834546,0.0190130847615784,0.0463323248824659,0.004893833300569957,0.01845709957382444,0.010492475621688209,0.015348535879171905
2007-10-27,0.035695249818213745,0.15753885973185852,0.08480332823937302,0.05564704437524273,0.026644414815469985,0.044337454608992105,0.005348833729601267,0.01752703782421438,0.009458518837579439,0.01558812829258045
2007-10-28,0.025201561467490426,0.10025520184052432,0.05147389267293878,0.04758043305735188,0.02106138635062609,0.047718560305555914,0.006267346124979337,0.019963079993886954,0.008992282457209335,0.01482815230429755
2007-10-29,0.03308728443294241,0.13415930553205868,0.07186550881494572,0.051541660031375204,0.031236971777073224,0.04082204760676243,0.00596372545190266,0.020869439107717106,0.00929088454079567,0.015154225709191433
2007-10-30,0.023311688019654567,0.08643425644459725,0.04511296870921007,0.016739548146161753,0.023058641274407467,0.0455731040943365,0.006059045186374173,0.028106749808152233,0.009305344139811768,0.01711092303826593
2007-10-31,0.013065734355450151,0.09032042104231783,0.027772375348788805,0.017120209141924206,0.01819069792425855,0.04975049811987167,0.004037160812238757,0.012268551037903745,0.04542654735923131,0.02820572876298782
2007-11-01,0.023499347265684513,0.09338727156618903,0.05136666571035656,0.018528426912139646,0.02761204565660417,0.037858878609321446,0.010368881900602693,0.023244804371820686,0.009086728281250877,0.017173812926402552
2007-11-02,0.013082786423947172,0.038811139309069986,0.024300240643750547,0.008602117142297347,0.019204687193571827,0.029109042580959376,0.004152738996141861,0.014233635976951604,0.007172244363296667,0.015942766307955724
2007-11-03,0.010741898406750966,0.010873924575571282,0.0091559747898267,0.00830036870650583,0.018854504011781896,0.03571408684779213,0.002974122760370172,0.014998415070863738,0.00678229040935203,0.013995074417838267
2007-11-04,0.016867929560481117,0.0279425673604854,0.02287125637934923,0.010674159735488077,0.019643381655628584,0.038650202797690755,0.0030510639790095346,0.014358625609204942,0.008675545658710022,0.014563869802646014
2007-11-05,0.018771232526202917,0.05213296542136524,0.032339039011876604,0.012381524750471834,0.019232418658782263,0.0629593244695629,0.020327412606003896,0.012301896054862807,0.04042910737716701,0.015594192543217337
2007-11-06,0.01681910278524723,0.024701600287384436,0.01993066598457097,0.011052117372973905,0.02587423159071567,0.04853764018736062,0.006393903411847982,0.018711694382773127,0.011250452208514592,0.01797218023126543
2007-11-07,0.008760339740214122,0.029063038270395768,0.011429029933767198,0.007977970644410234,0.018080882663477238,0.04538755550145528,0.003904775252138807,0.018316254106770295,0.009169202596001944,0.014182268032093359
2007-11-08,0.025548633119592514,0.10121354427734186,0.06323117100321854,0.016726009942808606,0.018331523434002437,0.042453954098939685,0.006030312497076807,0.017482564998297784,0.010612378461370512,0.01704982452156215
2007-11-09,0.0217664081053015,0.02023036217071522,0.017186837724613734,0.013933962222041353,0.02386774109824983,0.05107218867706617,0.006674127911444327,0.018523695800678378,0.01210756870795716,0.018155637303687255
2007-11-10,0.012267398293493692,0.021251998563373252,0.01850087586954602,0.007604922952334896,0.020159221167671167,0.05281150820884269,0.007536300912559682,0.01780090126684645,0.011729993989474212,0.017639609722986595
2007-11-11,0.06832314810709686,0.1123821206174259,0.06416896664489077,0.035944362732639366,0.02243869670147723,0.044450258808431335,0.004410075965552978,0.009406549260474076,0.009591891301900845,0.016699923748073574
2007-11-12,0.033446761981798516,0.10874966589847287,0.05534077653412502,0.024150715101351403,0.025055991706816556,0.046821025045403766,0.00762423471741289,0.6611793142710599,0.014638371297708602,0.017443336060254017
2007-11-13,0.018762261025120103,0.06892398874280406,0.04448125521804827,0.011982493190684562,0.019475428007240923,0.05241665814390617,0.003074196199447859,0.017686359132493928,0.009708247273140935,0.016884703224040815
2007-11-14,0.03984607119828232,0.128542007460669,0.07287427419114688,0.02955649205484462,0.032679125782125715,0.04663186552524415,0.0042988873886865946,0.017492191010460907,0.009873665403232567,0.017437636925143156
2007-11-15,0.026728912431089668,0.10581745033655979,0.060931891311881925,0.02212084398227647,0.02021066232509854,0.04088384720445464,0.020430704282526833,0.02839614259745807,0.014895194028497398,0.02459523927244092
2007-11-16,0.019008181039240492,0.06831655847124246,0.042992081111067955,0.017224374028969112,0.01919668808205238,0.04557839560573567,0.016591371670302897,0.009079071418127162,0.02243970646590027,0.024356022262232047
2007-11-17,0.022919135268340444,0.08600866404163676,0.05401742531296968,0.040988972647410075,0.02006413028185187,0.04523061720568103,0.0057995991908580445,0.016798866147493565,0.012220225654132645,0.019922905992858418
2007-11-18,0.029363998562016234,0.06390635909016566,0.041875495558074516,0.01593285708227475,0.02246991289991816,0.04307085183617601,0.003161936288704523,0.017539834017780292,0.010006457232930617,0.014288327886943869
2007-11-19,0.025675186500120708,0.09146380198298885,0.05491722985571439,0.01636815626216495,0.023216087103661156,0.046010809860092754,0.003796850859382355,0.017315650283221393,0.007258036739956515,0.01191351347608301
2007-11-20,0.01609055114736018,0.06562026857315065,0.03869838187596363,0.013423268297046511,0.015332843841948472,0.04338571632879985,0.0026486513129351085,0.014175956769155533,0.008689893917621913,0.01553174057205683
2007-11-21,0.01373229071484894,0.05425398513977976,0.03246940515385824,0.011124883749111115,0.015053494684586893,0.042286784033487256,0.002246517686257555,0.02463006906866853,0.005283111487566814,0.011919225116559885
2007-11-22,0.06361087574501172,0.06637972500660091,0.03046325799773772,0.009695614001890682,0.03914205197067326,0.021823321348649737,0.005341163042870922,0.021955579671684867,0.009082881853796222,0.010446973171421885
2007-11-23,0.01086910278298165,0.012591843554117032,0.01206544450373428,0.006676247445112851,0.014883076442894409,0.05098831498959107,0.008706962176166488,0.018262079774392724,0.025252109564832967,0.018103787967063967
2007-11-26,0.012141006492518324,0.010020868618934389,0.004761620144327916,5.738927280231983e-4,0.009731011718692305,0.05389274085803597,0.003085228546435045,2.4335020070109816e-4,0.021187127704670308,0.014812901917288285
2007-11-27,0.012744969517752131,0.04936656538417345,0.03378424396791176,0.0011517666459183588,0.012592752443209905,0.07528602864888853,0.004032343036797877,0.005098005429729993,0.026709360565150428,0.016801095782168457
2009-08-21,0.015036636602149286,0.07391073180267832,0.009106737766533205,0.004102247258278861,0.005666877042165184,0.007923113405220186,0.0019044956605901706,0.0011840686154425816,0.001988630876691301,0.002521831581892378
2009-08-22,0.011071083070073777,0.05315726032313078,0.006644106960774864,0.00468163221659948,0.005127656704952961,0.035081291766824715,0.0017821989506035484,0.0010923423142573578,0.008364529794703856,0.002551437279112604
2009-08-23,0.013495305311857103,0.06574162021220117,0.009143408248692942,0.006095625364486274,0.005607739595814409,0.013453093074901196,0.0025241856456453245,0.0018471307919632326,0.005153728173571559,0.002212218771413939
2009-08-24,0.012888582573016937,0.06285575638157355,0.008511799029864599,0.00427644120000308,0.005218694188134856,0.03099444469523495,0.0012940528979932025,9.605231616832763e-4,0.001785951343554334,0.002294783058585579
2009-08-25,0.015035789687956836,0.07199338224642064,0.01118650602119005,0.00898907308301163,0.005448139265040379,0.08287865548297389,0.007022455229147545,0.05833901777700481,0.010210277127173505,0.2733768165873762
2009-08-26,0.009167327467659149,0.04884307386394197,0.006932345026711395,0.00736074739959399,0.003968939370400207,0.015466888308660214,0.002201801627878787,0.002112366185539061,0.002195620236182378,0.004754930781136904
2009-08-27,0.01307371259872451,0.06170635350490008,0.007587262368916968,0.005113669123876981,0.0046201733298745365,0.019225036412712813,0.001740799058904499,0.0014193958337158615,0.002152181382929979,0.0028028752124389443
2009-08-28,0.00830323441139204,0.038207742208968345,0.004622557785533086,0.002530507752351974,0.003909535082911425,0.002271400156117724,0.001648813182034285,0.004290634134121263,0.00127032295026801,0.0021042033775659588
2009-08-29,0.01520770498860926,0.0727284533753541,0.00993972548037861,0.005372263286203677,0.006328557947530352,0.0037165977999885644,0.001237566765002591,0.0012964490232743099,0.0022378501281730733,0.02499590465441414
2009-08-30,0.011052220929830825,0.04965089209507096,0.005314317561929562,0.003716589024145847,0.004976796280359039,0.004202194155839469,0.0016768094468512203,0.0026693952159002436,0.0017504611717209218,0.002666125342645916
2009-08-31,0.029184297976743694,0.059949463083579034,0.008979409702163672,0.006004338849145807,0.004475369722234724,0.010198583253717614,0.0020247732339966798,0.001226230203899581,0.00241334611869171,0.006051525455466528
2009-09-01,0.007867119757315582,0.036674935878495775,0.005375711535099555,0.004203804792833829,0.003557197355224805,0.029021302640558178,0.004760298225141568,0.0021990597443381048,0.004706272091721141,0.0033366536451773137
2009-09-02,0.015084237118957063,0.06987002105981255,0.009369702774503417,0.0045717878874154926,0.004824179637914209,0.010883595046967294,0.0048920651513474495,0.0016880312900958627,0.0044961069138674025,0.003119386009448005
2009-09-03,0.008792723762315784,0.05263100617526835,0.007484116370806743,0.0017718613919769763,0.0035419443943173314,0.005990092867099482,0.0035492388376466904,0.003085377289692024,0.003103415377366974,0.0028263549026797453
2009-09-04,0.009938364544936509,0.043749775232865044,0.0062981971852485025,0.0016016252030955852,0.0038470148554421864,0.02850864312064512,0.0025442278798696516,7.298627352278751e-4,0.0040166642295087615,0.00296073281283643
2009-09-05,0.004155203167142257,0.013538778324572572,0.001475431171058799,0.0018476363363480834,0.006064234215157507,0.006822869452055697,0.003226973855733183,4.518394918768692e-4,0.0028341314408425362,0.0032539577955578362
2009-09-06,0.005410348803730804,0.016519316544045395,0.0022520496665558473,0.0024077050606406305,0.0035433787132407835,0.0324877852518607,0.0031417236046865213,0.0013871891402357924,0.0018791793169582514,0.00192793050401733
2009-09-07,0.08779813657921233,0.0405649588793877,0.0049699958557707855,0.0024443888421575403,0.004995951437533302,0.008932350569008067,0.004489716940234885,0.0027027106062874414,0.005174909353941066,0.0052210994203842655
2009-09-08,0.008321513676287993,0.034428200776859784,0.004907716647790291,0.005711087173439333,0.004260379456458497,0.011217719427553811,0.0021786364702374513,0.001033129354014327,0.0022056683152499733,0.002192378819500927
2009-09-09,0.011979358794343935,0.2730693118470705,0.007434924576586044,0.0038612953235157552,0.00454456317178279,0.002232453593593942,0.0023304722087053543,0.002241348315942525,0.003429868813991693,0.0035618878066922123
2009-09-10,0.0049943579141723295,0.018685880798426494,0.0023520435165424705,0.004139019888856456,0.002931654786662338,0.029515338187475933,0.00148967362582855,4.690317562317271e-4,0.0027426779541309403,0.0020837768716753125
2009-09-11,0.008951990528861174,0.04418365275656475,0.0057549624640602405,0.0034954023574776515,0.006944867168671417,0.008660638877692963,0.0015833049317024517,0.0016682008754714203,0.002348368538652516,0.002702709860976643
2009-09-12,0.010048364316716192,0.04384578443214302,0.0056493999239036865,0.0018376489290768897,0.005202169572795608,0.06408071784734183,0.005976430022676161,0.0018608787644777277,0.005533287785342013,0.0031046515368858157
2009-09-13,0.010752703406384663,0.049772909350282495,0.00817713461728912,0.0018511597118861353,0.00459564621193716,0.03112031005223939,0.006918046494346755,0.0022417216860987177,0.0027169975187924305,0.002902080052733744
2009-09-14,0.004041775701069659,0.011169454452613414,0.0014890268423792125,0.0021434326719533313,0.0041313189071618146,0.013194678055231158,0.004126756285052958,0.004240607357125542,0.005443962583643575,0.003641636013239679
2009-09-15,0.010223081342289912,0.046883999178239606,0.006738361072337141,0.003613496693687983,0.005157109588194724,0.028115739545126653,0.0014861078263375864,6.589892215802899e-4,0.0021848843537552822,0.0032649172718817606
2009-09-16,0.011163888675745502,0.053452832867884,0.008414302689303913,0.00499764510493841,0.004017508324107227,0.007980274565791123,0.0012825272876272587,8.516789947749003e-4,0.0019109803774260512,0.002459677435015345
2009-10-04,0.0014629859075508864,0.001394703189079874,3.2294808369003774e-4,0.001819830685492126,0.0024688727563302506,0.0029250060585301386,0.0011455347482286565,0.0010404416739116962,0.0012801594597960262,0.0023674695251155306
2009-10-05,0.0019997002854199473,0.002358319010348656,4.940181635732315e-4,0.0014225707686610887,0.0023016649534252434,0.002923625778050248,6.101523739564726e-4,9.141214838801138e-4,0.0014604171284842505,0.0018653183678438174
2009-10-06,0.0069723777443800525,0.021824681885609588,0.003984787324851389,0.0028743710511963108,0.007105070918072025,0.004893788759989656,8.889655386739122e-4,8.041421819028476e-4,0.0010775922239098757,0.004139019135345853
2009-10-07,0.010764733661672254,0.05216531342338598,0.006412161897070859,0.00196646173030419,0.0058671724946969825,0.003787630955468184,0.0012273979541119165,0.0010126778406309416,0.0020606435100907388,0.0025809613011289
2009-10-08,0.007112919744791763,0.02807986553889533,0.003077289472303521,0.001438662880213384,0.005420050772500108,0.006136280067316722,0.0015706963119524278,0.0025111375386791543,0.002473827344003453,0.021357676151473992
2009-10-09,0.007391464064588458,0.012160075285248505,0.0019217337270336574,0.001694633577989299,0.006003815340337801,0.005941847761759138,0.0020047750914839813,0.0035928858565901023,0.0025026136553069622,0.0028623790472631426
2009-10-10,0.009902343833957246,0.03208223151176792,0.00464901825606172,0.0012656171279187424,0.009372446547344782,0.007764731227319633,0.0011298667477005332,0.011778181287566823,0.0025947870944672637,0.002854411668091464
2009-10-11,0.010662750597024097,0.035257376960564225,0.005142858585932046,0.0015271919229786135,0.00991796607432324,0.0374168897851027,0.0017313782893138077,0.002252050083751753,0.0023943390016405116,0.002709155934815089
2009-10-12,0.011120313237626401,0.04777287471428312,0.006584395705389757,0.0011805245549258898,0.011211963297079922,0.01115239295364588,0.0014692095086448372,0.0020648791393636195,0.0020618392149501738,0.0023489533882467403
2009-10-13,0.010352424384079505,0.04539742808795725,0.007292276851300699,0.0011378671583726434,0.005698523852478717,0.00838798498436968,0.0012857140878556603,0.0031488026181234296,0.001749472392773223,0.004390222267206264
2009-10-14,0.004615272148923647,0.010749014414394492,0.0015141529581151182,0.0014746021844172026,0.004358053689747063,0.009593493145962709,7.702169508954685e-4,0.001469238764447411,0.0013840746055291608,0.002265726872548431
2009-10-15,0.011827149358146861,0.0331751414597976,0.004517481073304864,0.0019279632381147239,0.00699340963843537,0.006119744486946971,0.0010380531497481379,0.010440731379515409,0.0020605404274637797,0.012259197993002449
2009-10-16,0.014812271525246706,0.06338034847442357,0.008043711040711546,0.0033669195772472646,0.008551338736028657,0.0044770140340837285,0.0012853418729716058,0.002690885537586704,0.0017820154418989656,0.002836011218127634
2009-10-17,0.012455132365782332,0.05427117460752568,0.009515215407898599,0.0036998673876776945,0.011789689561821139,0.0029580023468266446,0.001356624023116366,0.0011786749309523317,0.0019297354805451559,0.002748076340129591
2009-10-18,0.010684731901813078,0.03994224153706908,0.0063079190192987114,0.004571640276950251,0.007839250468502045,0.003358042604880947,0.003504738878607766,0.002133148903189131,0.0037558487791226856,0.0039343874022648604
2009-10-19,0.0071702075819542145,0.027630292814848488,0.004685377769406183,0.005338231375802316,0.008083379682040474,0.005429271386728586,0.0021838709925184833,0.001074243983591653,0.002113089984556881,0.00287749576747173
2009-10-20,0.011845989841698658,0.05216524142424546,0.008645338131476589,0.005519481103852824,0.01102416014573314,0.00512971250220303,0.0024221707914035546,9.01519335791169e-4,0.003818414980373938,0.0038180207574005664
2009-10-21,0.006694109674900048,0.026342104508425782,0.0039538895215907735,0.007462862026836997,0.008449015021209958,0.02230359079111833,0.0063496845223374055,0.0016287475169795465,0.007295648336343852,0.008393633377797026
2009-10-22,0.008825178619985349,0.0316309593062454,0.004779611190828174,0.005656478458048586,0.015503170809293457,0.004842946024482842,0.002581015723490868,0.001885958336645465,0.002386701285115391,0.0031014768757965942
2009-10-23,0.007569248326241689,0.02624419310750239,0.0048115217100360074,0.004047741735514981,0.008692192787367478,0.007112470559118445,0.002148270435255731,0.0014363343805341424,0.002728936299606416,0.002990254591254573
2009-10-24,0.01327418083161485,0.051575937077824166,0.00692073037427087,0.0012034048230785883,0.016954489093482326,0.020819521509979854,0.002347547192570524,0.006270925045128222,0.003320342656337282,0.005722098919540802
2009-10-25,0.011006606204291218,0.04251962554034346,0.00599057654008659,0.001737624064712575,0.008503109335307284,0.014025630974716784,0.0021005444885047997,0.005186308647762792,0.00221961983864686,0.002683932111856612
2009-11-02,0.007877470235227474,0.025317455442632544,0.003427508561322842,0.0013121802747639523,0.00999298776320756,0.006517744996425017,0.0010926098429369067,0.0027891498789618897,0.0017386587009525264,0.002496982247364781
2009-11-03,0.009763881951995583,0.030696968065351556,0.004055732460024737,0.0016004995340874136,0.010155638438134414,0.005666730297342224,0.0017294873174909795,0.003992554665298863,0.0019383658542971556,0.0027593574348208543
2009-11-04,0.010219110600082928,0.041529930516562515,0.007554032771277,0.001550445715068915,0.005071140976991143,0.004113500615409646,0.0027650599858705443,0.011252810361124396,0.0022526586477396976,0.0031504152038385248
2009-11-05,0.013566938844400666,0.11370901540497431,0.006580457004204216,0.002715127606967895,0.010616927870040817,0.08104463404391658,0.0028824186819694482,0.01589046795781495,0.002673566038451879,0.0035958528655489173
2009-11-06,0.008158212155898011,0.028129776152482494,0.003959393773849237,0.001823925947324905,0.006888911719492076,0.016526697793202292,0.0035757127712333337,0.0027632413947287302,0.004979875703067449,0.004282791535509055
2009-11-07,0.004982036562195324,0.012230353343044575,0.001314568501881313,0.001533303512687327,0.005574189288657161,0.005189025933115647,0.0014144097013494715,0.005205595824323342,0.002306353322025302,0.0028838981563716016
2009-11-08,0.01068690769546558,0.04757488400442383,0.005510315094394982,0.001727212321795762,0.010666179948357396,0.018719892646316048,0.001931347364025979,0.013122601496795774,0.001535282632731978,0.0024331997404346698
2009-11-09,0.012293205477939622,0.047256295891067536,0.0076419039162179715,0.001839648861308866,0.010351184533839942,0.06237471586883993,0.0014953596617281108,7.510118104988435e-4,0.002213323306047742,0.0022550937563923876
2009-11-10,0.005966426990445724,0.008492823470571039,0.0016304942702103275,0.0019562854731940845,0.01114471183890734,0.08440768620360414,0.0011016239449719192,0.0017098337133217584,0.019578224411120934,0.006039845070087155
2009-11-11,0.010924318080880544,0.04565940021231765,0.004788845550696475,0.0026543818341876356,0.006992071532731104,0.002991941828161807,0.0012774385888907767,0.007426696477611273,0.0016176229654198677,0.0019372747302974108
2009-11-12,0.010476770390410551,0.03710448935305568,0.004183197497365797,0.0033280385599398685,0.01141511191671678,0.016458385665613647,0.001325733065420538,0.005482068327484031,0.0026761449631723744,0.0026558507259117304
2009-11-13,0.05683626565286349,0.030649057524510342,0.0031344098084832837,0.0025703255256027233,0.015206709897798362,0.009660037868548932,0.0016948408219256048,0.001653866235741785,0.0065929561551335775,0.002897949377832591
2009-11-14,0.011394933600805532,0.049243953952217194,0.007008564944510197,0.0028728231812647073,0.01033194089505275,0.018305832765247894,0.001538931853616122,0.004218070600936186,0.0034300165481371153,0.0030561181143329828
2009-11-15,0.020495140723278536,0.04521235054954933,0.006966890328641043,0.0023951219298621526,0.012505015752273457,0.08965640125643977,0.001537670818463074,5.066395624402376e-4,0.0037132892769865247,0.015127277676579875
2009-11-16,0.011278771415636192,0.04139756475990702,0.00655988292058845,0.0037489014299432644,0.01229012378187441,0.009411768795736072,0.00243353224677876,0.0024438641157945038,0.005860547820018049,0.0038159133830085604
2009-11-17,0.010227588256318167,0.033084265744412505,0.005259082846962946,0.0017462645691781267,0.008896106536938545,0.0034988053354501406,0.0018568150216193935,0.0030951598243874182,0.003225661367560853,0.004410711852995669
2009-11-18,0.013526891210319416,0.06029554601549691,0.008456423966565626,0.00213805421062216,0.006550524695431394,0.004257004432007849,0.001350102969355135,0.0037851680216671574,0.0032434622252940516,0.002308100915036989
2009-11-19,0.0130385108097689,0.050397412027213276,0.007143346841196801,0.0033509042188038366,0.020199677350093193,0.006262755014610691,0.0015295000422438732,0.001545710456751886,0.0031608252171066655,0.002686245704962723
2009-11-20,0.0070854681865043885,0.009563216381652348,0.0018367171775701104,0.0033121992927702426,0.013269604018486059,0.04047283536175273,0.0034008490478181466,0.003138427067319392,0.003571717711061248,0.0035326231654811747
2009-11-21,0.014779793353722157,0.05483101842950103,0.008118375528175415,0.0031458794380204605,0.011809652246542745,0.010306382036932654,0.002857696766406495,0.008060500878973264,0.0030567055203570563,0.0029953660444793978
2009-11-22,0.01737765972341469,0.07291036564278908,0.011875775749504228,0.002374691807100946,0.00859001171270324,0.005108682984558271,0.0023714973030877972,0.0034720126714338643,0.0021391783779615443,0.003402275194656612
2009-11-23,0.01362777613253122,0.4990506059452132,0.007825935138714445,0.0027382834851850035,0.011019373533272888,0.005379273765484919,0.007267817445709123,0.0509127719940742,0.0027356855200704627,0.003960614707606245
2009-11-24,0.06948092101541051,0.04015227043595083,0.005547574689515587,0.00331339230443907,0.017615162604805615,0.008419574345768,0.003003849043421345,0.002078516839995395,0.003179707605722688,0.003226597779230317
2009-11-25,0.025160803190631,0.009128671927237752,0.002204725837250795,0.0021237231627462493,0.006957757465948998,0.004454057101770233,0.0025191451391818388,0.002776075120908223,0.0020396508655606722,0.0026122086822740888
2009-11-26,0.012968523537800734,0.04968526743506838,0.006943341088117309,0.003152151770749786,0.011154343281861517,0.00579831711210454,0.0020957163688206794,0.001348332581758346,0.0026666590810616618,0.002944209555365039
2009-11-27,0.012950725587441283,0.04768705668773129,0.006850573126291213,0.0019948299028296913,0.011471094956689612,0.008535701665867305,0.0017922243283706688,0.0010844569099602087,0.0019977129426961304,0.00388869708962875
2009-11-28,0.008283495540946127,0.022801465102191255,0.003266272696219003,0.001674385990855765,0.014622260381136223,0.00669678661796545,0.0012651618481441607,0.0015587263201376775,0.002042418407435274,0.002064288292585745
2009-11-29,0.006105589419775429,0.01272823738315856,0.001476057888845739,0.002347611581510303,0.011052784976903726,0.002816631179996789,0.0010383087247910442,0.0025521699505101337,0.001257549037991706,0.002439505940818414
2009-11-30,0.014505066170735641,0.06508701895558086,0.01012876408342556,0.0022826584481006494,0.013841721803331208,0.03839304113615673,0.0015904303170624005,7.147908019005506e-4,0.0013175732770898615,0.0024221634170026006
2009-12-01,0.01145717935374317,0.03700515560820916,0.006279162646829554,0.006332328316011813,0.015889474567495614,0.003198402895566029,0.0014980430488613437,8.741381445593172e-4,0.0018021838189535106,0.0023783060068602864
2009-12-02,0.015131312818821201,0.010418434941463444,0.001135119361967075,0.0020155968537297715,0.007690236587303805,0.0018018318851359201,5.418815699412658e-4,0.002623545182594289,6.255563462568538e-4,0.0019057845643041466
2009-12-03,0.014416750043544034,0.0639373395067271,0.009827300745310512,0.0017494028449520735,0.007347155212349633,0.003014613865993985,4.2668671848383364e-4,8.18754486393605e-4,0.0014017430948062236,0.0015188698615911658
2009-12-04,0.013795727672016141,0.050713433613026174,0.00731983472080002,0.0028654864472661737,0.01442446190029864,0.0022208929286071113,9.9361615593427e-4,9.538336766285394e-4,0.0017395851770611826,0.002321844799481193
2009-12-05,0.013257253000350388,0.04199624120600322,0.006677662742459077,0.0031949879083330223,0.01302824399408427,0.0047103950660610915,0.0016232767847174417,5.315109343509562e-4,0.0015872325222269317,0.0024582308536882907
2009-12-06,0.011295099668111258,0.042699450036414205,0.007736313512758018,0.0019347223860897078,0.008438463687396506,0.0031809241342693564,0.0012561899287388855,0.002643797076738984,0.0014571895814224662,0.002304323609185734
2009-12-07,0.008598304193896539,0.028613317681165616,0.004540945872731997,0.0030902287271504974,0.011599587293185937,0.02355648385043605,0.003415621627571992,0.0011773274070263479,0.003561605341521097,0.0031932216908711914
2009-12-08,0.010666115170402403,0.028766597240765582,0.0048216804240753895,0.002250424273974535,0.012172126411403389,0.009724230859498192,0.0016052864721803352,0.0011230991233076048,0.0011390673133134823,0.0025714253358406236
2009-12-09,0.010625843176875767,0.020685378646788568,0.0034494130748424358,8.705796345914485e-4,0.01804537434637135,0.016926644186334678,0.0019265468969718582,0.0034284662152923077,0.0018167757016314052,0.0025030529620896466
2009-12-10,0.012404087541129248,0.04277417102718527,0.00698931080186001,0.0011357010764789788,0.010052947071336464,0.009307452439993341,0.0011917367129491102,7.907660572704251e-4,0.001057202012702872,0.002274633311193101
2009-12-11,0.008854639170785434,0.023615358069787942,0.0028366178906447676,8.921364666638026e-4,0.011771517665909084,0.03210645756297755,0.002197530084693698,0.00362897035679589,0.002298443933730465,0.004243892896479729
2009-12-12,0.014437292236479316,0.027232502859966694,0.0036531806557019322,8.701451814698906e-4,0.0535714163784981,0.01987121059762679,0.0016889792315497656,0.0026457241264724505,0.002477749996922573,0.0035849610735962743
2009-12-13,0.008793204264104229,0.03745709767865209,0.00464819745361935,0.0018873585170605003,0.010326013749252827,0.006314427834113726,9.765547132654107e-4,0.001775942347475225,0.0015790542547867226,0.0026609878516725524
2009-12-14,0.00466766548289952,0.00633666164509763,0.0016900495556071756,0.002622110023924712,0.006156236613790454,0.009815557112123641,0.0034017137302222366,0.0030891257697320445,0.0027653111361919122,0.004654937631715549
2009-12-15,0.0061077558479164145,0.00864629809365851,0.0021198279187367563,0.001687584192863459,0.011499086833630254,0.024435014859877566,0.004150735673855829,0.0024523292144853722,0.003596876961379853,0.006615127372012306
2009-12-16,0.009879127519758554,0.02644975701024208,0.004434933148154595,0.001078142955159962,0.0122373141503688,0.01072139902408721,0.0018608797972807776,0.0033483949658456875,0.0027375343934273053,0.0062234389582043375
2009-12-17,0.005081504895455899,0.009192525129080703,0.001889142117684599,0.001713675420538349,0.011817641541211746,0.0076827295237123965,0.0023084510198792467,0.020149749308229478,0.003167402278113031,0.0037034224680913977
2009-12-18,0.00981215060862425,0.025708937123801942,0.004706108648890768,0.0020051925807786234,0.01981690562485129,0.012424442509543686,0.0028613037089585363,0.009481528211894866,0.0027117326111066255,0.003263515690124135
2009-12-19,0.008979128922981552,0.027574565125607988,0.003957565081437492,0.004236184159121186,0.011705557914682677,0.11880417185314082,0.002915930608496808,0.01496925679634707,0.0031427427666693014,0.0032486689744040415
2009-12-20,0.012025643861473145,0.04164215211825039,0.007302873252194375,0.002237193905325453,0.017760350576442367,0.007777444967928916,0.001537386411764023,0.0028699020654382244,0.0018417997483304593,0.0030575242622759113
2009-12-21,0.010488437211523444,0.04722972943404475,0.0057791009927066,0.0016480554762058634,0.005559489487108062,0.013944747026405758,0.0018310181760454233,0.003430774890622685,0.0028268964527579533,0.002929441943406703
2009-12-22,0.005534360412649968,0.010729623973040574,0.001515915545397581,0.0020421052914523876,0.00861682152327857,0.008342371551851127,0.0024299031622586576,0.0036760429524595015,0.003791190950645211,0.008237826745333134
2009-12-23,0.012930297437609026,0.040631322678471866,0.005767685802564031,0.0025747575567796814,0.02023430164619144,0.014854220888355625,0.0018042748237865676,0.006201001693256298,0.00197952281655116,0.003921745538647352
2009-12-24,0.011811124880676213,0.05085927204665707,0.006793058489547637,0.004037034199436719,0.01106455175488896,0.0811275235769467,0.0013971461704747592,0.02327654181008018,0.0015981764857125392,0.002356048973834033
2009-12-25,0.010831591237249931,0.04624669802088658,0.007927482091223122,0.003669476742523359,0.01020179262179007,0.010962840701475431,0.00545015572714181,0.011332475792664264,0.002344195035419205,0.002985459245949122
2009-12-26,0.01433856340055183,0.057161216035397554,0.008808190316559304,0.006150962647562489,0.011897997138933856,0.013423847440128669,0.001093450070176512,0.007039047708931419,0.0014721548623173853,0.0032005217595745166
2009-12-27,0.014505295995781846,0.0649506214908864,0.008831850336785343,0.006795335390494649,0.011027194047639025,0.006752989120060104,0.02558964760618741,0.0049572055760554986,0.005029141217092316,0.0034986858808992677
2009-12-28,0.013623849012522914,0.06374057592439035,0.007378003866747996,0.005784502113412405,0.00833657030060089,0.008792464700290485,0.0019345433069656547,0.001352376355574663,0.0021370594444108148,0.004117187978596936
2009-12-29,0.015555670371220045,0.0656125561202674,0.010449819109106001,0.006631495573968416,0.008911143085415041,0.02461644976405035,0.0013842299264179058,0.0020817173417754,0.0039109122159362115,0.003576634420110737
2009-12-30,0.010761349424780749,0.043396182060448915,0.0076366287157462786,0.0029234879473107912,0.006577044798669797,0.009707869670630687,0.0016037041002273452,0.0025625705180954785,0.002649836744570262,0.0028403526695620403
2009-12-31,0.014109317420771544,0.052223569526410184,0.008715545229944131,0.0035371615679077976,0.009745502437118397,0.007091068261802447,0.0020335459229764465,0.00274539365712773,0.0028292746450225897,0.0033996466843021723
2010-01-01,0.010067220855766253,0.04037854750767426,0.007381125246922773,0.001901505939769555,0.005372385151297343,0.0026868639244063083,0.0018714364851981026,0.0031105542809163637,0.002669771249710004,0.0031153497790960025
2010-01-02,0.010504092092610403,0.04110675232412426,0.0062775520707875525,0.0016444695169963686,0.00974988177360064,0.00270398363841949,0.0017067622322427048,6.284061870297903e-4,0.0021334736682398826,0.0021273552371055566
2010-01-03,0.008554553100284195,0.0271965084502729,0.003645998603728307,0.0022993568937245256,0.01018403593235484,0.004957575004356703,0.002856029425704804,0.0027911204271565634,0.0024176986360140715,0.003674672690169926
2010-01-04,0.01081988288929772,0.040965784824941155,0.0048785968718736755,0.001900084289084995,0.006944723365319701,0.06684206395303309,0.003029550507250933,0.0014410593355131212,0.005731169095817297,0.002591339860411371
2010-01-05,0.0139329661715647,0.05726276570210297,0.010024122301499,0.0013813926035572196,0.006455842155520712,0.022925403612213617,0.0028207532488039875,0.003299923753475936,0.004890334330590467,0.004569571036533862
2010-01-06,0.006233443613915658,0.014324102700159836,0.003189273679265158,0.0010904940329949577,0.010099605020834632,0.06244183351521724,0.007754453816395212,0.0012507511564033963,0.004650823703601236,0.009436540121418865
2010-01-07,0.009474918875442016,0.03195245879662417,0.004723206568441029,1.6330643307550254e-4,0.0034445928591161357,0.016849303442793583,0.001922397479561532,0.0015703112002387492,0.0028272414967342374,0.0032458338468205872
2010-01-08,0.009242249175492847,0.04839172291224508,0.007919045380527663,1.3837001870745187e-4,0.0037951771112124844,0.014378990567307112,0.0014156218488200266,0.0018909216438813448,0.002368661564860596,0.004323130785810701
2010-01-09,0.004612472894413611,0.007137750241453478,0.001384662851190471,5.900595800321297e-5,0.0029640528867237396,0.01064180237220111,9.158184108657157e-4,7.034319278409507e-4,0.0014231908598067752,0.00527799342393973
2010-01-10,0.005067383753210182,0.018158278442498618,0.0029214920430102233,3.0273790794229364e-4,0.009721700540199977,0.006792035794730212,9.692991823170213e-4,0.003237620720140993,0.0019809993663123422,0.0029218659962522834
2010-01-11,0.003951919303642449,0.0068381294645781816,0.0016070597576109983,8.050011622144885e-4,0.008590243930109197,0.007885865925829464,7.004055797219096e-4,0.0012268754709120115,0.0010149645241619523,0.0028656503099329365
2010-01-12,0.010381724202335086,0.037514989674731686,0.004734135916709399,2.488065050302102e-4,0.009668119243244991,0.011208079930974753,9.606943876012474e-4,0.0032620209239517394,0.001455584459587099,0.002696562928994204
2010-01-13,0.004142617343298305,0.005485453122717899,0.0014553680654394066,2.5192150268465215e-4,0.011222757249029902,0.006504177041188531,0.0011378667310192549,0.007389886895542675,0.001829202589198085,0.0032690801377922864
2010-01-14,0.00903662707627839,0.026345293797867802,0.004775275513024971,8.66155109910164e-4,0.018028830861966248,0.014906139612606319,0.0024739616342795913,0.01900659255480309,0.0058670618318243505,0.004633996417612792
2010-01-15,0.019881679354884756,0.02371605438575912,0.0029124911078016306,0.0028279162405591605,0.008271197587544103,0.017828012813290897,0.0042737899039681,0.002564369206304637,0.004411534928616729,0.0036455158138545894
2010-01-16,0.027979886383203534,0.008291977496851727,0.0020944291504206153,9.347136698082905e-4,0.008110036614903133,0.00515517617435011,0.002599295559926556,0.0041365534785061855,0.002764675282417648,0.0031239998857790145
2010-01-17,0.006971835865344452,0.021153623736144298,0.002764544755814429,7.815158933624624e-4,0.012648954087185287,0.00888782364383905,0.0018594323236927758,0.003288256671272399,0.003064777416017055,0.0032138550078629436
2010-01-18,0.007722516894781042,0.030097240578643807,0.004258767347648881,0.0022007805718161533,0.005071004647767507,0.007418575041707887,0.005301398766808791,0.0018755004128263688,0.00668126724357732,0.004819428623915162
2010-01-19,0.0036309454551593638,0.009069832879978547,0.0017868412151828504,0.0011450202507586717,0.003141021164679165,0.0067782858916631775,0.004175777278144679,0.0034926647468213378,0.004957074505181506,0.003975626620011661
2010-01-20,0.006319329664142469,0.0207504650132754,0.0029758112665709113,5.040729789844768e-4,0.008031870826815573,0.005683634430906217,0.0021629456093806895,0.002680621767885524,0.0027928167774458794,0.0028888091238777123
2010-01-21,0.006411005807414479,0.02216196389557456,0.0029085031545307877,9.242809437160212e-4,0.01322662333721816,0.0048429177237872155,9.576086321008084e-4,0.0028866848117346205,0.0015651812864588865,0.002510935873793591
2010-01-22,0.00881130419313307,0.03990788109103,0.006813530217558393,4.756084778974561e-4,0.011545310578851789,0.004701717576364982,6.856996749542296e-4,0.005969633734891038,0.0013505464580607497,0.002315714257600854
2010-01-23,0.0027353804282040347,0.007981649406634329,0.0014896576033330568,9.189272270696725e-4,0.003815501692520023,0.004901990008673085,9.165706927160496e-4,0.0066998041822159465,0.0018051673830979731,0.0027081604702252275
2010-01-24,0.009872021264259918,0.03821895706203344,0.00509821685724335,0.002409947952531727,0.014009357196643172,0.007219913211947136,0.001080398566845716,0.01043970886639607,0.0019177846013974582,0.003067691175561751
2010-01-25,0.005961453271938926,0.017409488125097752,0.002694983320483445,5.681672144806888e-4,0.020286103688776005,0.008045794999827553,0.0015482142997462493,0.010768316741210216,0.002183914674563634,0.0031156724743731426
2010-01-26,0.0055904198531910344,0.022209306719974904,0.003864626920986015,0.001042671162118941,0.0076695996824805305,0.006353506085487759,0.0017125983736841748,0.00926029530647797,0.0021181265676933794,0.002989038654627409
2010-01-27,0.0038710773017032792,0.006079426969503619,0.001380402532417554,9.486113889645203e-4,0.00477213395884774,0.0049487295485988545,0.001463816285944843,0.009398163350573063,0.0026574933312144395,0.003923519121187189
2010-01-28,0.005532636079435308,0.018148371908065196,0.0032316506438563267,7.869775960366702e-4,0.010130862123174425,0.004535430083915216,9.877702356352117e-4,0.004652344985017022,0.002129394768542029,0.0028027390133960025
2010-01-29,0.003912967538829084,0.003855975635023932,0.0011881307180834815,0.0014395079597668405,0.008097958679651282,0.005505895925258003,9.708583537520343e-4,0.0022239410343098515,0.001965511015957932,0.0029009896532680175
2010-01-30,0.011057557377537641,0.05065383425672201,0.006750244422894786,0.0014160299077646402,0.005941889756219156,0.006347741503733003,0.0011833713183840718,0.00311455347661719,0.00221739051371755,0.0029769022386891835
2010-01-31,0.008776886283497501,0.03981505517173267,0.005204162867742124,0.005969978984551467,0.008351663560125424,0.005242312647629581,0.0012060390879928887,0.002656166675464889,0.0018133146834724884,0.002948265278848201
2010-02-01,0.004978008167822999,0.00843398813408462,0.001344564568115997,0.0018476773905997312,0.007026340286032285,0.006456296693300752,8.83000185351523e-4,0.0012055221907412573,0.0014977224761420107,0.0021964425207575662
2010-02-02,0.008788882888762267,0.031259332638444264,0.004329831013668492,0.0014001736234229942,0.007739698480177698,0.006499189825918344,5.917070310684802e-4,0.0018070021336546174,0.001464112684215554,0.002663188386087004
2010-02-03,0.007157276613703277,0.032218507048591666,0.0049640636291219155,0.002023047364202627,0.006643823847764569,0.011190704398317979,0.0010993778664640044,0.004631627317801163,0.002099914003242679,0.00579907093716564
2010-02-28,0.011180211196050104,0.049320297428860946,0.008210238074200505,0.0054641555880267385,0.006512047043572404,0.09112931247596714,0.004179062939004508,0.0290758357105474,0.0028581865540439574,0.0033234407308451383
2010-03-01,0.00906561308185174,0.03605998411468702,0.004968774656858392,0.0031028168931500465,0.006575941697087744,0.017099473840226736,0.008247957572156007,0.005668598371710594,0.004956620975034037,0.004064492040982081
2010-03-02,0.008657939056212288,0.031501665467267743,0.004137766990557261,0.002587683708201125,0.011796558983817563,0.008783302634877381,0.00519530207697639,0.016214871253543473,0.0038528797250968225,0.00407700566873743
2010-03-03,0.004790676271518276,0.006767071460120947,0.0011094664726405265,9.392614619759735e-4,0.009555747176488634,0.008770978563116386,0.0021466470680249006,0.007315234617165726,0.0024085381284238796,0.003517845515951821
2010-03-04,0.00907962566090963,0.03912945500180899,0.004834713776588558,0.0011198427503194418,0.007138588719028489,0.0073128330192572125,0.0023508823783735837,0.007218706267392245,0.0017076879961370472,0.002578264444996744
2010-03-05,0.007932215112088116,0.013045204817168294,0.002397444428183062,0.0011594847006776024,0.013419779973708175,0.006685149162763942,0.0020533373063481414,0.005423905704591481,0.0018363903071040837,0.0031916999308117936
2010-03-06,0.005929898757896903,0.018876127339335667,0.0033809858865729283,0.001384680895618474,0.007175536441869997,0.006933870433023599,0.002374618363889056,0.008496280586817152,0.0021588491174950202,0.002865236241405585
2010-03-07,0.007923749560419451,0.023079343697001816,0.0038627576584748012,0.0021482337095103756,0.006808191762281602,0.007338682600352328,0.0016501708273562942,0.00308720108188911,0.0017476916286642598,0.0026155995953840356
2010-03-08,0.011556932054133155,0.05007843444896941,0.008674177122725555,0.002851773715052992,0.005676899607904611,0.014554106078754304,0.0019374436877112298,0.006318306259390688,0.0022208162216632668,0.0031603297317622722
2010-03-09,0.004950159444330316,0.01640622181842133,0.00218466099126296,0.0032858267296345003,0.0069136789556328605,0.008212907145429257,0.004316214406032264,0.0020892217650446262,0.0033365373366957642,0.002992696571070547
2010-03-10,0.0056014161584510315,0.01647180547058823,0.0025502944010294343,0.0015553637856079142,0.009495792069078588,0.01626039128108701,0.00450512824220594,0.0028205381277820935,0.003670941562640356,0.0035585605310508883
2010-03-11,0.010286474339279449,0.04918907585581059,0.008699084341223962,0.005664491994506017,0.005420763298985423,0.016814520104227577,0.007824200987048549,0.0023983868766724713,0.0067211872938893235,0.005483706367221073
2010-03-12,0.00788876210357444,0.033596717712922775,0.00540699138821535,0.003341982400178417,0.0067635551514642085,0.02133821166965384,0.004992684382210043,0.0039049523263933353,0.004815943530822624,0.004303686650478071
2010-03-13,0.007307894993456852,0.02490970177410653,0.0037141287191230304,0.0032337998391064144,0.009513555885129197,0.02162626515411611,0.005448679482281323,0.009307028145553448,0.0037949288962826778,0.0033665619146274832
2010-03-14,0.008796845044141417,0.03377830710003858,0.00456961981973954,0.004451309193416235,0.007021786277008426,0.028398326496959937,0.005901216977577973,0.0027496006101925723,0.004270478076695304,0.004356166980326573
2010-03-15,0.008396201193283784,0.03739918294885092,0.006208133988235684,0.0012939264657962294,0.004164392609548865,0.06254419383713668,0.0037200310701907585,0.004869459469154805,0.003780933260623326,0.004380350203330982
2010-03-16,0.003448813182315237,0.007729419905604266,0.0013904837951236213,9.545894050236132e-4,0.004193200353564745,0.03857535710627797,0.004885445815111151,0.004102277662838046,0.0037002447770701132,0.0035630454145587436
2010-03-17,0.0063403899515979585,0.020738942973247985,0.0035404893330292456,0.001237552478930432,0.00593664448540057,0.047056725759604796,0.004872216357816616,0.0028993154921809604,0.004370764782883528,0.0058804707544741295
2010-03-18,0.0044291537586583435,0.011835706053187008,0.001285855568864945,0.002467883829331846,0.012632000017682901,0.05825150685548983,0.009840045498100414,0.00469388165741119,0.007473908900298221,0.006100588549122457
2010-03-19,0.007962593167919857,0.02852308278997475,0.00328359346216631,0.0019369899552626178,0.005868787581617248,0.0669661607469638,0.0061949515987050905,0.004815582065367837,0.00535113989923482,0.0040327597393088836
2010-03-20,0.0055020981416195065,0.013380827542533093,0.002058022081510253,0.0019136778461640346,0.007194923872997781,0.07059485992799586,0.0070977566771367505,0.0018131437117713703,0.005093799377800078,0.004237920769256772
2010-03-21,0.004333883693970381,0.014987326830877227,0.001670110281054332,0.00179218668920152,0.004386813404623064,0.09236427744917498,0.0049376247318599145,0.00188814469501943,0.002965564430123693,0.003893999872580739
2010-03-22,0.013682886439044127,0.06337268348910095,0.009649845546392772,0.0022732586252039704,0.00787297569186807,0.057946276585758155,0.02228387269388747,6.836910199079328e-4,0.004527074220735184,0.0042623003598854835
2010-03-23,0.003302752280617897,0.005497028439660887,0.0012385139337219044,0.002238952594713891,0.004943800687302658,0.038290042433323665,0.010917034290892693,0.0012895294304705463,0.008753282741873895,0.006750731225486303
2010-03-24,0.011531336362211483,0.0447810221750269,0.006692294218349042,0.007815047943295027,0.00848169414040964,0.056000894622077975,0.019947155026164103,0.004783094941266134,0.01426607323845352,0.011005761720929848
2010-03-25,0.0070671541450820045,0.022412663159631408,0.003189176074873556,0.005455720101800036,0.011905660154815138,0.039392770673443614,0.0171563711985175,0.006356369053524523,0.015547962559072136,0.01309439081500811
2010-03-26,0.003651766388666413,0.0038236972353958556,0.0014166863294997958,0.012247220427842468,0.004098476553195478,0.05649690684958564,0.02515775246375735,0.004088911026374364,0.02082441605218348,0.02304261511870895
2010-03-27,0.015890243614319472,0.03652313514875026,0.005221586894431029,0.0296739573574905,0.012891039321989435,0.09707398278518319,0.05666276967586658,0.006765631146434589,0.04323975629999512,0.029827018376561328
2010-03-28,0.004009746535670008,0.005281088713711855,0.0013656763017302757,0.0066285052134195666,0.00632614146553496,0.05910650622614504,0.08688461346940089,0.0029825260574649474,0.05477752123899531,0.025405094167380925
2010-03-29,0.005317605279310356,0.014735684585236568,0.0033883411747148606,0.00814173771399993,0.008543636983430846,0.047894954406092746,0.04110816433620559,0.003783337501080368,0.028603444726355436,0.013671045930133031
2010-03-30,0.007828708920638526,0.029990134185779862,0.0033171079043527248,0.0031108651345062082,0.0044881820802349665,0.06488004499239232,0.0414806588965204,0.004526755668661576,0.02472625855477859,0.015388176771428595
2010-03-31,0.010139030274303018,0.04152784665698657,0.0063507702186518245,0.012908684652228969,0.007379668644152898,0.08046586473711888,0.0625916228078843,0.004115066515799311,0.03757305824614868,0.019227993604147165
2010-04-01,0.008422116572516958,0.038592702341444296,0.0068225691174676265,0.002627149875368435,0.0033122479162818815,0.046090382926039355,0.046399370960617345,0.004809881588124386,0.0319969947104941,0.0166060785641069
2010-04-22,0.015275588153207774,0.0426285598034433,0.004841151341014564,0.008196748286644634,0.022836822757059626,0.02873261181450111,0.023883496596429077,0.005765909365956892,0.021049263419726006,0.011150718142145723
2010-04-23,0.011201122216746805,0.037507710650612744,0.0056532132941190865,0.013934673250844075,0.006048544277002185,0.01733437607280954,0.03204485514131423,0.0043131985447294975,0.02937487076399828,0.015923038491627645
2010-04-24,0.020378892040605816,0.08643781828506984,0.012126341005570761,0.017174294897300872,0.006792676324640845,0.014914796134249774,0.039852169491925146,3.441538041928324e-4,0.02937280515087226,0.016199160467146714
2010-04-25,0.017066683192705333,0.05984937816280312,0.00839016252258325,0.01583640476853968,0.008032101874729488,0.029413933304846686,0.03716025035459136,0.001886853569712953,0.0283712655082539,0.017904043715423246
2010-04-26,0.030655884143428323,0.09178474210252004,0.012855850360734108,0.032728578259126284,0.01116218075036588,0.07946341381719793,0.019505883360623335,0.002656639515546926,0.019796716250911804,0.009636134231588921
2010-04-27,0.029206971285563384,0.06574816380906208,0.008546436055086192,0.0285011753162875,0.0172323975980223,0.08585344926743696,0.014043028927598719,0.00680896430988251,0.015466452693774285,0.012124961577067895
2010-04-28,0.07323834320906421,0.0422872112140734,0.006893405130749259,0.02988937930179244,0.01257880868330536,0.07395100661421032,0.007537725703732256,0.0015917295937403796,0.010556058107523879,0.0049745217206606926
2010-04-29,0.015472041678447006,0.02763649236017118,0.004059427274454172,0.009079986666368313,0.007834264236771403,0.008421612916694498,0.006959647659931946,0.003108631532106994,0.008072002142577464,0.005223239732467289
2010-04-30,0.015272407546876915,0.05446936404141087,0.006343991032700459,0.0087555033503431,0.006812046266408701,0.03144534989610173,0.009966007839619869,0.004825107169640796,0.011259676383188092,0.008274988388207736
2010-05-01,0.013643149554973043,0.06168490147635077,0.009740538956097944,0.008295110687966031,0.006437107552455793,0.029037900219529678,0.019296437988779353,0.0036267101130978436,0.03365243387064752,0.014751976983218187
2010-05-02,0.010478432744090965,0.04175312889119333,0.007623091489872044,0.010933072951720049,0.00572954781311143,0.019171119735143752,0.02098676007516777,0.0012918486711433208,0.029460602457525947,0.0159799279272357
2010-05-03,0.008901110109193724,0.03715449968746246,0.004743235769948265,0.0063721209072358205,0.005225661244894746,0.012525015885770568,0.014923554516150763,3.6658371124970987e-4,0.022898518734178787,0.009367718089041736
2010-05-04,0.009174424280164708,0.04484815037276486,0.006727106118828655,0.00892751207952881,0.004966832743869668,0.008569649867152862,0.011942436668523203,2.675456407467176e-4,0.01509989670406123,0.010895183598406775
2010-05-05,0.011616532224127629,0.04898015930461437,0.005850777324208516,0.007074227952567403,0.0045467325930996175,0.009134524504876607,0.010412731865980053,0.002703593035606582,0.012659246047455523,0.007164571020083548
2010-05-06,0.008850284459655126,0.03559035102860285,0.005360822641471019,0.005449592873812805,0.0056051459315891086,0.006566600631643335,0.009008820055475646,0.0010817398115000086,0.011787504319819498,0.005651457815907962
2010-05-07,0.008423876805378627,0.03339546012268456,0.005515194968323727,0.008857954407641845,0.006096166895762253,0.012153425416248037,0.0180640871225372,9.266068592191255e-4,0.03205633926322626,0.015203411006106017
2010-05-08,0.012063019648796422,0.05743060226193725,0.00775428541811493,0.025876545289520266,0.0061851727729797,0.01582482710644673,0.02211445651325207,3.441538041928324e-4,0.03911154041874821,0.01777739661305852
2010-05-09,0.005010156770676584,0.010337475279105727,0.0014956869496561464,0.009689964098933596,0.005665897817911746,0.015215900477730296,0.022946092516455293,3.441538041928324e-4,0.03782046737678028,0.019710397567921104
2010-05-10,0.01401191119015424,0.06033645650907261,0.009767446894785346,0.010068084356986947,0.005710897735526486,0.017005452931065045,0.028663790978916543,0.003448936102734865,0.04466397421296077,0.022385490032325563
2011-01-22,0.003112884096009393,0.0020206960605162723,0.009839861601264288,9.799637672028056e-4,0.0054600638444051615,0.015456498343825965,0.004236248531950956,0.0018951736537369402,0.007520145488290061,0.00474629199814875
2011-01-23,0.01472690885148907,0.06026216206541891,0.034902952339142944,0.001892808491304979,0.005639347448426203,0.024901318152339293,0.0030648904268743135,0.0010389469504616816,0.005382803445654589,0.004706174146406564
2011-01-24,0.01941980525790123,0.09889865553354905,0.057413573896053206,0.006640267614719487,0.00876500119456935,0.020064705109951998,0.001908637510820269,0.003570919204354285,0.007348652316048274,0.013761668157756347
2011-01-25,0.02679686736473787,0.1436710063733748,0.0802678308727708,0.03458301746011199,0.01384592777663657,0.024884538491110775,0.002648766749176265,0.008909078057155318,0.00713442149104069,0.007763057625488844
2011-01-26,0.014913590279635035,0.05726345735066822,0.027327384998931104,0.006327321740616201,0.0134299340716641,0.03628645890220417,0.012459449441955978,0.02098468692246796,0.011663152284671255,0.02212320262331601
2011-01-27,0.007104306660067893,0.011458695998789653,0.009899330040935198,0.006416192607013623,0.006161495820509341,0.02481624907624433,0.0033603153314895736,0.058438698919991656,0.005562220846172767,0.029597256762006804
2011-01-28,0.03166450992999076,0.06963051859681908,0.02977178644464887,0.006734911388143747,0.010333517427832908,0.018686257232563157,0.00219663757119592,0.029348479889285534,0.008527544678807598,0.006015650119892357
2011-01-29,0.005858701731585264,0.017858620947833144,0.006826543096283758,0.007628290945885737,0.009163230491299945,0.02266806351512845,0.0041106037983183455,0.05531787278647533,0.006219910706971212,0.0547481063005118
2011-01-30,0.004841572242916149,0.04523295224274677,0.026586425552146128,0.0034771093195457375,0.009616918576467069,0.025177495958058765,0.002482550718540753,0.01546196953224091,0.006799469996629933,0.00876886112376314
2011-01-31,0.0052880681290443775,0.039987306947700814,0.018216162428913846,0.005155227093736416,0.009677374589738103,0.02063217914791444,0.002261947403184761,0.015095362190614171,0.006882427154935577,0.0073285847728927055
2011-02-01,0.007922688879065352,0.05546386558578422,0.026123691767668208,0.014444168915680271,0.008022085999267667,0.021489289708690094,0.0024851184534272915,0.026528349495506556,0.006689209151010617,0.005370626408462518
2011-02-02,0.02508238374274417,0.11656173531097294,0.0650395824615675,0.013147016818222737,0.01179778416130456,0.02425238503056152,0.002391655462235563,0.007962010725615093,0.006331591959455084,0.007319925775856807
2011-02-03,0.04449124922427291,0.014020180199489009,0.009623890468640523,0.00653145257150308,0.006299819417703936,0.019516186167454225,0.004234425987643201,0.021494486067534423,0.011593493247248966,0.00923996798424426
2011-02-04,0.0157300864143037,0.08635419805778166,0.04866366044005439,0.011720090989521459,0.009176221056489383,0.024177007682677137,0.0021181512056852553,0.043690999917588895,0.004780908643522629,0.006655993907127004
2011-02-05,0.02869333143351191,0.12896219843595771,0.07234458665826365,0.02551432037005198,0.013370535139874563,0.02498107538210192,0.002743053377518968,0.0809569264279574,0.00561257278510064,0.005791157172922823
2011-02-06,0.03599635154665984,0.18504803804934578,0.10226390408871165,0.04184011026903251,0.018043661327421995,0.023620288614845327,0.0028534765825825887,0.04958585707875149,0.0061198848508467255,0.005890772108592789
2011-02-07,0.030233357589258995,0.1497580521611594,0.08504481987501977,0.04630251600846474,0.015715324044951847,0.029628467836418138,0.0031552179711972395,0.06703600020738897,0.0031450552997433876,0.006470813436596162
2011-02-08,0.020028065207350235,0.08418191678480323,0.04851454590951309,0.016257786394077427,0.013474614705642846,0.023701828715648493,0.0024858819700948357,0.03412795362698722,0.004406473161129141,0.0058070631810642785
2011-02-09,0.009921207657100752,0.011212726804620852,0.012397368494907574,0.005998341466593144,0.006161348039378306,0.022176492708869493,0.002340696284141285,0.01810724967027081,0.004839623542392843,0.007299052226832225
2011-02-10,0.01931374174413519,0.014728651409084217,0.009705782487732757,0.009432504139626562,0.012998719315486223,0.004059637967813354,0.0020381891116258567,0.011891283272549836,0.0017549902625257205,0.007434090086872299
2011-02-11,0.011774819890313495,0.008989235402357087,0.004579323215667675,0.005408694229051895,0.01295848193210609,0.006699777332318496,0.001437389338199478,0.01248573503254954,0.0021029419312909676,0.007616228278825927
2011-02-12,0.01403283838366095,0.07055120867019549,0.03528769164603705,0.007012117109148739,0.012587510644822365,0.02050230077184277,0.001952981920206623,0.01478577225428615,0.004841466907819585,0.006908053693426547
2011-02-13,0.0134109785255721,0.06509917259915644,0.03793218855080255,0.005998070511452514,0.010972672013741816,0.030408545342166284,0.01912641672994944,0.07277574360257678,0.013975443090299845,0.44985680135581807
2011-02-14,0.003294331669697547,0.014083293048431688,0.010572096257083635,0.006130726255944307,0.00794790490860632,0.02801925827721069,0.0031894645135314794,0.014487176589633837,0.005723463539044827,0.005779823184425126
2011-02-15,0.005256839421494347,0.011894687086850715,0.009484188313669423,0.0028162437235958915,0.012233043301041973,0.0255653334987042,0.0031497709825408448,0.017615673191347214,0.005598780650773517,0.005981291779279753
2011-02-16,0.02036161703144003,0.011700248779595376,0.006933687307509372,0.00391816129297583,0.016596269843650084,0.021191582368500685,0.0017060425646719993,0.00854881775639509,0.004753586704623383,0.005517565760003014
2011-02-17,0.011348440419284704,0.022124235733610283,0.007890908344978532,0.0026499694447358686,0.017292523366222706,0.02957477754890716,0.003558354437574167,0.011494673232568748,0.005885926761906156,0.0064037893305533755
2011-02-18,0.013098955640822724,0.04675105776045464,0.029294539791334395,0.002764872255959607,0.017183519379929492,0.02549514143604803,0.005375342300171167,0.01889851055695149,0.007287324132109991,0.007000892962772166
2011-02-19,0.010720631458895541,0.028579345319742388,0.013960888690385295,0.0035614885217473352,0.014808603757871654,0.028745712619764864,0.0037650011972926362,0.13455148911479484,0.012643351704917252,0.008007241264835905
2011-02-20,0.010685405443891386,0.03976981754594877,0.02144470435449165,0.006268929457616499,0.01292776230483491,0.030263111582626324,0.002041530798538381,0.005956716145474196,0.006158365533083312,0.0061999799872402075
2011-02-21,0.011218362120363024,0.05064882931604323,0.02680109339772262,0.00805091363279083,0.013395770499527128,0.029606111844404544,0.004224877276278609,0.008690701807939703,0.00790045491276301,0.0059288239581413126
2011-02-22,0.012791013621746186,0.020378561041814305,0.012268444031853273,0.0073186630859195115,0.01406841956124573,0.02576116422420799,0.004363002945822744,0.00745771863474649,0.008308846303597501,0.009013457256012549
2011-02-23,0.013124221951910802,0.0699311756160943,0.038053847721303206,0.014695060729185987,0.014674330052350413,0.030270771038639597,0.005437431685732541,0.008701676982499561,0.009409861923530783,0.007169278136518452
2011-02-24,0.006055897954904599,0.02069841574742771,0.01011842548979206,0.010599101785050776,0.00984148982753913,0.029525000693427325,0.00946537664834139,0.007220769412134055,0.012067965091370965,0.00831249506948049
2011-02-25,0.022710283422522053,0.08550153783588442,0.03791024347582925,0.01134722390973285,0.016115474947715754,0.02601011118898238,0.010409958003356225,0.01150768901669,0.014171830660020968,0.008516445436012687
2011-02-26,0.01701828306013425,0.0929862286879671,0.050225979602282485,0.010575361218662501,0.01041451783517473,0.03139370680269717,0.015196991559024868,0.014520306923593304,0.018208522162408,0.01126259958622744
2011-02-27,0.00909912289681594,0.0351276371907314,0.020887742006722675,0.010857294387991384,0.010020313917500365,0.025004603674603564,0.005197596146590485,0.013409111508037839,0.009019126933208062,0.009460578082086545
2011-02-28,0.006173969984168225,0.0205238898083204,0.012562476225776744,0.009402045794315458,0.006284431101808736,0.03179095915639447,0.003056203522720167,0.007675027741612036,0.007567920630829513,0.005160351170472086
2011-03-01,0.03471750073226748,0.13972175074650917,0.0698306855733525,0.02980879730098445,0.016943181773496564,0.025976459286981692,0.004767578367585405,0.009802326800340648,0.0073212412297248225,0.005323002727093008
2011-03-02,0.031209801453416675,0.10582241077210626,0.055103114132988344,0.015850917854106757,0.03337311163651585,0.024785285066840895,0.006862691353645765,0.02150215693838242,0.0092877013243091,0.009108717808470843
2011-03-03,0.015963873618498173,0.047628863891812784,0.03385364951666466,0.007546867224206776,0.00806789446710644,0.026909138319096547,0.008903658487747523,0.05506032523607584,0.008285653763044278,0.007470247767335788
2011-03-04,0.009338238790930002,0.0014761337404028472,0.010987324447639215,0.0045497181979827495,0.0052678809670136054,0.011169875711303854,0.0037544212837391628,0.009986639348529475,0.00391680133400603,0.006643798109606443
2011-03-05,0.012575682993869026,0.0029020012598136315,0.01226854282577401,0.007145340882263957,0.008955778547803609,0.007318030681030393,0.0042601637474251495,0.011296987792117777,0.0018548072579481379,0.005335585486818399
2011-03-06,0.011565952283389901,0.04522778765895732,0.029010226035042896,0.011176254392347163,0.010157510743923326,0.019093274097241902,0.003966536807512795,0.03413162570076883,0.003674590058058199,0.005468500840888131
2011-03-07,0.015407435291652513,0.0743576370936201,0.03549472361030623,0.0156599812355177,0.01334493212603235,0.029636828352876156,0.008790035904804266,0.055606489519934715,0.00891762901967669,0.007467249686008759
2011-03-08,0.04432866539306698,0.12748640684663143,0.06762767611990274,0.01816001723619358,0.01970594780609652,0.029805819665154516,0.0072132612681605965,0.016774004916419824,0.008643073193838668,0.010112221038894942
2011-03-09,0.028997688702031222,0.13842333972029017,0.07720115835692591,0.03240284936376847,0.016105513917723528,0.02473783064554627,0.005885694724403855,0.022831629072461487,0.006908154137798664,0.005311884009910498
2011-03-10,0.043156841445866706,0.18492865751739512,0.10043853930351815,0.06681839577185594,0.02522784294604677,0.03015447210743474,0.007323725657705037,0.023322876397304602,0.010393683686013153,0.007108947114180841
2011-03-11,0.04984023600220773,0.21858367451740215,0.11582200605681803,0.05189379568400534,0.0275620845218756,0.030343971145047832,0.011608003754263236,0.016028790625566353,0.01236167316984575,0.009270146323304551
2011-03-12,0.04049345970203044,0.2001600921055018,0.09465560671962016,0.05468420223537813,0.023496446371504907,0.025736437958073653,0.010964161333903091,0.06085034535495284,0.010818988874893251,0.008714159201665407
2011-03-13,0.03950020653850462,0.1678605830249627,0.09140786380027194,0.05453868787096415,0.024355013639310263,0.01988353571681847,0.01249476980577999,0.1540681606026934,0.009686138891272263,0.00815799728320077
2011-03-14,0.03838076409320559,0.18663551897621494,0.1011572867773163,0.061591134697130914,0.022845740392056196,0.021220732996697907,0.012350740375533893,0.028841625485803664,0.01463103014369525,0.010570768564702347
2011-03-15,0.0464474944825038,0.21316182830726146,0.11558639368796363,0.08809445369937614,0.031105752362386333,0.025574517744244806,0.017535471727012895,0.019583613738296066,0.021337630640112005,0.013745381121772773
2011-03-16,0.04013622993145973,0.1935092033881453,0.1014739944032408,0.06823261437084702,0.028977260881025348,0.020914518363003596,0.014613274585106225,0.01834169505716604,0.008429003495906081,0.008798897294903478
2011-03-17,0.043113658749611566,0.19450287016825105,0.10311532511382619,0.06336666132133083,0.030570399758606714,0.033452457533886086,0.013946110054567114,0.012140327254375211,0.01614417064198158,0.010936412998229724
2011-03-18,0.03807378574811968,0.17266238529555392,0.07873505674557474,0.06476313083922328,0.026820108031228605,0.028254628118208516,0.03180097707844181,0.01596031780239325,0.03806317328451528,0.01939612238542597
2011-03-19,0.037417174583530985,0.16698840491425984,0.09342687190973405,0.060996623580754625,0.022476218994322148,0.026554544950986903,0.014836404144704912,0.020842858023373774,0.016211080579377674,0.014220798938107605
2011-03-20,0.08065111879055699,0.19974311507749715,0.09879813173633854,0.05797236674365961,0.037511652072391766,0.025991202777138633,0.011356733227859649,0.013510111834804064,0.013466554137270222,0.008703180051972039
2011-03-21,0.04623186087539362,0.21588496479097413,0.11563848952078346,0.07102513590102509,0.029196898152676596,0.02848608650300986,0.01298210222789545,0.015170948220469849,0.012941402095074868,0.00789068088920578
2011-03-22,0.04245722662233673,0.20203870227254306,0.09697337790796452,0.07684815645696452,0.02390586288831071,0.02494923381553323,0.01275994262074461,0.02043182499929907,0.012849245829700687,0.00636583335039836
2011-03-23,0.04679521133858441,0.213146760275042,0.11126721826173724,0.078258416360584,0.026621943333910703,0.018127807772555564,0.06630921485569027,0.8213353555540621,0.01879426653224517,0.02189691329426034
2011-03-24,0.049504268045007925,0.2073762161673333,0.08557757538456234,0.08047061298071566,0.026953249400707334,0.033626766344768834,0.012195579232150568,0.01365065135557417,0.011508905231568611,0.007479218953035881
2011-03-25,0.04701434854702369,0.21637798543980866,0.11517619616534217,0.06460370457627816,0.024599981697757404,0.022202123522294892,0.012303285291671922,0.017741327040126036,0.011291727631055825,0.007890130284536338
2011-03-26,0.05212522415698798,0.20914786900471627,0.10684532826033502,0.06346468304067396,0.028649711752795234,0.010189271185166486,0.015681511400068137,0.09596706503052069,0.011667787965875842,0.009790561860880335
2011-03-27,0.05273302283154871,0.21004041731061304,0.09869700664453016,0.05365400839776106,0.025289824456542067,0.006604253828219458,0.01296862437849946,0.06803361858756996,0.007576595454515626,0.01190578584502721
2011-03-28,0.04594047928979941,0.18807966951762348,0.09746718012238537,0.05380750399320858,0.02447975216363906,0.021587859973098544,0.015186140943752206,0.016227161363575868,0.014852990737998967,0.014423666882111613
2011-03-29,0.040925077405296106,0.1738116015755896,0.09428190255343667,0.039651409782545464,0.02224383571768058,0.02758583853098112,0.013111499640735567,0.02228836193827207,0.013901932863660746,0.009377535742301416
2011-03-30,0.046254379115008,0.19063796075818845,0.10385347450174397,0.02797923678977597,0.02375277484723254,0.03979257160814808,0.06657090627635588,0.020405555549764705,0.02782329980663063,0.014726692813487489
2011-03-31,0.04839721784188846,0.17734687228837231,0.08225503479418597,0.021183547788208294,0.025901493484674472,0.04530904381482981,0.044089706524491214,0.027878298397745346,0.03188254623414334,0.021752995847249754
2011-04-01,0.04533666980167627,0.1763709390203762,0.08505492033656238,0.022421281171539947,0.023820982572610828,0.050577778649591586,0.09682076025394108,0.0787919919870931,0.06595397874054651,0.09961292155926733
2011-04-02,0.04247972540952164,0.16686798326977734,0.08081759258507133,0.01853042938363791,0.01623476391647458,0.09462338699518229,0.05895322510749592,0.025239675292291985,0.05789350233346853,0.03401070569854891
2011-04-03,0.058987739087048276,0.16488251803900908,0.09095849721601786,0.019779208763154345,0.026727592221380707,0.09018679717058398,0.04875400890013136,0.02875744311477491,0.045472608402857516,0.031121535725525062
2011-04-04,0.04785903071091401,0.1637683718563646,0.07996090592180333,0.01628131206850333,0.019850030329556605,0.04154841733400441,0.017016567642785953,0.0232202524611527,0.0220711372148471,0.01587432398695989
2011-04-05,0.05534464111206711,0.1529554718099791,0.0784473679369372,0.01240896146844733,0.020211194313396116,0.05492274160597266,0.023022171687570047,0.03487673342983636,0.02819460771784731,0.03030147897969243
2011-04-06,0.04793901242030796,0.15692031980440593,0.0798124633065681,0.01009074220744659,0.019137085233068417,0.06472135496924195,0.04309774968797826,0.03631553660659432,0.036720639178294955,0.03402841603249895
2011-04-07,0.04429020986957984,0.12674124583417515,0.06897292965931191,0.008542912222264776,0.01928515155013675,0.04494034331999772,0.020795403196536225,0.027178758919019337,0.021948426047806797,0.016117850062040192
2011-04-08,0.04642626035753322,0.13908528044890012,0.05015013218578849,0.007816118887994536,0.021967793093501324,0.05798546228082755,0.013597870179643127,0.021961892905555027,0.015510496283770417,0.4500266025773316
2011-04-09,0.0421618419095642,0.11446100277886183,0.058286731197482226,0.010382709195945479,0.022481317737440547,0.03542543974631238,0.034858504752094094,0.022827917477806377,0.031330211286122796,0.023225397216899157
2011-04-10,0.06916399159101216,0.13572466872453742,0.07215692726910902,0.008707004938645537,0.0211283761617539,0.04642874788216879,0.033622930045768634,0.02343820594195023,0.035696099237432985,0.018446415288253585
2011-04-11,0.06351144284427523,0.15646136451886655,0.0797525205873052,0.010923853616286538,0.02361935112412853,0.03798502410737727,0.03805139560935268,0.024484171281300756,0.03584168443212052,0.0627858405227381
2011-04-12,0.05102974166659529,0.148819278136493,0.04683708555994998,0.008657935241571145,0.017121283105600606,0.03632318452628977,0.02969567234665954,0.028092382865234442,0.024737865304289664,0.01932319703143434
2011-04-13,0.05112259816553204,0.15016439730232986,0.07997547023890798,0.012022485268087154,0.014579050075897385,0.031128844149391956,0.0363965638582561,0.040318465544111524,0.026631994556033184,0.025352748497862114
2011-04-14,0.04290635641602891,0.13337182910483836,0.0705926975758673,0.015532263085730287,0.0141218591748142,0.027040309670196137,0.019918513273331294,0.01809363200258031,0.023059216248751808,0.017179150897966698
2011-04-21,0.011549175103023734,0.010527572525724426,0.013125054530648049,0.001349848066265254,0.015298620059991967,0.041397279681301746,0.021498848309074833,0.08104241163364892,0.015904728096069968,0.01966207792314932
2011-04-22,0.0048307782982593105,0.006544913107892774,0.015949884210622024,0.0016041409822345062,0.014742570738718179,0.0401285381010172,0.008438868247344786,0.008738163437282908,0.018412587397997403,0.016642649323907237
2011-04-23,0.012215197258996066,0.03859569846334743,0.028350484400134168,0.003984753779644624,0.016025591149047093,0.03665325948879912,0.004702018107293368,0.003267866805547618,0.014338110916234145,0.013206588799450213
2011-04-24,0.012902162440329155,0.01667856598280052,0.019139083380230144,0.008751018062561549,0.01567924476901259,0.04636242233151602,0.006189621083294244,0.005741734072640128,0.01963413536849449,0.015539230465587608
2011-04-25,0.03166568498792989,0.11473758421039622,0.06954399715125606,0.03711599879994035,0.02358189221632824,0.11415974205462409,0.015680741633739205,0.021445354930525143,0.022386705661656108,0.02185976883820065
2011-04-26,0.07598181036387947,0.42164787719452473,0.09956408604455266,0.041850016046008284,0.05362996955652404,0.13502788122615267,0.020560221958497576,0.0283728313747779,0.030364883269288132,0.024934336679532806
2011-04-27,0.047877598032617694,0.16258917405556747,0.09509948803716843,0.034917886977920747,0.029838501334618794,0.07622787584704553,0.022791628172081878,0.03031195581944188,0.031785411246095116,0.028427372584848325
2011-04-28,0.0409789135649571,0.16204741329879704,0.09883091936517878,0.025784418788366466,0.02619052524275874,0.0551584485047031,0.012785712411379194,0.03709637377544419,0.020684276531871198,0.020688672619203
2011-04-29,0.03558729249409965,0.13463725249151284,0.0777195293447728,0.023156205531201044,0.024478449679421876,0.10800113617308964,0.031787372404235945,0.021124644188360728,0.03478217908392519,0.0220297528352916
2011-04-30,0.040930912294610634,0.16502273419241567,0.09633022643384066,0.04264133793858981,0.025128931531989227,0.09423854295600959,0.062119295041529014,0.02140583393283487,0.06564508790196935,0.03795077786094489
2011-05-01,0.0950951963826162,0.17276987681111464,0.08417132800719834,0.049504025083614484,0.06518209927419501,0.12755357817469815,0.037722007916891315,0.023849427101173753,0.04250712037530616,0.03261480742163026
2011-05-02,0.05001870223489927,0.15227607319587155,0.08599283878343617,0.028530322450663777,0.03596215667392535,0.12716518239907693,0.02029456270258477,0.01760105241723709,0.02698425460553443,0.02101364231673008
2011-05-03,0.057765132083731144,0.1674795923600989,0.09347855015891902,0.025491233070868584,0.035862214990031796,0.09662089400826009,0.030362026199208962,0.055795925706230175,0.0353066387527826,0.026394152918581146
2011-05-04,0.03366564686075852,0.12570371676195446,0.05945617457638805,0.013093836142027863,0.02184716197916877,0.04512653637290237,0.013209523522856363,0.11077990387009407,0.01892994655634653,0.015202171966866285
2011-05-05,0.030919562108277225,0.12435305064022455,0.06846165340082007,0.019691441587579125,0.019936444455962793,0.0915086962718429,0.012272313117027946,0.023932930264719432,0.01912001825593674,0.014659628823986973
2011-05-06,0.04647334491225552,0.1613966167375713,0.0969476493239097,0.02033788339639896,0.024187744535339884,0.06218622523134862,0.015899784535424337,0.022639164011575518,0.01901447696146757,0.017476291978207784
2011-05-07,0.04377775794094827,0.13863848015424102,0.0819676695576037,0.02179897999350313,0.028968032847229347,0.07620843849581821,0.020077976926236044,0.033822517653434137,0.02390813052452022,0.018915137425761758
2011-05-08,0.039338151392610383,0.14525881504708776,0.07978719144285924,0.02315494716822554,0.022756240889000235,0.06581178721968192,0.12090750371632399,0.016629015445792966,0.08375681487947016,0.04544044801269119
2011-05-09,0.044254580540190824,0.16027904930930809,0.09427273614942287,0.026381499269007805,0.023509371892830325,0.033249618785024,0.10363356186463839,0.01590639887788674,0.08041996119845889,0.04746512784910998
2011-05-10,0.04177468205833853,0.1667137000153935,0.09721216395524954,0.03382153311504432,0.02759306028560465,0.080624412383277,0.04197685472579093,0.015748305748112274,0.042341333273774644,0.03433465258420792
2011-05-11,0.055727960729359836,0.18917396287538724,0.10206104262552544,0.04019525561614853,0.027139553225684006,0.095611328250219,0.019140984793646194,0.014022624527404727,0.023260334858036007,0.021845834812812923
2011-05-12,0.052837282174772134,0.1825514171232108,0.10846949697118409,0.028549088553799225,0.025447178810831982,0.06331905226914661,0.02913604757524153,0.015303986554246531,0.03374172456145973,0.02666010164588427
2011-05-13,0.04590915552100467,0.17455039660403568,0.10594769213598554,0.02730073984321701,0.02543562967139461,0.040420888924220084,0.04265371143867674,0.016202693355215098,0.0518049820075833,0.027924814739082114
2011-05-14,0.04550313720459568,0.18954897796474895,0.11277720393314483,0.036247829912150364,0.024072933714666137,0.059513112328921945,0.0769456800548696,0.017218326565936123,0.09008893926859943,0.04804874737157202
2011-05-15,0.047775390880936436,0.19972887080250398,0.11522386770707922,0.028310586482520588,0.021843458872179006,0.0675422368099789,0.05025445898823565,0.015127170932578744,0.06501308609796619,0.03316211632201431
2011-05-16,0.04125087605078232,0.18979363458531842,0.11168636819243401,0.02362997586009399,0.019964170999580172,0.04798674507430547,0.033082901539923146,0.014189506254466942,0.04464678700323892,0.027178663112923284
2011-05-17,0.04661669737572605,0.18594011996351723,0.1071045175510418,0.016791163598791063,0.019683889129282085,0.09105753754632594,0.027203536800203248,0.01552649406399563,0.03429052048006851,0.025001065415125215
2011-05-18,0.032004958838195666,0.15152393671936254,0.09080299636870409,0.013342057611230817,0.015207954873998715,0.12107392256546196,0.029834140436105556,0.017934885282506467,0.03303993240110678,0.02198232621373852
2011-05-19,0.0394202580542012,0.17633060054881564,0.10943494779430304,0.01288454236497307,0.018011076984341637,0.1098436743928728,0.03759652854680287,0.0151800079583839,0.03653904430534603,0.02478030503256687
2011-05-20,0.03326236770021885,0.15168093842467384,0.09701987592902711,0.01422206872628666,0.015662857404000235,0.05935241703008613,0.036557164612829415,0.014369786885435573,0.04024090456241315,0.025075681964604662
2011-05-21,0.03593944979729329,0.14846256375010256,0.08865261024615857,0.022385758096190086,0.01864922131383242,0.0831167997321151,0.01703689869241567,0.00969031137589664,0.026475934217172512,0.018958486553214724
2011-05-22,0.03478119493434648,0.15487219337525318,0.09325020253291666,0.027862004198219145,0.014705155236101268,0.06397971332868763,0.01761718188701163,0.010001931761707649,0.025559005292518738,0.01908954171374521
2011-05-23,0.03376723949294421,0.15783085714448827,0.09146784196855094,0.06843936873025762,0.01687281026279035,0.05189890526431206,0.04921091679769163,0.014440771603881433,0.045522135001641255,0.028488980544526032
2011-05-24,0.05561443086292051,0.21807435792413524,0.09090064611490414,0.05120668344653095,0.02970068149181356,0.09240701088016845,0.060943275196658084,0.08655322341160905,0.06956248079580957,0.03894886906983114
2011-05-25,0.044799620630482546,0.1997166201028228,0.11096840951903825,0.0395552567842282,0.023491510152360295,0.06480489830523331,0.06182022072532137,0.013872706070465264,0.08270636331524281,0.048883798220113385
2011-05-26,0.03712886330043334,0.17536337070412025,0.1018971865512695,0.06114445183124236,0.018621278970898134,0.05166171174504066,0.048285923652059325,0.012227508486396144,0.07816096780817502,0.03535346832695055
2011-05-27,0.03262390056558296,0.1468404256672014,0.08514799610016695,0.05144625571306842,0.01821950468797835,0.03818403012780436,0.03402051148918459,0.013794274531546236,0.04943182754892891,0.03478879958607932
2011-05-28,0.032669863634102764,0.14920100419910087,0.0884668180100872,0.03678157350720301,0.019608099929252897,0.049210276202390164,0.047334698942786156,0.012744813291992582,0.07475446757080029,0.041775001387120224
2011-05-29,0.03268380739451022,0.14919445095637549,0.09033779165542022,0.035403706847907335,0.01898070790620624,0.04683497596393634,0.06577111359807675,0.015522770737933045,0.08956176222818846,0.05629094918252343
2011-05-30,0.02184791257416993,0.09800704612315596,0.058037114463178295,0.024813462093831735,0.013822968762277007,0.04327188850714214,0.04547920323749748,0.014543695708937274,0.055265323836285615,0.03453305407946936
2011-05-31,0.022714354064097136,0.09655034583815865,0.06032340780289469,0.02200392181262608,0.015416512132848838,0.08039676563705016,0.05727582042585447,0.015305934844861256,0.06918449044794214,0.03853723422578773
2011-06-01,0.03082343897501411,0.1353199508782201,0.08157482812407986,0.017997506261986297,0.017079796661643127,0.03366849281206467,0.013992316479722197,0.01205406799652863,0.022250947558570575,0.01867180170173714
2011-06-02,0.020288881384507493,0.09194878177606851,0.05840116014759779,0.005323433249601052,0.01071455771244979,0.01897402851252697,0.006358747020134258,0.002221285887048444,0.01271957134320338,0.01344155136302129
2011-06-03,0.02661055276588492,0.08595079998021138,0.05334305296098628,0.002705510322682149,0.011667628912597615,0.02208691792333236,0.006633157636401646,0.004256773685059742,0.011621990419975223,0.014544149344258472
2011-06-04,0.027949388280574635,0.11370230011102309,0.0755856127883215,0.003040695090936041,0.012385007622709792,0.03187264338998583,0.0069123212855384635,0.004824722156163276,0.01576363998198551,0.014288826829359832
2011-06-05,0.02290337964365206,0.11041041834059453,0.06921860909536706,0.021847371593990035,0.013218647954521984,0.03711047020380096,0.03853633402766119,0.25122263560581676,0.04732137737485352,0.029773232736520876
2011-06-06,0.03158682879312583,0.15251188199478022,0.09158062420886495,0.0370264497300631,0.017542614576087377,0.05113835109782685,0.056803554629911525,0.011013768989290778,0.08175656875583417,0.04343597653780333
2011-06-07,0.03012999274465145,0.1444028235183153,0.0849235194435841,0.050830969723597914,0.018355564400818244,0.052471327106181805,0.0703027471696102,0.015286493811493029,0.09937712182907169,0.0640927969271316
2011-06-08,0.03166900753885169,0.15006395125058367,0.0893057043989158,0.04416355534765926,0.018022509586546928,0.05996052489874463,0.06268688935150722,0.012547703875263678,0.08671978963994482,0.058864026045170346
2011-06-09,0.03014373633209181,0.1365714318516912,0.08340114637055239,0.04236278786077603,0.01750582095908572,0.06028640223278687,0.05776746532871126,0.014116993810295315,0.0727630269109226,0.048168430591144736
2011-06-10,0.03141101120457928,0.14396597768068442,0.08843432122920568,0.026232043737201304,0.017250786358337534,0.09881389678432012,0.0434830976776765,0.014734346655848322,0.06578735571556713,0.04050553470589067
2011-06-11,0.031626502856999646,0.14509783898425316,0.08769692453771492,0.022611014392771567,0.01934754517758687,0.08786546775676252,0.015080264052966494,0.015534647154760828,0.024748260362694917,0.021785137096482134
2011-06-12,0.03271949477783382,0.14077450237643271,0.07634340339679843,0.025283045453950374,0.018408512492088903,0.08619394079778622,0.01499777614681231,0.012984959667484301,0.025291609020876567,0.02281762263315806
2011-06-13,0.03273086842780526,0.1535588200385985,0.07971602802170058,0.03349017976377807,0.017252129169387564,0.04222384274579482,0.030141315671836488,0.013510410128000295,0.04292408227776696,0.02639092041205392
2011-06-14,0.03028512181292307,0.1368865707828788,0.08515944122851798,0.033870530342526906,0.02289975446506325,0.046872877197745466,0.04381766183311346,0.011771063966092447,0.06683664938556444,0.039320839159631714
2011-06-15,0.03089984711744316,0.13436641289632403,0.07991265210739273,0.029999917330177848,0.022196033687705386,0.03434713647786249,0.01756571607539164,0.009996842384714273,0.03273401608823744,0.024272377881442545
2011-06-16,0.023191149215080944,0.10392963159185556,0.06275040093732674,0.032091959624805995,0.02158260591649297,0.04228488152571194,0.028551422523765992,0.011609114232493814,0.05168432749669309,0.02811127016018115
2011-06-17,0.02965387194038857,0.1348116079188891,0.07682501220770853,0.04375030824013957,0.028759936538903012,0.05878536753667546,0.10962790745244876,0.011810745552191242,0.14170442606558023,0.06277163347905992
2011-06-18,0.026184411256342504,0.12437975879342197,0.07449668137219592,0.0468944783819937,0.02376265894048065,0.05073215179045721,0.07201433531411015,0.01404397938475403,0.09338606064207791,0.0525811119960948
2011-06-19,0.0348217246884329,0.16220370079514687,0.09626440719327614,0.05001647960797153,0.02153013138196035,0.045709994627752305,0.06247182288062,0.012097229790513258,0.06995735122374074,0.04171745227923774
2011-06-20,0.03337752872471013,0.15222872376223917,0.08527035237638644,0.04354791905423553,0.019987041513550866,0.05085621414583077,0.05045739281989742,0.013893240593241096,0.0653592910585537,0.03500343507736079
2011-06-21,0.016257771834813504,0.07657144685383722,0.046227292710360725,0.024698614202095594,0.015152648274473404,0.0368314914501419,0.028971421906732023,0.013369747901799104,0.038163022809563824,0.026181445199006365
2011-06-22,0.02610545424690833,0.11886025864081544,0.07254082285935216,0.023354902090623447,0.013824521721010424,0.07272001640258491,0.017505229206596737,0.01040124810083499,0.02809914447781803,0.018931486353467964
2011-06-23,0.020616189181890003,0.0943591362243255,0.05977262605012043,0.011769211444752011,0.015298856459868736,0.06840931453095475,0.018413388107205043,0.010662308441378547,0.0325197620640641,0.023158432865602086
2011-06-24,0.02931723022892496,0.13483358800292541,0.08283184955058974,0.03384681536550591,0.01735755162026583,0.04373674047773082,0.03624480806305661,0.013123894496721945,0.05370241872590355,0.035994379088406504
2011-06-25,0.04103589233878241,0.1650185580873892,0.09978307947106514,0.028283528391674903,0.015986525119084896,0.04222417954758765,0.08265205703181519,0.014897136623545906,0.14353258881638306,0.05780661238506788
2011-06-26,0.024366330118489002,0.08820345926120994,0.05557444800593332,0.024992655715747065,0.013338448977432828,0.045973599860959204,0.06343048647592969,0.013302561876256844,0.10047459854374759,0.04372861941549415
2011-06-27,0.02416302535035602,0.113210460806803,0.07187979510356193,0.016306402445151167,0.013059621577251197,0.03655257809512782,0.02010450112021679,0.011868646597624837,0.034547250090026176,0.03282601740288131
2011-06-28,0.02993513008834472,0.13285259891444953,0.08437804883007653,0.012927115014550633,0.01374412178157331,0.039576876557654635,0.01757466690880264,0.014184919714510955,0.03208140228231258,0.3639975313982145
2011-06-29,0.022185374510131906,0.0971681793970659,0.06295859757776517,0.013703512984960621,0.014002298300899283,0.04127671992169659,0.02190398827487108,0.012393566315539617,0.02998584868703707,0.024774396538809595
2011-06-30,0.031938670108563084,0.14904332598618486,0.09153135587183488,0.02693431489685485,0.015076978161027443,0.03981941573845685,0.027244756321677995,0.010478135197784096,0.038294434668807,0.02451745395729394
2011-07-01,0.02804667790678371,0.1348192377395601,0.08265339780712948,0.015606677882207855,0.013189870466918838,0.04560195339931458,0.016229255679317246,0.013810652449648473,0.02592721951114839,0.016786895806115285
2011-07-02,0.02460258492769949,0.0996833620550188,0.06825220366499773,0.015701582193150515,0.014260950110126265,0.04418180532699928,0.013449660745685293,0.011133830599490342,0.024079995248936795,0.017900248131304072
2011-07-03,0.02504965580392218,0.11675180681584821,0.07439876375545816,0.024651119728853005,0.014398177583072823,0.044420125755328485,0.02244020100168355,0.013482839535704835,0.031459512594581136,0.02403179231298155
2011-07-04,0.023469085944897817,0.11370295461642732,0.07193055894627959,0.013774995277668255,0.01241151271713616,0.03668919743602576,0.01908114175486926,0.0073890949391057885,0.023621444473490315,0.015316564335761366
2011-07-05,0.02692104040899239,0.13353647939821983,0.08229360149766596,0.024243308477000874,0.014287693823945348,0.03631727333787838,0.020238937150396128,0.025588627102717882,0.02763039175294143,0.020221275642637326
2011-07-06,0.02774462585283746,0.11658710806018455,0.07232557670452129,0.05648887669497456,0.014342175551328867,0.03888429306539136,0.08711981410848482,0.011437004313018898,0.0290561611117221,0.03489885243916787
2011-07-07,0.03215743091247673,0.15138977738828047,0.09160149415606086,0.05899574434309729,0.01620781241489642,0.03897829620121799,0.030801335170156725,0.022791109825940598,0.029323322704541348,0.01973141867676826
2011-07-08,0.022170500022995247,0.10092565604585091,0.06399518051141466,0.032125162968678074,0.013649503544214093,0.0675776655444836,0.013109688612906869,0.00621170191314525,0.021949438656041115,0.014608456039420584
2011-07-09,0.03418927380390093,0.15986025619724356,0.10038004222814272,0.04047908434845951,0.013996195847519377,0.07481206731170474,0.028194184454758544,0.06655610702052746,0.023499671255366127,0.053229008867374264
2011-08-16,0.10617694411966451,0.14331476691959283,0.060252604582852635,0.0015093858474884813,0.08721860615145798,0.03986605836457459,0.0033427038441147853,0.012915083630167098,0.011776867301159217,0.0115016888476136
2011-08-17,0.05222577774708298,0.04641869054551718,0.021830028312124758,0.008268821350360382,0.04688561655806662,0.0487732716013107,0.0057140418738212476,0.010301260252806275,0.012404765724716783,0.012378298553654
2011-08-18,0.012617729381826372,0.031215016385008794,0.02562930075082219,0.008212516003227933,0.008288962335646112,0.026763101728522268,0.004147248680585037,0.005379563648983806,0.009745665500162278,0.010849246427274738
2011-08-19,0.010631800162923224,0.0422536317132633,0.030055559125503284,0.002170595636069345,0.009007239326262064,0.025054172398291573,0.004061102741154448,0.004186865023959265,0.009911640947001433,0.010944792613514805
2011-08-20,0.005746727391597362,0.016396272726103504,0.012292788685830171,0.006409845586448865,0.008126192220056122,0.027653952432203362,0.006997144675631187,0.003693951229358299,0.010952754287539394,0.012221514484751268
2011-08-21,0.01911130393456106,0.09583581110003488,0.05919923497750887,0.005227619135140938,0.009719009991012993,0.027047923380686522,0.0032617394790508186,5.537757869011447e-4,0.009074946190207584,0.010134804078192085
2011-08-22,0.031402397611133566,0.1388434597192753,0.08730092773635412,0.013966120472603063,0.011435960396447222,0.030230684965681827,0.00579198032150589,0.011306896858686351,0.014041324571223299,0.0131771360992344
2011-08-23,0.020338126401036882,0.080638743393064,0.04989632076259723,0.014359752196260886,0.008551610926355147,0.044607101763517926,0.0071390035448914944,0.007159057903020167,0.012364273689377935,0.014507665957284475
2011-08-24,0.015420018690941601,0.05576477299216168,0.03885575415599732,0.009545631426212686,0.008387091512596397,0.041357849391045455,0.007399388772264847,0.0086527451337637,0.014841637241955386,0.013914293650904477
2011-08-25,0.010338551131186646,0.0171449556261266,0.011656997037127269,0.003364585871587713,0.00922211525651338,0.08285645438614293,0.006687810328794664,0.007083297087346068,0.010481946746711272,0.015955783834652876
2011-08-26,0.014552552289318338,0.0640243673388207,0.04158198072459965,0.008816364663352528,0.007688474883412199,0.02904460106028626,0.00897756992057918,0.01200485539649464,0.013588449724773704,0.016133280010052212
2011-08-27,0.018990649275603753,0.0736094452698995,0.04408117927956507,0.01431654854420288,0.009769567423581139,0.020903512397071698,0.003282018182430906,0.002857718591267473,0.008674408340456418,0.00959185780957027
2011-08-28,0.026233868338959715,0.12102116555606379,0.07173731699983295,0.004914376083183807,0.011512384191307741,0.030375741888105344,0.0046902804052699094,0.010067194716682992,0.01105434752291842,0.03056020379011308
2011-08-29,0.022438670017554726,0.09047459140589671,0.050069514262600034,0.009236115455819345,0.009327934328503125,0.015720746326281135,0.00666096253179846,0.006107202561582266,0.01358212761730367,0.01297523564514991
2011-08-30,0.035651459073857014,0.16129339089232678,0.09807125283022922,0.010658779544314993,0.012669024769224034,0.06687183446923707,0.005341620160350251,0.00798115064759819,0.013448644235002178,0.013091059857562993
2011-08-31,0.03404890633924833,0.14851968601656776,0.0892974938970251,0.008490080716303836,0.012287492082465646,0.03847103701675085,0.0042289131480204864,0.008347998403401384,0.01051419760569864,0.013113450261521253
2011-09-01,0.03501562448683773,0.15263097142709248,0.09024414635703333,0.009865096324646307,0.011091050290566576,0.04158013223111522,0.005150547102396373,0.009030682016469295,0.010695953803268965,0.012443703999466326
2011-09-02,0.035660029359335155,0.1469069320106257,0.08521025884992826,0.007542076687804162,0.011472244679206024,0.022800132831276024,0.004351006977968844,0.005455577950071414,0.009632723299229247,0.013525690314436865
2011-09-03,0.0345561542559639,0.12728295241029072,0.06785184578248012,0.004533782859338695,0.01062631735197132,0.015676430476599574,0.007375542453954153,0.007809282483938817,0.010934874496399708,0.013291691857015207
2011-09-04,0.05954152703474102,0.15468824615014767,0.09315835488624415,0.010129271356263908,0.011292838928384303,0.03844817761072453,0.01143666995605037,0.009191814511632257,0.013232718462628404,0.021393991227095597
2011-09-05,0.024933675663594414,0.11725486741328724,0.06858672573976211,0.004551538998405693,0.00953513277048969,0.019369195862304824,0.003354920710500284,0.0024497840979352836,0.008902120159850382,0.009694954359127879
2011-09-06,0.035812817265828994,0.12069317958226733,0.06938439808675229,0.003253203780946655,0.018185664255258152,0.0365878687053242,0.002941721173153653,0.009193451459245302,0.009484176129556677,0.012932208865185653
2011-09-07,0.02348634996881479,0.09741018954799,0.05687319218746796,0.0064841038965345035,0.011032605402799331,0.06547472551659625,0.006071976450729415,0.016508055146919613,0.01077408559559741,0.014761357542176182
2011-09-08,0.02191016314279799,0.09724909418208404,0.057050550325700396,0.0061939319452008375,0.009753585733771481,0.10632802027133013,0.008169755288961893,0.018378950008424697,0.0123652004429503,0.017777858629681773
2011-09-09,0.03300773437683764,0.14204204920531674,0.07517654812847274,0.0074291080755027415,0.012501875863286941,0.03817115442271663,0.006721466006551631,0.008406855415535647,0.01107231152196771,0.015351230290586212
2011-09-10,0.07252192943816668,0.17333071331359398,0.09622770636450612,0.005223475297993738,0.07259139761230507,0.08281707856607286,0.004471162600013968,0.01842788211083931,0.010536280185844678,0.013274931581412056
2011-09-11,0.03273617913790542,0.14852366613973458,0.08724217816157578,0.00446771391404166,0.01600835952518397,0.0391834680847807,0.005257251278412472,0.016251068090205517,0.012226557210372123,0.013425486663588808
2011-09-12,0.027120112650769433,0.12111295613053358,0.07644636911593812,0.003082436934076635,0.012448891700207545,0.047034949613758134,0.013772650832760814,0.013314902940902177,0.0210963650692096,0.019184956609885853
2011-09-13,0.02577133404339519,0.11421690450256584,0.06799985957777777,0.005120594661683337,0.012702268227972763,0.04036870959512387,0.01637264838314693,0.009003738112559894,0.020294785834649942,0.023948289520317276
2011-09-14,0.020900990468003176,0.0904796682044184,0.05418869870387307,0.006958190736108668,0.009266697652226059,0.06649948587262684,0.016365296526353126,0.01803426975009341,0.018888880205468053,0.028064822243548965
2011-09-15,0.029346455329260064,0.13813684246126273,0.08221508533339761,0.015808506470785022,0.012221779177606524,0.08441819661282628,0.02725767089988411,0.016894174430010525,0.027589995322150677,0.03567727623577915
2011-09-16,0.026162933316152243,0.11521772234782324,0.06818243868344129,0.006628529607713912,0.012781487921854727,0.04889186184357517,0.023997333901422797,0.014221194201842072,0.023618684959749888,0.03556564730053376
2011-09-17,0.0333830971905933,0.12434951174529582,0.06894347968167194,0.00425783349238097,0.027374128077195494,0.06987373127002264,0.005473936027481716,0.011994479353437257,0.010352245411746633,0.01446606267551101
2011-09-18,0.02195297523445992,0.06790851285578768,0.03173759818964432,0.007050154113381167,0.021034859878715794,0.04881084029297651,0.008674314148636656,0.014746788717145807,0.013447229591662755,0.017846944835578308
2011-09-19,0.027871864393075388,0.11981685755640446,0.06975341894175491,0.0025608556632399915,0.061246179982768476,0.045956643343625946,0.0913135346668753,0.011542991302564545,0.011553855829584271,0.017207026375235114
2011-09-20,0.021973687642989948,0.09404714526961476,0.04290300407812767,0.002054747932943993,0.010722046684886237,0.030756953908479052,0.033163884167885335,0.008631952905497401,0.01663263306214198,0.017368387255974144
2011-09-21,0.027372268127141716,0.13362082469005146,0.055039630671220786,0.0037345975902605393,0.013261538386729943,0.025869684587810738,0.004512284963289043,0.007621432850294788,0.0121037745631144,0.012821943092660147
2011-09-22,0.023222041840598423,0.0941007256194551,0.058235849615001,0.002615704887380244,0.010109003109018208,0.022480134884240877,0.006709152282775329,0.00503321568534864,0.012940512899486395,0.012828396237653247
2011-09-23,0.025820587118408837,0.11804484359280679,0.07046074701097593,0.006572828663699533,0.011245804953973627,0.020581597422403407,0.003186525227172613,0.0024714593703569123,0.00965472349872399,0.010352658342373724
2011-09-24,0.03641761270450628,0.13980796213952038,0.08430854874376759,0.001678752529658315,0.014147164693737837,0.03030393655343336,0.002727819807905513,0.005516068679017956,0.007747931388270476,0.010128796225201556
2011-09-25,0.029217539338716934,0.11680992083727935,0.06814810707526159,0.0012512854174074057,0.010031146601808096,0.016669311925857064,0.0023004567137127558,0.00411767674579585,0.006638589685849304,0.01015704498959961
2011-09-26,0.03672402410402633,0.0990425741801961,0.05857334482783512,0.0024613864234856453,0.013073658358078801,0.02248705388439965,0.004351556291441585,0.005860383296298316,0.009342599319212545,0.014732563859313685
2011-09-27,0.027133997541729692,0.12079775446324648,0.0713473628343888,0.005127472732040987,0.010067045911277972,0.025948766076057908,0.004244722843386737,0.006412856282655367,0.0120583366495996,0.01340555661487241
2011-09-28,0.020554714974007824,0.02737573545942964,0.017994261372420207,0.0021012232988856807,0.016012134207518333,0.032157513926243865,0.004099846175334398,0.011494783032479772,0.010547993585284141,0.012091014844148441
2011-09-29,0.013078791440534558,0.012782042110405,0.012331469164229912,0.0024307880378035326,0.010947334805041967,0.04265348900898248,0.0045475752790260435,0.010903909277002058,0.012365845954686297,0.011618046860365992
2011-09-30,0.013602848567782466,0.027485167873714904,0.02067951195593656,0.0071112285136871465,0.011621406915864295,0.10671928050867942,0.008089470282448552,0.010109550276215375,0.013328449602782087,0.015405007568470405
2011-10-01,0.023944753575423354,0.0483206237891197,0.03354518565327325,0.007785502246397679,0.011145485001629228,0.05189715249027765,0.009212981933411196,0.0108189647194152,0.015319196012986737,0.014959691657977562
2011-10-02,0.0109981089777106,0.014436668972235101,0.0068817329757653095,0.0044008916124833675,0.01383068491837629,0.029969443084968843,0.0050351977755892655,0.008708970239769862,0.011708089572919479,0.013234294199871894
2011-10-03,0.02622229983223754,0.09672778583223894,0.06329777866384906,0.005346363427969443,0.015399864716038127,0.06447438216656437,0.0062209616953548055,0.012481895158457997,0.01312228544916508,0.0161610863121826
2011-10-04,0.03466094640318783,0.13909814276570295,0.0840536839473993,0.018232414711621268,0.017945799583639,0.038181348104895325,0.02175447855867493,0.009555542437384575,0.020324878217001824,0.01799984770848707
2011-10-05,0.03811334694908832,0.16239151634742338,0.09720241131293982,0.010629716209253312,0.01627402782969031,0.02114266251645155,0.006256463574794559,0.00862180184767271,0.01158537917221844,0.013468617518383574
2011-10-06,0.03614024888613211,0.13942435258665523,0.08008181501152244,0.01401145530809612,0.020397637836037767,0.03697047259143622,0.010043810360707188,0.00883605699334615,0.016188509926855103,0.015200145565601017
2011-10-07,0.04382465984883295,0.1621372935043198,0.08994949439784557,0.0095512411130414,0.026065527149191137,0.03797462920074427,0.006799470485306402,0.012295947396577276,0.014262280097914587,0.01692485954737171
2011-10-08,0.03964124678460501,0.1485087535627676,0.08764994001756993,0.009986604952986231,0.020954092411760696,0.028710197337179114,0.005756230186180262,0.007040157175878378,0.013268741181032237,0.01187232495344241
2011-10-09,0.03142843183746791,0.140368676231551,0.08504836527941982,0.011119937853984846,0.01719970903893536,0.027461634659798857,0.0052636383261549504,0.010105479816271478,0.01357823802075592,0.014575154971667587
2011-10-10,0.036641882322807295,0.12804986937214113,0.0670972387343242,0.012379203947400929,0.021272561503068957,0.025957005599875516,0.004896598325544794,0.010305052451311232,0.012578935152272664,0.013360200288480839
2011-10-11,0.039778644275044565,0.1288755442238484,0.07361345343973114,0.012646927618003734,0.02324101444286775,0.02116117640260937,0.006309366526385851,0.0071419479600108625,0.013848835579161056,0.013414966983767268
2011-10-12,0.03659110842212121,0.1303394774165387,0.07485045301764313,0.021582003883302184,0.020155801607820108,0.02952273030597531,0.017746319892319524,0.013098588115307898,0.023519070959357874,0.019740046990188758
2011-10-13,0.0335968635879939,0.12002423190540015,0.07285749349244543,0.010608394381915886,0.018069083933806677,0.040881120124650436,0.011430718229839753,0.014168056365958501,0.017061906538049978,0.018308999393277958
2011-10-14,0.03013478408201615,0.1172144645058916,0.07290711151355916,0.007168099287684993,0.019420167791569284,0.07888989764467887,0.00702588357153167,0.054739728912170244,0.013172913996554854,0.01556178925565837
2011-10-15,0.03945903808492103,0.13963163085243463,0.0833053163225065,0.015657017950805752,0.024051944477270076,0.028368345390074965,0.009325792896104376,0.013861219005286023,0.018484195086006325,0.016927962396387473
2011-10-16,0.05162031446873726,0.12281705763660816,0.0754510443693976,0.00655927633714306,0.03140662038871744,0.01977019392565123,0.004874067734514525,0.013125207000259813,0.011155529496505948,0.014999271972092706
2011-10-17,0.15149232135595955,0.13488342028707745,0.07199192683223798,0.005431532971861654,0.14091241091782594,0.033362716307656755,0.006335428821849519,0.022895305849938513,0.011610078522113496,0.016375543828120554
2011-10-18,0.06430851650880667,0.11678962537522863,0.066426754189241,0.01569734225206728,0.043715921017312975,0.03325833879013627,0.006649088392961674,0.023154769822154503,0.012775983819957405,0.014539332146893446
2011-10-19,0.10760074174086422,0.18710757819191187,0.09019275554627174,0.04165538471350725,0.05970955148609552,0.024349637445752158,0.008861729361770739,0.011663356210520791,0.016423878347846806,0.060802473173027775
2011-10-20,0.034192842153945045,0.1308060660527835,0.07852923650204023,0.016172959625574388,0.020819922094240127,0.03457627259520732,0.00500191705732713,0.011509450370646475,0.011747082041907836,0.014051408046041538
2011-10-21,0.04125442007992525,0.12499336561771657,0.07303537696387168,0.012972024746467237,0.022682784710261004,0.026444660615795465,0.011813383695084513,0.012994679442378762,0.01606093159493176,0.016463603632692697
2011-10-22,0.07182459902260896,0.15341657994958888,0.08362727084276565,0.02256731832485612,0.037328446034766365,0.0452258364286788,0.012060141058640332,0.011822681667215146,0.01800761928754112,0.017742278237295375
2011-10-23,0.042976638156223004,0.08233359963080616,0.05113477343620546,0.012363006168571262,0.0320215064903962,0.03676922276139018,0.007358683132910998,0.012712902154742441,0.014360109909446838,0.015852135896134205
2011-10-24,0.037640939720067615,0.12599039053317276,0.07682504510269815,0.013569070085578911,0.024336377481087555,0.02457022253820556,0.007501819884772045,0.011067127204794068,0.01466367732064075,0.01501281546027018
2011-10-25,0.05470314251165699,0.09727175126354799,0.05311917805412454,0.007111488602972286,0.03794607305403817,0.03596333310383806,0.00555914999747718,0.01301941684171776,0.013971627110240251,0.014051027060610153
2011-10-26,0.050973689911736376,0.06600869240951832,0.035936410337185205,0.00744197316386794,0.036260781046535434,0.0343961738240007,0.008488021278686385,0.013574556826023787,0.014137412477153376,0.01532139138542762
2011-10-27,0.028287175249006674,0.058004091951236916,0.03244762993971625,0.017439932369418393,0.0247716293144196,0.02672122870638778,0.017752274038037565,0.01088721331563465,0.01858707893480791,0.016891482751203453
2011-10-28,0.05523009516590389,0.1307089734496693,0.0679465851209517,0.017580368881088163,0.0325842220807598,0.03287533327984322,0.010247701870450772,0.015431869288786114,0.017129908729611995,0.016351276892573572
2011-10-29,0.044632961816220125,0.0966514067878705,0.05072778986909471,0.016924855251904874,0.036565646649278076,0.03458965864155869,0.0054513654223478725,0.012395941273383488,0.01399356209261346,0.015246968487005241
2011-10-30,0.0400054770088736,0.11102253396017,0.06166714784677195,0.013513771555738038,0.032303858731448,0.02885312165858009,0.006542737997367302,0.009125757308820096,0.013855846179402161,0.01447730540273392
2011-10-31,0.030814294155112398,0.08138519584834718,0.049715348109609925,0.008216546140342795,0.02799447613160683,0.09628281394130034,0.005418333269303959,0.01721294755945001,0.013730397853037608,0.015989791340951385
2011-11-01,0.050007560151935145,0.0454285907343397,0.029809939598022788,0.012376504621609897,0.03883863869766661,0.027630387003372496,0.0030858777621292034,0.005754856375488823,0.012762915942819121,0.011744917253582812
2011-11-02,0.04081023584493382,0.1304444001773762,0.07548025620022485,0.03439707998834569,0.025132679742789557,0.03496928821622518,0.007886560243206798,0.007859789990969849,0.013944227917015982,0.014219851582197619
2011-11-03,0.04463617504304274,0.14877774508384362,0.08401880444545584,0.04223815143816061,0.0285839221306023,0.09180632317710935,0.008296288307761744,0.01156471958850321,0.014674155800231228,0.021458520289475116
2011-11-04,0.035274758879584464,0.10772530459192568,0.053235120669143966,0.05375686178596758,0.018382379045339216,0.014999829975406146,0.0024287152208827146,0.0034972714043173545,0.011255897031677904,0.011128624904550015
2011-11-05,0.03598353596461747,0.11432609703564509,0.06609183828924273,0.009650124574340982,0.020480566056646297,0.011803960712390302,0.003535365571338646,0.004609961975869436,0.007997584488069611,0.01069256386813616
2011-11-06,0.02946996728010736,0.09981875325846486,0.05625546977875206,0.040979129724506985,0.023803867745635667,0.06223654971506337,0.02144249075874272,0.012583514786318537,0.03066652974686895,0.028457675980904852
2011-11-07,0.020728147650473316,0.027452486567108296,0.015739067983361325,0.004999642904530868,0.024165420747737292,0.09810593953486277,0.011137690141330155,0.014545006620159347,0.022398183856544726,0.025566150976801684
2011-11-08,0.04062564371305308,0.09108023387614209,0.046764818969790414,0.010389785694977375,0.03921948549304753,0.05559806224520111,0.006493550201427662,0.007880140497288239,0.020258926821243247,0.021636174128212098
2011-11-09,0.02807270001976717,0.08989591983991368,0.04895476658312683,0.015393230967550041,0.030061724330139365,0.07450769079648241,0.008386963106004086,0.013389502943306571,0.020193111059018314,0.023358856883982152
2011-11-10,0.04086622707545545,0.14447752711671233,0.07914806158385695,0.045466484337790505,0.033274126726521296,0.06326046538691593,0.02103705793579617,0.023545016219786087,0.03265390551997371,0.03057277931541371
2011-11-11,0.036932301357781014,0.09518892220714972,0.05263324138640221,0.012359030278260836,0.03506406652843602,0.10942884627451414,0.01289953697055338,0.019564981300267167,0.024689472803354918,0.026214350005189613
2011-11-12,0.016936537268916127,0.04419515522178004,0.030541028150070704,0.00851742906468322,0.02505734089118575,0.12420490349031749,0.009183796161852964,0.017564210257358336,0.021569954675768787,0.08917478550855719
2011-11-13,0.02858926773944477,0.05904876644329274,0.03166473076810052,0.004729487857839585,0.04548320901193111,0.11410162784692462,0.0076932335638880585,0.02215807497322028,0.019936186072848167,0.026270807090268255
2011-11-14,0.017886827057168604,0.036236489709180385,0.021981001507534428,0.0079041102053467,0.02740269852360856,0.06247425571658298,0.014164757079982403,0.011222547511982147,0.029023114993643247,0.026237962625814442
2011-11-15,0.07179839167775899,0.08207199139221302,0.04895516309732672,0.012591627268012636,0.033002313709090195,0.06932181502134267,0.01605503613863001,0.015018911406273872,0.028209865558254395,0.027566210990178384
2011-11-16,0.02991337339092461,0.1025301493405105,0.06021853899696942,0.01038119078509076,0.026091326209594874,0.05224949606291212,0.011516068911075298,0.01063685501910351,0.024183088853028355,0.02534464872820666
2011-11-17,0.02609216597745073,0.07699530409779302,0.045635209330516034,0.005142001965424634,0.03383417278457743,0.1377931532952493,0.005996447430883989,0.020327824316366507,0.01676266115165623,0.023988299064113726
2011-11-18,0.028666610838791955,0.03466544724177189,0.023567151595125506,0.0027657708869955893,0.04039490469801402,0.07394143962668653,0.00527396183624337,0.014323914085687148,0.016917102472736756,0.022323420309321437
2011-11-19,0.04681992408506114,0.11182470174384894,0.07136527454036318,0.0027021160676694066,0.032152981017985124,0.08116084162158062,0.0035259719286002546,0.012885915391330766,0.016779721732217763,0.021758934042511783
2011-11-20,0.024514004773070266,0.10426736974650833,0.06408268588856647,0.005126802685091619,0.024470285330762016,0.06568983599421456,0.004686493991416901,0.0076339120796867915,0.016420335083835582,0.02005341684043711
2011-11-21,0.026273661573096952,0.1095242988141038,0.06415243156957641,0.009423583493087407,0.02234307995237396,0.04731922435052818,0.005754189275657562,0.011454672605358332,0.0187465126993827,0.02265753773554435
2011-11-22,0.036869976824264905,0.16114639124540708,0.0934758617805652,0.011734447418966837,0.02710194515974591,0.05092723347432463,0.004527693110146771,0.013289921746813392,0.015461751899722863,0.021035384586524996
2011-11-23,0.029472630607046937,0.11939806936435887,0.07042674998748716,0.01809411249094431,0.025482135633761355,0.06039774480893901,0.005629206856160135,0.010754320994312314,0.016378019234123655,0.019446754799175254
2011-11-24,0.040361518204744366,0.15809087410342593,0.09595537872780938,0.02414316719983936,0.02985450550341836,0.0655021981207997,0.006102354298801494,0.04495767078748709,0.015976004172667563,0.021192976218403537
2011-11-25,0.0455336259880859,0.17164761822455102,0.09401345688839227,0.026006024955396598,0.031920684963664375,0.07796758347073078,0.005004098310646443,0.0352363777765418,0.013220239882550573,0.021694017498499384
2011-11-26,0.04286559341431958,0.14961112124406156,0.08678296238608038,0.019246524510488625,0.03005453586631261,0.0716443590604356,0.0034486906431014583,0.006886500366316187,0.012440832088272314,0.020154375063667792
2011-11-27,0.04160617788495367,0.11792084183880448,0.0681035070790929,0.012679463095947226,0.1984205194831104,0.07172047449806263,0.005336902944100745,0.017686088591438977,0.014673059835155374,0.022128848367881787
2011-11-28,0.028007422228263027,0.0710715262179443,0.04584146353359569,0.006901236748912548,0.024975098716085824,0.1049475729827399,0.0032251809528959776,0.01584025932439158,0.015342255830337112,0.019095797731260612
2011-11-29,0.03293035986230067,0.09162220218338182,0.0497234103865043,0.009713520023691646,0.026541274030237982,0.059199200403527136,0.0034766588911222173,0.007956036941923157,0.014849600354374581,0.019238342697047148
2011-11-30,0.025544454170028895,0.0730501184560203,0.04632602570635989,0.005129340962878437,0.022401574789921396,0.05437502701653169,0.0030135239594310565,0.005773205726684399,0.015433682350227941,0.01884748719189927
2011-12-01,0.029036431044841386,0.07956447119071604,0.047750312087843326,0.007133835885158442,0.029522343575786973,0.05903827387916634,0.0033053913537763905,0.009031026644736026,0.01524456017599858,0.02026947277889265
2011-12-02,0.028045395431810012,0.07411022143335937,0.04207503817311303,0.008524089462759966,0.02129970944228114,0.05670915777683076,0.0036594065777595004,0.0087680076350427991,0.016357307486521522,0.020445332082767394
2011-12-03,0.019026035744360317,0.02693934059360002,0.01837251363687581,0.00632061927747328,0.02037776804881485,0.05216575839204805,0.002502695056438225,0.006007675487554487,0.015765679418392117,0.018570252148243285
2011-12-04,0.02210558069741179,0.07330379327986575,0.04307744301315466,0.005301584134916341,0.020374079383641348,0.058322559335559264,0.002552588273275391,0.001096986445624863,0.01603537401721447,0.017380005977234096
2011-12-05,0.028714615005763788,0.10683663790535536,0.06790453562691466,0.00931906726801599,0.021943709512704572,0.049129211686490315,0.0037316511518808286,0.00898773562272893,0.015544894005469349,0.019711949330501733
2011-12-06,0.022851658022650538,0.04959611644562128,0.030571718443160388,0.008123740919703337,0.01972230752555949,0.05974475598763858,0.0032569148930243668,0.01090763148157677,0.019094770169107045,0.020349080903474103
2011-12-07,0.01600134427112711,0.07083433981944218,0.028408341242929614,0.0027923828476649495,0.01759344755606972,0.04403690409553033,0.006209497358772845,0.03934296894960716,0.015346657162479873,0.019086791900255848
2011-12-08,0.017861749760989427,0.04404320011049023,0.03157265060290588,0.0023221524563546052,0.02065894768568707,0.06609470450535553,0.0037827625736912736,0.02420498938113316,0.016173589443977468,0.02054565051452232
2011-12-09,0.01113241891846137,0.03969816763659799,0.033207824403315524,0.0011150554123930928,0.015139939641517929,0.04130721577657607,0.0022174781547276367,0.002218780147887135,0.013747237881055236,0.016073251885425154
2011-12-10,0.0145998543788934,0.014932286809122794,0.01600729622215385,9.590657196222608e-4,0.015944871129727582,0.04149302644420153,0.0021959416362662375,0.001788023595626253,0.015906537575505593,0.01727899690024144
2011-12-11,0.0064776051489850925,0.019119974380046558,0.016699048917806287,8.263019436775286e-4,0.013433359838161723,0.0654974015062851,0.0020095597362164833,0.0024332399384505133,0.015290445168599938,0.017480547979172787
2011-12-12,0.01637577200296838,0.0398237624911262,0.024427948087085167,0.003271083122902163,0.022338116015685375,0.088004793682142,0.007596975708207471,0.040327816880973866,0.01867464077449777,0.02707998392301191
2011-12-13,0.00973826772984645,0.027094444056257567,0.012928877664225935,0.005426935188691065,0.01659220781197666,0.07073466405250922,0.015561824237697867,0.04946777355949327,0.02554353033752809,0.058691461693691833
2011-12-14,0.018103338250530992,0.0404387124805492,0.01944836589399116,0.005192201026675312,0.01704746901831998,0.1251674831346493,0.00744008083643042,0.01845813827020109,0.01780060412699043,0.024162107405097732
2011-12-15,0.021665494695643286,0.06341883677454878,0.037808759958115216,0.006088592917153625,0.02360143334004172,0.04237014194678728,0.005416746397347769,0.04979262168811307,0.019050002674573577,0.02683905518201836
2011-12-16,0.019606566606601507,0.0745022096775259,0.04808514855856723,0.005925361176382406,0.01615012836550535,0.06425918221357824,0.008468797317504948,0.07953893091891735,0.016691970887198607,0.021925488769966243
2011-12-17,0.013596872977506808,0.037102648816375594,0.027111786184561913,0.00817287243481895,0.01876301154005776,0.05531105932204001,0.006484726735076682,0.00808543289342338,0.0192442307211775,0.021990128796596644
2011-12-18,0.016737970712315035,0.04446830203233993,0.03370120127257933,0.005641594201802244,0.015155849967306075,0.051497840778850335,0.005743299777259581,0.012442041793532537,0.014369316568294738,0.02435013271118451
2011-12-19,0.016372733228457902,0.01665580432763555,0.014046099770289113,0.003504528654324823,0.014073227363121091,0.056261456880188375,0.004304440813304334,0.0838518414985,0.015278638266737168,0.08310098969740078
2011-12-20,0.013653209165659435,0.011042027861263626,0.014814668151328146,0.002576155257587971,0.014300264014034296,0.05103825702771164,0.002796904852957935,0.02263939672844215,0.014634649690235677,0.021082306295247755
2011-12-21,0.020929121784888278,0.04783834988433338,0.033405076757369506,0.0026508002068256825,0.014530994704386315,0.08184021162830599,0.002452856077386455,0.028172688635750676,0.01286029960653616,0.016284635265328258
2011-12-22,0.012657662084533566,0.021745928148308943,0.014796922742029924,0.002042891660337228,0.014891996841195871,0.053601240000962155,0.0028949481676672725,0.006542171283555255,0.015578976467919791,0.019039679228394533
2011-12-23,0.011378769346790418,0.03610903257128336,0.021928066567734886,0.004346623200921896,0.014863098282388972,0.04933372694313544,0.0027919965851726015,0.020635114020940575,0.01718574554870139,0.018286612438349805
2011-12-24,0.034527815521835425,0.09390092300548845,0.06119855560465158,0.01253623838333311,0.023054106686257896,0.07103130827822554,0.00337912318671284,0.025140485204621702,0.01615527005679664,0.01912045465344588
2011-12-25,0.030848519164718678,0.0937201629371949,0.04192886703012892,0.009268587650491869,0.01764038217783316,0.09478084073437563,0.003170368267474523,0.01445580866211057,0.015244338920192427,0.021002076783736365
2011-12-26,0.022886766009281925,0.07124633611341004,0.044849249867456975,0.010349287915863226,0.016292142064783313,0.05189256767651633,0.003514372565495913,0.020108052705844533,0.015190593838883545,0.019173764627812562
2011-12-27,0.02866087370080854,0.0962131324103402,0.06004633220802999,0.011476300402733505,0.015934862876581708,0.050235625959481243,0.0036944624639237643,0.022920308074921517,0.016291873887122898,0.018093913135537862
2011-12-28,0.025602329943401378,0.09639173057061776,0.0620282326244793,0.007491078022600838,0.01476002183828201,0.06674001568263825,0.003706266931220685,0.04336257967361735,0.014433419389759873,0.01857704879969238
2011-12-29,0.024179646042598674,0.09564562945627997,0.06047042881950446,0.00754567939256856,0.01786571483356063,0.04577581296014551,0.0039035921503713877,0.04840908277558388,0.014839239627029375,0.019075187050348708
2011-12-30,0.019685606829272898,0.0729910901650341,0.047597667591557466,0.005847866487331242,0.01566982424714441,0.057013927283637696,0.003059909654021529,0.029421976447314323,0.01472983409806797,0.018827714305012528
2011-12-31,0.020327235404690062,0.0681808881309748,0.04320816362263267,0.005549181027335319,0.017073834534553217,0.04909589813844942,0.0037317042573184844,0.03450687885513107,0.015331216509395453,0.02360644533578509
2012-01-01,0.031326968060008425,0.12956548675993482,0.0808201844207922,0.03242581578447573,0.01867127816687074,0.04253812360968868,0.006313627656396832,0.06332214272969527,0.015007033689415214,0.019336241262825488
2012-01-02,0.037120823001759444,0.1553620228588435,0.09423589799951154,0.04631008037528066,0.02221528427174584,0.04463615004913349,0.005772336600305583,0.0401839483361902,0.0165090343388779,0.019700044405477887
2012-01-03,0.027043141029629725,0.09101854187807051,0.06194329990484721,0.012801855502752245,0.01798138303682267,0.0542774847516227,0.0026689059470129143,0.01183672318711493,0.015274788555851248,0.01820306303806285
2012-01-04,0.025390824234330252,0.09428883521757221,0.06411001707940707,0.010332010183630634,0.01709281134359716,0.04768808066156044,0.002517539750450465,0.013092339297551419,0.014877986733016631,0.01811388515971304
2012-01-05,0.03359227410206119,0.10639060038029717,0.06658827168286902,0.008979562529479042,0.02085245590433837,0.04700569544377891,0.003958027757192032,0.008481054841311446,0.015015325724108472,0.02384675243396849
2012-01-06,0.011334359088177383,0.02310411817371769,0.018213685168988764,0.004179509573008108,0.01414572021279561,0.045169107308760656,0.003558011366317413,0.011049795591024357,0.016884845374122118,0.024530398471106746
2012-01-07,0.024784465118126604,0.10139558824883001,0.065789708138955,0.0066089750437096795,0.015217067819886123,0.05689167685177281,0.003533337965542355,0.016850350342236642,0.016123747752073835,0.01752707375248576
2012-01-08,0.024274722757300398,0.05770383480087083,0.037981229828108413,0.006936447556510527,0.026164710488254823,0.08016663607199023,0.004719726975813233,0.03415235857903601,0.013439154606772655,0.02219275098898609
2012-01-09,0.023147614662961467,0.09789056622084616,0.06435693009173808,0.0050792832572843566,0.01688481571278383,0.026973563257098328,0.002729190129120371,0.02493826668454085,0.008930669595130294,0.0173332618227355
2012-01-10,0.022152048560077995,0.026520558687304477,0.020926372646619628,0.0029313522033234934,0.01931641588693672,0.05088832666219813,0.0054556122658971674,0.06156254016417667,0.0165035967106991,0.021096429887335115
2012-01-11,0.01585885162655057,0.018563864202044467,0.013302525986169302,0.0032900326544791072,0.017318990705018175,0.055884167399254885,0.0037396591417139776,0.020433999241199024,0.016127956524305667,0.019934587688571582
2012-01-12,0.020659411192236174,0.018330536353648577,0.012889331246435353,0.006670531291448709,0.023640941462577746,0.05706281466418003,0.005235172654176572,0.025223920588869873,0.015545571443950372,0.020336481836098333
2012-01-13,0.012934342388619444,0.02792299856469467,0.015727618727778347,0.006000868716977185,0.01673359477689689,0.04840032794677484,0.0043628327072814275,0.02930354862519304,0.01693125324642137,0.018582010105610523
2012-01-14,0.024645415350110774,0.04586629214318774,0.03342645383483386,0.01177862031398738,0.023525022778440322,0.07464284415038043,0.0050903256198067195,0.029801205362558553,0.01710254796248871,0.021272212709301425
2012-01-15,0.030284765583921635,0.09768399745164237,0.0576527356913678,0.008623696971670671,0.02276001790470355,0.050677509452490076,0.004296103398615641,0.010166874777271578,0.01579319766187521,0.018606817485287024
2012-01-16,0.019428702252993726,0.04782333972117397,0.02926190027648714,0.004823291495801022,0.017786160067563107,0.05205480224341553,0.0031367936821771253,0.005589553261879482,0.014536072975959253,0.017649192339665193
2012-01-17,0.01347588721867181,0.016794429289074115,0.014711782150737396,0.0043416748331273425,0.018121203098950454,0.06378009670374546,0.003935736134823477,0.017742251593197946,0.018200765762479063,0.02092491884306893
2012-01-18,0.03867367929122838,0.06131474772503852,0.03695178900071693,0.008546939641311603,0.03947561390843787,0.089011952538948,0.02957152544058286,0.05349579313969696,0.01567900792623788,0.022991662370629575
2012-01-19,0.013222305681129164,0.018557005282320276,0.01495752477279769,0.004785034397466999,0.01590403526955871,0.048397808003741036,0.0029219317249593703,0.00925993802570331,0.014395011893631189,0.016452057330689048
2012-01-20,0.006856571844579084,0.01473972443050852,0.01632085741578814,0.003558978079430073,0.01647590055735978,0.04676904609413324,0.0030841711041126713,0.004092546397194586,0.016187504528806924,0.017527136433743037
2012-01-21,0.06896408609499871,0.12978305160698259,0.06636983203222956,0.046614251532040116,0.06677780070638147,0.03423345922804678,0.010677057328035476,0.029686054772021454,0.021849267218857417,0.030509416779576956
2012-01-22,0.006510139848483602,0.017177146606432,0.01630991164444884,0.003572436195945565,0.011946992431361835,0.06498954097712115,0.0030882248410894616,0.002038683049354736,0.014022568046022053,0.01624948571671178
2012-01-23,0.007445544872604071,0.020566177707917032,0.012826374880372561,0.002564852960533208,0.015313118518791668,0.04664121773002021,0.002644791002237645,0.0026080774075888814,0.015764960198378277,0.01514630589373475
2012-01-24,0.006368025524669191,0.022257382738430403,0.014832953021704707,0.0019173700008484613,0.013733370898729683,0.0476361856097447,0.0026412173586545513,0.002618663396652735,0.016097333370036007,0.015689030947100877
2012-01-25,0.009342448224725885,0.02981245254484239,0.023222499196560536,0.0010777445626615778,0.014082744018002035,0.04973713605511344,0.0030102966094753773,0.01271951636812135,0.014536655042391051,0.017099306198572826
2012-01-26,0.011690238636855142,0.03980958890202029,0.03199667031107226,7.212672618722436e-4,0.014848052141709511,0.04169900842222065,0.0028412865024183198,0.0024901212204697927,0.014475326831293534,0.016040079861160746
2012-01-27,0.013876780488141541,0.03444874782950366,0.032541787241153364,7.134474711348789e-4,0.014586313081898937,0.05010979672253687,0.012292500271530516,0.011455854994394063,0.01975726976662473,0.0208783616323029
2012-03-11,0.016210183669582576,0.051253746767969885,0.03212241922772112,0.011953638482995764,0.023053399514623586,0.08585432758669097,0.018202802721034014,0.1975153140009583,0.027749521501274417,0.09106086607401206
2012-03-12,0.040077888982016245,0.1405773233104284,0.08972115941304042,0.02050357647442477,0.03148661154714127,0.0895795012803937,0.06028958598076179,0.13003298344016645,0.050364094316503724,0.09223433541424958
2012-03-13,0.038132724322130516,0.17202414685094927,0.08450415733941002,0.014323606339046275,0.02769357795437511,0.09894208083068069,0.0644313397661844,0.019170262230487164,0.05725047648215548,0.0926616913534473
2012-03-14,0.02413711933416267,0.07084361898119818,0.05163729176657652,0.005390409406879447,0.021568160666345322,0.0890906810588603,0.06771617182170842,0.03935169751189539,0.05753156131130835,0.09644673830725117
2012-03-15,0.0233114186959268,0.09140993501147826,0.05346817871875466,0.004919623590099305,0.021381528927042974,0.08751942901798587,0.03126368058602611,0.04788499737330372,0.041518364396540476,0.0922393419810891
2012-03-16,0.0211231365853036,0.08403928508470468,0.04843222998696896,0.003906064748056517,0.02124732253679114,0.08783634939300657,0.017001194739426784,0.035884860444678285,0.03225674577044484,0.08929851509658687
2012-03-17,0.030611439544033607,0.105877548392808,0.07018493635245121,0.006041737669073946,0.027466606007240307,0.1471621569751514,0.046492377642227675,0.036398199113813916,0.0628862073933727,0.09386869530031036
2012-03-18,0.051914499582547326,0.1743449444132602,0.10529004565381515,0.009569867634637838,0.03727377702503163,0.10239979614602879,0.3374451106930071,0.038570292879030084,0.26429027020008666,0.16150968632342808
2012-03-19,0.043016700941711006,0.16011029398415902,0.09671847653861454,0.026868772769049382,0.031128629517566026,0.13006669409579347,0.48853853766729444,0.03785469718086127,0.16468789449436272,0.2817636094569207
2012-03-20,0.027314053170373664,0.10828430509571471,0.068854956257506,0.01078281132872315,0.02616903124749693,0.12046766235513387,0.058519784696722046,0.038073005502913114,0.06804579123954402,0.09774581033453968
2012-03-21,0.03318263576102053,0.10405285822136129,0.06349952186073189,0.004221723440711111,0.027378606388476626,0.10413636511150423,0.020586554812813792,0.036319027067251236,0.038654037021381864,0.09619291174865473
2012-03-22,0.03472254943219585,0.13093737266196467,0.0823247907976999,0.007280012596018591,0.026019041691888917,0.11387829562726579,0.053111438359267044,0.0357955651166827,0.055938421020915126,0.09847587045755271
2012-03-23,0.031591995480064784,0.09988582023688844,0.06864964636846074,0.019396237713767896,0.02668638911540636,0.09890518651812642,0.05133675247390208,0.033025290514823925,0.053946646699710846,0.09500769496697081
2012-03-24,0.04304372804221272,0.17013967082348933,0.11002728937686285,0.021005053073364956,0.028428813774396516,0.10547950557419068,0.10712776219253638,0.03264674044447833,0.09837681438597638,0.10760025945895865
2012-03-25,0.042606152185217204,0.1734848686067425,0.10842333441198317,0.033058132619769545,0.030031312312468562,0.1290798247576561,0.19992928104566557,0.034415015787769974,0.1533256355955433,0.11671414365531868
2012-03-26,0.0428131226450934,0.1704127579749552,0.09153738624269034,0.03548124868728575,0.03138151555983215,0.09504825436272218,0.23793994062305002,0.03258720647576122,0.18181258638427625,0.1309510202300095
2012-03-27,0.0426920848805613,0.14482900624989029,0.09310033809279523,0.0253733498021795,0.030288334042191802,0.09185714375337509,0.06501707104752223,0.03065494038207996,0.07866323564885196,0.1019739322022042
2012-03-28,0.033008153132013385,0.09556812390234355,0.05957836631158002,0.006911164866287341,0.027065376619337243,0.09361645097752815,0.01957197650189937,0.03547311333070909,0.03390777968156684,0.09303369862782354
2012-03-29,0.031037067476607724,0.11424895967944072,0.0697037288472255,0.0073591770806773005,0.023259956794147652,0.09481836110158273,0.07286681518584325,0.03471286581841142,0.07231931888176243,0.09622774144186091
2012-03-30,0.04072892544974047,0.14121890608533785,0.08292849018052836,0.008679142867768769,0.02486024643865308,0.09124511091632281,0.07442412441913294,0.03690542835574824,0.06549298079985166,0.09545598804897311
2012-03-31,0.03384681724019534,0.13024575501113764,0.08382095968483447,0.00440914841790957,0.022697744773976875,0.08130935279684091,0.027219897304430456,0.03527096542370519,0.03617681138952208,0.09087917744843592
2012-04-01,0.024561043304732688,0.0953743321874784,0.06525279844549348,0.005351856463127416,0.020379976675101788,0.13802786796894764,0.02631198807760121,0.03638480254503378,0.03964688518680593,0.09010684010692412
2012-04-02,0.041821773956718725,0.15962462285560136,0.09636220486776387,0.007639795592347793,0.03377380787890883,0.11241834016239971,0.031837663375157935,0.03826124022257057,0.046242212340226754,0.09637359055441012
2012-04-03,0.029432561691252978,0.10742711754478451,0.06981043918299033,0.009655325658024981,0.0243345336232693,0.09189166420972593,0.03844598921241808,0.03813300793278034,0.05271955489139394,0.0959477091720128
2012-04-04,0.03775788717680069,0.1476612477010751,0.09453301199464899,0.022643276144859923,0.025467077497080073,0.09333808207822797,0.030262100594948303,0.042917359984644875,0.04068609879356732,0.09552044745705882
2012-04-05,0.04166054544294684,0.16878618537541235,0.10011068967463747,0.02653167941193106,0.028851880969449278,0.09446348386771389,0.019825617231752225,0.19578675109527377,0.03373541856443413,0.0905037385052402
2012-04-06,0.03600805873987865,0.1389321323361625,0.0818364780508301,0.019467716965862338,0.025158261903031175,0.09737129680836641,0.00995424745892286,0.1003753492966186,0.028762440442826828,0.09059276285018333
2012-04-07,0.03805369403112931,0.13183884339191115,0.07884932728088809,0.017209608091716153,0.023929888730135688,0.1227802466872374,0.020605849470352086,0.09086271797243207,0.03569491863267613,0.08201876450721796
2012-04-08,0.03388923499326725,0.13204608643388907,0.07953531666565188,0.012259050296203241,0.03304658484384783,0.09771022370353416,0.026955283373440886,0.03868590673695322,0.040544920961991235,0.09338034182338346
2012-04-09,0.025391016819196244,0.10027818724103374,0.05731443950953517,0.011887484312311998,0.021977692835051774,0.08407004648243421,0.04366061707282622,0.036830936940354324,0.051922576635215836,0.09262456190062533
2012-04-10,0.02999372952970096,0.12103316912374121,0.07570085247286223,0.008929976588712968,0.02326416219326801,0.08703733547304646,0.023761443063939788,0.03373479770916184,0.033468521323838846,0.0912140018141852
2012-04-11,0.02324888198249898,0.10550787464233644,0.05945996891972459,0.0066048490579849115,0.020952114006042827,0.08185183348122234,0.004240796341208187,0.03847392375013929,0.021513351143943003,0.08823304745704544
2012-04-12,0.017745697667780582,0.07123431944048067,0.048382116576469715,0.002941442406566917,0.019346791869296245,0.08169461697907514,0.004766116128527525,0.08584582380319415,0.019264252511531948,0.08912806175800646
2012-04-13,0.01707962595288158,0.07141531295408236,0.04582910213144175,0.0029898685703834884,0.017935429499074344,0.07961015105589143,0.00473943828429691,0.036287959233355496,0.01914612291671879,0.08866712297574533
2012-04-14,0.021131985174130303,0.08545017214091695,0.06151498866935376,0.0030679239667194395,0.019508402181115575,0.08812020145134113,0.0025906186894948825,0.03596718384924456,0.024624404404248908,0.08806129674079029
2012-04-15,0.019156872199870556,0.07493854105900313,0.05200781796122128,0.006458522272868409,0.01978543919168693,0.11007084206635122,0.011506780576676132,0.035487173322266544,0.02522772331451797,0.0887228815579289
2012-04-16,0.03757018967767008,0.12482231951964244,0.08304650099682742,0.017651747053796032,0.0264307971066869,0.0858781867306221,0.015177676305041053,0.03805596266824715,0.02949675294865255,0.09183041871917093
2012-04-17,0.029809182340618415,0.11177365500197052,0.07304875246178222,0.016243813801899022,0.02354216662935223,0.09005537925466901,0.030538552835717398,0.03543349443180725,0.0384442220824388,0.09111262417317668
2012-04-18,0.035557877154919836,0.1413198641561378,0.07467859524897577,0.028042364408600706,0.025134378423926004,0.0950397528480571,0.033147928856060424,0.039777028875677745,0.041839670248182095,0.09221576661343721
2012-04-19,0.04265264615047158,0.1513106910351644,0.09944852236391326,0.026137061474250753,0.02755018053033401,0.09556012240881563,0.025190507465678094,0.037590015773821234,0.03952169120365996,0.09188224241222778
2012-04-20,0.04068867662660069,0.1561087621123873,0.09610277174559606,0.02028963287948094,0.02684437943014145,0.10824142759585384,0.06627496420192691,0.034522980325710245,0.06779292687169688,0.09577926727402573
2012-04-21,0.03944674856922888,0.13954440577150637,0.08480328452039534,0.027551473992921675,0.026678582781267952,0.09556418360487696,0.09825323885327486,0.03453138724320857,0.09770466132243623,0.10399666310302538
2012-04-22,0.044979507150689414,0.16588294864981912,0.09926093279856522,0.03434196450663338,0.0277783203736651,0.082201389983046,0.05519765587725293,0.03356708244435644,0.07569305981123599,0.0981160978582594
2012-04-23,0.048940006378944946,0.2284912373095742,0.0996567930970257,0.030043162050558517,0.03526857111147259,0.09696826271298752,0.03810948760067557,0.03563724236796862,0.0552335830186574,0.09263864268593537
2012-04-24,0.04836009546148784,0.15278683848099556,0.09636110079492949,0.03793897792358693,0.028906789248768088,0.08359954061962353,0.025894504621652797,0.03731915986094361,0.046326027973342274,0.09245987636917948
2012-04-25,0.04091655911586647,0.19954231733751682,0.09532159547790241,0.03372477994563771,0.028177836871226266,0.09011033943509586,0.03739969996593435,0.033120110401261636,0.05576280739924167,0.09458486126850167
2012-04-26,0.041607820209237374,0.1607561646861655,0.09496287988401612,0.034623251874279046,0.02795713582773568,0.1056933009433944,0.025125838651796507,0.036370893414982,0.057917920340782546,0.0944526698938249
2012-04-27,0.04523331292698167,0.17355613171257434,0.09000392948689909,0.05521999171372366,0.03180130274594709,0.08594487439790949,0.0501140995952214,0.041655871446155325,0.07053646772402614,0.09947992683160196
2012-04-28,0.03850510945247411,0.1515920662851178,0.08875001700983158,0.04285252927020946,0.02985993452970911,0.09218283941437488,0.024817423340679896,0.03890947081141335,0.05082113827834416,0.09196489270514636
2012-04-29,0.039308007700957694,0.16577742987047925,0.09544672152632408,0.035820992704222246,0.02951971813941054,0.11392390103514653,0.07710471424316478,0.036579455290145696,0.1742983993294342,0.11491708650962541
2012-04-30,0.04516216460259952,0.17271505148850896,0.09646192653342708,0.04240381689773835,0.03353427185040999,0.11613951879588684,0.12576137694847297,0.03758757145529202,0.2377276873118249,0.1432245737040141
2012-05-01,0.04384718114601855,0.1787759574965547,0.11083948881395135,0.0407241929383925,0.03235868498279649,0.1071111787680587,0.11452199350629626,0.03735532624174635,0.18470308626910054,0.11851593197538603
2012-05-02,0.043310599807363626,0.17358375697088507,0.10794346447500891,0.04163301279326723,0.0338123193127539,0.10490645506063016,0.10775306884702099,0.036729005361146635,0.1836737609475084,0.12871235102060632
2012-05-03,0.040039813424249567,0.15177916875749725,0.098512770426240015,0.03116637811758119,0.02968712418012634,0.09315039014551704,0.08201583425548604,0.03590298827079864,0.13387755043882935,0.10299485697466068
2012-05-04,0.04428187685222769,0.1725862112641092,0.10908271484003118,0.02261653741990256,0.029493711006693655,0.08728326168057447,0.03843597244682574,0.03425556917825204,0.08421008707936635,0.09811473175285909
2012-05-05,0.04363487834516486,0.17316033974773654,0.10801926596467813,0.01901023168352585,0.025786087057540083,0.1027080784020158,0.05966707938734208,0.04088356097832126,0.09808956450799891,0.06608649143360984
2012-05-06,0.043411822087679616,0.17337459466595992,0.10811889907404411,0.0201672995737282,0.02572140807974694,0.0895695076216548,0.05217181211690979,0.03694791319528367,0.09131344165782651,0.10309103316159067
2012-05-07,0.04720066207899401,0.1686283951282716,0.10819762818871395,0.020494928576866783,0.02681862276104,0.0903806943307943,0.08491603836403579,0.03884663321947971,0.09910831434380388,0.1021936913074874
2012-05-08,0.04164889915228245,0.16961249820368096,0.10718065747093881,0.04323413634410611,0.027331719483564484,0.08481853964060848,0.03728686681084037,0.030394161771828358,0.06775969290467791,0.0950881155459635
2012-05-09,0.041658848105835596,0.17093355233853907,0.108579891876512,0.026714618761595265,0.026225291680025308,0.1042493581844853,0.06721331636550829,0.037581632397616076,0.15136884858870348,0.10768513500773365
2012-05-10,0.04148955325128917,0.1658761967492384,0.10125215152002329,0.041576321667223595,0.029299695540647666,0.10612959777793994,0.19116577712265156,0.028960506474496526,0.10211872303518894,0.20061763170700783
2012-05-11,0.042901247963820825,0.16880313670868455,0.10391756979474846,0.04817875453266931,0.03347747070749753,0.12267465379566042,0.1500410706905959,0.03610863937488522,0.26458324412442785,0.16357121844601152
2012-05-12,0.045270719977079016,0.16931827121017348,0.10627985410803381,0.06517230036056196,0.03806888998787983,0.10997359586883894,0.11941742669690236,0.03528376042180171,0.17650916552209048,0.13588491636352745
2012-05-13,0.04171230188561816,0.16527748731816597,0.09723775542762565,0.05076361434357828,0.030173371433761965,0.08319788111200799,0.04922345958814171,0.039210622906844586,0.08250482876916852,0.10172050032402284
2012-05-14,0.045917391817562735,0.17365321423687147,0.10070163520894333,0.043725232548531376,0.030265336750876132,0.0757438724288083,0.03218240207244261,0.038126363585814435,0.06914939351957042,0.09924471917508083
2012-05-15,0.034023169779594735,0.13078156684082343,0.08407635273415814,0.0242709506898933,0.022852570428498566,0.09031066224485869,0.04344968559974671,0.03349180748687489,0.05864565727303536,0.09319174051849247
2012-05-16,0.036166416980124634,0.14806048965268348,0.07905991920327879,0.027166522122832736,0.023438650821079925,0.08475025461147531,0.07633114245582376,0.03516134433274197,0.09066103904963271,0.10156865810115775
2012-05-17,0.0364387071423304,0.14578687445099833,0.0919585118244515,0.023620689275191245,0.02337422318331424,0.08936258499897078,0.07947157162375398,0.03727733976301548,0.09269047700024201,0.10395142655466706
2012-05-18,0.03370049484081214,0.14184290123328966,0.08556106195948648,0.02708011367059908,0.02380869361719867,0.09717265784716272,0.09801881086671574,0.03671856176388197,0.11153969899653934,0.10823350272808306
2012-05-19,0.03578895724990317,0.16385154353410974,0.08844084310862368,0.03227339387933151,0.023401920811942156,0.12458432133736078,0.05861288203677198,0.03364723074179976,0.08455819447782349,0.10244056594024904
2012-05-20,0.0345905706325898,0.14593441973595903,0.09120263343544112,0.03589079087651751,0.025943726441018652,0.10355206868214546,0.09083409428401795,0.037323750065121314,0.10526829524036181,0.10896914702387253
2012-05-21,0.022275427363544095,0.09110096663895029,0.0602455211032213,0.02470906258327553,0.020633041620287458,0.13364618249481722,0.03708810606279572,0.04306648969295243,0.04877767122217367,0.10107312824404789
2012-05-22,0.030292200098400644,0.10915538173563917,0.07250545785080309,0.022707637493069584,0.037558641887861406,0.10893387497296804,0.015503899995637864,0.029042175781034137,0.03266383790200932,0.09040568889971799
2012-05-23,0.02450345726307893,0.09942432613949347,0.05968986478363723,0.013135473752308325,0.022439462169980717,0.10832699860192023,0.008856297406664708,0.03754740616294804,0.026149946719334988,0.08895266577105361
2012-05-24,0.020627477474706182,0.09052486122412372,0.05665103234632889,0.017019346925910957,0.021436577806803733,0.07729262441175072,0.08956832517985015,0.03661741697589668,0.10384957386334379,0.106461705937152
2012-05-25,0.058900557984143724,0.14576378973486195,0.07817877771578037,0.0853705983620063,0.05045235774751461,0.13269047384372737,0.21823518418026533,0.03429269982970871,0.20711779175053088,0.1377519109315181
2012-05-26,0.037484980291477406,0.14799368460783927,0.0832843110866713,0.06232928340611422,0.03567819989946653,0.09953339009537726,0.11019730438438234,0.03133705095553594,0.11043895420355315,0.10854265614866883
2012-05-27,0.013476029593587622,0.03917602577996362,0.028350978924851954,0.013246087585287501,0.020948641218702956,0.09101915346078719,0.007897758568241294,0.03180741047197783,0.023758817011284336,0.08623989217252213
2012-05-28,0.011328172384680455,0.045280239870476,0.03095714374435185,0.0033467148422772534,0.019446660601830812,0.08140517398509042,0.007902933314977037,0.03707010093185781,0.022196111042238963,0.08758888139827846
2012-05-29,0.012415911292938429,0.046820448862234444,0.030654481502478147,0.0016467707748985007,0.018229032979472495,0.08147625681162561,0.007551449300739476,0.03648523612149135,0.022799128032389253,0.08674137398746908
2012-05-30,0.017083402873815712,0.07270416372372863,0.04482915848659681,0.002653365230689802,0.019241702687362097,0.08769938296354497,0.007875819364788934,0.028384860371032602,0.02193737940094083,0.08732812632503131
2012-05-31,0.0055660374444825725,0.03278999577033086,0.011452571508052064,0.0028001306326791505,0.020150084775098585,0.11521635337955397,0.006837616632213164,0.019943661738916207,0.019932171533866172,0.08638649263536391
2012-08-14,0.03143952657854303,0.1184586659707408,0.07914820961028994,0.001697258685435158,0.01741131897173416,0.029650270101132265,0.009253983476086606,0.06495977059375786,0.028713595871764298,0.01322122898338185
2012-08-15,0.018712018371038436,0.07592892097561203,0.05053042374493029,0.0016556008011965593,0.014461432634229025,0.037435658142826865,0.027067618584906673,0.009282497495923192,0.024065177792308077,0.02055601164749915
2012-08-16,0.02824652181580116,0.11280351435591777,0.07238433565789702,0.0036237614776001067,0.017724455374032614,0.02435216365971427,0.004619623028913337,0.045772062857086564,0.03275858488473084,0.13024100927534715
2012-08-17,0.03178220666967946,0.13159709371485037,0.08446331285560708,0.00833916698698955,0.01793738955784645,0.08885666830394826,0.029383454434470047,0.02969735159085714,0.026897017612214528,0.016507754141213173
2012-08-18,0.03167847576853129,0.1325532884948249,0.07838045937317749,0.01165280632266846,0.017575712173959146,0.019073296651320855,0.004989238886787494,0.021532236771286958,0.015356110973467113,0.013666572529225467
2012-08-19,0.029585184860968113,0.12855672075448646,0.07076224826146234,0.019960484919197385,0.019653645196469418,0.04590176770468642,0.03208133749759374,0.028640164099375417,0.02175729129564286,0.015617295962878456
2012-08-20,0.026144732011787318,0.10892914343149683,0.0645327661462822,0.015788501898435118,0.01998956501952604,0.04459609544937029,0.02734951131231967,0.034557206050234,0.020519294369113778,0.016601473364968995
2012-08-21,0.033737382591728496,0.14409033399501095,0.08099786189241985,0.015711066346054545,0.021347557963603332,0.0396243036303507,0.03442900007696705,0.02423091554458859,0.01812787767897111,0.01384349797638122
2012-08-22,0.03044711382031567,0.11266570943856094,0.06695477177646614,0.013995996803933082,0.021756797510517057,0.017884641712193675,0.03621963268160402,0.012411184731401775,0.03848366186612401,0.019873255904750326
2012-08-23,0.03134954504850152,0.1371964439881526,0.08543254889055114,0.014532561016784715,0.01913444578455916,0.04115565734060032,0.03478320125794709,0.031800548368818876,0.032890785350137924,0.019311493634730212
2012-08-24,0.0385698126270819,0.16905928016358324,0.10290510305329019,0.0744519870021312,0.019215925165670906,0.06875239601798581,0.032738257384222307,0.032064171906323144,0.01957973028806512,0.02334938851960913
2012-08-25,0.031852877981410795,0.1412189768029418,0.0858279375495033,0.03132758066677494,0.018870754380852,0.04190854401885138,0.0341191667132611,0.03896856381028832,0.016284408997834923,0.012664506444939584
2012-08-26,0.036896444343445724,0.17086759328049037,0.10424418603528139,0.024935546127892814,0.019684762145935772,0.03974674678644639,0.033865388040544724,0.03421420541658182,0.015431082886369036,0.011127931860610538
2012-08-27,0.030014829680721195,0.14211162149038414,0.0896139943733388,0.02626948879376033,0.018702484369685,0.04402200228737101,0.032581067107037884,0.036266142150960794,0.01445191832416525,0.012322459957517485
2012-08-28,0.028111879209894424,0.12785790534632083,0.0822627104724301,0.018758368661495894,0.018112298324077163,0.022435263918936806,0.031781073951220734,0.035303491744369454,0.015249738074299796,0.01223981779174064
2012-08-29,0.027224374355947805,0.1080324655561609,0.07092363426892961,0.0191481229902661,0.01791114100434864,0.0741929338204968,0.034595182783686944,0.034005679169009054,0.015547135733620933,0.014182230058427512
2012-08-30,0.02423039459003314,0.1078728304392173,0.06456808507523164,0.009279428577202774,0.01598170702680516,0.056070006693707146,0.03418486759054645,0.03739658048281353,0.021539040497554895,0.020063613844688816
2012-08-31,0.027863181421766765,0.11908161824533839,0.07607811633679248,0.014729464182143022,0.01745999528341817,0.06601794222489184,0.034182568432241024,0.035042730742081724,0.014785539689453073,0.022117617851151843
2012-09-01,0.019909340942134042,0.0838012779385954,0.051993903534585294,0.012683976087489914,0.016008334790595862,0.049191756155833204,0.03464315943607137,0.036995678300321994,0.020916515255216706,0.030629037321358164
2012-09-02,0.023556007143950265,0.11354556192814567,0.0654972576801954,0.00838680179786144,0.015488632823501235,0.039882796843391896,0.032581257464822225,0.03085453554830676,0.014794834368193822,0.013407620724350682
2012-09-03,0.02374573484445907,0.10455935950658861,0.06434971084901601,0.008888614748982232,0.016184743854228138,0.044668371332015046,0.03207251174578928,0.03611339961061203,0.014234874351341716,0.014201467353920378
2012-09-04,0.0398991045538372,0.1367405403648727,0.08715285092171719,0.015261838971411094,0.018243360068588434,0.04061348521076973,0.030380281362993544,0.035269957516111894,0.011609467546810732,0.0149842882307935
2012-09-05,0.029822234925934676,0.10134747071105192,0.06895617144858174,0.007161351930239995,0.016873321024555125,0.026002531282481957,0.030356599475563073,0.03213154207686914,0.01097403465112609,0.01470992779615213
2012-09-06,0.027370999244993227,0.10293364082993026,0.06622056542597071,0.008421335570152013,0.015538112410047473,0.07510094375931808,0.023967222577137348,0.016261497898756357,0.01570834357343036,0.017926480866702472
2012-09-07,0.02494771582988077,0.11179389634348451,0.06689372113133463,0.003363177751212278,0.016548091805896024,0.07772016644979172,0.032733178776165696,0.024372617444582433,0.015907372832002383,0.015668611828995073
2012-09-08,0.06763921125815223,0.10857294550396832,0.06537080902096068,0.002231735973899098,0.05053453085751777,0.10551679289397203,0.03198698733883818,0.01517039147009792,0.01893343285490736,0.018199318713752216
2012-09-09,0.03709642094256982,0.12014414687595769,0.07726548122096916,0.006113290679537668,0.0249805207413496,0.05693868559678792,0.03271935297694571,0.04373841412113274,0.02003296686747158,0.025743755279458384
2012-09-10,0.030733697012584178,0.12211794975063656,0.07160851372856789,0.010882865303247427,0.01937026038224872,0.10198184042159619,0.06326520503004782,0.059719134093005145,0.01767041745009601,0.019761010327921057
2012-09-11,0.019734148928574117,0.07513374782791146,0.047666221370095296,0.008049191343909532,0.015133846577532264,0.04520981591428,0.03322473135037304,0.038858015626486754,0.01637928441402764,0.01783564860125514
2012-09-12,0.027752480573428974,0.12373404099009012,0.07510000709773096,0.011493613782844008,0.016060630421833363,0.092703163090983,0.03406384034216623,0.03641567163778861,0.025425551757678935,0.028339302179727768
2012-09-13,0.024585904567920185,0.10974366849492362,0.06623467412803377,0.002695603213330194,0.016514209064808636,0.04217874876173703,0.03343181784379625,0.03740697428616266,0.014517530258678506,0.012854221499140088
2012-09-14,0.026177154503200916,0.11411048606742077,0.07108801202822708,0.0027176756526581755,0.016139518297878165,0.061197787737725856,0.030594188763617202,0.03542592820544237,0.017238745851288033,0.013087533992481295
2012-09-15,0.024440575850802993,0.10873280685973491,0.06618062378324004,0.004396609887117487,0.015665541173280315,0.05049320517122616,0.03363222816022853,0.03739804269377386,0.015632490968544435,0.014732789692592367
2012-09-16,0.029938988770300434,0.10850771696180583,0.06564089887169992,0.0067326331116569155,0.01741489846660169,0.10289838348429638,0.029672260795063778,0.0390901352904027,0.018461103593998107,0.017632633888925903
2012-09-17,0.048800385584956404,0.09984459700957417,0.06494585516869567,0.006922765151889145,0.021483595911202646,0.06156969574735932,0.0353411432908344,0.03957173036257409,0.018005975400756016,0.015953623242009045
2012-09-18,0.025456615930940858,0.10821666245462754,0.06460282322214744,0.005076513781948433,0.018323595825800697,0.037689807330969244,0.02852861209552193,0.0870713193732463,0.017532703901674766,0.020240779946797943
2012-09-19,0.02447915430419188,0.0847536471521274,0.0516412437312534,0.0026646915513481714,0.019444722403322706,0.11864941082368095,0.029772710154248146,0.019101022290851116,0.014203340193188101,0.016662000175803958
2012-09-20,0.029264976882249796,0.11386308017287804,0.06831332997667958,0.007806255539524426,0.019239197962778034,0.06399530960089982,0.037879072081077235,0.040273879599931464,0.023138393220226577,0.020502918326033695
2012-09-21,0.029987439376674942,0.10624301797710735,0.06851566019819341,0.0037081920099912387,0.018979412369699748,0.11059628002962696,0.030714988882134437,0.019034425006384,0.028154345685825852,0.02375763731013655
2012-09-22,0.03178472131917008,0.10391109501953527,0.063039596401245665,0.0018774047172635594,0.022672131106762305,0.056975851113844685,0.034194633915343234,0.032159627371973816,0.015157850515870845,0.015020164754399863
2012-09-23,0.03795825850421801,0.11057684494236455,0.06426273591021268,0.004234547514567199,0.02476607750692858,0.055749265990137575,0.03381996386248599,0.03131209623198081,0.019973557345371328,0.018571895104872185
2012-09-24,0.03424869024631858,0.10657098717121606,0.05289455504721701,0.0018641578724566841,0.025549603580094445,0.018127952442813604,0.033237412989028214,0.03333548857577041,0.0190785861346324,0.015784433547180326
2012-09-25,0.0444241116069786,0.10681723568112489,0.06397347776123642,0.0011109915172908408,0.028016666492801667,0.04437377580611712,0.0344270895177831,0.03836691447670775,0.014593784600476304,0.012221546662447758
2012-09-26,0.05708278737593875,0.10968595560431671,0.06340751678678241,0.0015461462873370515,0.03505345786316127,0.033763496747418215,0.03452899333356342,0.03659376820771458,0.01225934117565145,0.012471295794542663
2012-09-27,0.05928038260731898,0.09983303627044475,0.06191488320059515,0.0036857922081063818,0.03910044635863606,0.0192729842508988,0.007867893744061417,0.007938829258649667,0.011080181534167054,0.014256983719024001
2012-09-28,0.07423098052938835,0.12277498790721571,0.0684837733574203,0.006835196624232366,0.04383897842636365,0.050541111620349674,0.00702242027161644,0.013068898748124983,0.014675684404189803,0.016155654328986333
2012-09-29,0.08407612724896278,0.09951349044659714,0.047107980134098455,0.004155289408388211,0.07044161956860513,0.015343718106378787,0.009225956343090643,0.018058542256229403,0.016293105785733595,0.01805773123140334
2012-09-30,0.22904111974899585,0.13360529807478388,0.06418515860713832,0.007169504255885362,0.17093716934243727,0.09126919664982089,0.015734576844538314,0.03241083174705802,0.02083602441741768,0.02913953963559811
2012-10-01,0.1890344383605998,0.14350996528578136,0.07233396517856608,0.00895306616266767,0.16410234480020316,0.0770270678727608,0.016463197142985303,0.045471944595746605,0.023217892908371607,0.037964418884875395
2012-10-02,0.09414833468145214,0.14433910032952788,0.07857149170163942,0.009358630050580775,0.07043414867434732,0.07163522369569032,0.0102733908597011,0.03002139684669422,0.016003493755613787,0.028250198588870307
2012-10-03,0.0865015894398392,0.10851834474885035,0.04764775584876432,0.007842192216673382,0.06487736922226625,0.04946919038006656,0.005345088131637413,0.004932816643462701,0.011063613009539931,0.013250742024789805
2012-10-04,0.2779124261129588,0.1400577423035927,0.06056054639809915,0.010556572341065017,0.20043939574332878,0.026192673567813907,0.0075821786873978775,0.01920972485498299,0.014633421273775815,0.02693806622105789
2012-10-05,0.7622613329111457,0.24499836096501848,0.08154953993248908,0.01263031305658655,0.5071982634691524,0.07609593349074355,0.03579257067295014,0.03864417779938002,0.02734016621541172,0.02352099095288482
2012-10-06,0.10095339646173809,0.11150609007692465,0.053033504741783644,0.011416327893167986,0.0711890545446435,0.089352453181054,0.03990209821909893,0.034481747376929356,0.022295206906166227,0.025613947857845855
2012-10-07,0.06728754128659371,0.1236771157091798,0.07053930276704283,0.012670204840688874,0.047527812032281354,0.07869489729418112,0.02790062748445184,0.01838719647165812,0.031140102331665375,0.02471773405326297
2012-10-08,0.06490435561519418,0.11366829169760899,0.05310064259327834,0.007723914505402077,0.0494206157630306,0.04414314885868467,0.03987920572737994,0.032552058401318876,0.02598092669702037,0.01897559275231148
2012-10-09,0.07434152748260868,0.10511777823513938,0.0606085085861939,0.004674595182209697,0.058903750659737686,0.0479506141944228,0.03609096051407634,0.03391325485107309,0.020037142598425036,0.018079165628216563
2012-10-10,0.47238558472878983,0.15799275882622157,0.05683909194593626,0.006319041024240658,0.2931139769965008,0.04804402346652933,0.03529117968132378,0.03927899493437646,0.024892469312554927,0.026796479625221976
2012-10-11,0.13516676875952524,0.11728805623730242,0.0535787845636334,0.005884170048442296,0.08021656798740713,0.12285440994534776,0.03754332088175346,0.05259728581780897,0.02560496743892823,0.03147489744481645
2012-10-12,0.38756910307464154,0.16560237617871426,0.05425702073844947,0.006038582666938024,0.2680781333384502,0.055474374510923186,0.03680475582123413,0.04298834679273322,0.01557358697406471,0.024001364134407652
2012-10-13,0.09800044635687472,0.0836864202501353,0.034072177116685316,0.00405388770916242,0.0643661795282893,0.08287440580626412,0.03730813879159622,0.05348792854240221,0.016578550856345565,0.026983474104384883
2012-10-14,0.06409217982073646,0.1122038900344695,0.06527056317434934,0.0034938729051505837,0.04299783325737763,0.08209818858115754,0.03736355594596493,0.043301101066428135,0.01499384563762232,0.023896886835140716
2012-10-15,0.05490287097448835,0.11158897028276273,0.06459486808563088,0.0012526065310178348,0.04287512228984202,0.08974649296366531,0.03722516853921441,0.04117575123968561,0.01628972420363018,0.01952352425565019
2012-10-16,0.07220254140399597,0.13726184888138912,0.07699966564176203,0.0014232489617111747,0.04448185830685095,0.06663984452702154,0.03676469228017556,0.04118870700816129,0.012704417489421006,0.017254512084601662
2012-10-17,0.0713893444968912,0.09475173581703644,0.050653615737737925,0.0026875685345463442,0.05158515905068051,0.0767629296942038,0.037253606120200206,0.0422724579706344,0.01456876811523555,0.01794293036394738
2012-10-18,0.17136850993265956,0.11193578294271328,0.0603984748297978,0.002434006013563914,0.10794163631446095,0.032946292150953835,0.0372559518893145,0.045838858490862354,0.014772773916020977,0.020037921687595075
2012-10-19,0.0571201281907763,0.05742488510795303,0.02079831464756786,0.006024155924060422,0.03831488626066192,0.03910178296986644,0.03949029286153885,0.04678755300073162,0.03329134286270299,0.028865488660441557
2012-10-20,0.11820002151436182,0.11320131931196412,0.05068437869357971,0.003088894265287195,0.09321895464886662,0.039960533170082926,0.038939675373598964,0.040341942240553354,0.03117987704088599,0.10032544394369387
2012-10-21,0.05877633088049206,0.07069689791644733,0.04206943521108489,0.005786311548425101,0.03522931703773776,0.07025135808336887,0.03763113363457376,0.04488095906613852,0.01636244729834903,0.030273540458905124
2012-10-22,0.03455246494084083,0.10929998421425811,0.05843951396437554,0.009010445917247452,0.02578428107758854,0.08495092068737563,0.03578518223664656,0.03670789934247533,0.03114178319424949,0.020025686737636304
2012-10-23,0.03405933856761419,0.10411938793895431,0.06136826694155387,0.009443951258941976,0.026079141722972727,0.038837663091787655,0.03466682750817687,0.01329919691205077,0.03170025829734609,0.022899106180509585
2012-10-24,0.0947596205008546,0.12392774817428046,0.06411130761684584,0.005481538069281841,0.07508531385682045,0.0605606115270745,0.03658571981308551,0.03719091596339621,0.02180218596950792,0.018675169932559823
2012-10-25,0.09418716988727881,0.10667545750665199,0.06046966300061391,0.008809704168664044,0.0577494083067007,0.07520164550250377,0.03654085144809619,0.04281336896270955,0.01476817132333822,0.01740483917076588
2012-10-26,0.05465908130949362,0.10800818739000877,0.05959373371285399,0.009089503918003929,0.03423800654211945,0.1036022392220432,0.028366481792664818,0.032762875179159254,0.026237504651408707,0.02559946616365713
2012-10-27,0.08442293651876183,0.06418844972115657,0.03593296567366906,0.012834164520535823,0.05723732859478944,0.13587971437905003,0.03595245180505836,0.03311751315749508,0.020449321447642395,0.02296603228370737
2012-10-28,0.1775633782901153,0.15361311729401642,0.07711819224277908,0.02454050142097536,0.13043163665945928,0.10212455102648031,0.041964337471864996,0.03798232300860015,0.027068706518943005,0.05420190118814757
2012-10-29,0.032983633516133655,0.10304784748020553,0.06289181906773449,0.005769083065940291,0.020073320481677922,0.032148454396037675,0.029341393663310872,0.032361680884748015,0.020244053734101645,0.029160171703893033
2012-10-30,0.041555644997033916,0.10511961769285742,0.06447575355234243,0.0069320471113273165,0.029502225127463724,0.1216091798204792,0.0344465226690383,0.03550289919728141,0.01599642079057994,0.023871897734703402
2012-10-31,0.027761053896503678,0.08471703714812684,0.04903017682938533,0.01009599928437099,0.022420637763143476,0.11236971169763507,0.031465969585061274,0.02852439165504323,0.01926206337359368,0.02070765094247229
2012-11-01,0.032322075672321426,0.06397462970638108,0.03827078824234913,0.021641037580628734,0.02682410200851341,0.019895952416705324,0.032133841518857606,0.1311243712952798,0.01706300973787994,0.01948180641366267
2012-11-02,0.13291091489208498,0.15396418511730162,0.0604618115236062,0.0123983525435778,0.10043478995449687,0.11764641719049447,0.03876681177362712,0.24324105331281834,0.020536683109285733,0.02478655649098026
2012-11-03,0.1286412702064396,0.01992461637904575,0.007768232543492013,0.005121766949543394,0.03888668887426918,0.04481487568916089,0.035028425375805895,0.0399175328950776,0.01670618348844819,0.05110867616546859
2012-11-04,0.07389065662173853,0.018596680470179455,0.0064579237971298135,0.022638029254803634,0.052173528880685036,0.04438783177270841,0.020254197252816537,0.02394959283717589,0.03169001885657381,0.06453089295801362
2012-11-05,0.044735341154753666,0.04142541008263444,0.02067284756901068,0.009086759779053091,0.018429521384783817,0.045988829432372993,0.031242122008832748,0.0037278337548190058,0.01853917787068989,0.03233520871539173
2012-11-06,0.12211548592970015,0.14388086798370547,0.07707619949445936,0.06704455492390267,0.09728918774281874,0.05573167777503298,0.040133862068843215,0.09726220683827759,0.03951174826045706,0.03344530464355513
2012-11-07,0.012947551375945825,0.018491053289634792,0.00862655442735116,0.00719705048907796,0.013638524382379317,0.039325762299540774,0.025668338195378324,0.06218720614951073,0.028463734683160758,0.025559736160224084
2012-11-08,0.03402423442824308,0.16872993923543142,0.018215247923339763,0.004679455370351204,0.015039788916343624,0.03508927348484327,0.03499493227548895,0.011428749081173918,0.013589066779363893,0.02135364327225
2012-11-09,0.054043051139823474,0.19125246403680607,0.041796908618732545,0.004306802716542682,0.028527539982783415,0.06667533616176843,0.008868476490031078,0.030542600622937854,0.019434070705357305,0.021684636450330697
2012-11-10,0.030681986752881387,0.05523582424077566,0.024268717077679663,0.0163498108311993,0.015440017737180683,0.07767068926278559,0.0124710082110958,0.06210924575027116,0.019403386693685604,0.021382037831967595
2012-11-11,0.016216569109638857,0.04580250990722994,0.033239742746845866,0.002770628738537964,0.015290371381889312,0.04388562283938242,0.006491592840882941,0.011130691302535202,0.012994432173528261,0.017997868984855777
2012-11-12,0.022320164161480742,0.05596997587260717,0.03921287873466653,0.0017280514990590217,0.015369088394955094,0.037919075966252366,0.00374183490768438,0.0021946663757287173,0.013822179630303322,0.015373637654440116
2012-11-13,0.007183865355222081,0.005821176874607915,0.013891060186944887,0.0011386715849209918,0.015782527322575533,0.0519882585910677,0.00384933138105138,0.003673111662323938,0.016281691287956503,0.01556139357102626
2012-11-14,0.005648475688685916,0.007989860836410663,0.015231760822763393,0.0013480553866806449,0.01699467022934391,0.05481416618913708,0.006642526546054453,0.00230615903268114,0.013417701700795063,0.015946865112372213
2012-11-15,0.010081518299948806,0.043378524670147994,0.023040115187956383,0.0016045588914788695,0.01944721085293497,0.04453221623436791,0.003862070040834275,0.004766420050925207,0.014336754212012531,0.01633571993023683
2012-11-16,0.025920923520257592,0.11526448342734762,0.066621403666612,0.0028057973536258487,0.022007280252348584,0.04294540200952927,0.003630116091349992,0.004380610159991287,0.015268152770793905,0.01566046645968166
2012-11-17,0.019724817293027413,0.05326056944066449,0.028283073132023277,0.009885466098126364,0.02504850949980144,0.0447318782181374,0.005034747570773601,0.003218114402688002,0.01591157941323896,0.016290914216323785
2012-11-18,0.040685548960130394,0.1484246202682499,0.07844547016518794,0.025286217247814356,0.03416818441812797,0.05691287905429318,0.015277866041978875,0.01814916409633137,0.02249056799381797,0.024241044349698006
2012-11-19,0.03408795375190216,0.1613587021881889,0.07606471487530563,0.02055977171913319,0.029881250305264992,0.09736194042757874,0.014523137259058077,0.015913796265293705,0.02415654288125328,0.025330544782987748
2012-11-20,0.03248714984208897,0.11010778050730924,0.0646812878275041,0.015449471185740547,0.03001183870709975,0.05295627095299055,0.00682291821059651,0.009834588909842632,0.01754523871715765,0.020685056485895713
2012-11-21,0.027673227512372604,0.11201993581183393,0.0649146629758251,0.01225282964549329,0.03689803600415339,0.050024149589452116,0.00489408213583856,0.03267367406871603,0.014579657335956989,0.02041099805097966
2012-11-22,0.03655548686381665,0.11816959255478215,0.06792541074078211,0.014777880046613297,0.04475687030854283,0.1159850917454354,0.008875596530718392,0.03529499238903418,0.019289653244323093,0.02168593645253466
2012-11-23,0.030479178624408618,0.11031551602772062,0.06547042182423493,0.007939493856968774,0.04365600357082874,0.10686276154938378,0.010876715880714028,0.019420060988938476,0.02079427088728318,0.027236227333709735
2012-11-24,0.0317335216218263,0.11897535797225231,0.06546225144452557,0.010317638256548642,0.052571059543205144,0.04478373304628552,0.007395127815251166,0.010507541037595965,0.016367733173261855,0.020203779308297008
2012-11-25,0.03067577620968831,0.12211366946011408,0.06650711906939,0.008396713162486613,0.07074441450513262,0.049016657454572114,0.011366719362772143,0.03284262542967104,0.02028661857761245,0.026770675135771978
2012-11-26,0.035506411617811276,0.14233622035716734,0.07534787417421969,0.03659460664260328,0.2255459857312499,0.03323296470847655,0.021218860897437988,0.03977426354071189,0.028017338091206295,0.02774725590910709
2012-11-27,0.04767615580289743,0.24579780637531662,0.08500093419833156,0.02994353314921332,0.2303376348307904,0.049597677962224626,0.03987336247109318,0.05511225518393038,0.04937890895534625,0.036502649729907743
2012-11-28,0.045415168092426156,0.16734422535951146,0.09126911240599146,0.02705342747823638,0.24033541330365643,0.09513548380315598,0.025868851019268762,0.025142880720821274,0.03090111240206294,0.035347354937326436
2012-11-29,0.05508058847320716,0.16571405906807396,0.08866873882899176,0.011813296266417488,0.19137122676035057,0.09355179441495315,0.014132901905653814,0.029201125003596392,0.024145510238611338,0.02546682966703376
2012-11-30,0.04948990919266683,0.1686743156613309,0.08554051257140514,0.00322665891497088,0.2871253006817971,0.08320258406131673,0.012415985171142509,0.017420011476152072,0.018480124444071714,0.02265702567739612
2012-12-01,0.04175001069371097,0.18260621146084807,0.0980482459227969,0.002431268613431078,0.24948339298501956,0.08817390104035579,0.008026282634834216,0.016556683471609008,0.01974051155111909,0.022005952978739033
2012-12-02,0.0411389222139474,0.1711266021174022,0.09242972996139873,0.002497965646242712,0.2872797723600402,0.12064076508222396,0.0071466205010601025,0.021552828071891232,0.017865195625164518,0.020657619332262667
2012-12-03,0.036671648468058204,0.1476746143492247,0.0759856951121736,0.005055034715821214,0.3173739086393075,0.029934430698428514,0.01626624693170843,0.024733659588905332,0.022022563338014705,0.02356150472457233
2012-12-04,0.036999512377480795,0.1605425569189136,0.08277364031943928,0.005552304686940084,0.3989478761667395,0.09198506341323733,0.027876969251047212,0.028364695418157924,0.033275080499938416,0.02908862941449437
2012-12-05,0.03155949721542743,0.11366397140632455,0.05355655640105062,0.003216224342378605,0.36954994831915783,0.04059428595934826,0.015021359029023216,0.03591069439478884,0.021986409123003935,0.022377934964133588
2012-12-06,0.045925143944946886,0.13964244333641673,0.06890051021521268,0.0049677931378304015,0.3633098569183549,0.12888099160790611,0.009392070913223721,0.015059841391379142,0.01986584794066738,0.02075451720102012
2012-12-08,0.03463576845824489,0.14677143083969496,0.07884707562563412,0.012904853348544179,0.06916042291635548,0.025391039009590083,0.03044585551095453,0.1974088276725544,0.08088583752651012,0.04618526196843142
2012-12-09,0.02185616915321969,0.06425819925320847,0.028348844634458772,0.009932111690367685,0.05238473913012211,0.09904245337211329,0.020349907691179822,0.02339225489857658,0.02386798581102494,0.041663078855372
2012-12-10,0.029373564849961516,0.12424893982283723,0.05777773297888017,0.013988205343154486,0.043615304955376154,0.08921773221233716,0.03232484641527937,0.02076837836493337,0.0363216011494947,0.02977258918426399
2012-12-11,0.0268084119302323,0.041981871941698876,0.01881671411009248,0.005775439089297276,0.039959951397718824,0.05437856858562342,0.015440547044020854,0.01941877844689067,0.024714600209382317,0.030294972603760035
2012-12-12,0.023761949705528636,0.062342735334992655,0.03521913017702399,0.013772931495111286,0.03315519251113162,0.043318271784396734,0.012135869711990896,0.018484859963126113,0.021971938496184493,0.025087808604352637
2012-12-13,0.03348415953833965,0.11623937375229478,0.06083422621763549,0.017072056228548797,0.03258698615238207,0.03153191108195337,0.009635516411285431,0.01834064680100135,0.018257771956427905,0.022098232503764498
2012-12-14,0.025144907643869747,0.06846656098812927,0.03670365573479264,0.007709515785124479,0.030949019210452105,0.04795346566561171,0.01007620220112677,0.01948044701638886,0.021285157836717958,0.024070307509515824
2012-12-15,0.01673408871378764,0.05635009542486804,0.02618521235214603,0.005194972265890131,0.02745486504516504,0.13170306126542689,0.012889763879054224,0.0734839308910546,0.019153396077426006,0.020736524950299793
2012-12-16,0.011519331649168914,0.026274779523092033,0.011446834622433247,0.002088520365845365,0.023196324346637067,0.10651500977264385,0.00622675797207713,0.0167114622942739,0.015571064704755316,0.019686586435681722
2012-12-17,0.014603933150967174,0.02542812758132472,0.009918389805328172,0.004115865425850219,0.024642781262725937,0.16277854634240538,0.008489971924002509,0.025482481294646017,0.017516198619452913,0.02753737817225983
2012-12-18,0.014923155376525301,0.018070562357678257,0.011777515860107952,0.004448255043753578,0.01985227283530299,0.12244461457383574,0.007107720051201647,0.016544531291870317,0.017682495685180273,0.02722659010124545
2012-12-19,0.021898678058470084,0.048608108226430975,0.021323628783104984,0.011257801710082824,0.020829998058269548,0.11547920147492947,0.007900620867788989,0.014189047206867268,0.015570513323878104,0.021398077457659044
2012-12-20,0.018128816331784613,0.027085180472773522,0.012034809711487552,0.006065999534162295,0.01516178560950367,0.13297779467161447,0.00836366323019521,0.009655107231089007,0.014497589420620162,0.021210576361675972
2012-12-21,0.033230999905582675,0.09684541478938576,0.05378356342140876,0.014937766347996496,0.018583144086547092,0.04790927513023715,0.00812682202743654,0.02062928324092775,0.010776819335029051,0.019430788316458465
2012-12-22,0.022426484154685258,0.04052409958610885,0.022552040688102792,0.005793543878271145,0.01536790351286786,0.11435997535294418,0.016797325386098107,0.013887816453576299,0.021722813581790533,0.023056226678429294
2012-12-23,0.041437949821150684,0.015378316474339088,0.009771124475785821,0.0021141341707579487,0.01974033564602905,0.022504840024723,0.005929072621301372,0.01392395723106123,0.016422503665423884,0.02157663898690233
2012-12-24,0.07803680408007806,0.041678695672837315,0.024752970096810614,0.003745553540924065,0.013981448403345248,0.0787483688156676,0.006284207951509582,0.012628949153960775,0.019321056621768504,0.020773762516685074
2012-12-25,0.017925205371275864,0.024969030885298386,0.009596657271781424,0.0020195873178323292,0.018806398216276544,0.1129904551811235,0.006340516293274746,0.016566859423501293,0.020445896251754254,0.022418177719713935
2012-12-26,0.014415025006820365,0.014129127253103859,0.013672984823486467,0.0016562338989528642,0.020174965657742835,0.10943105004096612,0.004994003060967889,0.01489032624730344,0.01824802215143268,0.019689661114758745
2012-12-27,0.006540403633826703,0.01941432560241301,0.013139149063179869,0.0026278833182448095,0.01617633842491328,0.10174376081105281,0.0038659319060058476,0.011319444601888912,0.014289664808131996,0.016124493751795074
2012-12-28,0.020344384098835558,0.04032561573852212,0.02247163619086776,0.008502733110201523,0.021355785619587085,0.06741253397859089,0.005105049787191752,0.023853989511966205,0.015784965112233894,0.017451257551068355
2012-12-29,0.0121175584117711,0.019569198332046244,0.0172096338973468,0.00779978725187729,0.01854285284411413,0.10949793344228728,0.0063535569443401345,0.020853182205221563,0.01538422406409188,0.01847454349834893
2012-12-30,0.011877513660845771,0.017816019516432923,0.012907747462665094,0.008498575501265506,0.01581512350396677,0.09318286289641106,0.007770072126613281,0.023762557515857746,0.016580985642593887,0.022833816029866436
2012-12-31,0.032140844438564145,0.07385263866278713,0.021833963301680893,0.00907970980173611,0.021334615400887838,0.052783547619754706,0.004573061777943622,0.010178306087588612,0.013520589899481699,0.018509115666960722
2013-01-01,0.020629871791894898,0.05651741216598862,0.023516254577616538,0.006632563604146512,0.018071482525594703,0.11516368700656582,0.005561819158780002,0.008165454271291662,0.015155200308009912,0.019006084843490704
2013-01-02,0.0465210746677973,0.12731007381831322,0.06971223042081583,0.005000819552530989,0.027944335155426,0.10438125904540474,0.0059008043067948586,0.02766925167888206,0.015424075099999133,0.02109750805277745
2013-01-03,0.04113590322187097,0.14170662285666719,0.07464891414041275,0.004544920175977696,0.024704821782758284,0.10687240480125448,0.005226517079754758,0.01807637062912769,0.01606297655383937,0.018172029077738985
2013-01-04,0.03739821681170221,0.13020957010942252,0.06129087335421106,0.010330563554403987,0.02595159062394523,0.06115871360599681,0.017301180443658706,0.023530236830246572,0.014680402151117338,0.019407146327804065
2013-01-05,0.046908534207565224,0.17282659418601026,0.0913864097594173,0.0458424003128231,0.025480499064216414,0.060368770506015655,0.02246342470028082,0.25037256804241176,0.01810424406118549,0.02585410043636987
2013-01-06,0.05169728688258489,0.17644749545748387,0.09767309675763214,0.058585123778630906,0.02707085763870932,0.06237931230915004,0.045123385986369995,1.3520443081065634,0.02048262039553604,0.019392864040854885
2013-01-07,0.050703148778663304,0.1519902539306213,0.08476217185964337,0.02819246860735539,0.02748698183496317,0.05275504865927439,0.008165604262852889,0.14628793652770533,0.015053583864366154,0.017043769511946142
2013-01-08,0.06583527226002132,0.13010531241750123,0.06904496396422127,0.057851473000393436,0.025683362823513474,0.0467395165124097,0.008271228837488766,0.12349806215702822,0.015746043884298674,0.021189217220631194
2013-01-09,0.09681879030351834,0.14144374532973572,0.0745682214521041,0.03388141693430817,0.026010560620916223,0.07059035447193515,0.008910643807389158,0.14053261153373114,0.01682724100126444,0.01751807619915357
2013-01-10,0.12558816661563926,0.15585764307309197,0.07635350441838763,0.034315145638684305,0.023159153058004704,0.07964644217612439,0.008174793179049516,0.06709459589507948,0.016806489416832392,0.019143814478086118
2013-01-11,0.09883498375931098,0.1798326720653667,0.09161761404556192,0.03456027582680559,0.024779584993974934,0.057751971239187655,0.007308913676926476,0.04148631740989538,0.017299370368442837,0.02112544077606339
2013-01-12,0.0906623490271401,0.1869085365892807,0.1060317755704534,0.06476670354615205,0.023078931152773766,0.05365423869626093,0.009594640662464167,0.02661512417614305,0.01522337241751994,0.02178482053218158
2013-01-13,0.03531423218854829,0.04785345052646973,0.013622790137548222,0.017039695480557213,0.016471356244324557,0.03218964404583478,0.006987123142053406,0.044739442955933705,0.011915861940925856,0.02020195752284495
2013-01-14,0.03736015063949766,0.09562142245558107,0.05561923634708831,0.011320930100170089,0.016402146933228674,0.09197678618181003,0.017419792342143803,0.029237714547222127,0.02183222446692677,0.02345663899274235
2013-01-15,0.020332047657200668,0.04976579277079323,0.023807282631675995,0.007541921581203149,0.012440962754708398,0.04241573755306695,0.01406930792092457,0.012650787525620603,0.02060761171759278,0.02642726612860719
2013-01-16,0.02488807207043648,0.057297217982026916,0.026038371033525114,0.004522068528717296,0.013871541526696481,0.05036472494451583,0.017792516092731196,0.015835904710941456,0.02549161972788931,0.0234066377940857
2013-01-17,0.02347589109730623,0.0306693853845074,0.01474593290736891,0.002648459488156098,0.015200759374827774,0.07553216792634726,0.00795811850464266,0.029975728674901368,0.0162921362286327,0.020392961321668755
2013-01-18,0.03719759813510403,0.10005198732433164,0.05641349513905043,0.003994568260794325,0.01902296219964201,0.06033644179449955,0.00899694044239328,0.1904183067241156,0.01734636228732036,0.02096661215885653
2013-01-19,0.0312131161943922,0.10961691317120133,0.07129849242827621,0.004875419361212932,0.015729137314695527,0.05660152423977056,0.010123337389354448,0.17851146970940376,0.01961731664491135,0.0204854208538374
2013-01-20,0.032606800919523386,0.10987163887721853,0.070089517072145,0.004020206611000086,0.020307389852844752,0.0797208009169882,0.008273060134383808,0.020563661572750663,0.01906831527919213,0.02128244554037987
2013-01-21,0.032550803435690924,0.11802683985187457,0.07398507571414635,0.0027037237332296045,0.020306067708068882,0.07278351327847853,0.007825522423374705,0.01716710577093305,0.01894412452894004,0.020745196748071553
2013-01-22,0.034570096471515425,0.11808544458806758,0.04918039786370403,0.0017881221609654557,0.01925945269134221,0.08631755388040488,0.008527397028910684,0.1877579214188169,0.017811288056416078,0.021380007470446407
2013-01-23,0.023341388120405208,0.09675267880229349,0.05803660194312775,0.001285260488827125,0.01414827859538929,0.052506490544866335,0.0062669846801000455,0.03741542122209894,0.016095709896274332,0.018865576183588764
2013-01-24,0.03022493481222606,0.1115392229908865,0.069348598465306,0.0016139092460393612,0.017406788947781082,0.04755342721784907,0.004752591492373942,0.020433819027887105,0.015752178471239192,0.018419017191316816
2013-01-25,0.03549098283511363,0.11954685166016359,0.0724822705340466,0.002457158191365043,0.029613075439534255,0.11637265495141236,0.00752865532623202,0.03920342420380245,0.016828091863509496,0.02101099255029525
2013-01-26,0.024580770585692795,0.06915172573038021,0.03779109446356244,0.004179525373146419,0.016480112321759742,0.13250542918287211,0.007314181528566408,0.02471182329310487,0.01741009905305681,0.02119842020156914
2013-01-27,0.019344065658092453,0.05806384204777387,0.0316913038455976,0.005195605841911058,0.016124165103019113,0.052951482538840376,0.006664204922688202,0.012904806217986455,0.018958793516977736,0.01914650577121106
2013-01-28,0.022973817655205696,0.08712877999584165,0.05238293573985586,0.004832112854551915,0.01499807684838941,0.05521032253493303,0.01898568208224201,0.026259223435553036,0.030938920119898676,0.02388037800713451
2013-01-29,0.02747740809910568,0.11331935558900232,0.06796481071842427,0.0027214554616538785,0.015333599277030792,0.04871857433672086,0.005229356602189591,0.01447396978758969,0.014950323121680674,0.018752974241633316
2013-01-30,0.013710877583832333,0.045519671089633895,0.024838463601512786,0.0032439440959454438,0.014149883195226644,0.047388919023232196,0.007696857325581515,0.010738739650610837,0.01581720326403147,0.02003447321191186
2013-01-31,0.010536945882662812,0.009837639293770956,0.0053269714141128965,0.0033944817840470287,0.012838685515200902,0.0487380440923389,0.007236866995696634,0.0686848670045906,0.016970748411840847,0.01829866873740542
2013-02-04,0.013142902005874027,0.0547032741043583,0.010419378411956837,0.003532715316087796,0.013635556780716268,0.07460373433150481,0.048630573758654795,0.22851779890203758,0.02213137861479971,1.852846556629219
2013-02-05,0.024931997363449903,0.06883310927604955,0.04063200781021451,0.013130478637294043,0.018482131181868873,0.06605304088358212,0.004897093850293096,0.009888961837219856,0.015526437326419642,0.01714510334424733
2013-02-06,0.020159191709743146,0.06254628978440113,0.04630272682086804,0.00954568904201908,0.018611113920175133,0.1069448647649287,0.012295708165661504,0.01138411553041046,0.014561845022504028,0.016445188532035013
2013-02-07,0.011574522577639903,0.03075266068658805,0.022066042502470448,0.004479675511845834,0.01585548224457077,0.08484885574194441,0.0025138372396010106,0.031053288530276953,0.014967888062605628,0.015488035156417633
2013-02-08,0.00510529463962878,0.028026016597214546,0.013980599145049209,0.005568431139051191,0.016070612791736768,0.0956132424692494,0.0019292125240996268,0.03646440378078459,0.014797688190144518,0.01686391616548314
2013-02-09,0.007748257751863345,0.02038810073790223,0.011105905708550258,0.0027712028376774022,0.015267438142172835,0.1179815297252073,0.002664887090153117,0.025478162531953657,0.012515566493263562,0.016982508956502697
2013-02-10,0.0046273372024536125,0.01703434677532374,0.013849392141276085,0.0024262061056453663,0.012272895349921679,0.0668980455389423,0.0030151713361246265,0.01352756263892232,0.014446397621113492,0.015978402061073628
2013-02-11,0.010109670642205892,0.04115958921483609,0.03219963547705503,0.002598070447265288,0.013220160385575903,0.0326965384455787,0.0023748706266696167,0.02850405720879092,0.015170755601328603,0.01611252265685603
2013-02-12,0.02148098474780186,0.09469574860082502,0.060808500040222715,0.007131844581643059,0.014027463688361488,0.05246638302364082,0.0021215947674977044,0.03728734051630756,0.013792341901619314,0.0156320917711642
2013-02-13,0.014923636062168634,0.06853376145453757,0.04510030624570513,0.004133612893461822,0.013022913122898274,0.04647413550088228,0.0036911504570955786,0.043729312151334195,0.014071586200247909,0.014360138716421387
2013-02-14,0.00807045643442738,0.029537392566051594,0.027108932069588646,0.005645676667452913,0.011766355113796109,0.0296215394980059,0.014687104559433133,0.04044694132760686,0.022198250549401326,0.02036046696520775
2013-02-15,0.011481877739884839,0.022234433639753543,0.018769226495137396,0.003474930676488027,0.013247225248497843,0.07083317597230405,0.02747867193387899,0.03825818686041228,0.027276843171530504,0.022940006370546467
2013-02-16,0.00561342134240456,0.022255699741362177,0.013546262096363048,0.0039014111545951436,0.012089656358305863,0.1009900376180169,0.005650702773534111,0.040184368963739475,0.015016188888951832,0.016377238921020453
2013-02-17,0.013875640176008152,0.022958703369132635,0.016785055758179374,0.006017520817177468,0.0162918447541723,0.0823686647519104,0.0294287025198497,0.037767999164904545,0.039587231249668856,0.0310942353621102
2013-02-18,0.019484804494995418,0.0745475838134282,0.041388098529923735,0.007151870832053355,0.016808720833225044,0.0956530145713205,0.030827667822039193,0.03559367573550226,0.0444206712760338,0.030783830224533622
2013-02-19,0.020461447887282772,0.07949764494261526,0.05116470889872004,0.005523100506560082,0.01618350161249028,0.07568300827879204,0.00506956315953211,0.037272509680341195,0.016678009774665957,0.01838196880948574
2013-02-20,0.011163492512904901,0.03663681820517295,0.027404356416512492,0.005010816077003305,0.013167227366719075,0.10723751861968227,0.002137037079214476,0.03175689152478158,0.014371048975645555,0.015897405554404043
2013-02-21,0.01790993281100602,0.04766685329161519,0.030767487632246526,0.005441430712972242,0.019699761648706886,0.05752294630592581,0.0022270086140428946,0.03678308813984384,0.013905546140207111,0.015906279139284604
2013-02-22,0.014375252897838189,0.06533413642612944,0.04097779968978815,0.003805730922305534,0.01374570958435042,0.05310615957216649,0.004593593213053535,0.037505353117269775,0.015111486249702806,0.017358550580917374
2013-02-23,0.014013687799852403,0.0359366824210027,0.024563328679402065,0.005023328315405878,0.018510559421170802,0.08537798331663421,0.003430576420776621,0.036493084806712504,0.013879028506060553,0.017057739234172704
2013-02-24,0.03465143586997874,0.12750997499400946,0.07844629101375482,0.008002635994282928,0.018842377611596885,0.04361533416013833,0.004214925896091064,0.037994514390542695,0.010904227675340477,0.01611188898556426
2013-02-25,0.03398424843252128,0.1251151665164525,0.07558104038069584,0.01330315841721454,0.020404758707021922,0.06246531361489553,0.014570378917664523,0.035620882817832676,0.017255573565131542,0.018676314349232868
2013-02-26,0.03846850774630249,0.13049442181920295,0.0835631838713755,0.011377388752330585,0.022234457249820004,0.12133627524647994,0.008524922628451056,0.02722558078942875,0.01899538322871229,0.021801005420177724
2013-02-27,0.02953960046129368,0.11693100676490041,0.07384762862187702,0.02027943643432021,0.018884157116907264,0.09190622349037064,0.005781597858934686,0.010397656694165737,0.018100566727119977,0.018466340422729998
2013-02-28,0.0381927851808768,0.16198689526751703,0.09826771279985674,0.02551539449486141,0.021148430584788935,0.056622505255683894,0.00642479295540158,0.005132483526432578,0.018114611032621172,0.016539473067028302
2013-03-01,0.043355734923037785,0.1483161821481833,0.08488033419831369,0.027617540499410464,0.02626196152185069,0.06480908364173175,0.003530163975435784,0.03248256025267921,0.013491608404513963,0.016639563082101384
2013-03-02,0.05174234656608875,0.15891100850705756,0.08848404452245345,0.047573282068393674,0.02319976178758225,0.019746651378330583,0.0036403468781947574,0.03211983823366561,0.016141521388220333,0.015341854575002183
2013-03-03,0.03761639926219414,0.1315274658664106,0.08056440525439945,0.041478956717989415,0.022616112173089307,0.04242281232198721,0.0018693128353775492,0.04218363381309854,0.015102916068913078,0.014515499509666702
2013-03-04,0.04030902414932561,0.16160780405530828,0.09923921215853664,0.04543547304293267,0.02320732915813113,0.04923135150465621,0.005533059559138611,0.03980745381334625,0.017466829017018005,0.01691500680870791
2013-03-05,0.025239427952351536,0.11280884402729434,0.06877322361007138,0.032763724052128365,0.021795650707631488,0.1008170567492284,0.012262210722674614,0.03413421730514176,0.022467315056683125,0.02308803801967167
2013-03-06,0.02605853503047479,0.10776384670408282,0.05785300749456531,0.014437412127584546,0.017504563882490276,0.08330297354884708,0.010092509138535303,0.00939801034553274,0.020393727785046865,0.024523413673691853
2013-03-07,0.016300069069711345,0.07436256332365557,0.04164367877419704,0.004113006982084971,0.015858052081995165,0.05499255571609759,0.01918485737678105,0.00939769051263818,0.02523670006864518,0.029705489272932532
2013-03-08,0.016515086829405678,0.0608113946492794,0.030166088043855937,0.004501760827283755,0.0177962402145154,0.11404581940947275,0.009254630110582437,0.031797023509587456,0.019487819190477033,0.02181593030776993
2013-03-09,0.006265196342947519,0.020371436009941936,0.010628972276501433,0.0029329956635851195,0.015200663399697209,0.0830531972265254,0.01287803390373646,0.03826561561459987,0.025057808599354418,0.02286230256179285
2013-03-10,0.010952349684378975,0.026626790900029854,0.011847068847525894,0.0053950471406964025,0.014896615783700192,0.10279069264321807,0.011115059810081847,0.034336870770864565,0.020137586140397516,0.02853422866817563
2013-03-11,0.008964370584618504,0.03353120192012776,0.009829114521629738,0.006788806184831829,0.012027495232642012,0.04770490035989686,0.01179255992177671,0.028953474131320583,0.02000662657494841,0.017144250185904587
2013-03-12,0.005572623349483678,0.014883085021300573,0.011049835852905605,0.007678882612062394,0.013048190881273207,0.04201356395279092,0.007252507290845549,0.026751694588869782,0.01891982994724227,0.01315438842629422
2013-03-13,0.0029135895096647755,0.0295535947254689,0.014256563942188069,0.006994636869534077,0.01325720395340008,0.032146909449062275,0.013100229248135453,1.0475163582241105,0.01451053752427957,0.026754286048235605
2013-03-14,0.010094041414970414,0.033806382697079314,0.023879603985312293,0.001889741506970343,0.016981359926943943,0.08516891655142096,0.01518922783429961,0.03189821785698363,0.022452253285721372,0.021350595825686425
2013-03-15,0.03189684680332132,0.10453177024350956,0.059824454814026685,0.00800389029891085,0.02386958379953764,0.037535310646366546,0.007802486089902094,0.03353231966870269,0.01678471247869914,0.018356345323480044
2013-03-16,0.013537221039383268,0.03939503913692815,0.025799562108148624,0.009760551212449287,0.023202329976622017,0.062492359459841856,0.010222805640529398,0.03410749588181692,0.019877759919443724,0.020525353540398007
2013-03-17,0.028596910635383478,0.03949467394617957,0.03062813792238611,0.004444881899171606,0.01749827659820073,0.12914500181292268,0.01151320125307066,0.03279480144721476,0.02006686434403575,0.02187071222822264
2013-03-18,0.023748470171406716,0.0348061437166533,0.027155347550901616,0.004701955146072926,0.023666884321103476,0.038714003071178914,0.007232469570716285,0.030971488908244017,0.018263677331591777,0.024699233478316374
2013-03-19,0.026321798277316528,0.07499113170170472,0.03982511976438625,0.009918950647583977,0.020404661824316855,0.08326639771526649,0.014949228029845683,0.15377652242659068,0.021795280650080663,0.023609317799962653
2013-03-20,0.03178136206121522,0.14248671463104354,0.08260450093941207,0.05889942616445733,0.023499153250380874,0.05223213703035692,0.022409538784262405,0.3933937481819509,0.02686031752703107,0.024145745763412847
2013-03-21,0.027034163519751884,0.11799806956618074,0.07065745424453167,0.02179877396178112,0.021961242379944894,0.07568912428764912,0.019590843916929872,0.18104215650568065,0.026892924199900105,0.03592399186727101
2013-03-22,0.020467686447736923,0.07786066823074658,0.04715824498288298,0.02060238964299842,0.021059931498213107,0.03201461798266106,0.007434458797952659,0.014518986186827539,0.022125231204175914,0.020343000900691684
2013-03-23,0.024895204947651992,0.11213612567830762,0.06589208545854877,0.044452331924524094,0.02246791897977981,0.1297501608672653,0.006703692893448609,0.072726536969348,0.018825120180407533,0.021701846871095935
2013-03-24,0.03908137631068946,0.18052993128038342,0.10712486366853682,0.04974679478925556,0.02451810636350996,0.09895383380681601,0.0115496641532713,0.07341641739772585,0.01783695843021754,0.020448194284024866
2013-03-25,0.03332877873430362,0.15271314750649356,0.0888952491177774,0.042580178531402536,0.023839439571625452,0.05194272846118467,0.023741639465094392,0.03633321516748063,0.02432889031875737,0.026568091560468222
2013-03-26,0.02227046688689322,0.11023832036629395,0.055884589791240113,0.019521133933934075,0.02098352122753367,0.12633843501920464,0.014674724662814014,0.027479291680029494,0.022197098393685895,0.0244326141038929
2013-03-27,0.023427860959135256,0.1105880739516478,0.06649653161464121,0.013932871163631573,0.020077335850217665,0.11967189460495055,0.018343526204518817,0.018718793862720868,0.02502943964545518,0.031038041934601267
2013-03-28,0.02969048830142592,0.11483592998882285,0.0679623474318817,0.016444277167189915,0.024317337515358434,0.09185734014491065,0.017069529679762562,0.02520236757717631,0.0245271732705302,0.027227015089730185
2013-03-29,0.07095586516178311,0.1428580476130234,0.07976411589816886,0.031416527399781576,0.024519458621319934,0.08052025189797156,0.023266519978392866,0.03326126693711403,0.032672199851055024,0.027832160997404095
2013-03-30,0.03279029006641643,0.15660690380960748,0.09108634055922941,0.025835184301892033,0.024589636176675395,0.12409474812974224,0.03599927174101921,0.032299472605715654,0.03830559000407994,0.0325369758934111
2013-03-31,0.02493237806533864,0.1264807023044585,0.07391602013288247,0.018760024242736463,0.020730386897384673,0.09407198595289636,0.08745368872379658,0.03189002820731081,0.025100249820400294,0.023853560361473448
2013-04-01,0.031421294014567294,0.149634441302977,0.088232302925215,0.025378165063235408,0.025081639232830813,0.09863014146015991,0.03090922857759146,0.03377436334344153,0.03895624122187546,0.027530026099015295
2013-04-02,0.04102154736876039,0.1779572181055453,0.10222090238560992,0.052058504538883194,0.03144125711278798,0.10946943528915191,0.0906558194790416,0.03482531890194891,0.09739658440328855,0.0553725540385503
2013-04-03,0.04024613566731591,0.17856711014860227,0.09862389835222374,0.03213080327811985,0.03802598492995376,0.1382164252037598,0.22773083786386458,0.058578974412003035,0.20997918918024405,0.10305769270127829
2013-04-04,0.03952242817233127,0.1809562344221826,0.09517733383611802,0.0399694803892254,0.0371175070453259,0.09531124841093272,0.1735377089608781,0.037647643583952194,0.15523793241286915,0.0875067304308225
2013-04-05,0.04125175093662631,0.1815686666846883,0.1039908912599414,0.08888706255838351,0.03191745172670996,0.0831805184204881,0.08055180527494624,0.040496274659280664,0.07459588215986068,0.05046386753641821
2013-04-06,0.0438136765614423,0.1625991123752841,0.09465048791792337,0.04186799786574976,0.02621346320988451,0.0888438915186156,0.07247839496425286,0.03911461798762483,0.07950476453754493,0.04086524263117063
2013-04-07,0.037264062511337515,0.1803948154060415,0.10347172850218637,0.030280736635489514,0.024562060907473288,0.08022210714549657,0.08725494071695007,0.032210795759075345,0.13274313702124468,0.051447850059685496
2013-04-08,0.03550154324849587,0.15084353539609166,0.08449332452168859,0.0240331243459444,0.023432994703412167,0.08673392227468929,0.05341902475905231,0.03389242716100811,0.06989262898488156,0.03624989537857969
2013-04-09,0.03360223144424227,0.14781349890792697,0.08699681325799831,0.03581114543826412,0.024614348007139047,0.0663976957914002,0.08032662589765838,0.03364677294542631,0.0821692246580911,0.04328172178586767
2013-04-10,0.038467360269454395,0.17655448748493574,0.0948434824444433,0.04615173382969083,0.02689992257471399,0.07776913362081926,0.12608327233038924,0.03058275551013238,0.172869482670755,0.07949796458498569
2013-04-11,0.041735130968285794,0.17578161806184361,0.09179911047775621,0.0809755979189139,0.03472197141882518,0.12422594742174438,0.1462288641264168,0.0360077600256683,0.14300124202717218,0.08130880681365335
2013-04-12,0.03916163778959003,0.1778066048163768,0.079483303049596,0.08295267813853764,0.033945867095261824,0.07195240469467196,0.1548961230229489,0.035859664869037924,0.13499935106684016,0.0787709634973097
2013-04-13,0.03714237427198491,0.17610341468990093,0.10418043139896119,0.05680972921490083,0.03214495454427002,0.059767625260582054,0.08377601233627635,0.039660503358207734,0.08002359552637496,0.05293152567354187
2013-04-14,0.03459288090998539,0.1604846318000099,0.09648144440433416,0.03293131315774808,0.027070501457967758,0.06338845879724592,0.04187248310713165,0.03512284294542791,0.034745581739571374,0.028757972538642238
2013-04-15,0.029815068576344656,0.1416183396363438,0.08451043030434655,0.02028517483642995,0.023318596374196508,0.11363736984489174,0.06661757318318022,0.03471681217048674,0.06154460531672415,0.043018278169729834
2013-04-16,0.02575197146964253,0.12276189129960302,0.07197903211864236,0.025732286109100236,0.021514849447460023,0.11796316423885782,0.06286295950455717,0.0375287668999987,0.05870324604627115,0.04294341427494724
2013-04-17,0.039823997383086826,0.17895331061021794,0.0943829160836233,0.04094219291390259,0.026076343541537393,0.12363404443576759,0.07605718609303017,0.042443745617738594,0.06669772836210827,0.04352849580471426
2013-04-18,0.0550434600429393,0.1750363165122369,0.10440970496311858,0.06599272292410342,0.03099528352878455,0.13750837045006808,0.0997690595036768,0.031928433096391144,0.09556029800160076,0.06339073516835449
2013-04-19,0.03959072184215232,0.177300205899829,0.09901398190436375,0.06054543056770873,0.030214783481362972,0.11854720616324355,0.10655918368131555,0.0324307184597813,0.11337646473086228,0.059670681186308895
2013-04-20,0.033534786548384904,0.15846378440008085,0.09427198316452061,0.03058693537845086,0.02460654400809462,0.11348328315905967,0.06369683895428595,0.02876094351099821,0.07471908025695911,0.046651459877019325
2013-04-21,0.03394900502916773,0.1571643465249068,0.08471129625214462,0.030264022286503333,0.026671698551501928,0.11724385911121005,0.0511035099510542,0.030700148809590985,0.06264487437972752,0.044561756965585016
2013-04-22,0.030370828726726636,0.1429352474535635,0.08788571885560767,0.030750069018911565,0.02349969943917689,0.056497157433131356,0.00937942981648756,0.046877548236087474,0.01987821000059132,0.017810598040140395
2013-04-23,0.030922807035159254,0.1256421816137278,0.07355533130469546,0.028471789692635027,0.025087879435701413,0.05157296862232517,0.1831927973509229,0.13347691839385797,0.1945754630076749,0.12055237417926609
2013-04-24,0.017227854488983726,0.06693825891314076,0.05083819807476477,0.03551681169167884,0.018980690953118978,0.013949992411113802,0.14210587816704448,0.05251061014436048,0.14904410063690635,0.07436986353448731
2013-04-25,0.02684648580302957,0.1185697331116834,0.07517345983540594,0.028884337049346974,0.0204870113858987,0.07832012883272381,0.01078551014169092,0.046747224519636255,0.020359155142688056,0.01609359501363087
2013-04-26,0.029905441664274796,0.12447649080895534,0.0452634322143522,0.016933472843646054,0.0167634672512567,0.03538674211365686,0.0046497181442016755,0.04543846677923912,0.01360326753973755,0.01397698428040184
2015-07-10,0.0658442269134172,0.22769042891773938,0.05723729084559822,0.0010108822651296394,0.10306723562738383,0.02270855714433199,0.005474357761794789,0.0037022014401190658,0.018055399457575436,0.12251458836570842
2015-07-11,0.041978037247067675,0.11798638540422944,0.00770611711885046,0.002079209142679625,0.015461095619158096,0.009224205401610525,3.8359523025567924e-4,0.001174942634586425,0.002357281211188883,0.10814470939726636
2015-07-12,0.040623548776200176,0.13327041788421282,0.01115652401825778,0.003932317802996885,0.019846454421436198,0.009605821626233278,5.424855770892118e-4,0.0020591447317213703,0.0024078452752267277,0.07152291763797354
2015-07-13,0.043290166401390585,0.10954760868963183,0.008529538631150455,0.0039852344319122246,0.018849628790959486,0.009187217918601047,7.345289437056431e-4,0.0014390049658890456,0.002309958706965099,0.03512191638732422
2015-07-14,0.035280266685156006,0.08763808695170545,0.0067711017663759305,0.003553266515640468,0.014043237487823757,0.014471230836017247,0.0029630507263521746,0.010832435854338377,0.006558471801735868,0.03610901970878094
2015-07-15,0.012954703544112024,6.808910446151763e-4,0.007378282094379165,5.39683031180627e-4,0.008436252612785624,0.009493737198493947,0.005549992457167305,0.0018577474226660156,0.003768374513977478,0.029132142375289136
2015-07-16,0.019432055316168036,6.808910446151763e-4,0.006780379370772628,0.0010742465106737854,0.012616756983113195,0.008499906654795478,0.0029877775867040465,0.023254198126384143,0.0024878209603474174,0.024193366974974415
2015-07-17,0.04181112590116672,0.15336665216548456,0.03584158217244598,0.0018600074817214805,0.01727030868294613,0.012630641741191976,0.0018396580974525873,0.010823329139105822,0.006592823573832284,0.024697975338074704
2015-07-18,0.017540751518839943,6.808910446151763e-4,0.00751057539293223,6.643709453260718e-4,0.010319103383131313,0.0061914036207725036,0.0016123172698293698,0.0018310158502735624,0.0029870492889981903,0.022337649268343102
2015-07-19,0.015419181362211069,6.808910446151763e-4,0.007659751809984108,0.0017773054317751535,0.010239826126535269,0.038334712065931864,0.008465208882755343,0.014529844917498976,0.010968428843422378,0.024446973139694912
2015-07-20,0.017540751518839943,0.04899117996051268,0.00821161732134083,0.0022748259097501505,0.014311481810529441,0.010341565726263319,0.0014522681030054363,0.0014390049658890456,0.0034513297364817614,0.018667554620996545
2015-07-21,0.017540751518839943,0.021909521737926364,0.00822436630793589,0.0018350925451299602,0.016824136740316017,0.017256365231011584,0.0028534260058179564,0.014451589710124597,0.00961795138816164,0.02471045852074594
2015-07-22,0.017540751518839943,0.021909521737926364,0.008162989582210243,7.27605140996745e-4,0.010681286771988135,0.014571615040942185,0.0033950525601529483,0.0016316782607697425,0.0038484459700818333,0.019960869982592857
2015-07-23,0.012954703544112024,0.021909521737926364,0.005779361237509123,7.803696703527512e-4,0.010579071150090552,0.06239980316008532,0.005580838226424602,0.011048745439047707,0.008256490093464524,0.02269375931781347
2015-07-24,0.017540751518839943,6.808910446151763e-4,0.009100057787655458,0.0011606619296700685,0.013287877273104954,0.00629941117533987,0.0022257339889098504,0.0030282666906394145,0.005184382615614314,0.01771830192845184
2015-07-25,0.040623548776200176,0.15336665216548456,0.03348146522544281,0.0019038495942695472,0.017582072276557642,0.00792582801763028,6.644064283439186e-4,0.0022204328684876555,0.0026932179960617053,0.018350991251866115
2015-07-26,0.012954703544112024,0.021909521737926364,0.00898885127494012,7.736294772487338e-4,0.011105212069529474,0.016522853313348334,0.00473963949786295,0.0014043250511844212,0.004161775029125323,0.020434195362874174
2015-07-27,0.015419181362211069,0.021909521737926364,0.006655614722312949,0.001998820870938203,0.010025355738732335,0.012581102381130634,0.010953194441970248,0.0023075415258099136,0.012142187943864837,0.020614500580717874
2015-07-28,0.015419181362211069,6.808910446151763e-4,0.00807004929027796,0.002180456987733023,0.013409973657142466,0.016282082974751748,0.00542937460197211,0.0018310158502735624,0.0036506470515057492,0.01950768745409262
2015-07-29,0.019432055316168036,6.808910446151763e-4,0.0077818813281398235,0.00204404621471691,0.015051575289012763,0.012294419435469234,0.0020538172474721347,0.001294723724188488,0.0028175535720917706,0.018216055662057962
2015-07-30,0.015419181362211069,0.021909521737926364,0.00857608823258948,0.0015400569637710438,0.011816272272167796,0.015509092550701445,0.015750777026480124,0.012611589578749773,0.016643933706262593,0.030172158853983694
2015-07-31,0.012954703544112024,6.808910446151763e-4,0.006110679868147963,0.001486073294205779,0.009916381244252509,0.018510484538094674,0.03486639393086884,0.00703565449119992,0.035679278366884504,0.03051769164095207
2015-08-01,0.019432055316168036,0.021909521737926364,0.007618606918962023,0.0014813049667278147,0.014556140247679636,0.017201579420441312,0.02176600146420201,0.01072264481921763,0.0159187151373569,0.027632713179030422
2015-08-02,0.02013890507938765,6.808910446151763e-4,0.009419136900200437,0.0015998103748598182,0.014481300984488533,0.009752103299159829,0.009335902014969073,0.0010414753319984446,0.0058383276072213625,0.01863448541058141
2015-08-03,0.01399267908235589,6.808910446151763e-4,0.00797339850683292,0.0020313760586359005,0.011513539121964086,0.01447339543903067,0.019953098385783134,0.0014390049658890456,0.023743665458907305,0.026908981201293734
2015-08-04,0.03625774437745207,0.1314571304275582,0.018489105954154955,0.0037844393055556174,0.016299277634382686,0.028174088673141674,0.025873965093067417,4.4408657369753116e-4,0.03036536935203273,0.025532932698077694
2015-08-05,0.03625774437745207,0.13327041788421282,0.01787132121908127,0.0030034210646300878,0.021489355508919318,0.02028621886805577,0.01232489345714854,7.691805086033045e-4,0.016087936958245105,0.025399727018328665
2015-08-06,0.033864430947896186,0.04899117996051268,0.008745449060093342,0.003888426645267525,0.01844170601136391,0.02447876433145779,0.005356615874935123,0.0010414753319984446,0.0064141418333156,0.020867266250841825
2015-08-07,0.012954703544112024,0.021909521737926364,0.006893776628985697,0.002212582082239872,0.014851726557447816,0.02133074262498335,0.008645797403528088,0.009940002784413333,0.01428292334638586,0.030839362627391103
2015-08-08,0.015419181362211069,0.021909521737926364,0.007361222459773694,0.0025529150129714523,0.013887628945427563,0.04553288473883684,0.015409200720859682,0.0018577474226660158,0.016334335627880434,0.021043861215276804
2015-08-09,0.021806015403129347,0.030984742786883606,0.008059656434336567,0.00444680850484908,0.016645583201355025,0.030042714650004975,0.015786547783151802,0.0016011769122115662,0.0210475874625755,0.02662092986087455
2015-08-10,0.017540751518839943,0.037948404819623235,0.006881607552191304,0.0030353722806117757,0.015566155235153778,0.018018956602468973,0.007917316343781561,0.011142060449877788,0.011310561445559062,0.026153449608861127
2015-08-11,0.015419181362211069,6.808910446151763e-4,0.010297005404142079,0.0012309652557820517,0.01274528414085348,0.015123016921830464,0.011229582480145724,0.0037942773489169357,0.012831609260799784,0.022226929135457204
2015-08-12,0.012954703544112024,0.021909521737926364,0.00771698611877805,0.0011459235262869598,0.012377658091388565,0.01354272177640804,0.013580210240611793,0.005484064637940361,0.013833015971809543,0.02089680238204497
2015-08-13,0.039753564685539665,0.13327041788421282,0.03512347313977365,0.002984055337682284,0.028906272705993042,0.019974763270003845,0.013603666410768656,0.01621372183130401,0.01493617067918372,0.028327083003235342
2015-08-14,0.040623548776200176,0.13327041788421282,0.018101988583032764,0.004999157014058883,0.028028384996241187,0.009000976529503296,0.004368047693670443,0.006048387401289336,0.0054386032741996545,0.01778778573204705
2015-08-15,0.03758352779199362,0.13327041788421282,0.03539743140743819,0.006347226941304005,0.02050616314087261,0.03170112334584761,0.004976892499034188,0.004895034782309228,0.00403780735234412,0.026620929860874543
2015-08-16,0.040623548776200176,0.13327041788421282,0.03732059178417162,0.00662793889315733,0.01869043521733376,0.026253273690558868,0.00414330203405519,0.0025510831430918947,0.002867003601767748,0.016659787736090562
2015-08-17,0.039753564685539665,0.13327041788421282,0.016991384686261532,0.007047057005716154,0.021539859351803838,0.02359154374727673,0.002739417882401348,0.0035108126279610533,0.003955859107380937,0.017080232464309515
2015-08-18,0.02013890507938765,0.030984742786883606,0.007369757213318256,0.006897541920999449,0.01494289823363138,0.014794578788014108,0.0013102271461622934,0.0019357284969307661,0.0024306689634341007,0.017455274436324216
2015-08-19,0.02013890507938765,0.030984742786883606,0.007654278603275969,0.0047476936859962805,0.015213135287344717,0.017325246025429033,0.0060449220839424705,0.001294723724188488,0.005440910211005077,0.020985161348590936
2015-08-20,0.039753564685539665,0.1314571304275582,0.03514553993324262,0.006962243010006385,0.039238631356698264,0.036282349417528226,0.02244824283497486,0.013738003162252547,0.024651649858615645,0.025399727018328665
2015-08-21,0.03720955303823987,0.15646528139500487,0.028438509526974243,0.0071762909778494205,0.027843633870965164,0.045728731195252274,0.03820192524066991,0.002531682989732011,0.042127686643978424,0.03807125014487805
2015-08-22,0.0429658909261069,0.15950372587368422,0.03628780352342941,0.01996775680472344,0.02379292235337439,0.05076301686217718,0.029919608300787954,0.014248882940220118,0.03610363932180146,0.039345952885288374
2015-08-23,0.03886411063233607,0.13327041788421282,0.018215076626399006,0.023266709789180065,0.02213692005173115,0.01650638384430994,0.026981046141177068,0.004844412586441324,0.029773750768187075,0.029227259363860114
2015-08-24,0.044090422055419416,0.15492371393441803,0.020849846838790397,0.012398637857081826,0.022356707328164492,0.006691331716708736,0.01429975242808641,0.020734610899791197,0.014637008784347132,0.033152559004546084
2015-08-25,0.040623548776200176,0.15492371393441803,0.03608803509810895,0.01469050037783611,0.022026204003107373,0.027171790908909522,0.006028672263998281,0.011724221970010364,0.009165926961938037,0.02599970880363028
2015-08-26,0.04096636961164958,0.13505936259962645,0.03738005971613826,0.011508336146473088,0.022718294783235428,0.030903632144605897,0.001917976151278396,0.0016316782607697425,0.0038199713007962847,0.02506976707033632
2015-08-27,0.03625774437745207,0.11171707887517185,0.03481427318029033,0.00813635222687077,0.01688859727045505,0.011614305148535954,0.0037909353769990115,0.0011749426345864249,0.003822598516581954,0.02638822496020564
2015-08-28,0.015419181362211069,0.030984742786883606,0.007727839831763217,0.00887761031012432,0.022283685770021263,0.030922507606806808,0.00665881250199354,0.010972623490072964,0.010594921932285574,0.02616523840802138
2015-08-29,0.03850257616389436,0.13327041788421282,0.038053408229722155,0.010193477909971972,0.025340936818726102,0.014124601483399146,0.006775642686164255,0.002608418012967868,0.0048690760406323065,0.01942848417349555
2015-08-30,0.04759862017814893,0.17664021139311234,0.03654156949091049,0.008049044789182934,0.040013265496746574,0.012117352625899152,0.0023122022528003416,0.0029624269408306705,0.0031068996511558725,0.01799462740135304
2015-08-31,0.019432055316168036,0.030984742786883606,0.00780607794274375,0.0056126445923107915,0.01638239534641228,0.04716718124132508,0.006610760493350787,0.023902420958274953,0.008563431512879709,0.03582607633627049
2015-09-01,0.03886411063233607,0.13327041788421282,0.01858067871662448,0.005122735336695261,0.017949042029554652,0.04753935256257203,0.03636474690088458,0.016389141200383813,0.01841742901579563,0.026632511732147254
2015-09-02,0.040623548776200176,0.15646528139500487,0.0363322395873623,0.010220419860909435,0.022896947296711226,0.026488130544445022,0.009617969936060235,0.013568280218583646,0.010613738008711321,0.026153449608861127
2015-09-03,0.040623548776200176,0.13327041788421282,0.01807302630954255,0.009773530166022263,0.02080861085762364,0.028087163909953198,0.004877344592683268,0.011673649964447417,0.009253135224180307,0.027171291520920363
2015-09-04,0.04847206220929331,0.18974202409811616,0.0513427888442246,0.013793691768650572,0.025554427843027923,0.11224333929756741,0.00868541828656912,0.014248882940220118,0.008638426620056748,0.02926943436323608
2015-09-05,0.03281574124501685,0.13327041788421282,0.03666922251805369,0.00869055840201975,0.015337616552381967,0.0034738388942045484,0.007135283738823427,0.013550099478515362,0.01011575420460407,0.023363335319316045
2015-09-06,0.03720955303823987,0.15492371393441803,0.020025527156567993,0.00872791472345071,0.024110477785831946,0.03060978931022425,0.0053611922242319645,0.012685649928550953,0.010177716367986452,0.02907916516764746
2015-09-07,0.05406422714266815,0.13505936259962645,0.018954707716373833,0.010635586446122464,0.02011833632873247,0.051425795568497495,0.0031084628694880044,0.01170317685885878,0.008208014445089801,0.025629374713547693
2015-09-08,0.015419181362211069,0.030984742786883606,0.009545099280957373,0.004932250891499681,0.012530339822373737,0.04294698683971199,0.0021812148117861625,0.003155828051302834,0.0045721347076681145,0.020882039538533615
2015-09-09,0.015419181362211069,0.030984742786883606,0.008201403863008562,0.006685083066224054,0.015355317212112354,0.08992633739325112,0.0059508796853149715,0.016737410285196912,0.012110210115705563,0.024446973139694912
2015-09-10,0.03720955303823987,0.15646528139500487,0.03548198212197744,0.024482159987054528,0.026463079804829558,0.10620414943795585,0.002446202954399513,0.005384263560223133,0.010103216804172584,0.024065561712376293
2015-09-11,0.05341361106093733,0.20318054601629912,0.04167858321572789,0.022367863512485014,0.040431981112333246,0.0467925066162539,0.0013471421757398857,0.0020829506639968892,0.003446963726212146,0.020449281518759223
2015-09-12,0.042474836045535924,0.13327041788421282,0.02057365093102971,0.011633076489221949,0.035448816816503394,0.08895422553525194,0.005576442134189486,0.010759366313071058,0.007535083779248632,0.025880825195885443
2015-09-13,0.03758352779199362,0.15492371393441803,0.027663114013010318,0.010181636240487544,0.02010482955558947,0.06304451383556273,0.005913673403821831,0.002472569399044402,0.014644894365403562,0.043965569481076994
2015-09-14,0.03850257616389436,0.15492371393441803,0.03632647174119121,0.015254118550394494,0.02496293447626755,0.09568318617261147,0.004440435822128005,0.0032482132541144957,0.002529341700214137,0.020793242369979884
2015-09-15,0.041978037247067675,0.14028938967067817,0.03785908228676786,0.010928631299399352,0.024875727451732665,0.07679379607785396,0.003998723463807747,0.005738863283326666,0.002922064116103129,0.020191283962204157
2015-09-16,0.05045132191254655,0.17664021139311234,0.0363691321419836,0.007378186764902321,0.0252442768218944,0.004502732062171095,0.005103402611930459,0.013575545697133014,0.010343317991271906,0.026481552307092815
2015-09-17,0.05948358247638913,0.23290141076143672,0.052725265254624114,0.01734728414713072,0.03000372539835111,0.0030247621280481162,0.009126019952969513,0.003524827903759275,0.015739863526896866,0.02500818562859217
2015-09-18,0.04181112590116672,0.13327041788421282,0.027844315387080154,0.013030675523397987,0.02768709779506109,0.004265253532056501,0.006430227794538,0.004236315914730104,0.009666496643726624,0.02604711031755742
2015-09-19,0.02013890507938765,0.030984742786883606,0.01058400800042056,0.0065457097065351475,0.022308052847580254,0.11295982975409727,0.007975952502686958,0.005807185490792297,0.0039830474624553665,0.03133536360937402
2015-09-20,0.019432055316168036,0.037948404819623235,0.00663353965413007,0.006947618778085184,0.020492911983985822,0.09379365638646013,0.008421640868934358,0.01949433839032044,0.012242643792594259,0.027295853210218372
2015-09-21,0.02013890507938765,0.030984742786883606,0.007014306329928822,0.004875348524485218,0.013789481927991875,0.042238899521989684,0.004083683069218626,0.0021981163938679664,0.00899943697608057,0.024396462810652046
2015-09-22,0.03720955303823987,0.15492371393441803,0.03514613614077862,0.013968645119693857,0.02498468867166074,0.06671431586991448,0.0050985948834850895,0.004294112800304807,0.005221286035199655,0.024597881814442356
2015-09-23,0.05341361106093733,0.20199580970083703,0.050702531777221456,0.011120308081357113,0.024995558669421748,0.11126273696906785,0.003998723463807747,0.0018038881898509705,0.004928252568243916,0.020644398349265007
2015-09-24,0.019432055316168036,0.021909521737926364,0.006332958600254981,0.007592851798314082,0.019473393472413683,0.005762044034481801,0.007090461508058561,0.01577914025651417,0.010399702408361938,0.04662756836240568
2015-09-25,0.018320717448606028,0.021909521737926364,0.009104661915340696,0.0061589152005793535,0.019263015747308484,0.09941927086315618,0.005766700785763823,0.0029624269408306705,0.007749861402070279,0.019156743739181314
2015-09-26,0.051548217997010204,0.20318054601629912,0.0383211846146566,0.011625997620688043,0.031036182404993087,0.10674983302939157,0.009971016739664978,0.01576350960358765,0.00932554465119733,0.028759252627398865
2015-09-27,0.025086675540700033,0.037948404819623235,0.006646162956991735,0.010271882698034323,0.03137567115086169,0.08804442936160838,0.004656115079416499,0.013880813685977824,0.008653666687941495,0.024396462810652043
2015-09-28,0.05341361106093733,0.20199580970083703,0.025335970008185257,0.005400081050725693,0.025628729555351917,0.034042500053309804,0.005545571912891915,0.01259202761633264,0.007545568710562896,0.02435851132880355
2015-09-29,0.051548217997010204,0.20199580970083703,0.049844750835650056,0.006327175622469736,0.028076801658682232,0.05521601187406829,0.0050985948834850895,0.013575545697133014,0.009694756386573718,0.03500758406614951
2015-09-30,0.04096636961164958,0.13505936259962645,0.03366184856842515,0.00683622101393561,0.02855645374019001,0.010598959858705776,0.0022257339889098504,0.0018038881898509705,0.00537990867180912,0.01955505544156395
2015-10-01,0.017540751518839943,0.021909521737926364,0.009166591303285706,0.005298294104796209,0.021803085323092147,0.06507532376296417,0.002017676878327922,0.003155828051302834,0.0027667664837597956,0.017116304801141246
2015-10-02,0.043290166401390585,0.15492371393441803,0.03465803419815714,0.008720995691815532,0.023505765775579137,0.005221016315828827,0.002017676878327922,0.003076722034413218,0.004476721182089596,0.020449281518759223
2015-10-03,0.05367480387067155,0.18847283243498364,0.050685584569120125,0.0107405747455182,0.03493162616958461,0.009895986257910846,0.0021126777922356095,0.0020106874797534953,0.0037089628848380345,0.024142326059523475
2015-10-04,0.06268880857082057,0.24100473911719003,0.04281882497836488,0.009898625682341289,0.0408064831437709,0.01858372890700876,0.0013471421757398857,0.001538361017206609,0.002503409278564877,0.018551554489863537
2015-10-05,0.022438204735394623,0.021909521737926364,0.007697955297899588,0.013474153890684442,0.027031806499965262,0.014165810705107851,0.0028875999904611834,0.0014390049658890456,0.0044154726072465076,0.016228453832338254
2015-10-06,0.019432055316168036,0.021909521737926364,0.011629208653525347,0.00590361092159836,0.020399912875954676,0.0072051027531100445,0.0011292737810273759,0.0018038881898509705,0.003830141723770549,0.019269100970885387
2015-10-07,0.04181112590116672,0.13505936259962645,0.03674742623064386,0.008287908355867757,0.026090924215056925,0.05246320435034118,0.0020538172474721347,0.0018577474226660158,0.0023503503682461412,0.01731335928133304
2015-10-08,0.03720955303823987,0.13327041788421282,0.01682282994877617,0.00879607457517792,0.03197597070513259,0.06885202295579426,0.007093919426580652,0.013263253498484609,0.013715672181322478,0.02150769348440977
2015-10-09,0.04010382312440246,0.13505936259962645,0.01540951483155047,0.007099470360080168,0.027941023583743035,0.1120646556613146,0.03587863066976846,0.01704100856967723,0.0107819542718204,0.022896688178757035
2015-10-10,0.0294464334608644,0.030984742786883606,0.006006925639725466,0.007685690143323928,0.02916821192155309,0.0804217520303978,0.007523422912895506,0.009774949757040236,0.009711569386361064,0.023691027834958488
2015-10-11,0.03625774437745207,0.13327041788421282,0.03500634676326171,0.01665360727819763,0.025892352307943827,0.11843080199274639,0.007365294801668335,0.015725932650013787,0.010736933529010001,0.02656294475638585
2015-10-12,0.018320717448606028,0.030984742786883606,0.007588292211606653,0.011585241910574471,0.027588811727697705,0.0817683059334861,0.003998723463807747,0.013958736702121426,0.009049081554746277,0.02282924565176074
2015-10-13,0.024522858024675385,0.030984742786883606,0.009002827211768098,0.009997744263396518,0.0277654761480299,0.010551175025168717,0.004277273163739584,0.009875311215452662,0.008274254006220866,0.020793242369979887
2015-10-14,0.05248920186684293,0.17251574668026515,0.023428074362410584,0.007405383467268429,0.03227193337436942,0.003663515170811642,0.01705453637601251,0.01762134181427541,0.012813993363519769,0.03322689218980287
2015-10-15,0.017540751518839943,0.021909521737926364,0.007014306329928822,0.004266708956154804,0.027291829862535272,0.005410480213879368,0.007542955848182524,0.02108125319350615,0.013920735283543666,0.030396187409409206
2015-10-16,0.025086675540700033,0.021909521737926364,0.0070974593514785715,0.0038189031114627845,0.03187386516278166,0.004207477825093505,0.010635115786179556,0.006342824964275477,0.009051161500579661,0.020313102768539218
2015-10-17,0.02013890507938765,0.021909521737926364,0.008731061144026424,0.00449031620281378,0.02621556309744567,0.12000403314280708,0.002676017806277112,0.012035483537742227,0.00695301675044952,0.02091155480349559
2015-10-18,0.02013890507938765,0.021909521737926364,0.009021428114267616,0.004068198698290716,0.01962623729284507,0.004995954840510024,0.00492239029108841,0.002452548264687484,0.003347972990865952,0.01963374813553019
2015-10-19,0.05948358247638913,0.20199580970083703,0.025229885009657223,0.004817411773513677,0.028134791672254068,0.11378924527479807,0.005055119571669459,0.015418823975688178,0.00964192919215798,0.022475282420674942
2015-10-20,0.047891537528561956,0.15492371393441803,0.035061970814831506,0.004694368550978691,0.03079895969842654,0.04678606161129161,0.005766700785763823,0.012985261515362058,0.008831229419021674,0.02184910678146685
2015-10-21,0.04096636961164958,0.13327041788421282,0.034831121903086806,0.006610518634504913,0.032971406378283566,0.02505507003375614,0.0011292737810273759,0.001691031292320454,0.0023503503682461412,0.017805114314560735
2015-10-22,0.035280266685156006,0.11171707887517185,0.015715163386718016,0.004018639396760773,0.04413249775894196,0.10022956361058212,0.007217301188042332,0.013647987757333712,0.006905749415873419,0.02757685560588382
2015-10-23,0.039753564685539665,0.13327041788421282,0.035699233393237405,0.0053048797142983065,0.0361168618409596,0.09720626166644827,0.005250259008826709,0.013252096967561645,0.009797123058668776,0.028196140470069225
2015-10-24,0.044090422055419416,0.17664021139311234,0.021050883758803613,0.00537138650368808,0.0392040018985741,0.05161677012478411,0.005397663340153005,0.011048745439047707,0.018924478509468386,0.030988996512376993
2015-10-25,0.026443677876749404,0.021909521737926364,0.006811213451473353,0.005565860368179577,0.04260417556214437,0.09640102144448887,0.002446202954399513,0.0062251370981206595,0.0048986255741204545,0.017402191877212377
2015-10-26,0.04096636961164958,0.04899117996051268,0.007462995341954449,0.003659304203904974,0.025479909461135694,0.0033055875959448516,0.005779444891441046,0.016681348286277712,0.010738335980331406,0.02440910019187285
2015-10-27,0.03720955303823987,0.11171707887517185,0.01847209821809827,0.003766991606493064,0.03071947837960581,0.002536186837976057,0.005646368905136878,0.006631626749242304,0.002397922434999066,0.016659787736090562
2015-10-28,0.026443677876749404,0.030984742786883606,0.007038164583613086,0.005815108509329334,0.030684087263731636,0.0038219207086830293,0.015284557207789663,0.016091628815136642,0.008456668299613685,0.02127704131061405
2015-10-29,0.04759862017814893,0.17664021139311234,0.020895023149441933,0.006837981439026295,0.042559520428373854,0.05879721813029089,0.0035573158220830003,0.013307786092160283,0.008251168671054023,0.022775147837215026
2015-10-30,0.043290166401390585,0.1314571304275582,0.01964202074380055,0.0035549727165116785,0.033817381580157124,0.05168552654406234,0.005451912575998566,0.017472422438936822,0.010525164967889484,0.027442333556814316
2015-10-31,0.024522858024675385,0.030984742786883606,0.0072493563472586856,0.003568077985407135,0.03329116640271005,0.011676879412129637,0.005174982581886936,0.019519613052030857,0.01036755487423392,0.02435851132880355
2015-11-01,0.04861611026002169,0.17664021139311234,0.03543174902555475,0.008763895793217003,0.05438423026865954,0.011753999898910471,0.002676017806277112,0.010443118565397131,0.01636634111836705,0.020985161348590936
2015-11-02,0.03281574124501685,0.030984742786883606,0.007711553533719818,0.010540854031286313,0.05870776065340881,0.10280877555003454,0.0011292737810273759,0.0029624269408306705,0.0027210316563420107,0.03445708813606079
2015-11-03,0.021806015403129347,0.030984742786883606,0.006375827333252981,0.005449587366693858,0.023424731128863337,0.06675955007625137,0.004713697105448232,0.015829054624779505,0.0102940635266236,0.02533894749350927
2015-11-04,0.021806015403129347,0.021909521737926364,0.005908444777213383,0.0031615468967451633,0.02335504907722061,0.08709220533362116,0.004862236622697605,0.011694748210405781,0.011030948321782207,0.020985161348590936
2015-11-05,0.04518697656378345,0.15646528139500487,0.03342007611896175,0.007031354815938413,0.032847592924163095,0.11939334205729867,0.0010148975833670867,0.0029624269408306705,0.005325046096048236,0.015960196449709096
2015-11-06,0.06190306281661746,0.20318054601629912,0.025415243167182466,0.005874341692027398,0.03330748160408282,0.08893846545355488,0.0011507856907670376,0.002608418012967868,0.0028028170786423973,0.016807222359880476
2015-11-07,0.04440648647451165,0.15336665216548456,0.03629935058778436,0.003969641829544747,0.026401418175859837,0.04761168524722098,0.0030204318634665917,0.012611589578749773,0.006883361481776284,0.022031830058295405
2015-11-08,0.021806015403129347,0.021909521737926364,0.011704642149204967,0.005243839984175672,0.02441278023560193,0.009372663636220073,0.00394314004797977,0.012939618978652827,0.01927975815669955,0.022171361725685682
2015-11-09,0.055594649027130696,0.15492371393441803,0.03539269533149948,0.009874416367561216,0.05062824768482262,0.004255632853851028,0.0027033713396770105,0.011694748210405781,0.007274777040389282,0.02184910678146685
2015-11-10,0.060068489195170494,0.20669401468798135,0.03878264360236246,0.01882082565831808,0.04446974300759012,0.07378691804744676,0.002666837615220294,0.01186218333206655,0.008112978682062726,0.020539565761369498
2015-11-11,0.042474836045535924,0.1579918080939728,0.018405048638524903,0.009187511190895482,0.027519802621194474,0.09062633487159533,0.002053817247472135,0.002472569399044402,0.0034788538932473976,0.018182165296588736
2015-11-12,0.045801793621515055,0.13327041788421282,0.020802557946856797,0.008316184748549435,0.04162374837124526,0.03106879233272761,0.007448072123337699,0.017788425278356803,0.010870397510258973,0.028930312887563005
2015-11-13,0.04518697656378345,0.13327041788421282,0.018044017549054478,0.006003797494510857,0.04151265566630215,0.1090615991070931,0.003299810941545464,0.012685649928550953,0.007689388345516792,0.07126374447870952
2015-11-14,0.04759862017814893,0.1779937960261202,0.0361460526190851,0.007437040787284436,0.033004344854408015,0.046943927791765636,0.002739417882401348,0.012716704197609476,0.006793071946083208,0.020852482496771532
2015-11-15,0.04096636961164958,0.13327041788421282,0.018151695596306108,0.006837712701152873,0.029602685520154836,0.051973287708576545,0.008085886589188426,0.01197387854248681,0.00798026024033337,0.023898393083270755
2015-11-16,0.03850257616389436,0.13327041788421282,0.037856868305345695,0.0058115207748720326,0.02643226697100913,0.09486391367832848,0.013729280030815767,0.01282480198828178,0.012849103341803605,0.03993718656664017
2015-11-17,0.03508150303767989,0.037948404819623235,0.010919225008937494,0.008458777553343651,0.049833287496029534,0.058202485129175176,0.002887599990461184,0.0011749426345864249,0.0028485604403269975,0.01724196368117868
2015-11-18,0.028725186815513615,0.030984742786883606,0.007695232767205102,0.00858424833119351,0.03742444636215152,0.02301646109364798,8.286604068110381e-4,0.002412007484582744,0.0030907008981808644,0.017384461672020717
2015-11-19,0.03625774437745207,0.13327041788421282,0.03490323859281376,0.00519665279848892,0.024523798453720876,0.04045429725984572,0.0034452461336034047,0.001538361017206609,0.0026890211340253388,0.018667554620996545
2015-11-20,0.043290166401390585,0.15492371393441803,0.03999293832912902,0.008761630987618112,0.03185681575521635,0.04900078798274184,0.006453070593988481,0.0025510831430918947,0.005037054903416948,0.016360933204614216
2015-11-21,0.02013890507938765,0.021909521737926364,0.008519706306693613,0.0066485480291684764,0.02760849693300481,0.003886865235330331,0.002395551445141889,0.002412007484582744,0.002891411491472687,0.019076083407289533
2015-11-22,0.02013890507938765,0.037948404819623235,0.007585530321720226,0.005467883350534226,0.05561893379136045,0.11128810579166103,0.0011292737810273757,0.006048387401289336,0.0032571571316958974,0.017152301275813957
2015-11-23,0.026443677876749404,0.030984742786883606,0.007240679675870217,0.006263498343862978,0.0383351849213424,0.01211346199269842,0.0051417026059395006,0.00709149389475132,0.005486387814936608,0.020524545967213575
2015-11-24,0.06190306281661746,0.13327041788421282,0.033912402650783394,0.00494137032534896,0.043400111838488256,0.024624961328785173,0.010579627846954086,0.022001341460950376,0.008896214212812944,0.02337653121718788
2015-11-25,0.08029478114277674,0.20318054601629912,0.024872719981425578,0.012081467547645205,0.060377508524345654,0.07340712394495419,0.004549553710157037,0.013887915663258027,0.009759006057442584,0.023481831440307896
2015-11-26,0.026443677876749404,0.021909521737926364,0.009132237935827906,0.004565477234024309,0.02732167331580644,0.027505147813023927,0.002322784469427432,0.011694748210405781,0.006932048836459233,0.022171361725685682
2015-11-27,0.021806015403129347,0.021909521737926364,0.007211682043644707,0.0029211657992075915,0.016382395346412282,0.030398685424942028,0.004143302034055191,0.002755484725076314,0.003517953442909596,0.02002257297360688
2015-11-28,0.017540751518839943,6.808910446151763e-4,0.007870238566652766,0.002979494915055255,0.018935897565658843,0.047802144838328904,0.005483310110803459,0.002472569399044402,0.005009073824480389,0.01863448541058141
2015-11-29,0.046257544086633205,0.15336665216548456,0.03481427318029033,0.008377651113496242,0.0393975348189553,0.10226569005756264,0.005663715701474593,0.01876758408799612,0.01163930256712375,0.04811830725532693
2015-11-30,0.03281574124501685,0.037948404819623235,0.005739339998353225,0.00973875097126594,0.032136974358091916,0.03739784385008423,0.002921374238118875,0.009785032224658199,0.006938382037359303,0.021218986519439154
2015-12-01,0.03625774437745207,0.13327041788421282,0.02729096122389426,0.00511550217613735,0.02538377866980089,0.009749220797536708,0.0066403721107264726,0.013593692404468062,0.00941713917212807,0.023625852944390863
2015-12-02,0.06235327284152797,0.18590845672130163,0.023874599798430964,0.004787470480160132,0.03284759292416309,0.09140820821523024,0.008436188540632373,0.014775475072796236,0.01397516801382319,0.0339158436795359
2015-12-03,0.05757196185937748,0.18590845672130163,0.04706185778490316,0.006308837567269911,0.03261521693878696,0.05562446201295562,0.008960596282331954,0.002472569399044402,0.005073545884908629,0.021043861215276804
2015-12-04,0.044406486474511654,0.15492371393441803,0.03740527694853707,0.0056539254473318154,0.04553214506542615,0.07144472881757406,0.003612046971802619,0.013263253498484609,0.006972481919154764,0.020867266250841825
2015-12-05,0.025086675540700033,0.021909521737926364,0.0072839596768144495,0.002891480601378821,0.02022606580750536,0.03040922006508465,0.005758189045647295,0.032383321566201474,0.006204704601673749,0.02558119915457447
2015-12-06,0.03720955303823987,0.1314571304275582,0.01865720757792985,0.003557427175039045,0.021790622855470277,0.03689695650012214,0.013336027147633022,0.05084936709957686,0.014790952584037268,0.02435851132880355
2015-12-07,0.050173351081400065,0.15492371393441803,0.01723626522641067,0.005119523854425043,0.04590054373549351,0.007296318139176349,0.004401605531567941,0.01674330062860826,0.009245401607366055,0.02244782329933978
2015-12-08,0.07718655458699991,0.20318054601629912,0.0381067841114444,0.006276086388350714,0.05160078149573411,0.03252271951749021,0.0023122022528003416,0.0023075415258099136,0.002863499776930661,0.01889741883440479
2015-12-09,0.0413063453133324,0.030984742786883606,0.00930498845609502,0.008248336781278398,0.03173721345027166,0.027407899579718415,0.006016456096908483,0.002531682989732011,0.005286018648155773,0.026966222238540845
2015-12-10,0.040623548776200176,0.15336665216548456,0.03482991869318255,0.004223878141738859,0.019914772883103823,0.05371419428183831,0.008197338224989527,0.012454233577545494,0.007928355301427787,0.022625711910303513
2015-12-11,0.041978037247067675,0.13505936259962645,0.01917562354758785,0.005521875193751885,0.03107991383770981,0.04612129996907288,0.005393117938639335,0.005329038884370373,0.004547917139122385,0.020449281518759223
2015-12-12,0.047891537528561956,0.15336665216548456,0.020991074327129298,0.010203279939693643,0.026059671349918555,0.034081531404731344,0.0020538172474721347,0.0019357284969307661,0.003299646082005035,0.01933301192901956
2015-12-13,0.015419181362211069,6.808910446151763e-4,0.007188399716395958,0.005221452407940513,0.014197140576642868,0.05116781311765246,0.00365926527617452,0.001691031292320454,0.0036441099090872373,0.020084086399556472
2015-12-14,0.019432055316168036,6.808910446151763e-4,0.007632346527813204,0.006191202883784012,0.017159853314273874,0.05945971251346575,0.007585104650819845,0.005263877879837923,0.0064990778850976426,0.02032827879065502
2015-12-15,0.06936111681329164,0.24100473911719003,0.03045585682002196,0.008735280568674147,0.03474449111169979,0.040027148906740216,0.015517047410435629,0.017307985793310814,0.011625709657392689,0.026678788937738486
2015-12-16,0.057206421897883615,0.1610014462990071,0.021529217415999658,0.014669408100987106,0.04281406528421327,0.02323598248093895,0.008430372484414929,0.002412007484582744,0.012111246318881531,0.01828364793755968
2015-12-17,0.051548217997010204,0.18590845672130163,0.023472752068734993,0.008331637963765771,0.02487572745173266,0.03521412636449728,0.02194441889582438,0.016070167168603176,0.042406063186908885,0.02985362892922558
2015-12-18,0.05406422714266815,0.18590845672130163,0.04994512288421587,0.006809382230953845,0.02561812821899126,0.06220873778513429,0.02825268496493413,0.011973878542486811,0.04070994070770206,0.03719442452196907
2015-12-19,0.021806015403129347,0.030984742786883606,0.007870238566652766,0.01907848545887562,0.040753193557674934,0.037587380106285824,0.010209207673046564,0.002627251600597942,0.012530373436423863,0.02269375931781347
2015-12-20,0.0468583165819981,0.15646528139500487,0.027340823182169578,0.015603442785986348,0.23051248709434596,0.022140399265379813,0.00492239029108841,0.0023075415258099136,0.006358729588960127,0.017384461672020717
2015-12-21,0.040623548776200176,0.1314571304275582,0.017299366380270197,0.007279396967827765,0.021438732693001013,0.0678112240821946,0.007908018259136465,0.004615083051619827,0.008458597199583414,0.024027087568328262
2015-12-22,0.04181112590116672,0.13327041788421282,0.0366120340513773,0.005095183880354874,0.02029310631552007,0.07958658466093219,0.011013481565321755,0.01554303007941359,0.014576784001011965,0.02489695519307315
2015-12-23,0.06915919173617571,0.25362105025637266,0.04262901841799146,0.015142090263119206,0.03514096194787941,0.059108962587434186,0.008488353721255164,0.013647987757333712,0.00829107176699103,0.02400140387571936
2015-12-24,0.06190306281661746,0.20318054601629912,0.03781256145421554,0.009083234564093623,0.03650586991741163,0.03751858564216311,0.004703280082537551,0.005235703487253587,0.0028175535720917706,0.01759604505820176
2015-12-25,0.04096636961164958,0.1314571304275582,0.026006118411195545,0.005736332727429391,0.029967489001798082,0.04323832956580432,0.004957142847720807,0.00413024388470859,0.00289488153351525,0.01914063886559964
2015-12-26,0.0429658909261069,0.13327041788421282,0.034876212309426426,0.012681919129678419,0.11739932558373108,0.065039461341886,0.008407068023842433,0.021360056397514916,0.012193239782490154,0.025399727018328665
2015-12-27,0.07526002662210012,0.22018796838440433,0.036081647475488386,0.013842968230526546,0.3334513920082859,0.08746837901766928,0.007341949909974493,0.00413024388470859,0.0038873791409699855,0.023534304872089778
2015-12-28,0.05017335108140007,0.13505936259962645,0.03778872505613437,0.006040551251336635,0.03536442388540204,0.0708648201888268,0.005611514443038547,0.013666038271447833,0.008660624644123083,0.022129594602141332
2015-12-29,0.039753564685539665,0.11171707887517185,0.01768864935295033,0.0035042381511979667,0.022896947296711226,0.09720920724402511,0.008557412652346833,0.009467484153908504,0.008561379654335129,0.022337649268343102
2015-12-30,0.051548217997010204,0.18719503578695873,0.04337408438404366,0.005447226471196477,0.025934283270324914,0.07989111215138191,0.009809843354579599,0.014512868810618553,0.01504866814070312,0.03252334971510239
2015-12-31,0.03365730710309194,0.037948404819623235,0.009654239567826956,0.00932292960012845,0.02855645374019001,0.09558539309977104,0.007365294801668333,0.010546471784690118,0.013164501788174415,0.023004184958352793
2016-01-01,0.06268880857082057,0.18590845672130163,0.0497694442146609,0.007110371868092064,0.03923170791044117,0.0521705808960902,0.004478929484301548,0.012716704197609476,0.010561229928793183,0.02032827879065502
2016-01-02,0.052088004632921285,0.1314571304275582,0.034891229495777575,0.004237993606352621,0.026555303789394153,0.05189690787269288,0.006376609712051756,0.016716777738479714,0.010590183065031945,0.026294566368501828
2016-01-03,0.021806015403129347,0.030984742786883606,0.0063064330026249785,0.006554000079449222,0.03075482876918418,0.04032292502043326,0.004842019335036633,0.010941125223559802,0.008402329971598392,0.020674252881636473
2016-01-04,0.056095511838486566,0.18719503578695873,0.03739182987430437,0.007143915496781622,0.053299513965191773,0.05087741828296687,0.0033878213430821274,0.0016316782607697425,0.003909911128943647,0.01778778573204705
2016-01-05,0.04759862017814893,0.15336665216548456,0.015523319722636883,0.006427578608587378,0.21476963954794961,0.0528938408905837,0.008427462951115362,0.006072792560550969,0.002742622015555682,0.018350991251866115
2016-01-06,0.04759862017814893,0.13327041788421282,0.035061970814831506,0.010417420345083986,0.0267996829008784,0.04811021689053447,0.005611514443038547,0.013575545697133014,0.008944748202054495,0.021579266705477225
2016-01-07,0.07441910607647974,0.2157837641021974,0.05266283293872949,0.007673319120844162,0.042142606025353385,0.04678216289093657,0.0037909353769990115,0.003232999056872098,0.0033340754718897215,0.015960196449709096
2016-01-08,0.044406486474511654,0.13327041788421282,0.03646120021447436,0.0060368539836533,0.031496646371331524,0.04674036421527311,0.0024760965641080746,0.0032023538244231324,0.002309958706965099,0.018350991251866115
2016-01-09,0.04424873646803941,0.15646528139500487,0.03575729574698244,0.005911278628663975,0.03581474978512707,0.022502265677760938,0.002676017806277112,0.009013972963939158,0.006198634054675193,0.019914467277481945
2016-01-10,0.03832052986668505,0.1314571304275582,0.035036263143483015,0.00484384981129314,0.02580828600711685,0.050618370374322236,0.005174982581886935,0.015418823975688178,0.009397529698861951,0.024797664846574148
2016-01-11,0.021806015403129347,6.808910446151763e-4,0.00855896783404442,0.0025112952165670397,0.02218594983505343,0.1398479920212087,0.005942631753859381,0.012374805257242535,0.009190811011173805,0.036852916584725434
2016-01-12,0.019432055316168036,0.021909521737926364,0.008380842656958353,0.0039950667710830666,0.03139298186729639,0.04604441981070154,0.0051417026059395006,0.0019357284969307661,0.0038068080249167783,0.017384461672020717
2016-01-13,0.04759862017814893,0.15492371393441803,0.03734641025269319,0.003811099986614756,0.03370473712201674,0.029165152334086654,0.002921374238118875,0.0016316782607697425,0.0041330300104465674,0.017277698359266572
2016-01-14,0.033864430947896186,6.808910446151763e-4,0.005996451480685176,0.009250051278467833,0.026070093134518305,0.059334015161593916,0.00435117172190489,0.00448505454411851,0.003779015903362167,0.01873351791707382
2016-01-15,0.024522858024675385,6.808910446151763e-4,0.007237785140605295,0.004564148802397175,0.01947339347241368,0.05414477101168837,0.005698250873346687,0.012909100966874447,0.009589727031736796,0.023794936350401332
2016-01-16,0.025086675540700033,0.021909521737926364,0.00918714166454466,0.0034601479715809184,0.025038991471368715,0.026845735712127224,0.0053611922242319645,0.01259202761633264,0.008789067179678626,0.01982133597701589
2016-01-17,0.024522858024675385,0.021909521737926364,0.006079739518108447,0.003436300309379149,0.026647208595596744,0.01676369344469979,0.0015816036518272927,0.0020106874797534953,0.0022815340907920813,0.0165855789585458
2016-01-18,0.039753564685539665,0.1314571304275582,0.03371782625664026,0.0037290437201275054,0.024941161306423598,0.043075576188621865,0.0030926436173392157,0.0033674531747239977,0.003920168332674831,0.01950768745409262
2016-01-19,0.04096636961164958,0.1314571304275582,0.0361257570854495,0.002884385869650068,0.021890123933931586,0.12814835158368745,0.006303112816872711,0.016878211169834827,0.008947553693514522,0.02162209691640002
2016-01-20,0.045031960749926596,0.15492371393441803,0.018577295182276726,0.0031621280741424415,0.03039053800737068,0.09135185774061023,0.006547391154494773,0.026298775398847254,0.01199777342832629,0.02435851132880355
2016-01-21,0.05646824359231252,0.15336665216548456,0.019030833562292963,0.005493465603529281,0.032026901404844856,0.02631134433418432,0.013959563980552397,0.012909100966874447,0.008022918959190207,0.020479420490926634
2016-01-22,0.02013890507938765,6.808910446151763e-4,0.0062396256840240374,0.0025949295226650737,0.015051575289012763,0.03390415054089094,0.004862236622697605,0.013575545697133014,0.009217397944634591,0.022129594602141332
2016-01-23,0.018320717448606028,0.021909521737926364,0.006866365877770432,0.0022976527033817897,0.014833424977411932,0.03353225047341084,0.004565696470668914,9.420498830862711e-4,0.003878653250861878,0.01469255174827313
2016-01-24,0.04181112590116672,0.15336665216548456,0.017818480375747195,0.0029681251140680023,0.02257435482439467,0.020947349330559976,0.004897416054411748,0.01269342061836301,0.008754015782019304,0.019790194817207493
2016-01-25,0.022438204735394623,0.021909521737926364,0.007474217897680453,0.0016070304447527509,0.01936147649116417,0.017685845982167592,0.0022585475620547518,0.001691031292320454,0.0024802430537384365,0.016971555438518242
2016-01-26,0.015419181362211069,0.021909521737926364,0.00580829439074579,0.0016922464028220898,0.013848453609428466,0.06131467846458338,0.006240549354447266,0.014461820925360221,0.009955066305261632,0.02278868433043819
2016-01-27,0.012954703544112024,6.808910446151763e-4,0.007667954295086439,0.0013437999105874053,0.012355692398672938,0.03862022349773044,0.005536720236199322,0.0021064875767766323,0.005733350600231222,0.01771830192845184
2016-01-28,0.06030086332861485,0.21689319950818528,0.03914832276283721,0.0029642531667784583,0.03278965331739085,0.04288233933350384,0.0037973990396244824,0.002472569399044402,0.0039786341121111355,0.017277698359266572
2016-01-29,0.023945768764280975,6.808910446151763e-4,0.007153334142814974,0.0023087029142496627,0.020399912875954676,0.022973095244859108,0.002101037605624237,0.005764579005627605,0.002878797526359984,0.017152301275813957
2016-01-30,0.0468583165819981,0.15336665216548456,0.034872607222435036,0.011616557692005132,0.046277750231858504,0.03496967460752898,0.0021812148117861625,0.001538361017206609,0.00330989876155122,0.01873351791707382
2016-01-31,0.03886411063233607,0.15336665216548456,0.036074097008719504,0.002674233880580203,0.019021775092700477,0.06085130538019185,0.004862236622697605,0.011762008280234142,0.007958372097186481,0.020569572447582382
2016-02-01,0.04759862017814893,0.15492371393441803,0.03490083710398521,0.0033002101332134607,0.025038991471368715,0.04790881614402538,0.002801383474165649,0.003382062584640908,0.0020399280487181566,0.0165855789585458
2016-02-02,0.04518697656378345,0.15336665216548456,0.01854907506089214,0.0032328730629512313,0.02591332627032025,0.08957282792332068,0.0017011342039768198,0.003278429842034673,0.002903970665875304,0.017925945366760697
2016-02-03,0.045031960749926596,0.13505936259962645,0.034743781186187435,0.0035108392515205778,0.021890123933931586,0.10742770451268838,0.005594005774952061,0.01909830439315476,0.011259296881905601,0.026434929819688504
2016-02-04,0.02480636869215992,0.021909521737926364,0.006515614824724196,0.0055385391377110555,0.018099750317218343,0.09906923749823802,0.00519390397072052,0.015466713595017357,0.008909605021888128,0.026294566368501828
2016-02-05,0.06110721440326982,0.21689319950818528,0.04786753949629266,0.022232079558987133,0.03280621793239913,0.10272948632673905,0.004254276904835136,0.013619057173115075,0.008312838702068451,0.022475282420674942
2016-02-06,0.05948358247638913,0.20318054601629912,0.040752779700477366,0.007480745421719701,0.027843633870965164,0.06864404743224484,0.003473602547117678,0.016021004018080272,0.009164146944286376,0.022842750086926832
2016-02-07,0.04096636961164958,0.13327041788421282,0.01816784992779454,0.0046034757684036065,0.020239491674106592,0.11892709129922978,0.0032322308624104243,0.01033396231820837,0.007812276102363137,0.025689467116587556
2016-02-08,0.03625774437745207,0.1314571304275582,0.01765307517464967,0.002676397514471572,0.023038871882726433,0.010351130221414928,0.0034452461336034043,0.004874848985874202,0.002313215994656432,0.017025980662469208
2016-02-09,0.053674803870671556,0.15646528139500487,0.03498419217176486,0.005531633764013326,0.04149302019543637,0.10220033262560722,0.0040656269023544135,0.014472044907496463,0.008474753011192555,0.02184910678146685
2016-02-10,0.029207996877090508,0.021909521737926364,0.008646654483438328,0.010306708187851985,0.023424731128863337,0.058895309849338176,0.0032322308624104248,0.011791313916675315,0.00748646282117583,0.019790194817207493
2016-02-11,0.03758352779199362,0.1314571304275582,0.03618429322403884,0.016504881071112636,0.018791896254774246,0.06320478556233769,0.004489867057326123,0.0016011769122115662,0.003091918748453982,0.019790194817207493
2016-02-12,0.054962152345818076,0.18590845672130163,0.05072029959474669,0.005752678915294593,0.02523351396622639,0.023055961574989074,0.004362429623572325,0.016404175733588818,0.00768547051832011,0.02335013196402627
2016-02-13,0.06541804620938804,0.2179969888225113,0.04564650231124587,0.010315485259300945,0.04960381603506774,0.033795429969174874,0.004356804309016309,0.02765664792113523,0.008343126759392902,0.021579266705477225
2016-02-14,0.026443677876749404,0.030984742786883606,0.00780607794274375,0.0038605865989544672,0.031358350878412426,0.026949304521454574,0.0016866562027815705,0.015741600615093616,0.0032683111534554657,0.016807222359880476
2016-02-15,0.02013890507938765,6.808910446151763e-4,0.007952346592850403,0.0028314686615186465,0.01618219562253032,0.05459083716727344,0.0055896200386644085,0.03246543182453218,0.011805449088539957,0.02669034570195292
2016-02-16,0.021806015403129347,6.808910446151763e-4,0.008699805696095499,0.00409942653670664,0.01621573388777778,0.008947440660961273,0.005189180091643388,0.029198481152086637,0.008404719288099707,0.023151178051171714
2016-02-17,0.05100271885591339,0.15492371393441803,0.036218443827914885,0.005605863283786608,0.03388158169790027,0.08606664431057175,0.004401605531567941,0.02163070894622699,0.007605865309673039,0.02184910678146685
2016-02-18,0.053282534517195224,0.15492371393441803,0.020005636150484448,0.004889199295115515,0.025639326508277507,0.05488577033169519,0.0027838197682701726,0.014519661635147122,0.007761511442490076,0.021160772454962607
2016-02-19,0.07203172425673081,0.22769042891773938,0.052152247428678924,0.006251252404463319,0.029867612226779538,0.06501219915608605,0.005189180091643389,0.016772721316609476,0.008383639995584802,0.022625711910303513
2016-02-20,0.017540751518839943,6.808910446151763e-4,0.008398326180236485,0.004750034753205692,0.015230980613464966,0.03595193125994698,0.005050265879170848,0.012266761235469163,0.007906164739271526,0.02120444798637261
2016-02-21,0.07862270664954042,0.20199580970083703,0.037371650190714936,0.0067396710519357994,0.035890516211642666,0.06223250484481951,0.0037124937481271274,0.015203075384533873,0.008078566687459895,0.021043861215276804
2016-02-22,0.028725186815513615,0.021909521737926364,0.007727839831763217,0.008576442106804952,0.03719875461673529,0.0394657461152608,0.002601669431546934,0.01086424924399473,0.007011966044897161,0.022171361725685682
2016-02-23,0.02013890507938765,0.021909521737926364,0.00851478588681644,0.0058599972022080485,0.03154835088718374,0.0855338929338159,0.005987854785406803,0.029368529964541097,0.011624630174242513,0.027329726050399152
2016-02-24,0.05948358247638913,0.18719503578695873,0.04103970970209051,0.02186241141552538,0.03075482876918418,0.0346657988824815,0.01340938318584181,0.07159165919759375,0.010080087325045882,0.026318012263814024
2016-02-25,0.02590940708822405,0.030984742786883606,0.009450230575103608,0.04153262581711767,0.03516414455311528,0.012690973377341925,0.003344105687817443,0.017741244724136657,0.007285808838276874,0.02180672244129923
2016-02-26,0.07563076791313943,0.23290141076143672,0.05275704948468909,0.03468863838585205,0.04383605445249118,0.00357247841417066,0.002101037605624237,0.005807185490792299,0.002765859198448055,0.01813121097324717
2016-02-27,0.024522858024675385,0.021909521737926364,0.008335716643145578,0.007155429865004685,0.017582072276557642,0.008035080050009866,0.003473602547117678,0.00962756749761091,0.0053443355429583905,0.021029201609725278
2016-02-28,0.054322291745838434,0.20199580970083703,0.03928244124693099,0.006243678468464527,0.02332012997110662,0.009520775023595393,0.01031436146292916,0.02675414296672516,0.012109277457035229,0.03135504044874444
2016-02-29,0.1415663227464376,0.18199415609338143,0.0366377799080936,0.0344125340994949,0.12483861012765361,0.00797719180445082,0.005817509703922181,0.005411664569552911,0.003183112302285166,0.01813121097324717
2016-03-01,0.08244322851872711,0.2788626850819525,0.05792616089161985,0.06329412248235687,0.044107870247114024,0.0947705487297035,0.0019932192850317556,0.003566543295479198,0.0014433166863103693,0.02118989947832274
2016-03-02,0.05865491497116406,0.20199580970083703,0.04096202743430661,0.031087741751851958,0.03210314595465508,0.11875161074088479,0.0024859812204331144,0.0020106874797534953,0.002998371057779827,0.018930028727226884
2016-03-03,0.04961273738431984,0.13327041788421282,0.018547945362967225,0.04350635646377474,0.02848978859133152,0.05760414810553672,0.006964833148695035,0.014732032442087659,0.009284545933911786,0.02127704131061405
2016-03-04,0.06637310470205912,0.2179969888225113,0.027569786730706453,0.043364938083286605,0.03990449664995223,0.08829720148408167,0.005607142401515402,0.014512868810618553,0.010161674661003754,0.02150769348440977
2016-03-05,0.05419341305478924,0.17664021139311234,0.03642670195694897,0.018682700996765444,0.032246671583120966,0.003362926126590395,0.00365926527617452,0.013539179315979777,0.009304393529142804,0.023151178051171718
2016-03-06,0.022438204735394623,0.021909521737926364,0.008531994941822295,0.010375450634879674,0.015566155235153778,0.05177951185657948,0.003299810941545464,0.01072264481921763,0.0029091517059729286,0.019790194817207493
2016-03-07,0.04745148344225606,0.13327041788421282,0.017730062348350444,0.006416533716804014,0.02592380688804717,0.07303870005522332,0.009155532368526639,0.02608039953974221,0.009436707897008656,0.02282924565176074
2016-03-08,0.05671537056554171,0.1752761739034109,0.036177343393335344,0.013019713643019511,0.039425104825701676,0.06364486399182187,0.004166910783738847,0.017421556472376892,0.01068937550060638,0.026011567280326057
2016-03-09,0.06531106650377595,0.17664021139311234,0.03606131569425406,0.01772681939184376,0.03989768875147226,0.0767069981105993,0.005155991756064003,0.018226494580109373,0.010852373370361537,0.026667227165174827
2016-03-10,0.0392223127725588,0.030984742786883606,0.00887861200719514,0.008672238394610574,0.028365566214721673,0.05026539475012302,0.00871079369028414,0.002755484725076314,0.006876977611095371,0.018995080564058464
2016-03-11,0.047891537528561956,0.15492371393441803,0.03469549908783864,0.016247304829320998,0.02621556309744567,0.03934941686254401,0.00393068143848688,0.0020106874797534953,0.009446942004115048,0.016807222359880476
2016-03-12,0.07709590681105534,0.2212753229893386,0.039965683754864846,0.02400945811398401,0.04908081573746554,0.01296496462776193,0.00519390397072052,0.014437936811743643,0.01019779454458416,0.023217685450618253
2016-03-13,0.049188084174793076,0.13505936259962645,0.017347749543919315,0.014628677454716495,0.03635674400841097,0.09294175639410579,0.004089684076231458,0.013510015729469043,0.007721472050381754,0.022488999408476564
2016-03-14,0.01906880729929454,6.808910446151763e-4,0.006918050565462456,0.006046936260305844,0.02080861085762364,0.017277424329956437,0.004119557987354064,0.010713444779068788,0.00896478816282683,0.021877317389448345
2016-03-15,0.028725186815513615,0.021909521737926364,0.008595612647688692,0.005731782065547677,0.024435024231319713,0.017324570064670017,0.0058929017435621804,0.016622131385556915,0.011657401791585753,0.022842750086926832
2016-03-16,0.06783202853882746,0.23290141076143672,0.041714766038105366,0.012709036832715192,0.04283309516823357,0.05789789530640315,0.008894668252922193,0.022482362511470004,0.013264310910284346,0.0287163283458229
2016-03-17,0.06783202853882746,0.21689319950818528,0.04092722710486683,0.017457576854101497,0.03753316484342807,0.030882887095880322,0.003170950784772923,0.011622857918034305,0.008362357502784405,0.022226929135457204
2016-03-18,0.04440648647451165,0.13327041788421282,0.019410223045327128,0.016927507222159438,0.02542654833563159,0.028941419733722922,0.0028960804785899386,0.0018310158502735624,0.002784399457869616,0.01873351791707382
2016-03-19,0.026443677876749404,0.030984742786883606,0.007692509272953387,0.0071516666037032975,0.02689075250300496,0.01721088693992358,0.006016456096908483,0.02136467229306259,0.012562780146088774,0.02490933865824726
2016-03-20,0.0413063453133324,0.037948404819623235,0.008571200179623227,0.009937931333599699,0.04807426693825268,0.05254472319319926,0.004225355584471219,0.013520959445908734,0.008119781760366122,0.022557459230180484
2016-03-21,0.06752205572783862,0.21909521737926366,0.04154312135611826,0.010469713904349197,0.05848524149267652,0.07085197436892561,0.004017080362736291,0.017087237229912858,0.010021779658904014,0.026035268029917555
2016-03-22,0.025086675540700033,0.030984742786883606,0.008556519266454891,0.006433222482904355,0.0276379984519468,0.027013617984102577,0.002601669431546934,0.002843541503561171,0.005379442131577414,0.01889741883440479
2016-03-23,0.024522858024675385,0.030984742786883606,0.008280228653905798,0.005433952684183377,0.027041853631514557,0.03195089094862186,0.0058132925886859015,0.011482021319494619,0.00909376455007311,0.021043861215276804
2016-03-24,0.062241025634681216,0.1779937960261202,0.037128638508785616,0.007474405160211168,0.06245193578646116,0.017272407744697568,0.009956248501384917,0.004539685724371692,0.009461675587074784,0.021029201609725278
2016-03-25,0.07144688325910227,0.24787794229506885,0.04995267411866258,0.00765921289468891,0.0491416586044739,0.0038003340568523915,0.008430372484414929,0.017307985793310814,0.011782572454914094,0.02352119748879954
2016-03-26,0.03758352779199362,0.021909521737926364,0.009232645368705411,0.011946516206504736,0.03069293886849206,0.059994163880143815,0.006403474873437148,0.012576356138429248,0.012122224627002796,0.023638902298020133
2016-03-27,0.07654976600265356,0.25362105025637266,0.0612308067533855,0.015515125827535354,0.046884238555172375,0.08964729066938185,0.016670585608830363,0.0027733197638566847,0.01238562172638696,0.024785225585773073
2016-03-28,0.06099267406938477,0.030984742786883606,0.00845799532262129,0.018104204051627392,0.060843612598065415,0.017930267391434232,0.023279521953547166,0.022942562845083884,0.04290297551807085,0.20240099467628905
2016-03-29,0.0413063453133324,0.030984742786883606,0.008435668855197217,0.016513985849787038,0.041754067251066625,0.008734943245933538,0.009471514397293355,0.02285644180973617,0.01603621541377204,0.032064982464264875
2016-03-30,0.054962152345818076,0.15492371393441803,0.017574558513381716,0.012269984582164474,0.052009776915042806,0.005401381684129262,0.008764122714356625,0.01891673279720232,0.017933565396008672,0.02510664343310345
2016-03-31,0.06700224772161316,0.18974202409811616,0.03817051706287785,0.009622771812595242,0.04668101159694453,0.09323628838238462,0.015597443074080458,0.025520492795185364,0.014290038346849025,0.02559325154589312
2016-04-01,0.07599970067772044,0.23392967806042086,0.04871497198343608,0.010659023786643036,0.07674473663075934,0.00969075630103222,0.00782697218049993,0.012970065183046154,0.0073023252864221925,0.019460204168776987
2016-04-02,0.0662676668202338,0.1564652813950049,0.016937035831833733,0.008800993032011704,0.05563358384661027,0.003513727004634625,0.006460666912797428,0.001174942634586425,0.005740350496741546,0.019011308743493455
2016-04-03,0.05406422714266815,0.15492371393441803,0.019066035134224425,0.00799449051691574,0.03569318897694877,0.0842162578284495,0.004231155663501453,0.011841383415429611,0.007474384085143223,0.023151178051171714
2016-04-04,0.05757196185937748,0.15646528139500487,0.03703313750351459,0.005819025620289749,0.03071947837960581,0.06914078101723399,0.010822553272552018,0.018793836141796524,0.015495269151574367,0.029977332341424304
2016-04-05,0.0683455258642234,0.030984742786883606,0.008121814088452216,0.004512666123242045,0.05342677529425661,0.06562520790101699,0.018173941553268215,0.013863042825169489,0.019827329292483997,0.05215929776309277
2016-04-06,0.06783202853882746,0.21689319950818528,0.04062557903400648,0.0058297998647295094,0.04141438521599203,0.0038187786581021584,0.0040656269023544135,0.01482544300396656,0.010769376757209195,0.022226929135457204
2016-04-07,0.040623548776200176,6.808910446151763e-4,0.007132799616546764,0.006069760720366388,0.03741718723176374,0.004480308867281431,0.00402318071608023,0.01541562604472447,0.008565189857550282,0.02295049950603839
2016-04-08,0.03720955303823987,0.021909521737926364,0.00908392496389727,0.006942737188650804,0.040445415896260196,0.09071591929306058,0.010982262887031337,0.03914390769365008,0.015073997567054676,0.0287163283458229
2016-04-09,0.06291150486210736,0.04899117996051268,0.0073839598805940645,0.007813086573268119,0.06082128548542853,0.02340437642475991,0.009847271355292495,0.02728332886947703,0.01574759530344726,0.02400140387571936
2016-04-10,0.049330041422844105,0.021909521737926364,0.006544494815270694,0.007107787020792541,0.05496552435470456,0.002822996088126417,0.005397663340153005,0.018772837435639386,0.010836403948661722,0.025641404460614033
2016-04-11,0.0784446255451176,0.20199580970083703,0.038669014405842854,0.00470389058667541,0.04543658956647086,0.003285420822551491,0.006326414607309171,0.02370565577308519,0.0110902869479211,0.03674397082830137
2016-04-12,0.08494967209107183,0.15336665216548456,0.02847017538541894,0.005191434430662759,0.052477733951218346,0.011622771966169466,0.009630710662186362,0.2731251570819395,0.011323646088816081,0.02519247836189426
2016-04-13,0.11306025323511772,0.21909521737926366,0.050824302401343016,0.006272469363701597,0.084162652843873,0.018145830110053874,0.009409166943610684,0.22869768691797368,0.014526247571111714,0.035514840045526776
2016-04-14,0.08311900399147566,0.15646528139500487,0.03716417668153908,0.008151030476019934,0.062447586008584625,0.010308076910908003,0.005863697802954213,0.025264194071910804,0.012579949786084564,0.04356392031245512
2016-04-15,0.08706357562263486,0.2297890025791345,0.06057433794080882,0.005646656777148061,0.05044010787509783,0.012190870635437365,0.0037058819997842223,0.011837219046243179,0.011111426719094276,0.02268016616935349
2016-04-16,0.07280420451692049,0.15492371393441803,0.020097597352941882,0.006932195007905836,0.045645357404846446,0.09880745877256404,0.007213902411688072,0.020116680638058135,0.013746745334382365,0.027599212201048134
2016-04-17,0.08150488909671749,0.053667148766335694,0.0055575633774189006,0.00929646035319392,0.08566936122057002,0.11661280129313363,0.010623579698842292,0.021006280728622536,0.1413872215731492,0.027091726806856096
2016-04-18,0.08560566385657269,0.20318054601629912,0.045438074957271576,0.007370686339226447,0.06060204447411046,0.012059808159789765,0.005979657855095268,0.012564589702541004,0.010896341354231575,0.024155096399511748
2016-04-19,0.05521602045123214,0.13327041788421282,0.034895433149854604,0.004216388681387587,0.03801497823230141,0.0941863733763203,0.005796393446569791,0.012060037422913719,0.009620299680113496,0.02450996467194027
2016-04-20,0.05045132191254655,0.030984742786883606,0.007994394984281894,0.00391592800114326,0.045034248795705736,0.04831600772025628,0.04930604029241512,0.026236836220808513,0.01429302383488888,0.02932206780686827
2016-04-21,0.0703620504641312,0.037948404819623235,0.007035186726664211,0.018584384543574733,0.07074036869083775,0.03730449617269918,0.0060651731359234,0.006668695941007662,0.0049526374324404465,0.02917445487743607
2016-04-22,0.0868222904225597,0.20199580970083703,0.038378556188383185,0.012910294602854028,0.05954392549283253,0.004242334291655143,0.004390448085151775,0.004582921802293922,0.004232931859249937,0.019124520430011945
2016-04-23,0.0771865545869999,0.17251574668026515,0.03888839796749853,0.0038892535704564027,0.057812545411986084,0.07894754408495788,0.006240549354447266,0.017882412950372115,0.011597069403981527,0.026423261344249258
2016-04-24,0.07709590681105534,0.18847283243498364,0.023595623590093394,0.003743478797912738,0.054990229072727846,0.09589539765994957,0.00888087164425601,0.018707064556557598,0.013418852515901247,0.02783287226879442
2016-04-25,0.043128333437162866,0.11384521445886969,0.017426085676167047,0.007409662684621113,0.03959012168152793,0.028691321494607656,0.02628490508071599,0.023456852921442204,0.027688249180102983,0.04011439497838504
2016-04-26,0.06824313550580925,0.20199580970083703,0.032080946839211553,0.007808251847554475,0.04671591329273384,0.015657683420103104,0.017439877766057706,0.016956897895552884,0.016249606207382104,0.029750149834753836
2016-04-27,0.0468583165819981,0.15492371393441803,0.0359600670647849,0.0035560063792215066,0.029931208735467375,0.0027827811578042673,0.026111726769671193,0.0265357985685866,0.020225676948400734,0.03736813455516605
2016-04-28,0.0294464334608644,0.030984742786883606,0.0063064330026249785,0.00668112363708979,0.03165150653319962,0.06580258159852574,0.019503092120087936,0.028329451728843446,0.022309534759338806,0.03385213480649634
2016-04-29,0.0960018414061813,0.15492371393441803,0.033544616032514886,0.011100891227694155,0.05013219751197854,0.03113873895096095,0.023961656103731417,0.017489344885943503,0.026865045409489963,0.03667676643582678
2016-04-30,0.7129403876012868,0.4237099850150641,0.04740655340709983,0.008866021580588909,0.6297457481314184,0.006413637029565101,0.024030131258107924,0.0062172120317654355,0.01200781043314142,0.042459767770969256
2016-05-01,0.3068378349173711,0.19718569564133726,0.018981220900168665,0.00742659406761525,0.23057493536979626,0.01853090838899505,0.020871011916801845,0.01815331183922338,0.021272711902498402,0.03667676643582678
2016-05-02,0.026177905524627065,0.021909521737926364,0.00925078417866418,0.007308671273088315,0.031737213450271654,0.022517002162872096,0.03166539321139686,0.02519188487850427,0.03287258664961992,0.04051218284368983
2016-05-03,0.04487640947078925,0.11171707887517185,0.03195398121148015,0.010331567566118145,0.04010142295492934,0.026588258545387003,0.011821124616871436,0.016696119694720877,0.023807847630450272,0.028994200295997967
2016-05-04,0.023945768764280975,0.021909521737926364,0.008375840661492209,0.01190691937460533,0.03396166118019578,0.034116785349259576,0.006061128338450571,0.01631376070145655,0.015828986982424624,0.02490933865824726
2016-05-05,0.02148294546305345,0.021909521737926364,0.009168876951321049,0.009331529231765319,0.023285158499336604,0.010827479005887037,0.013341542841181444,0.005053619356414217,0.015953757181399592,0.023730046847675105
2016-05-06,0.03567447184418713,0.021909521737926364,0.007697955297899588,0.008752723364827856,0.03683182165195545,0.01706351936374408,0.025062207407720933,0.01705546848621165,0.02295910643158181,0.0331711579170916
2016-05-07,0.11748851980971121,0.13856798227363606,0.0349230445745737,0.01130558371502072,0.12404403562561234,0.0324383952163569,0.03594760117903611,0.02051708807070443,0.03386126837166477,0.0419482736687638
2016-05-08,0.24388469520691178,0.25550673458583206,0.0388177471337844,0.010620483621070041,0.24245972001386307,0.011896632089511378,0.02704187670855579,0.005643569873542247,0.019432569456859016,0.02771072462372782
2016-05-09,0.03365730710309194,0.030984742786883606,0.009111563744694708,0.00848718833765439,0.05733127696982083,0.028006984541141488,0.0568946431671184,0.016719726803994136,0.045836069181557706,0.05336335719614114
2016-05-10,0.04045104885141211,0.13327041788421282,0.036730886052392026,0.009353421031848667,0.02968515717653215,0.029625280632194398,0.08451784851811185,0.0041659013279937785,0.06802997890126457,0.07122478716415072
2016-05-11,0.04975348302137723,0.11384521445886969,0.017336875104689817,0.024101076789535814,0.04731678574407033,0.027842168918854035,0.0480469933903784,0.018601344215524996,0.04759864044201792,0.052147471598614034
2016-05-12,0.03832052986668504,0.030984742786883606,0.007880881220016046,0.03665864933169888,0.04734548171720001,0.007479874080425966,0.01366123309549109,0.01636806965371402,0.019041950101428135,0.025821178135266864
2016-05-13,0.04130634531333241,0.11171707887517185,0.02672693656407342,0.017498790214911956,0.03372085222555383,0.03852854565040528,0.018004474371300632,0.03091110524595667,0.02429832438068143,0.0394320748631147
2016-05-14,0.03173241345209928,6.808910446151763e-4,0.006966344698490556,0.005966278381913106,0.020252908640561305,0.023376163305088273,0.032363254629347644,0.022284120899755577,0.02807161212730965,0.04066414205252261
2016-05-15,0.1253218317697398,0.04381904347585273,0.00861022690473749,0.024716704437551733,0.12542257488639996,0.02569679540565637,0.02163263979683858,0.019683107286744942,0.029743936885610372,0.04580684301751919
2016-05-16,0.06235327284152797,0.13327041788421282,0.018697596048094525,0.012782205190143179,0.041916396092983824,0.005083040533963728,0.0072613405150271804,0.019198720841501225,0.01628162410275713,0.02816330971125017
2016-05-17,0.06133565338457852,0.1314571304275582,0.016588270905603816,0.009399192655660724,0.032573546783865474,0.009029814229512996,0.011364177293540018,0.004506986481969578,0.008265604561312048,0.025094357333305783
2016-05-18,0.07251548875490414,0.17111883505290917,0.04730168082365369,0.006601046647435622,0.04485898231647078,0.017165885112865136,0.06399069053866262,0.019262815033416678,0.05145256492506406,0.049800103273476524
2016-05-19,0.09585605264870663,0.24100473911719003,0.05886913844944649,0.011164209955534889,0.056153603317364464,0.028846019530063036,0.023949371224121722,0.02811808058381825,0.02626859300005883,0.037351625548592615
2016-05-20,0.055216020451232146,0.13505936259962645,0.033730874350360936,0.01250279876072375,0.054688069061659454,0.01164976914251297,0.004996564087568174,0.013919829720653571,0.00936529199779511,0.023111181744795692
2016-05-21,0.0294464334608644,0.021909521737926364,0.009088537264252291,0.012259976338703583,0.021815540671336314,0.004274578599940147,0.006607049709733479,0.013597318839747853,0.00929751242858677,0.024660487876035
2016-05-22,0.026177905524627065,0.030984742786883606,0.009095451329355913,0.005658652382746803,0.01947339347241368,0.11097631946647894,0.01902570470863754,0.02396010659524952,0.022341405900880903,0.03295663672065718
2016-05-23,0.03758352779199363,0.04899117996051268,0.009028393572606255,0.010250921651193803,0.03607170633860849,0.035107511166533635,0.015539158227121678,0.02277216021693059,0.02333508675621409,0.0396970888251581
2016-05-24,0.0402778101587753,0.030984742786883606,0.006557289538755935,0.014215218556010507,0.03801497823230141,0.0895591512340804,0.009017887936743591,0.23603253612870728,0.013915595935460977,0.02934309474955392
2016-05-25,0.1070234155325614,0.18847283243498364,0.04884598822400776,0.008408117450033732,0.051915679342295545,0.023438514610479678,0.011130873423423344,0.020092157063613923,0.015080240060330645,0.03402478135945953
2016-05-26,0.05045132191254655,0.10954760868963183,0.016622342168494786,0.005183995826743471,0.037742465914246126,0.03347159293849677,0.05003577913969598,0.024491283950421678,0.06172358982742303,0.062384670623606725
2016-05-27,0.06721065335000387,0.0536671487663357,0.008786086871956868,0.013923245464262254,0.05953936326430859,0.10519438252300459,0.052355713707668,0.019103466794760913,0.06643394890597891,0.07000635842252746
2016-05-28,0.059011483088068924,0.13505936259962645,0.02704956980942972,0.020310711846125266,0.0655212901752173,0.0889048293395294,0.017779683750934933,0.0019357284969307657,0.017141657556223214,0.030059518465056563
2016-05-29,0.03173241345209928,0.11171707887517185,0.01602152038146434,0.007631692761383673,0.022222651183276605,0.01397858531413082,0.027545057972590686,0.003044504161945817,0.022677305253349617,0.030829361212298387
2016-05-30,0.018320717448606028,0.021909521737926364,0.009804995233171883,0.005990928719550981,0.020912784779592443,0.0243883327268749,0.04577659038101634,0.01897138674458468,0.057701249376282626,0.053346017355814596
2016-05-31,0.029207996877090508,0.021909521737926364,0.008121814088452216,0.012788184268475843,0.04697106665329947,0.02790715239792187,0.043980382283527485,0.01805800391088853,0.045484275853407516,0.05455780203475027
2016-06-01,0.04759862017814893,0.037948404819623235,0.009573595449685831,0.018585061846161315,0.04963118970087566,0.014199026005448647,0.027237962589057276,0.006712908774028388,0.02468212373200133,0.03641517796911142
2016-06-02,0.047891537528561956,0.15646528139500487,0.03177115629874843,0.009362365582992041,0.03533368557113204,0.005102815844941025,0.011183626673564859,0.01571338702962836,0.01085618866476674,0.02548457482759186
2016-06-03,0.03904362249120134,0.11171707887517185,0.03233856656052717,0.009496838693554917,0.0267996829008784,0.008525048308065193,0.018173941553268215,0.016968524155331913,0.019721984199330196,0.030151710082502923
2016-06-04,0.07535288295183006,0.23392967806042086,0.05230630696032322,0.01080322426884314,0.04354383155691767,0.009002537685777832,0.014854928561888242,0.016681348286277712,0.014171608502146762,0.029894920275279728
2016-06-05,0.046106127824117146,0.15492371393441803,0.03665150363684613,0.008827022385440962,0.034962717965832966,0.07538828874861976,0.00440160553156794,0.013539179315979777,0.009434579936241513,0.023323702830526784
2016-06-06,0.03886411063233607,0.1314571304275582,0.01847209821809827,0.005994792252651211,0.018441706011363905,0.009993374628654838,0.0034452461336034043,0.004317014897667137,0.0035488522189873334,0.019945414409247485
2016-06-07,0.04113670868155681,0.1579918080939728,0.03751938249363098,0.006841648655549567,0.020172272984043393,0.02331000312517691,0.011281874183122015,0.0158694944489846,0.012983665821908663,0.03513069576913547
2016-06-08,0.0429658909261069,0.11171707887517185,0.028058718956774538,0.008888656775246357,0.022393128814153722,0.009249752261448932,0.022893919738743312,0.017136218534825488,0.021172128904231344,0.17968730779062653
2016-06-09,0.03904362249120134,0.12000339280012061,0.018357169211312262,0.008964063620305145,0.0234131318554961,0.005174659935568591,0.010908322502220123,0.017813352628461218,0.010846358667741666,0.48986575385513914
2016-06-10,0.06915919173617573,0.24100473911719,0.05595477345355775,0.005352331560449272,0.03381738158015712,0.01085122104772888,0.013657642286362036,0.01966807244766748,0.007530252475518461,0.5804203526735489
2016-06-11,0.04130634531333241,0.12586062017920474,0.024154691482196046,0.00509359676417368,0.015069611934536077,0.009486765105596205,0.020692820614019274,0.029590964991472526,0.017819491741468112,0.7637078807504234
2016-06-12,0.056095511838486566,0.17664021139311234,0.04722631232855212,0.012430314098230838,0.03213697435809191,0.007980420872370218,0.018768746623462333,0.0085652316487699,0.007966882547629945,0.7980793796322718
2016-06-13,0.023053063912058573,0.04899117996051268,0.007933880345950942,0.008612447910529132,0.01957079583380022,0.005804769925033292,0.009463743428340627,0.005966315926213051,0.00910479766347607,0.4623630548908629
2016-06-14,0.01399267908235589,0.030984742786883606,0.007822167436852143,0.005222578464193944,0.007904289678374045,0.002448675252441581,0.010836140915407856,0.0065943491816039,0.004499648765499309,0.5374439375658229
2016-06-15,0.01399267908235589,0.04899117996051268,0.009796443120569341,0.007633775257686525,0.012245272915176743,0.006200853842434539,0.01607747632099809,0.01577914025651417,0.010763199082209332,0.722055265752963
2016-06-16,0.12083343047632593,0.09295422836065081,0.012717099502912013,0.00962826041893866,0.20703912780208278,0.05568513175127492,0.014899436576088278,0.0036888601302774385,0.005024832353882519,0.7407652634113533
