SampleDate,Cu,Ni,Pb,S,Zn,Al,Ca,Cl,Si,Ti
2003-05-17,0.007658805555368082,0.0032727143828163497,0.43814112167170466,0.4719661249672164,0.01236905361469672,2.632328994702718,0.0691424831353784,0.522722837219927,1.5590037140817585,0.03670298796000402
2003-05-18,0.00680853300541328,0.0022999870119150673,0.4109587790307876,1.2924815660387923,0.0274049233393481,0.13241157859581787,0.08803216188402727,0.31645841934255003,0.5026648276822763,0.0244401202348352
2003-05-19,0.0021835244164563404,0.001899536972890499,0.3699874645175771,1.5961927121344788,0.010057500194746258,0.7621791793036137,0.15351239210422474,0.05459939850558213,0.4445574228819977,0.02217768729839764
2003-05-20,0.0018234789624196382,0.002026589131675683,0.31052669472303973,2.8238431032752627,0.009172181662788739,1.1704502065839038,0.17123097768588325,0.055206032282181856,0.7837149856943791,0.024873976020093308
2003-05-21,0.0022450276402187124,0.002453331297346936,0.3761683126830137,1.3450217670764142,0.010840064680379171,0.543370810199414,0.2641481390887345,0.05545919292016765,0.6872995034907918,0.02465997132224279
2003-05-22,0.0033518514641771107,0.003560483692825176,0.48448802280569486,0.9306859852934548,0.0066410903740580125,4.06625078181603,0.12348656543683743,0.20063086023449594,2.189221805240573,0.03555025740415211
2003-05-23,0.0013029936115323054,0.0023062367250787593,0.3444739462760302,1.9993192289767285,0.008019243810072369,0.8952092619015605,0.6346241084815614,0.08900147238314389,0.3357788218591254,0.1594474680614546
2003-05-24,0.003480333897611837,0.0018469622509694127,0.26950133320343234,4.06223788462296,0.007981096190438196,3.950305165707937,0.07446909982030078,0.0955788324690253,1.7010323350045877,0.05010597001636362
2003-05-25,0.005741917756142299,0.0018238517462066373,0.3107246458056533,2.677626878393816,0.004389600120354131,3.9384430310215466,0.06501733771465815,0.0837342112781401,0.86188591199797715,0.08849627165925616
2003-05-26,0.0557450364821716,0.003962939484664887,0.386659680308124,0.7435785139263402,0.018849447217791637,1.5776127682368375,0.21092127189294743,0.1116130927001593,2.8309404098959834,0.07322038664913015
2003-05-27,0.003517149669805651,0.004348546028858611,0.5107419476751902,0.798364414784283,0.009202417985531031,2.6994508398778843,0.08949334348645467,0.09903231982847863,0.9327682220853071,0.04600020676391073
2003-05-28,0.0023958825153210244,0.004259058781313191,0.5410329276251287,0.9702604828350292,0.008954193398504916,0.5498719670970902,0.045772938462694396,0.08511747266903524,0.3080174803732409,0.02955995464417224
2003-05-29,0.0014521750525666663,0.00272597728245523,0.43067615265754616,0.9836174503710012,0.006578536752690981,0.4120281897061349,0.03967373143230712,0.09548748562591591,0.14409958059531108,0.025802355804096823
2003-05-30,0.013369588428823978,0.0018125615956833025,0.2820185993188674,1.2846796483966438,0.01844266533742802,0.8032462905951295,0.05685837034854188,0.10642057699325444,0.18235042934814846,0.026721127658532115
2003-05-31,0.017847472180197117,0.0017656001955762806,0.3396092172685879,1.7307490532337544,0.0057676698846034005,0.37732837533669145,0.05186064913978416,0.10031281810559012,1.1186253943313418,0.027374264265086944
2003-06-01,0.021633399809515796,0.002803017974076156,0.40286017928759765,0.878709160559054,0.007644974717428241,1.392081121291051,0.045186407400823816,0.09853370567619364,0.31276801550137157,0.023438975988759086
2003-06-02,0.025461767365720707,0.0023177287047827667,0.3593768884308929,0.7668245571312451,0.005963568026153051,0.8166647094974292,0.021306866382737984,0.08327026857559922,0.1420401546312576,0.018564709435157044
2003-06-03,0.018165832288119143,0.0023173143448647618,0.35431181369333825,1.021267042550973,0.012408584405220685,1.0694630887349523,0.05647707682799686,0.0813889126910483,0.19645093766096586,0.019622177986609667
2003-06-04,0.012185323029405292,0.001329747690448831,0.2796099111500472,0.8491022343062629,0.005070645161380157,0.6020382103202387,0.1337807537549009,0.07946595783589858,0.6571942707610466,0.02259962584793085
2003-06-05,0.01855455834123561,0.0024398293917054304,0.38867582356994007,0.7293175185791485,0.0044142923347787015,0.21004166184018422,0.1301236174534397,0.07185875849193178,0.3236140339950155,0.02519285511109777
2003-06-06,0.014300443818823248,0.003187488051261369,0.3854489897861024,0.38452695192600217,0.005689507337303644,1.1787877495383334,0.0314909786099984,0.07172157470006392,0.2551120665774151,0.01577584801991785
2003-06-07,0.025526061486504534,0.003550756586763728,0.336884586788151,0.10925658882463021,0.0051749083466795815,0.6247484011580426,0.01554260915721852,0.06193785233190512,0.044813911208525244,0.0063768300992151266
2003-07-11,0.001733927,0.001391073,0.013104909,0.154852376,0.00524109,1.177707432378225,0.006887401865772172,0.02019623790263667,0.04421502960842981,6.859586255161458e-4
2003-07-12,6.90077e-4,3.53774e-4,0.00551188,0.152319182,0.004839273,0.6166074827007831,0.007267653936014359,0.07002171899067523,0.09210031449476483,4.0389538459482304e-4
2003-07-13,0.00104385,3.93082e-4,0.006068746,0.430155922,0.007381202,1.8060366452178782,0.005163444114363687,0.1002459172325408,0.0777417968867633,2.027052183708155e-4
2003-07-14,0.001243512507480323,6.547614596492374e-4,0.005513017137117751,0.6927653230489954,0.006604409744212575,0.8699223782808693,0.006738969779111122,0.020345582092324465,0.09462558870608447,0.0013344730638289407
2003-07-15,0.0019370242315895276,0.0013888423013132198,0.0175989249823019,0.6323101510544062,0.007063953812155696,1.8793241283630384,0.05798745075607033,0.05046460937219018,0.14888876261782794,0.002347161576672769
2003-07-16,0.0016460166145899013,3.629629643930631e-4,0.003578814935395794,0.4734175017490951,0.00710937779182208,1.5448601725270938,0.00839496194913509,0.010914727581148692,0.22632221071961295,0.002138196096858518
2003-07-17,0.002007243204290402,0.0014219007530742078,0.012889546356169485,0.6792929011779372,0.007425638890317924,0.162740367902291,0.02790499279190419,0.02853631131119818,0.2880416526709758,0.0022961750257476155
2003-07-18,8.297529766008676e-4,5.859761259641898e-4,0.004597164362530994,0.7202247618323876,0.00699157140578547,0.5432158168807039,0.015876645096857996,0.010493807161368128,0.1714343605307737,5.845970457417656e-4
2003-07-19,9.589910487642729e-4,6.224751773950508e-4,0.005689415238040725,0.5656180474551853,0.006916080245186069,0.5266956463150602,0.011809212068652548,0.010269704131176565,0.22758174918082838,0.0018824273342450699
2003-07-20,0.0011981513769753803,5.227649877918375e-4,0.0040695443512491665,0.6403792980340499,0.0069055506752844845,2.4270924668012457,0.01124815837238372,0.02292687213290291,0.4855430997644554,0.0024978453961254287
2003-07-21,0.001920493357966645,0.0013700562466340568,0.013207167709285515,0.5506763492226646,0.008159014441057572,1.8707177550612852,0.010038671103571926,0.003118550671921975,0.16436669052769717,0.0010327023819329555
2003-07-22,0.0013049347007578578,6.324693284713496e-4,0.006627239364496578,0.8179890145931339,0.008142626992282343,0.7181672309585005,0.005013120617396414,0.010513934899906124,0.31170639017411783,0.0042658844219112405
2003-07-23,0.0019635746547294807,0.0014076019056924439,0.014775372874170113,0.8785806451039603,0.009850469224545499,0.4086397760140077,0.008350828553062564,0.0036343282624099874,0.05005959588410278,0.003343617802737777
2003-07-24,9.756450286743637e-4,7.185790720053014e-4,0.004515598064765066,0.511967698233614,0.007955394245232979,0.7041172982055146,0.01837350558088619,0.0022708954253707943,0.09683081635473817,9.503277085479514e-4
2003-07-25,0.0023429853496844577,0.0015180841776298176,0.01550941916210862,0.9800680785794914,0.011441569382848361,0.8877721198004335,0.02834082683382242,0.0032092272650873447,0.1572619101325854,0.005288802559148473
2003-07-26,0.001579230079436812,7.019370796438951e-4,0.0068726154977669165,1.1099595207299227,0.011326133249316335,0.9686412207452935,0.012947422379997997,0.0032161585900154243,0.0698814562156093,0.0014599890025054983
2003-07-27,0.0035683294021359633,8.127560261302281e-4,0.007491890719726562,0.6986430018902415,0.010247113410044119,0.25742230200743965,0.006616918190301131,0.010095442188151692,0.10664995589456536,6.450830614809538e-4
2003-07-28,0.0013032272905740578,6.606783519135768e-4,0.006727963432180202,0.6299930771993577,0.011986182711081206,2.700451413095654,0.011607534426767556,0.006027937596383691,0.11663999818532979,2.960922408861806e-4
2003-07-29,0.0015419863280120222,4.91197136425122e-4,0.003903287708099161,0.33371427664719827,0.009191646984412641,0.8253482746982107,0.012150322935025265,0.040220458294937415,0.03952768583754055,8.193835188506052e-4
2003-07-30,9.660635117273605e-4,5.765410129895357e-4,0.005896909532760868,0.570849671955899,0.007641147959533436,1.1960129274821076,0.010136994766844857,0.004591750297886853,0.08430838643365891,0.0013843744901470844
2003-07-31,0.001209043824764843,7.539918152645955e-4,0.005722441460276374,0.8075273426106645,0.00895359077631109,1.2599321262828478,0.006775756412209636,0.004117277841287372,0.0404409822499791,1.7789413674961296e-4
2003-08-01,0.001526338187918392,0.0012287585972537486,0.013088379541283519,0.209208735136842,0.007389469878250401,0.24863034950303736,0.004387426921462397,0.0028560580625094094,0.12200647945298417,4.5576020350289475e-4
2003-08-02,0.0010160620248262405,7.473820701869962e-4,0.007649894023329082,0.21941843178292963,0.007375520778078047,0.4391168861358674,0.002928542912259269,0.0023484153258061065,0.020662366145684407,0.001134964973913292
2003-08-03,7.590103571223518e-4,7.280566792276546e-4,0.004695539933455789,0.3054464564919957,0.006690946793246005,0.3506522225557235,0.0014774601677390291,0.0012901284178643458,0.01849112787321801,0.0012378340829570012
2003-08-04,0.0014898908601669453,0.0013857095615384199,0.013401665356717128,0.3333640716058796,0.007016493351402038,0.2815345653635372,0.009781718233348627,0.0033665629804350903,0.18061536142297618,0.0018984941234370467
2003-08-05,0.002335084994522255,7.537736391152188e-4,0.006118077906061021,0.4884992756497233,0.007365449556612617,0.15343601410995739,0.006695414959747081,0.0020664763061804025,0.150659305125578,0.001850325388943253
2003-08-06,9.988313646877535e-4,5.421998621348036e-4,0.006537824326859434,0.7546788559487613,0.011424762538828279,2.272769887209787,0.02150935186055742,0.006338207858915957,0.2594782625168082,7.2424748787759e-4
2003-08-07,0.0013300553823514267,7.219789583734418e-4,0.00468722474454298,0.468300078417887,0.009510103081026934,0.807070970324847,0.01567291561015515,0.004724949431915648,0.1918051201371744,0.0017038396480517173
2003-08-08,0.001069606288282282,6.837765629926196e-4,0.005066793573732208,0.3373820774734828,0.00789197759207906,0.36681792317854395,0.021072273547180144,0.0018051114544382018,0.1789148377460459,4.992679300435789e-4
2003-08-09,0.0017943362830330886,0.0014425304216334573,0.012575882806175399,0.46090408758259077,0.008635817551458865,0.7477629527144783,0.007315050607978184,0.003511677300618609,0.08737211548167616,8.048118897059114e-4
2003-08-10,0.002629332868377262,0.00214593086186671,0.020265468859551165,0.46427751574874115,0.008622447713769623,0.17551850466724497,0.0036872772630835615,0.0019868011884673032,0.2120222036924865,0.010061736319506688
2003-08-11,0.005570249469850161,0.0017328889104740672,0.017585894487439812,1.2539863728914342,0.17940805517127562,1.3221063648779483,0.030163404373845668,0.002687472575712169,0.23574984901026885,0.04007049737013924
2003-08-12,0.002079045684845333,0.0016479107081501714,0.01434243118096322,2.1380096283661567,0.011287139808076446,0.20653956305334015,0.011421112784789755,0.0027401296010880743,0.1769405730454528,0.007268095492430532
2003-08-13,0.001929180642246599,0.0018440906324706495,0.014454005496648464,0.8012512799043774,0.008803801328422001,0.6149894531719244,0.014896792617567885,0.002279049457029838,0.340265054967422,0.00117535258757532
2003-08-14,0.002026178850904579,0.0017798239738145455,0.015142997172753947,1.083659451034787,0.009817460417047476,0.42522190321848036,0.0033497919462181533,0.0022992874023977515,0.32176816214755516,6.033415269132401e-4
2003-08-15,0.0027557500265319784,0.0022498596238605642,0.019112452021016194,2.113766347442252,0.010942253014819754,1.9188761914086294,0.028130856282725648,0.002650464766483984,0.4237823859282189,0.0043315983390624984
2003-08-16,0.00106909003757214,9.851516046365655e-4,0.0056268362260542115,1.5704932127133118,0.009131450916650376,1.4175209014020758,0.027735836147071393,0.005491600086417263,0.3244552197236036,0.0030323251573892928
2003-08-17,7.90672293999227e-4,8.910227406043013e-4,0.0063937531141393,0.8653353560093081,0.00873600481959099,1.27554299236464,0.017886563772219918,0.008659153716326152,0.38858750363251787,0.0016767340702702053
2003-08-18,0.0021476535617168334,0.0016305754852744474,0.014201032236675015,0.9028862496207859,0.009516957915294782,0.6973005525778042,0.016852250315290713,0.004863688783056437,0.29194044499749616,0.0032370111740698394
2003-08-19,0.0020715843832250715,0.0018734820976873518,0.014810286878664876,0.8070111354068968,0.008859845880359658,0.992787177997355,0.03727061490122932,0.003004622140996934,0.7945209660632866,0.0029609078410205544
2003-08-20,0.0020823921287838657,0.0016781042010512934,0.016913876188140817,0.8742575369897131,0.009619869210819709,1.2523770088197304,0.061686617381696236,0.0031380072636898087,0.6891767166266507,0.0015344766995562364
2003-08-21,0.008476199992414644,0.0013446088054530952,0.007609564945195092,0.7905843906898249,0.015096377624085887,0.7875234783908538,0.055935165656103694,0.010923949013746357,0.4607126349200875,0.007877376265922683
2003-08-22,0.002062542176139436,0.0018645734907441968,0.014524147930289267,0.697009949416692,0.009056245013248592,0.6390813725148866,0.12271003218829375,0.014049998394683254,0.3279541961612364,7.438114814131334e-4
2003-08-23,0.002781323233427032,0.00241770897072766,0.021322118845857087,1.2612952453476387,0.011533188357900386,0.8722732731107008,0.02014417227541355,0.0073699399633148305,0.6423382747576738,0.0037836388731741616
2003-08-24,0.002163304771832208,0.0021166397230974383,0.016593317237985447,2.824877631736024,0.009940366978229174,0.514143163915565,0.012151485685422339,0.005281687813717316,0.4019956096685096,0.0028436269708745202
2003-08-25,0.0019570992082666634,0.0019230188450220659,0.019633336491873255,1.9817677504626854,0.009201709930244975,0.4817956971851236,0.023086777188857023,0.0036871352799338676,0.5141787101748226,0.0018377317180502707
2003-08-26,9.884747592189696e-4,0.001099449809300088,0.005379358620509419,1.5870902547674983,0.012648372238946994,0.536332196889097,0.017655523772408678,0.011056276084439327,0.4619876054110437,0.02029003216846245
2003-08-27,8.485865666394914e-4,0.05199546745705988,0.004493000567128942,1.6951107366164537,0.008503152209103986,0.24520855580066153,0.009765453371042484,0.002873115419165231,0.16155977608996133,0.0010783357933000276
2003-08-28,0.013322287853102485,0.001609820855090715,0.012342675894383924,0.9362146027687691,0.027572958475136817,1.0505577254431118,0.0034736580004359956,0.0027619659833718244,0.11980174578248866,0.0010784377445694304
2003-08-29,0.0019290286332193207,0.0017303234158067098,0.014393303651770498,1.876243921538689,0.00886852210822243,0.21821182172655862,0.00516822432581646,0.002696363589206797,0.1122184695945064,4.4602026264845863e-4
2003-08-30,0.0012139754847104614,9.416882161044598e-4,0.006385757932682776,0.5607792588536592,0.02025880724761105,0.30430223484594776,0.012919616930528939,0.006607871099783121,0.2060376557801871,3.661250578067008e-4
2003-08-31,0.0020987620142038496,0.002082602306886507,0.014472148992723161,0.5805597645324679,0.02160991409378561,0.6463357968066191,0.046231691678239,0.005347700796383059,0.4673060372777318,0.005845398560363955
2003-09-01,0.00186706988443336,0.001712332039550741,0.015270334846676217,0.9161807314643128,0.009684714057377532,0.2602851726011631,0.004314942719093731,0.003975611982923006,0.1320086966287729,9.400657117382805e-4
2003-09-02,0.001990596635541465,0.0017365190345256802,0.019005544457020483,0.9033106753695894,0.00957990097324226,0.7463074564132762,0.0051916327196382065,0.00440183824295271,0.0682446719853467,7.82979639736443e-4
2003-09-03,0.0019648593152785773,0.001564550582930766,0.014136085934541428,0.6143892551602294,0.011114500219710737,0.22053779953271177,0.01498887104219624,0.02070341393598824,0.13839239599986086,6.359138257948163e-4
2003-09-04,0.0010622414495174814,8.083849787044536e-4,0.007119867949609318,0.6627870605274461,0.009765634319202465,0.5024466309955818,0.014486078989419634,0.0113305274472464,0.24032340688641857,7.840323226308976e-4
2003-09-05,0.0014237392950944355,9.675095959472443e-4,0.007303492729267964,0.7053666231381434,0.010057648524556673,0.3613644525255969,0.08294216839864203,0.015475513143849026,0.2627915325582364,7.871000147300215e-4
2003-09-06,0.0024869671971091615,6.334229239812844e-4,0.0065988715627077485,1.025877658509207,0.10820305151288943,0.7626799892338646,0.022819015774246183,0.015838554291957237,0.2902289050626121,0.0030525459937928863
2003-09-07,0.0024458454279608515,0.0021540036664855055,0.01936280502078547,0.4505302759702439,0.008554819293964426,0.22674131365348688,0.018924069351917785,0.02510607580894921,0.07136736005439041,8.68101301489636e-4
2003-09-08,0.0012803723595380368,8.289223147460805e-4,0.007121614026815551,0.6894872932659976,0.008445864245049704,0.3750691705374223,0.0024842316385977376,0.019475095917947747,0.05384010901104299,9.403664631009551e-4
2003-09-09,0.001113185773895804,7.945774258409309e-4,0.00580187559547264,0.5590467781999089,0.008147528010640835,0.1625675324332293,0.01614314083229274,0.02881605690928684,0.16848161264129694,0.007881215011363159
2003-09-10,0.0019576289490291564,0.0017337804996206986,0.01495828256148048,0.5455799119771837,0.008597494554003276,0.21350529335552032,0.0035763861031474216,0.015366386057012073,0.09257098810286365,6.806598983435119e-4
2003-09-11,0.0011224919632874884,0.0010222576098425484,0.006898105828465957,1.0483903469676414,0.008319035041912974,0.21350529335552032,0.0035763861031474216,0.015366386057012073,0.09257098810286365,6.806598983435119e-4
2003-09-12,0.0013695827073857204,9.665546980254144e-4,0.0046242539899307,1.0448475959682795,0.019180231173324944,0.7463074564132762,0.0051916327196382065,0.00440183824295271,0.0682446719853467,7.82979639736443e-4
2003-09-13,0.002541428352285777,0.0020648263377836405,0.01995998708540111,1.2512611954128516,0.009595328036265357,0.24082172356099568,0.016438440495001497,0.010632290679269919,0.14880166780653756,0.0010514546794080095
2003-09-14,0.0015791922013121138,8.322984510048063e-4,0.006437916194018295,0.9268308747137041,0.009709048236375951,0.34131923150218196,0.01952052674423418,0.012592497037389724,0.3563103513617701,0.001158786028798242
2003-09-15,0.0026974351805537423,0.0023123526436043445,0.024344784025921835,1.0857322888944743,0.009520775162891832,0.14566151510695344,0.010559707795840754,0.0025697633155786956,0.08869496267448511,0.0016639384074288927
2003-09-16,0.0020590600959275083,0.0026474736679559254,0.006067981817175624,1.1599340063169064,0.010374051824481985,0.47081399032441523,0.004552012779168573,0.002669121761237767,0.0560018737789042,0.001162944671941447
2003-09-17,0.002379681480320213,0.002376135665888209,0.013653571013358555,0.6562360009021078,0.009943524617473927,0.5740471411458181,0.03407358570089582,0.004431781824531754,0.5724042351695464,0.004941425164193524
2003-09-18,0.002244960552032485,0.0015358423898411582,0.01711485599734485,0.5327276111380937,0.008832317261143363,1.6691779116303889,0.01183983887368443,0.0026922186483094197,0.12773906549954053,4.533380591768686e-4
2003-09-19,0.001833734045366721,0.0015593789275282002,0.019526858786212443,0.349017898956086,0.008117781870869159,0.22861242782653013,0.011077824436728811,0.0028560580625094094,0.09831772457414653,0.00109040196895732
2003-09-20,0.001303949591845099,6.487937140463061e-4,0.005991057607505623,0.2846125913036596,0.007461547064806198,1.1894915546936757,0.016878599740279464,0.003851321466306857,0.24924158516391481,0.0022337750839549627
2003-09-21,0.0020717331494823363,0.0016019955014624728,0.014282443970142434,0.2614618311004444,0.007682175652403816,0.44822601000354934,0.011186285517576288,0.005140228537566496,0.09905581700986169,0.0023613970608038367
2003-09-22,7.383171437823992e-4,5.337073929832713e-4,0.0035445859382191593,0.15927659397794394,0.011603100694464304,0.23820009445041238,0.014629414389867628,0.010084587843991598,0.10002972232662934,0.0015158076219738438
2003-09-23,0.0010155642994424331,5.869265856246418e-4,0.005722958873336415,0.14685214633552524,0.007281240952389778,1.5787999737614176,0.008689186339655168,0.010776268640144509,0.04964437264234908,9.293598820978878e-4
2003-09-24,0.002581097012250993,0.0023714554255028705,0.006742660321708487,0.2995367382222044,0.017462773801484862,0.37229118912900644,0.004585075079302519,0.02632629207541907,0.05159353295084028,0.0016159599135241566
2003-09-25,9.718661932879443e-4,6.283693475703601e-4,0.007897170743393168,0.21926439030065212,0.006725041843615399,0.6027915685926758,0.020421353713894776,0.010106684029293189,0.092456453699668,0.001424148599789362
2003-09-26,0.0011973865031634522,6.282177556054906e-4,0.006129701708194372,0.24874740718936675,0.008001172355040104,0.6779429082818091,0.007861885157324356,0.009547558100933924,0.12618908810809634,9.537313106960471e-4
2003-09-27,0.002194415070733885,0.001683604131859387,0.014105635003673319,0.9509069528886593,0.008770631985862422,0.7558098739680714,0.011940530487809409,0.01683149342061868,0.11181437621553653,8.201217825513547e-4
2003-09-28,0.0011448485858584095,0.0010296391053359424,0.0051311148425357824,1.046833704536012,0.008539719946839651,0.4153644871406433,0.016436049918328248,0.010849919510341172,0.2038697888509337,0.0012460884572725968
2003-09-29,0.001878793394824987,0.0016785782916927052,0.013700526117745334,0.7168269649666421,0.008318916984747834,1.1871590451872607,0.017928433183487396,0.004669524685367559,0.13202552915996296,0.0010572080235686826
2003-09-30,0.0019887785465512843,0.001435738807809415,0.01297315537400127,0.5152919804693841,0.009787575598245002,0.7594369096643958,0.01193707040967276,0.01239010857309366,0.058052632608773955,7.3879690406829e-4
2003-10-01,0.002404012948100322,0.0020772465453234,0.013150594688622489,0.8806774381362282,0.00982016478874591,0.22868763655471697,0.005548763207153555,0.038445576295454975,0.06356731985700532,0.0010889348234348097
2003-10-02,0.001965279135316406,0.0017012472150128564,0.013436262567453644,0.6034611029181505,0.016275625742472974,0.19678881230792333,0.010297974792396802,0.002714634761054238,0.08385704474469456,8.56018671311555e-4
2003-10-03,0.0025017122642991938,0.0021334129559860185,0.018602239378424576,0.5090036303592518,0.010104078185487135,0.8068308881550162,0.010476385329429802,0.010416037740487358,0.05543856128598379,0.0015490610449343176
2003-10-04,0.0010807300757423195,5.915162031981879e-4,0.005125928668690582,0.2634920058899587,0.00834759094138219,0.12078560556063507,0.005094564134735555,0.028373542458198057,0.029419639762788562,0.0018854227349772252
2003-10-05,0.001240347324143524,8.899354264276706e-4,0.006386319065770281,0.290381785465355,0.009794734632594086,0.15979319682716114,0.003378370176887814,0.021810456366280945,0.13244916364323495,0.0013537328292233294
2003-10-06,0.0020188915684974267,0.0016444453164410789,0.014814647686061725,0.22310002111696403,0.01404309956845247,1.3739755465926216,0.0023050318191374904,0.41822953601780316,0.043974472176299524,0.0014109446245012596
2003-10-07,9.573214296071096e-4,8.044548779173386e-4,0.003673456192601322,0.24718975120818265,0.007549835285116755,0.27895749234058603,0.0034510812068882127,0.004526937515859922,0.06593879274517513,0.0012245372248649692
2003-10-08,9.503996949889031e-4,7.555841987819756e-4,0.004971243479889715,0.30492059726523385,0.007971070726451623,0.11344886243211945,0.008196888574639525,0.005123356125559202,0.056519359526832444,0.0023522981870307174
2003-10-09,0.001085116352833649,8.988989454960997e-4,0.004884293106784236,0.4103495189045639,0.008852104296957082,0.8933734952622222,0.05029328734807113,0.0804782188281186,0.06065406491244791,9.546066196465432e-4
2003-10-10,9.788902142763508e-4,8.027098328524449e-4,0.00660181434218261,0.48080776097326267,0.008154204834815349,0.21441507650153527,0.020117154724463498,0.0823182488122361,0.02790916056875063,0.001568307119720178
2003-10-11,0.0020103667091655193,0.0016123167664147142,0.013651935839319307,0.37885270493856504,0.008775418031938365,0.3725138414283636,0.0031736473932957644,0.006013386983165893,0.031138600595904706,0.0018238092252584972
2003-10-12,0.0013993768964249767,0.0012844497710043003,0.007481994161571834,0.834853347589991,0.009501388107119823,0.8480700513788145,0.003259998181212376,0.007711271603470986,0.07082493906672872,0.0012876555729394409
2003-10-13,0.001320787308770795,0.001120535750518028,0.00726983301002609,1.1656697623786831,0.009684292214847815,2.099689025939153,0.0033745474324485348,0.018272401186532273,0.06479450769795925,8.610507264667977e-4
2003-10-14,0.0021779186956114773,0.0018453828559109352,0.01742177199293852,0.7840071248676131,0.009404898060791408,2.1241120907540854,0.011076828206285813,0.031435057470819046,0.09040005322068409,8.713258986194545e-4
2003-10-15,0.0015790544541240497,0.0011450647318806916,0.006834195255954647,1.1596520696267258,0.010099413487130724,2.1366095173763546,0.013893767386681589,0.02806473546014858,0.1481576082402852,0.001517567416250428
2003-10-16,0.0013224903210280973,0.0010887029297260112,0.004804079582851329,1.2578971194682578,0.009963696930687225,3.774385422885188,0.030477152331212724,0.030821863567349218,0.24358512468577218,0.010170950745634354
2003-10-17,0.0022499637503653257,0.0018389162663968689,0.016237219907091545,0.775076124112393,0.009509165915899722,0.339664406,0.05213017594647154,0.10423912374802644,0.36020898544231295,0.010107435851514567
2003-10-18,0.07099043222471517,0.0022340910364738943,0.016744679870208865,0.6993593112307422,0.08029247981460601,2.19914560969186,0.02546340211825052,0.2181842113050561,0.1560184468310546,0.0020013699517745336
2003-10-19,0.0015010770762758988,0.001079001433112116,0.00586458928248961,0.9167253605748918,0.009138594017731393,1.7342644726572822,0.02047571814386018,0.02027885740130198,0.18821048018676959,0.0014254287473262212
2003-10-20,0.0022559928883039504,8.616944917898687e-4,0.004425680938961371,0.5197084654498959,0.017478639501897108,1.1046734287556559,0.011378609253931256,0.017384524709494302,0.1173826517974297,0.0010858465254740192
2003-10-21,0.0011041848878263097,8.207849361422272e-4,0.00365990663536599,0.35962490554869686,0.012584014563226553,0.4237048555744417,0.0153573609750728,0.006707564760719199,0.20369878958070603,0.0012759242892417247
2003-10-22,0.002150148417464478,0.0016012050124846599,0.020098325022320767,0.36248897976089756,0.009323747363762009,0.5443900206635072,0.023474153913763965,0.011328823460176657,0.20358322313443195,0.00314786408057686
2003-10-23,0.001153942823343947,8.415433435955632e-4,0.004043220118184391,0.2665864035986303,0.009035364860816027,0.5950968455557064,0.011715407516781368,0.0026037883086929246,0.08500660718027091,0.010119773707274389
2003-10-24,9.668184083647767e-4,7.17994604910789e-4,0.004829158992208167,0.29460564474132445,0.007931424320086653,0.2214557672675712,0.005034771169083358,0.002606779335594979,0.05492895965678966,0.00103756947612437
2003-10-25,8.340266410283308e-4,8.373677384817259e-4,0.007185286235483455,0.2490622521586673,0.008232626386378651,1.0432681725055182,0.00329958682264689,0.022606739846240544,0.05759375489151181,0.0010861274155107216
2003-10-26,0.0012078321929034678,7.323343844037367e-4,0.007811861631993875,0.20759854165466723,0.008195007112484345,1.4634926910262849,0.004808105321859017,0.01517150025818897,0.07787508276564664,0.001527095602799314
2003-10-27,0.00107875989734973,8.720886993912947e-4,0.007207694957686611,0.19679365986869424,0.008151412098340385,1.136398039539785,0.0047043369758053045,0.02414703231890886,0.08702022147977471,0.0015077681834612376
2003-10-28,0.002069028602751059,0.0016658363293874342,0.018236741124036938,0.2843190761239191,0.008781296554201663,0.3716240101361759,0.014437333411096974,0.043137439065756074,0.06682295206872735,8.506068641634631e-4
2003-10-29,0.0020754674055913284,0.001659589516578422,0.014657075832455327,0.2874094123464599,0.008660042199303709,0.791402722938709,0.013701086501057426,0.02053267189038709,0.15301102415098547,0.00062209165994991445
2003-10-30,0.0019829380720360382,0.0015519249861848992,0.0142051914739335,0.2884478350494722,0.008708884739697156,0.6402574537732201,0.02090953368990789,0.008636427199190937,0.11392364027821729,0.001171904339325527
2003-10-31,0.0019886716519511207,0.0015792880364686487,0.015062006843757244,0.7374062157342782,0.009108227583474241,0.8957110733942338,0.01393525225825227,0.011593645606537445,0.1713981536201863,0.001147879009430872
2003-11-01,0.0013093367465037405,8.178103985625275e-4,0.004126149449259079,0.7546255684821107,0.009121555657993323,0.25482974151252186,0.014451387567502368,0.0037532699004310895,0.1417954287861757,8.63982657476989e-4
2003-11-02,0.00135936528997801,9.589240249967668e-4,0.006806686021850207,0.7195758507212425,0.009057841873256676,0.21527351252497592,0.0045690506293755385,0.0033058033370453243,0.04685684169477164,0.0015452864443568383
2003-11-03,0.0021572909824481255,0.0017916938113558911,0.01884164119917697,0.5854010266105023,0.009142029422498704,0.12091384251490019,0.004629892390944417,0.010436460604862407,0.04473984573194577,0.0016230643529869665
2003-11-04,0.0024235155473326347,0.001891554333312686,0.014735638890290812,0.5078057757795655,0.009832547038283467,0.11419424952055005,9.086081881978832e-4,0.010366952774426437,0.01424230798584457,0.0019413615044092123
2003-11-05,0.0017784464913280355,6.375051558615036e-4,0.0064124920451391594,0.54663395970586,0.012816939083227437,0.5599688724576499,0.0032482990872899926,0.005028002578417099,0.042362733131772905,0.0016852533510250025
2003-11-06,0.0019787701948323863,7.8913344907563e-4,0.00815138761547511,0.4316539709117496,0.009096359355411757,0.5441575099322723,0.010181910138114213,0.011395966586898235,0.4503869655465156,0.0012652414967605987
2003-11-07,0.0026884171510481777,0.0021376303006586522,0.024694999035025977,0.3884592493960937,0.010040214117157761,3.3977302202897994,0.002071864251937612,0.013193934189990566,0.05658683282934404,0.0012332038161865214
2003-11-08,0.0014103178854751152,7.758351733351615e-4,0.005696356119157579,0.2779500070772678,0.009166453286263776,0.2993783524704624,0.0017312747241512538,0.014030107472093758,0.0756198248994372,0.001613547044446179
2003-11-09,0.002072866217074561,0.001620402311999017,0.014733726339246226,0.42517461441982796,0.008633025105242484,0.21426415356953518,0.002135480578128024,0.016020915111957808,0.06732642927672201,0.0013530070254677172
2003-11-10,0.002082055616004049,0.0017363690738783043,0.01868494656446226,0.3838707707071851,0.00917826585972432,0.24319102255897618,0.005844101315248137,0.0031953574908989446,0.13927361398410032,0.0011660153023374093
2003-11-11,0.0021401452121746316,0.0016985463319303363,0.014579977192292003,0.44072084245199367,0.00919909220150733,0.856768984116238,0.02495360650991686,0.011209757191060741,0.34604953505227226,0.005826934076965861
2003-11-12,0.002700223449379514,0.002354106312737171,0.020655399284402177,0.8223886482217314,0.010187729619272098,0.5858706896625849,0.012074355467425538,0.019995359784588648,0.17396545690497317,0.0013533189452571777
2003-11-13,0.0011050096829992035,0.0010632079853039103,0.006144476001722686,0.47550474177063706,0.008860245501498307,0.48410529368553656,0.010548159978518197,0.013006874132158348,0.16856307813754123,0.0013066942435841675
2003-11-14,0.0011235157967496496,9.319578750968308e-4,0.006982418727243591,0.45717467370905496,0.00941922857918126,0.43740085113624866,0.04393929014134958,0.02878161849163971,0.3232895404700584,0.003986048171773643
2003-11-15,0.0022842398898535155,0.0016425870091441124,0.015321699326523315,0.7724184879516486,0.01678714543861043,0.43813844569577615,0.020059124453335568,0.01284634831883053,0.41978485392994924,0.0014624010352516166
2003-11-16,0.005072363739326567,0.0025421872361761633,0.021779906469035923,0.43098668547059055,0.027320426297453505,0.6403886406829807,0.016037058244004886,0.012074183354490398,0.3690133786418153,0.001568328813906382
2003-11-17,0.002106409040745885,0.0017106698346159611,0.015010651523554897,0.3736947923240336,0.009447032397815146,0.2652586721800151,0.012625509088477382,0.012293904843719956,0.20607414783834077,0.0014156930668093278
2003-11-18,0.0021833566225236776,0.0016798492685982276,0.01540707323040288,0.6313242941068834,0.014212247989646957,3.417676360671437,0.017045900895760014,0.020935178008681797,0.17753416226159985,4.557794020203195e-4
2003-11-19,0.002732837212221943,0.0016117643908143025,0.013967356619812282,0.42542135611419313,0.03639124675931178,0.4413304409665961,0.011775615560267242,0.03672844382935881,0.2102064062083085,0.001035860415251495
2003-11-20,0.0016831842170894427,6.586721098657511e-4,0.008098678759777362,0.48254457749202895,0.04663343428670983,1.0726565246367061,0.009457755304817366,0.05448186801657708,0.197045215095468,0.0013497722491387202
2003-11-21,0.0025994907723802365,8.238726794760219e-4,0.007286962084084561,0.6278088434908808,0.009251447161305954,0.11547455155037777,0.006400129199477539,0.03882416339593301,0.07985888770015978,0.0012411697891215369
2003-11-22,0.0011723525707205149,7.662760614354333e-4,0.0063361409995475165,0.5753145852433423,0.008752045930708259,0.19098025733647508,0.0055250632238711085,0.01705343380440998,0.13849651477436292,0.0017512126302085648
2003-11-23,0.002266483718627601,0.001616566622688035,0.015325783986078397,0.4888478908781585,0.009537666784886437,0.13744600878983101,0.005745927631806722,0.023798260565204885,0.15460494704704003,0.0018676323133743431
2003-11-24,0.0013774365263641009,8.558137550244212e-4,0.006576648258856559,0.8775791480384537,0.010431199927590066,0.23492601403686914,0.013860561643298765,0.032053128673579075,0.19290732023970908,0.005621120596696445
2003-11-25,0.001048740970453143,6.767099905077506e-4,0.007212371615274826,0.7629039727422876,0.00904777225071393,1.0896326207533196,0.008530692876576087,0.020887738330853847,0.08470699067480755,9.093251844274413e-4
2003-11-26,0.0013810480884263226,9.38901216211269e-4,0.008417366677784746,1.2190101351094536,0.00996997923138228,1.3721858588165885,0.00682569336603894,0.006324991798092468,0.528243227272869,9.519088436956556e-4
2003-11-27,0.0012494032899628526,9.36274997325572e-4,0.008229553146852203,1.2412175544837594,0.009833857662440005,0.1258291253347794,0.042808631958736944,0.012799092290147845,0.6260700048922301,0.0038945736349687886
2003-11-28,0.001979248808552376,0.0015272949035094697,0.013211787596231631,1.1335162385333206,0.010019952594931426,0.854617794850072,0.018610106571020087,0.03640548982281835,0.4211051295305162,0.002575046763670905
2003-11-29,0.0015376810828198414,9.288059054409592e-4,0.007006408132192272,1.0843324042388687,0.012948732198811935,0.29071471010327465,0.016961883970098516,0.06163906117057899,0.1875709673397162,0.001521622733442163
2003-11-30,0.002705705389134597,0.0018700640114608378,0.017973013508007084,1.063535653395801,0.010407494875742192,1.0065323622533897,0.010697811902580312,0.01279500984283498,0.6345783823254084,0.011383011955726392
2003-12-01,0.02839581526857239,0.002754970175610981,0.029301844970780627,0.9042814114592281,0.1385500867375594,0.23199822592669317,0.008296368114705193,0.07237222446143145,0.13120303271205846,0.001284880417527639
2003-12-02,0.0033752605835760297,0.0018211396478485663,0.020711115114024885,1.6665340605295986,0.013776249222273346,0.8082816602100695,0.015390026615952878,0.006654170687746596,0.2852276277239059,0.028956208817243187
2003-12-03,0.0040062619368230286,0.002599140821168603,0.025164636066227104,1.2538721981551144,0.011472077246441378,0.46884356251566606,0.0023737738621432015,0.0012331334853157238,0.0812192548509001,0.00216108415933207
2003-12-04,0.005755635999883072,0.0016973049655271146,0.015188873273109464,1.4219434781493303,0.012717131717593632,0.8027194890573347,0.021845483227351598,0.004150601252385611,0.4605967783058677,0.004043277577042788
2003-12-05,0.0032889954427531517,8.643522567402714e-4,0.009004158410719904,1.734520648431994,0.013576100256616036,0.20521880268042217,0.015560265407995842,0.006943979928541916,0.1151442468680745,0.0012766569721820345
2003-12-06,0.0026730543933549127,0.0018422081664005835,0.015961626573803372,2.0965595466578706,0.011745622382043831,0.1436819115316639,0.012345799005103112,0.0214579626481666,0.16649389381756957,4.14443143422593e-4
2003-12-07,0.00490091455524497,0.0027905568386207436,0.034094816416457695,3.044677741625005,0.012880023130524765,2.542555792133073,0.008023947561818684,0.022462464389559865,0.08520717937821322,9.722997403727926e-4
2003-12-08,0.002832979661657669,0.0018008428330229154,0.01595333608727084,0.8861051302075734,0.009201585492285284,1.199412893831824,0.032865403174758355,0.0035547377048946944,0.1941680488955448,0.0018602477311930796
2003-12-09,0.0026833204730154765,0.002187596628938251,0.019082453456452184,0.9762653946248496,0.009321075395097606,0.9648291095167209,0.003050148784126604,0.01588040885343252,0.05980409550053006,0.001609694441623627
2003-12-10,0.0038914919197282163,0.002747928290719028,0.024060584900867977,1.334905100475618,0.010885134837535225,0.2816058312080031,0.0020457684684733997,0.01724639932215571,0.052782184699818435,0.00237783166235312
2003-12-11,0.0018882331225428706,9.93699786947245e-4,0.006711275185761794,0.8054340602283548,0.03789236499019414,3.0233278994300217,0.006337657460938861,0.04220680388655578,0.16262923431054996,0.0014674042618736665
2003-12-12,0.0014927685527773554,9.927972642151065e-4,0.006323348967949421,0.660310489794456,0.008538479285555362,0.0926784053485274,0.0037284629458833305,0.010406756628563435,0.04202132566304202,0.0016065269765045964
2003-12-13,0.0013854750403547514,8.635578283253531e-4,0.0059402727694140445,0.7554392082441808,0.00841234502733245,1.8794726871989358,0.0047062962094727954,0.014406189548059715,0.06829499226592652,0.010166867553477916
2003-12-14,0.0028076906669449895,0.0021546017966134717,0.01976568812871614,0.5797906494043384,0.010504109244011413,0.16464906391112047,0.003960826352130702,0.020292458908788703,0.04257287707319487,0.002447102275567983
2003-12-15,0.004009988711678126,0.0021051103251198025,0.017702091281600774,0.559374944509545,0.010793046493150578,0.10633272708800062,0.0014809724980599742,0.02145935853113652,0.05157804020688569,0.001941043841603275
2003-12-16,0.002277088580048216,0.0015343268128834222,0.014985283837354365,0.614723121301305,0.009059021179303699,0.21484819082180087,0.004815211775046347,0.019111813446518987,0.16522231466094733,0.0018793163602331567
2003-12-17,0.0072127734088180675,0.0017238266457234035,0.01907623245276535,0.7350218864832979,0.040336668903185574,0.17618983700327484,0.011668612281331701,0.00862137850631423,0.10157463091427014,0.001881238493085074
2003-12-18,0.0015227639871910554,0.001148638604641164,0.005646301017368274,1.0295038126124232,0.009041493847784392,0.18102039874433365,0.004713986554236658,0.026935327965398125,0.09080444163229001,0.0018695384527749087
2003-12-19,0.0013889803643298922,0.001143843883414603,0.005776292939144794,0.6887836170165685,0.008821733648004286,0.21967774273918506,0.0216177205830928,0.011142562662582114,0.22168220413713335,0.0019044340581621617
2003-12-20,0.001056375504963079,8.740008771511617e-4,0.00744213359988666,0.9891178602702362,0.010957594531470216,1.4843045788253828,0.012848175610130491,0.0064318557263885355,0.15060504478312084,0.0011908813261652061
2003-12-21,0.0022307759230337323,0.001735429938463665,0.015362951235084065,0.8221011122357328,0.009752393353696005,0.17678627539140104,0.016545318292480356,0.009607591814425975,0.13572485859008884,0.0011234579913325642
2003-12-22,0.0012613906710135445,8.531375592845507e-4,0.004652149529469254,0.5145319641919077,0.00835564494640342,0.2803886162218067,0.0054882721119839705,0.02428401975440594,0.06182662590384105,0.0014226293012095596
2003-12-23,9.231817376968633e-4,7.213276745280192e-4,0.004446741274393418,0.4637678466188525,0.008121800975751685,0.18560015942876656,0.005462669691589452,0.007935159338816007,0.16353798211257214,0.0014476477277749584
2003-12-24,0.0022757912843960446,0.0015434576424009827,0.01351379662034145,0.650724749040371,0.0105558430409477,0.968269477084128,0.00725102419372636,0.005306728401023082,0.11326001730143619,0.0015251063976162449
2003-12-25,0.001967766215635384,0.0016257972631210818,0.014560082767653143,0.9421359088371055,0.009191644893183918,0.5346689674004594,0.028822044922246323,0.05962846006288689,0.2955843451184808,0.0011471587854839451
2003-12-26,0.0011472207288002602,7.067449146856311e-4,0.0063940063095422415,0.8169745628097262,0.009178137737821654,0.1355510018202454,0.007210416754341627,0.007773958370801647,0.06273618865911326,0.0021612876415056373
2003-12-27,0.0013141575721487891,8.995770790199137e-4,0.005260771626069506,1.119427717421487,0.012025816564686534,0.18910172361373012,0.013179606268082669,0.01208725844155692,0.09214159180757923,0.0013475634645763442
2003-12-28,0.0012836402310406137,9.504220058463503e-4,0.006636950264168401,1.1727216254941653,0.011151974464270352,0.17294161266506478,0.010947313160939554,0.010172727118039392,0.07202513206025674,0.0018716510541471132
2003-12-29,0.0011383500685944548,9.559253932619428e-4,0.006858487069020106,0.7129533168149232,0.009733686771482479,0.0939497698155039,0.004177100206297426,0.020440647864643235,0.139137468520801,0.0010439891503123966
2003-12-30,0.0025849861995865665,0.0020787608396768496,0.021767971868690686,0.4439936771780633,0.010710352803300412,0.13119614196773483,8.054742811815905e-4,8.885504102418725e-6,0.0516281929181452,0.010298039524106033
2003-12-31,0.002124076389246159,0.0016766724914872313,0.015720114516872864,0.7930568354434097,0.011064403859445569,0.25716027131304564,0.011861300868935961,0.015881411113474016,0.14713943009445704,0.05003053564686936
2004-01-01,0.002251858079065597,0.001853842253833373,0.016265321617876142,1.2649638700611483,0.010384871149372726,0.10338616866368464,0.0018196933095379012,0.002385983393741457,0.14394205946620975,0.0020084985693221195
2004-01-02,0.0013056553548210952,0.0012019105646315785,0.007481700237365435,1.9832743314745793,0.010856144152173966,0.09893237847947182,0.0016883682315182314,0.0020237456404827658,0.06820035738663464,0.0020321241722505543
2004-01-03,0.002887814212330842,0.00245311166908602,0.020019104684471083,1.9275243115032301,0.011863963414956782,1.9107371170937675,0.013191437109219186,0.021646870443189265,0.1729852132642949,0.0019719068500540283
2004-01-04,0.0022197222460571503,0.0018526684559704684,0.020530716954317473,1.2480925551814566,0.01751966416023344,0.17156195830843723,0.010474972830643619,0.012620824087246444,0.19121327388099607,0.0018369807346387712
2004-01-05,0.002145663795354948,0.0018457182039748102,0.0184870061982642,1.5601741201414492,0.01179671954714318,0.33473407427885543,0.011423031835757528,0.012796406744067844,0.20553268685191003,0.013759972204994492
2004-01-06,0.0021522398793361766,0.0020039107594344114,0.01453277852367853,1.9940696198062005,0.013090534353440925,0.8597175542793635,0.010267525509846323,0.014950054165770539,0.07699320330724824,0.0020076414054967587
2004-01-07,0.001191109404750462,0.0010890072762337266,0.00695115323565198,0.6914575642566753,0.010858461528834367,0.3212826928835803,0.010406097401744854,0.023079569990878297,0.09850395325755258,0.0015856396842694118
2004-01-08,0.0012581104613522613,8.201688684197906e-4,0.005234902221699752,0.6094308594984373,0.011466296882975515,0.23996480268306436,0.0032231369251654513,0.013590211910533258,0.129945951970651,0.0017018899731093076
2004-01-09,0.0010915202937966842,9.430218800791422e-4,0.005595880257552515,0.5780006792086331,0.00959846500819928,0.2847560590767688,0.0015396468716981826,0.0025501558441064125,0.035723910772249234,0.0021985273383710742
2004-01-10,0.0018802409976771595,0.0016408034806703695,0.013717078234357345,0.6218887292417101,0.009868006348095952,0.30323289021526756,0.010573247360979738,0.02088417908662165,0.0634785247346444,0.001997732475258887
2004-01-11,0.0010064233566675607,9.713827043575565e-4,0.005907675253299643,0.8819539593605544,0.009379398296073689,0.2670580783773922,0.019565017747751826,0.00744782818936769,0.09379666495598886,0.0015274257024556056
2004-01-12,0.0012318691530134197,0.0011784543912065498,0.003928627317855437,1.2151299506432953,0.01042213386210372,0.19216780395447575,0.011859179059818686,0.010077679360266186,0.13180430613285363,0.002104298635510654
2004-01-13,0.003053547651964842,0.003562734894764133,0.1927159276323425,1.0047317637232736,0.010472185520435502,0.20784721341882004,0.010471159842956509,0.0021047382764505422,0.04770760801980184,0.002123384093199344
2004-01-14,0.003314711119991756,0.00205683729936935,0.01816124462487651,1.5022641140783544,0.011168717812839709,0.41919007296243976,0.002153889165788249,0.01253889032260463,0.05302345802285133,0.001597124941722782
2004-01-15,0.0015950770743741506,0.0015934470726447114,0.006747675778803395,2.7295090235246877,0.012100900309200345,0.64076279675075,0.01087546242657741,0.022009451210680788,0.039405258150866235,0.0019406412761056586
2004-01-16,0.0031104757412564726,0.0026896125599745776,0.023574265330705727,2.242788795465154,0.013529180592849702,1.5998720909392945,0.01451744946901614,0.02098704338837741,0.26987734616505427,0.007363807887289361
2004-01-17,0.002598377670592364,0.0020270663850167807,0.019412088130086394,1.226367889110089,0.011493091330209466,0.7669869628063789,0.011578689813551661,0.023335149151017677,0.057287117980748606,0.001489109237782776
2004-01-18,0.0016970236467477406,0.001347156122005909,0.0060572781780976505,2.132849157195051,0.013351391448503074,0.7669869628063789,0.011578689813551661,0.023335149151017677,0.057287117980748606,0.001489109237782776
2004-01-19,0.0018390618149793118,0.0018454913045964209,0.009004099542265956,2.484283829246067,0.01445820435926834,0.3209267394225856,0.002592327311282277,0.012262698772743951,0.08126159834199898,0.002352432078919602
2004-01-20,0.0017336047471208655,0.0014495693016520457,0.007574364691606154,1.7587785250442114,0.01279694775112851,0.40861463624441013,0.002401084646533104,0.020261098728715746,0.04579781309585077,0.0018281109924588824
2004-01-21,0.002840124139165399,0.002541970688467906,0.02126948685137326,1.2547658817874157,0.012209567890618571,0.45007952434791126,0.003182834925345642,0.021843095978484484,0.032256031613646784,0.0023579234255719584
2004-01-22,0.0034561498652063687,0.003070703152468828,0.03004066601295667,0.7693756181860881,0.014444942065892094,0.4983358862731824,0.0015375200995121983,0.0237148875905575,0.027623181137272676,0.0019216786007290605
2004-01-23,0.0027158708861479406,0.002594399275327913,0.021168114226819662,0.9761736279509272,0.01116011088592824,0.4395356293567992,0.00425283167615202,0.09185131991644968,0.024495781210584263,0.0014722975627949671
2004-01-24,0.002108323079115248,0.007897643655345182,0.015611099583776763,1.0932983507043268,0.011470036143899721,0.20320575132384763,0.003682025745454939,0.05283354085837679,0.023456227734830616,0.0016568109206713964
2004-01-25,0.0017280713032013465,0.0011402821748343697,0.0073663942667390545,0.7595644004501251,0.009878876459965272,0.06721863562019607,0.006335950953696691,0.024776436435898084,0.026341936268703958,0.004590327367260532
2004-01-26,0.00221479873301526,0.0018391331563826475,0.016384634305341848,0.6104673377584374,0.010280894151744779,0.04272200311719072,0.00403938898252706,0.01626341217399304,0.02569105446880225,0.004790979155186756
2004-01-27,0.0024944638298211503,0.00219290679254956,0.015710220121909497,0.6083835326542332,0.010701120511894537,0.18694808999854906,0.006885443239706867,0.014552603143758164,0.04428577108831063,0.0021320030651253764
2004-01-28,0.0020780309247268192,0.001947890946569135,0.015489883843544923,1.13288265444145,0.010209389674357866,0.36290634961833984,0.007454846890092177,0.01139398687250275,0.03654345287324234,0.002050068632798668
2004-01-29,0.003072154200577504,0.0023254016519556357,0.020543156891313127,0.6239526462700867,0.010320113236914312,0.18976416935627274,0.0036473324427604625,0.02085215857238713,0.01871094537020682,0.0021490497387824693
2004-01-30,0.002025412213279065,0.0019267802693371655,0.018327872112343782,0.5147507646627065,0.009708946606520504,0.2672612560793841,0.006714879997340608,0.07040429547094665,0.028066469662629767,0.0018761409390005857
2004-01-31,0.0011264152359383283,0.0011038093080518935,0.007678700509144044,0.9498623322152638,0.010077175664040644,0.18289817305436154,0.0063758647045589825,0.0406334242514353,0.0365236471027036,0.0018345417002720325
2004-02-01,0.0019163268614143048,0.0017789671621516792,0.014737551785165337,0.5077225368252856,0.009071760361701636,0.415793399794716,0.0061140880544076235,0.02487534790357538,0.05908813981943307,0.0017769636082241528
2004-02-02,0.0026027844102556783,0.0024006506334671024,0.021795658061739658,0.6860195606007884,0.00997276064961884,0.48474154188632645,0.007053143336899372,0.017491891582315077,0.06202217840401581,0.001809679287792453
2004-02-03,0.001142699343808773,0.0010457969729928463,0.006192503945737459,0.6420272109036556,0.00917640330859651,0.5703288656228597,0.006179569945917596,0.025449910140687395,0.035428930248509974,0.001163912779753277
2004-02-04,0.001036308032284803,0.0010036609646877773,0.004894988965938943,0.9866199392421416,0.009732416033475758,2.542083597280126,0.011151131427172625,0.054397185582867144,0.05125035781461344,0.001624277752581128
2004-02-05,0.001205521754835225,0.0013783934294191917,0.004334959501125472,1.2538128586646453,0.013212287514484916,0.5076234099325567,0.014502273019180993,0.16047692927546253,0.1687441676372453,8.902310868246514e-4
2004-02-06,0.001718109763340224,0.0013996854913036713,0.004785716592670736,2.512894389543087,0.011321277847624314,0.4085845243736808,0.01973612533816691,0.285249463676244,0.02608271719427531,0.002106036542824934
2004-02-07,0.0022319569773911413,0.001839996111824968,0.015298856006844108,1.3611813435021005,0.012602558367980724,0.43973399468838653,0.013071982908061807,0.12693142157824983,0.058932160507885974,0.0016208262793603145
2004-02-08,0.001706399470609974,0.0011084561622833806,0.00642086585855654,1.1212361666271273,0.010967859600068283,1.4193125137780152,0.012912092710882849,0.1866585314993674,0.0920903791315428,0.001032273496264435
2004-02-09,0.0029191029019878696,0.0025067353180427726,0.01650350151825391,2.1890030475223377,0.012319168469447523,1.8851042376315088,0.013920792051551448,0.1101965452385858,0.16622074234340106,0.007501936572146754
2004-02-10,0.0050213746173258175,0.002674263870964494,0.014705733590657693,1.2202075600394175,0.01193438636288477,2.3601041574421715,0.029848396321469014,0.19206958511135808,0.167907111681521,0.010101771506000817
2004-02-11,0.002558486591634398,0.0021479249086124963,0.013244176073155098,1.8496158924738746,0.013076243103761034,2.223620224100217,0.03617659456677571,0.22766821728984088,0.16518450062244733,0.01567750328674563
2004-02-12,0.0016789083069119648,0.0016771678467425377,0.006863383070825422,1.2266865990283353,0.012920118212942868,2.8716240352715006,0.0700926604114155,0.43521934965510495,0.2386102068429426,0.02924917692778578
2004-02-13,0.002155817483846441,0.001959516190785113,0.014808408490359286,1.0387560894671501,0.02657459375347172,1.0950473615676926,0.026730063347158852,0.2698919427984148,0.0971160970394653,0.0014470866298193761
2004-02-14,0.002270082920916106,0.0019444002138716194,0.01671962656822897,1.2878035062921587,0.011370923153476414,0.5147937786638839,0.02370836746393922,0.19366051869257223,0.12936557882676386,0.021142420581846393
2004-02-15,0.0030179936627305892,0.002780342835023228,0.020629878206849597,2.1178825589842556,0.013651227889198063,0.45390184698700153,0.05267228489967186,0.575465557226001,0.13314128585442822,0.0058911742727480905
2004-02-16,0.0010456260727382423,0.0010771712094722918,0.007942213548290552,1.9551629930529955,0.012187928203151222,0.32728568399301156,0.036031660155425235,0.5226658125930562,0.13137058402390775,0.003363607280382922
2004-02-17,0.0019549966628766915,0.0017580576444650498,0.01419963538078788,0.8696014457765375,0.011925708346152777,0.4452648215634159,0.02395005881229457,0.19600648393514714,0.12004477718930852,0.014659570184565235
2004-02-18,0.002970869488525371,0.002320290667869653,0.023936493286641235,1.4090447873476049,0.012371277941452978,0.2625882422797999,0.02306060763966303,0.11955453385315429,0.14032348680896056,0.0015798710991106206
2004-02-19,0.002382580273293221,9.027396072567105e-4,0.007281903858971843,1.5503143264491623,0.01743489953932164,0.2872992457922175,0.025450123260547342,0.0560019288045357,0.07966786470120281,0.0012260035840934561
2004-02-20,0.001955399398696338,8.726359396483736e-4,0.007658697863215979,0.8656734869971728,0.013259100059451433,0.15813918722946543,0.0412736114252242,0.058068457724872846,0.1609889045319001,0.006315730182011341
2004-02-21,0.0021010328299676806,0.0011353746431257835,0.007601361117567432,0.8202654680026619,0.014934090312495402,0.5664520190310627,0.03074288389081925,0.11707801875039052,0.0926920844352889,0.0015038196559444888
2004-02-22,0.0023991561723226773,0.001667230771164856,0.01637829536463966,1.1959248515992376,0.02439482679552583,0.5141690031152998,0.010969133931485384,0.12199504534262638,0.04779116457443857,0.0012720745231066457
2004-02-23,0.0011391379103141992,9.879294034985497e-4,0.011713664376857398,1.1059590639777361,0.013411373601900214,0.12700465618811024,0.01634378313973653,0.10647011256135515,0.06762750167015333,0.0014924423757442028
2004-02-24,0.001893786465429247,0.001595596154305343,0.013773309886793587,1.0022525309519035,0.014717008384762748,0.24064130592992083,0.007576466400403357,0.039933448665314196,0.0658159862673701,0.0014856413845302642
2004-02-25,0.0020655372914924583,0.0017244905282560992,0.014942621484872893,0.7911121353620942,0.014496065180650265,0.07918963015813646,0.011950380876945471,0.062229225474576634,0.052133477715176166,0.0015859394324402806
2004-02-26,0.0020328143394688063,0.0017689168040456282,0.014663703883130381,1.0406302635475462,0.0125346230307531,0.22910224910396587,0.02295947783210328,0.10435611862511139,0.08469907818497041,4.694462634402366e-4
2004-02-27,0.001021165669272621,7.893301035251348e-4,0.0077398781069632485,1.215609314006023,0.01435292325386456,0.6955604196677846,0.009270947052299888,0.015448971020868736,0.03975595322906647,0.0017049504882506118
2004-02-28,0.0012915046753988156,0.0010603611168601948,0.0058477332649409545,1.016498127643541,0.012265138888929427,0.1815987119526621,0.02336652262762033,0.030311423924800168,0.08856728681029102,0.0014908109178245913
2004-02-29,0.0013998806729368042,8.323642361917048e-4,0.008724421264497377,2.1241260972758935,0.016214976836548302,0.36263317968839115,0.05503669445650865,0.08008943110089638,0.25404483129030886,0.006083930480954314
2004-03-01,0.0015811538957928794,0.001100080568607177,0.010815998091227828,2.8022763361331857,0.020624992608452058,0.567937350529932,0.059703736990157144,0.1554480712483197,0.24377294477148287,0.004237054209124306
2004-03-02,0.0025558596522798353,0.0021307569459257897,0.0168152010983376,1.7648698973733457,0.02169789069667319,1.0873322809638926,0.03904935595783229,0.45569978817235024,0.20904803211322504,0.0013143324768143713
2004-03-03,0.0028838053734657615,0.0024688610694638125,0.023155954485290065,2.1651310498533336,0.018511132114028626,0.17966676525547107,0.08059258370662961,0.9809888647924468,0.15710526604017355,0.0020975400927546054
2004-03-04,0.0032229197171330533,0.002620478265931622,0.023992636034625914,2.837545980779344,0.01934936575726401,0.1465700280403839,0.051827966674638085,0.5190573256068641,0.09847887771726159,0.0012166901369144898
2004-03-05,0.004932077717769764,0.0018916568202570466,0.01814666851704968,2.3628167105821283,0.01975699147309934,0.2906116931349154,0.02664196428129474,0.16269193834841938,0.08295360444836558,0.00167450778188995
2004-03-06,0.001459350743282094,0.0011979281679449733,0.009534530094656159,1.949259434194038,0.016319585934744148,0.1388988108891979,0.03348180807321233,0.07020298646115661,0.07759467770538472,0.001306547888821914
2004-03-07,0.0031929510707134237,0.0029979731245850087,0.023866327607213012,4.6585324955526835,0.020510346916922054,0.33264927187942384,0.052135318177028184,0.13787365802429855,0.14461316345814046,0.0032487710965140343
2004-03-08,0.003325506883516105,0.0027187460606459737,0.023793023914520893,2.9863982032136875,0.02176143503727484,0.642573434661081,0.13335641406075094,0.2728601888598296,0.3830556861505311,0.009303218644745375
2004-03-09,0.0019733771038808064,0.0012132532291117134,0.013140159848567635,3.9072410404848945,0.021961762609671247,1.10232732419364,0.08483352577434682,0.1574930503081598,0.3131699210964383,0.006614006099722618
2004-03-10,0.0020757073871627476,0.0016626139189541268,0.01467563179327592,5.331767359903637,0.029546463794045085,3.038557496243153,0.055582782610782935,0.041151536344240465,0.1541319873477688,0.004028638068248872
2004-03-11,0.002521681019579201,0.0015392584062229446,0.011521467281202468,4.814112388380811,0.027512166619974406,1.4753270992860457,0.04305341947556079,0.02417982949118459,0.12895574399322743,0.0016151147395714646
2004-03-12,0.002638654526956305,0.0014857782993579491,0.014516950947009364,5.901232530929846,0.030486546643147993,0.8513430132701405,0.04266050031990578,0.03855474928570374,0.18579725139542638,0.005964160884241805
2004-03-13,0.0031738558222129437,0.001766677606253614,0.015073949346261915,3.3935195498284227,0.03993562276786953,0.966019100699862,0.038382665510530725,0.03331035410133642,0.3171476883562192,0.006730891881154013
2004-03-14,0.004756866664342085,0.0032579958070809425,0.029634127918753285,2.3295598303367546,0.04907180974298025,1.0739115731502928,0.06380948894640691,0.06005368600819921,0.30572894364386777,0.010028638753760402
2004-03-15,0.0023672396387848017,0.0018047968811057383,0.01022941459862919,2.261635860116384,0.02818877362594588,1.694306378600518,0.12146668042725588,0.2454668556688206,0.5753760528314249,0.020016851794454418
2004-03-16,0.0030596891507512656,0.0023456970562374417,0.018211898672585925,3.0484278273009755,0.0315552095716314,0.9742627296133971,0.1201924886083571,0.07320803198666502,0.5235932964806125,0.014708821246936036
2004-03-17,0.011844355419918342,0.006589394743079899,0.08419542007912677,2.1768806085006536,0.11936012957918125,2.5023887042883888,0.31189967921073247,0.04710607554183789,1.3843425300428565,0.030066256989852526
2004-03-18,0.0016050364246066194,0.0012441551984077388,0.01147020400209229,4.2617717513996975,0.01857919306385953,5.645797247328408,0.33481884503517895,0.05376765658791119,1.7559008964926992,0.03011788941697942
2004-03-19,0.004164870813557247,0.0037548565030096686,0.03105945638432598,1.440625,0.03505626487443203,4.368091777838114,1.0830964480848575,0.3503611707730424,1.7612045693931941,0.1726571017754438
2004-03-21,0.005541685450268988,0.003795634994586413,0.0390467037567753,0.838436845,0.04836649591500358,3.3908698050881894,0.7100308717580932,0.03038892116562431,2.538685644570489,0.07512066510779293
2004-03-22,0.003929313156921576,0.002730550562170567,0.027122055337346726,2.030870999872309,0.034856515745007186,0.9421816034222558,0.1472952899041558,0.01747947399873214,0.6221535594916697,0.013203794953083754
2004-03-23,0.003752655129788641,0.0028731381399513317,0.02460846710002433,2.2151079318280353,0.026027465470813523,0.9603002664229021,0.0445634880836484,0.004721451073629483,0.2880176307717515,0.0029656978463589306
2004-03-24,0.0020168465256902917,0.0012284943613728961,0.00988557262866335,5.012870306741918,0.021372715879916855,0.8740893749262623,0.0408012100541966,0.011441969479930716,0.17877252770684646,0.0014752088134216798
2004-03-25,0.0028371678646333214,0.0019224585791100936,0.019047292358674552,3.578140965603276,0.019354383540155777,0.6461562751820431,0.02867718388454236,0.003850621270815529,0.15800280258554425,0.0024917854480538647
2004-03-26,0.0018802802542876422,9.086546418370404e-4,0.007183482686589841,3.282049654415916,0.01680250673580017,0.20136106603853332,0.0269904253836731,0.0052676320621992,0.15154617372949128,0.0023748012816707425
2004-03-27,0.0030138044620835976,0.0018564020146471507,0.015784893271993512,3.256243434141026,0.017380190532771525,0.16654409148839755,0.024507320432875096,0.006422049795842212,0.11593162279238337,0.0012258162116810171
2004-03-28,0.00386461545136421,0.0020360092175815414,0.01924619237645114,3.3506149897060467,0.019283224572559952,0.4523592626447152,0.027940633633418015,0.009504590359432697,0.19426468544212389,0.001264780580891405
2004-03-29,0.00288857150684919,0.0018673251386210168,0.016579609512313975,3.2571978412921556,0.019116656397445447,0.5521687409432806,0.03215199452032718,0.006514129259029023,0.199215500275882,0.0026430707435626845
2004-03-30,0.016797432724524452,0.0019707228248016006,0.017039727185366643,3.3548138701635466,0.020796161551223196,0.2773455282629109,0.04475549181350281,0.004134272039439712,0.31925386062520317,4.415881658479991e-4
2004-03-31,0.015402459407978747,0.0017152400583478103,0.016649406369365845,2.778630184809677,0.017127455489446997,0.27950458232210473,0.04231258252448302,0.003801540464021547,0.37265102958126844,0.010356316752001746
2004-04-01,0.0020331140544893197,0.001105197402446278,0.010099128550738325,2.9351833644806296,0.01869754970773307,0.29641761921041637,0.053879612434232615,0.004289024235170163,0.42915265496070676,0.0062508028329699376
2004-04-02,0.0019834532656253837,8.606035836336031e-4,0.007979911928310676,2.568454023103079,0.01654020106522693,0.1779285151632559,0.03412208935445069,0.003928440241592138,0.2207515524718517,0.002035882138964336
2004-04-03,0.0013843780938287776,8.467720968294834e-4,0.00742295438503006,1.8900907644122613,0.015088151856051621,0.2429541968162868,0.026682342545184822,0.0026542866181188873,0.13475927678962485,0.0017673890696700033
2004-04-04,0.001315447063414564,9.387613871916548e-4,0.008599974779330112,1.7073929702001691,0.013382660528766506,0.2523258821918153,0.052967019637904816,0.010338282286911157,0.2710449086855117,0.010029949548831489
2004-04-05,0.0016804412607978893,9.87161438269344e-4,0.006409109021979966,1.7189197354973358,0.014452001447668693,0.3112620165435928,0.055506901983331136,0.0038609151003958894,0.26113359913067835,0.0026188409158011106
2004-04-06,0.0028544813432287482,9.804503202411636e-4,0.007066255248916218,2.099173706085254,0.016361515388462953,0.48314849902197976,0.09648083429085157,0.005231302852593128,0.43968983288791663,0.004663022065079362
2004-04-07,0.003994135808006909,0.0019736736272486896,0.01687378502230611,2.046659610697165,0.021079725460931082,0.6185784351206972,0.1688330640717604,0.011748507691343953,0.5657405983427455,0.010404444851829432
2004-04-08,0.0010774816691661163,8.117844721513217e-4,0.007590781918443646,1.8052866256212152,0.015069416494263473,0.906907639778307,0.25700174429104067,0.018078233745783243,0.7592435551724854,0.023881960961102358
2004-04-09,0.00146716053017146,8.22813525343987e-4,0.007447293094210406,2.1173897132398753,0.01512054637017069,0.8428476635910787,0.39077621231378595,0.012377802177294521,1.2168207308654178,0.023532750587140234
2004-04-10,0.001999335835695694,0.0016111349550096664,0.014356793280420388,2.186180991147468,0.015063499114236241,0.9242483232915232,0.4315763644468474,0.011019549803164783,1.2237654499032757,0.025147351898126093
2004-04-11,0.0011749180478658927,6.934722438144154e-4,0.008672040242233774,1.6698052789322186,0.01400673950881571,1.1502659058866571,0.27158069697124626,0.012111303528222591,0.8878746309082051,0.026222316605386375
2004-04-12,0.0017542775883140616,8.593525235373432e-4,0.007587853547982723,1.2692782316433682,0.011817242646842537,0.68243350289839,0.32455871760946253,0.01196656096216018,1.0180492541175648,0.022421704803744294
2004-04-13,0.00196900278503866,0.0015188537538351082,0.015152690300849087,1.3141923932918995,0.012897898638690296,0.760916440002061,0.3805699464721822,0.01184425791169886,1.1899897447315841,0.027769448622480805
2004-04-14,0.0011394459172374089,4.413951713340326e-4,0.006700038953392883,1.449088430075603,0.013962930139016309,0.7544923896904429,0.32137502622119263,0.016546166922800337,1.2175334344092668,0.02605841765392797
2004-04-15,0.0038518282568563464,6.245824211431187e-4,0.007896731012496879,1.4010181278572706,0.012140816748556129,0.4142073520727389,0.17361403369772596,0.005688137559048224,0.602687386850257,0.011408896255897192
2004-04-16,0.0019426642385152407,0.0016049173261956518,0.017155426424463455,1.1576292646812123,0.011808876742006242,0.3033310589616116,0.14296372182408557,0.00886829627443795,0.5159290076537396,0.011462829430890525
2004-04-17,0.005630740154819258,7.639291071650562e-4,0.007983473041569189,1.1707838356639184,0.010987796442385615,0.5723522075921569,0.16189705841951132,0.006867365634782387,0.5786839806052098,0.010282113688086512
2004-04-18,0.0020526697211022526,0.001545314736426855,0.013711405601401813,1.3866118986144735,0.011925836817987825,0.346681815461866,0.1467089963165619,0.0071257631052407296,0.5366353961891165,0.008282094834368417
2004-04-19,0.0010261734633301527,8.420867057815364e-4,0.006984001968167177,1.5018706434705853,0.011535591180420144,0.35586727338608204,0.14372243517793967,0.008026080208014869,0.559276980310499,0.011430786781878009
2004-04-20,9.959440236047407e-4,8.134779262930249e-4,0.0061260314236994415,1.4076583789349508,0.011601827731448222,0.3120749536096421,0.10094719225546539,0.00494871616880338,0.4901734717413163,0.009845327602794383
2004-04-21,0.001147586154680336,7.534886991959468e-4,0.005325556113036646,1.3290930071248541,0.01150728228347102,0.24849152910375832,0.07331063484123261,0.005079588623429362,0.2997116597138108,0.005689783826870754
2004-04-22,0.0010016662578993063,7.96819358366123e-4,0.006225555698995552,1.114471104970801,0.010540536121568248,0.2326374352306953,0.06187568622894658,0.00470540208644628,0.29172014416751507,0.002922019635460378
2004-04-23,0.00293807679423156,0.0021873592848716005,0.02013116279237116,2.2699477644303334,0.015341704477925065,0.8014457810736684,0.08357923213850489,0.007888571616795782,0.3862061920830272,0.004988781500392015
2004-04-24,0.003355171314339254,0.0016194368977734204,0.014818049189700006,1.4372679297261124,0.011655233311863775,0.2155387012100406,0.06832493723679489,0.00519679387774136,0.35158317459094135,0.008233282911835959
2004-04-25,0.003019813069628317,0.002161694804635474,0.018764701486279872,1.0644924895109449,0.011564312190288535,0.8980023035022261,0.08264137840260911,0.012443687812988961,0.4431876785011584,0.009702591483691406
2004-04-26,0.0027865144280658227,0.002125426837702253,0.022593232823680146,1.131580568574932,0.010782519909857853,0.3188428452809763,0.10429931025173159,0.005052362515921438,0.5057626158250765,0.014720150304791388
2004-04-27,0.0023817120370483494,0.0015732049195133482,0.013434877983749649,1.123896195837067,0.0133923766830812,0.6757785851712244,0.10458596863961969,0.006451916896180623,0.5507272275748245,0.011413040575072184
2004-04-28,0.0022494552699731554,0.0016191180721571853,0.01371144858936947,0.9882442331979794,0.01102124905945229,0.32076150259684094,0.08356039848048352,0.0051959717026952715,0.4499945816731068,0.007616700497532052
2004-04-29,0.004133145678109471,5.964702811800433e-4,0.005832278860738142,1.031056177827979,0.010357138588952115,0.32833188942232466,0.07776540193306138,0.003591142560565648,0.45524587330271116,0.008565508422935384
2004-04-30,0.0027514287330528847,4.462042636632241e-4,0.004353781049908343,0.7868428658004377,0.019106736872071196,0.22837195177350186,0.06017783889732334,0.0050308304366272465,0.3358400304687991,0.007112068727824556
2004-05-01,0.010006532684238931,0.004122247233460046,0.038364256929023254,0.571660626573288,0.09914519356440883,0.152880738785314,0.02985148666292602,0.002500156761436803,0.1745301918229334,0.00255236168380267
2004-05-02,0.020906211184103567,6.329746098691479e-4,0.005080596628550135,1.0647149354907735,0.01095820562932974,0.16002190288472887,0.03915104791925798,0.0031330091141107655,0.22792042465863288,0.0029862536871433074
2004-05-03,0.0029471955079432718,7.576515429628583e-4,0.005492512474066582,1.267527772880371,0.014665079381701314,0.37376372849800754,0.048937318441246096,0.003366941945830519,0.25705614079303135,0.0031698080475309545
2004-05-04,0.006578395220339152,8.982616147810169e-4,0.00805800004086957,1.0768995553096568,0.035445640863323025,0.3853618253673506,0.06898919439782683,0.0031331491493452736,0.20951594166399498,0.006992779657001213
2004-05-05,0.0010799263613071033,8.547426076334325e-4,0.0054165261910582505,1.0382674673468277,0.01006791628687431,0.3123381208125951,0.09675473351450378,0.003545116540037859,0.3142254272706243,0.0017501192575027566
2004-05-06,0.002927563287408489,0.002193729461634912,0.017638593313289045,1.308133491910725,0.19776648960956178,0.5173197530752737,0.1562421232881039,0.011239044713292897,0.4666486698608759,0.0070568661775920055
2004-05-07,0.0012145884832082017,6.730143056845078e-4,0.004560943303074266,1.4928637297130858,0.010997457014786646,1.0478591861487954,0.23222350130250557,0.018560675398753272,0.6904199824443673,0.01305904878058647
2004-05-08,0.0010634796235922906,7.809349422109374e-4,0.006716580209541386,1.5278028582460101,0.011393468018520526,2.85219092159161,0.2989025860538239,0.028475969897732458,0.9225554086037451,0.01905998773263666
2004-05-09,0.002037419815055552,0.001651210832374231,0.013820550367543365,1.3485352981622516,0.012639422384091529,1.899851030908483,0.27512640295820734,0.023666208837160568,0.9812855696035624,0.024944337711416312
2004-05-10,0.002675660966482114,0.0021089485650034236,0.018842326940145107,1.1295020229956496,0.01196510393468193,0.32644017646410994,0.13882186651284892,0.03296690615664469,0.4211004291553726,0.006385845167074833
2004-05-11,0.002055028460281025,0.0017229872817551496,0.01627409246620671,1.3121206419715006,0.012849899037656405,1.0311585527738945,0.06279186928054836,0.008131619132307477,0.22780423597745897,0.0045159095138345064
2004-05-12,0.001197068201336081,0.0015721172781488026,0.007102399880103133,1.3293728416930028,0.011155335791502154,0.1312429500351355,0.02865745850546878,0.004787950340012415,0.12393888097296495,8.974445827269782e-4
2004-05-13,0.014948949859598734,0.002202179392812947,0.018421833924919147,1.52429490367954,0.01148562358593864,0.15944663484459817,0.03033363999314728,0.0026195474380482217,0.12130015050475552,0.0017254021998922453
2004-05-14,0.0019087048433660454,0.001544893604785132,0.014421075869775632,1.862623357017422,0.011678303090743405,0.12070983728747593,0.03693934883391884,0.0029503832338367503,0.18074370273684506,0.0023153505038902857
2004-05-15,0.002787003962981395,0.0017337389361740713,0.015107590364919252,1.9422848532275518,0.012152531734221064,0.15186570863889753,0.049228667335944415,0.0032191156428163625,0.21385659866838325,0.004909045564957103
2004-05-16,0.0074586592658863965,0.0024029329013208005,0.0054410527014131195,1.5607338410928822,0.014121635678524,0.16163475883102413,0.05646757849529142,0.0031331491493452736,0.2575618572001085,0.004261624319335646
2004-05-17,0.003014337949065101,0.0029347803897457132,0.022616929348776352,1.307581260121649,0.01341669264348308,0.35274635572789553,0.04817835135752498,0.004379445778358376,0.24138418916175003,5.143679488609686e-4
2004-05-18,8.338239245919967e-4,9.014941792546417e-4,0.006586482783625339,1.2660855489738085,0.010492643401343725,0.1281097030895371,0.05757024752039173,0.004414571755355779,0.2131508683588966,0.003335619197863269
2004-05-19,0.002477636336255989,0.0020582760301895856,0.01838999736125998,0.9847408669241194,0.011192292238008352,0.14616548263386522,0.0643591105977551,0.004016716366750333,0.2565203938332912,0.002547080271778846
2004-05-20,0.0011025553033435556,0.0010104546257472425,0.00593797570170138,1.10688811627476,0.010238359034088323,0.2017759938216029,0.03884610280625445,0.0025912850467451473,0.16387652469181258,0.0013989942038972142
2004-05-21,0.0012396957390238947,7.857867119995095e-4,0.004943919992726622,0.863234779583009,0.009858030766603085,0.14633648011527786,0.03275417108352083,0.0018667103452957264,0.14977476307428006,0.0013096176734001415
2004-05-22,7.37253389063082e-4,7.72094997703003e-4,0.00491782439382762,0.7788045392893574,0.009892651978522543,0.1397283056196785,0.029130358057327138,0.0013849017922990064,0.1524602556879506,0.001239766626220435
2004-05-23,0.0016453690637841713,9.137187913597924e-4,0.0061420381787840594,0.9283131041837561,0.011882193682999448,0.11011733327641786,0.04599517130691199,0.0024999332610722014,0.1631141852185113,0.0021965510512665077
2004-05-24,0.001797537840195861,0.0016967540228244636,0.013161501951720405,1.1514329349196575,0.012784054026343717,0.16270520713826842,0.05694882546010782,0.005271923208761864,0.19098109417583806,0.003628405241637158
2004-05-25,0.001877449843883186,0.0016308247601226197,0.01379601599600323,0.9195051698923323,0.013192349406134184,0.6021845595392948,0.024794225783991115,0.0026195474380482217,0.08805615824062979,0.0017114624496681193
2004-05-26,0.0018071552876767398,0.0016357108080965901,0.013969941227657223,1.0131206786958449,0.0189745427800746,0.08893092788010472,0.015450810651536086,0.0017902805430847983,0.07870667660838128,0.001130118068175662
2004-05-27,9.095758390354263e-4,0.0011004926568578275,0.006172845335723308,1.1866164492878069,0.016073349678066517,1.8827861924813107,0.02902603339545307,0.016710525026300344,0.22665426276256487,0.0013858500058754554
2004-05-28,0.0010567928813537684,8.636849427690632e-4,0.008350346161823593,1.5257988016615862,0.0185331874108036,0.10842064309792879,0.024722008909675547,0.001473857150836878,0.11301857787952241,0.00104679196102473
2004-05-29,9.842920277062087e-4,9.436815911063435e-4,0.006180941571226265,1.8650373300481233,0.02396210534543795,0.19408354014466503,0.035748124434883156,0.0028165731488965454,0.2095317102042604,0.0021607154956097296
2004-05-30,0.0011397448769487845,9.694858219246943e-4,0.007347514957908626,2.2101260655698827,0.024431880454067956,0.24785367582946535,0.053678239150341076,0.003366941945830519,0.18836563021685754,0.0017799410469788038
2004-05-31,0.0014530402009077382,9.334795495119322e-4,0.006114215797919223,1.7003162983964333,0.02225675982875661,0.14383073969623314,0.04429031256651364,0.0025706656568439627,0.1936254476917521,0.0026834741607917527
2004-06-01,0.0021602341909267614,0.001947675082146917,0.0174235887115272,1.3137663870856886,0.022136428909300093,0.2419756485713247,0.04816320767274315,0.003152838817011598,0.2508578167677412,0.0023270847472406327
2004-06-02,0.004359612517253913,0.001874569816039136,0.01866796284580688,1.2342695534007213,0.02196071199345925,0.19539523596213498,0.028387013775400507,0.0028049518944739497,0.22038812297552068,0.0010973068231636227
2004-06-03,0.0012103089302091428,0.0014176684926854373,0.007557528487313362,1.2394534920668208,0.023681747637371634,0.118889764048911,0.027431686950745264,0.05916504763763995,0.1315444840536342,0.0018288256054337165
2004-06-04,0.0013411373516713343,8.528322983365487e-4,0.006682961397479264,1.0328242313328637,0.03012205545737153,0.38779000685293336,0.023866027969346722,0.005201262059759824,0.33171835573207265,4.289986797520477e-4
2004-06-05,0.0026992758597929557,0.0022450557439689556,0.022025580389991837,1.4816975765119393,0.04826274537438414,0.0742777814093397,0.022164801970429353,0.0027986771648014354,0.09452180817472342,0.002204048640276171
2004-06-06,0.0025513970910024963,0.001966177078993904,0.017253420235113066,1.4010129399296707,0.0441209094315406,0.041080656306511004,0.016125439843035758,0.0019770897143845043,0.054517648501710536,0.0017790463261806871
2004-06-07,0.007031959037267567,0.004862188704175313,0.05535782352881398,1.3087231003770967,0.10319795346570854,0.04797112489903461,0.011338157032879418,0.0017341312988078499,0.038337054595657616,0.0024072750333291788
2004-06-08,0.0051393361548279755,0.0038890477294768445,0.004621297159655609,0.7859762014063447,0.02178901721503953,0.05236979141257101,0.011487210367020925,6.0055604616889e-4,0.10260032202728622,0.002316985642083265
2004-06-09,0.00758066690595412,0.0056812082855190234,0.05639870129012765,1.0251203535261069,0.01987311053205182,1.198869409948697,0.012456499125164382,0.006129255465717683,0.04708257671632113,0.001473195156970386
2004-06-10,0.004537532344021914,0.0033942692519378895,0.01128286546323588,0.7729223120853771,0.017082037447632585,0.113171682667834,0.009242464204398414,0.0018664241951289915,0.057297293057727995,0.0014918896929659378
2004-06-11,0.004443750908120076,0.003904309923102161,0.00764251065625361,0.838952332790511,0.019046889045557257,0.3164943656310582,0.01440388495629981,0.00648335990784971,0.37240763469072546,0.0040246159112691735
2004-08-05,0.006813782740193658,0.005982820226834247,0.057711212833627026,1.0417074065537604,0.018072615900214806,0.004016062432244423,4.923116899128437e-4,8.885504102418725e-6,0.001893054,4.04911e-5
2004-12-14,0.0032888856952875394,0.0033000118370999825,0.3174658393761708,1.8836216974959543,0.01932478167247664,0.7584152238709356,0.02033061424681453,0.030758725966427446,0.2242048105423086,0.014093274022610536
2004-12-15,0.0033984748072154367,0.0034469548432880578,0.34286460396385376,2.13771597284559,0.019850086144719323,0.7202305421752313,0.031734131122893534,0.033632338297058355,0.19747008373555316,0.014588996327807406
2004-12-16,0.0044083578635108565,0.004130888438372307,0.4192952284818572,3.2784161474702715,0.020066767319168947,0.5477568573424024,0.02653679901055116,0.040697206873615895,0.15319229711477464,0.013665331645312856
2004-12-17,0.0019194362685145345,0.0026608187020685944,0.26136230587747666,1.752445644969193,0.016567343505833335,0.4742143400976533,0.021831003452722413,0.03192836440577215,0.12807346133636655,0.020545469800610013
2004-12-18,0.0032633280583887056,0.0030292743048276434,0.34489734891567736,1.9149035810529773,0.019224250082325138,0.4121212766479685,0.02255490535258104,0.02103290929594356,0.09735176876270092,0.018998949794732812
2004-12-19,0.004505616865677551,0.003892171555043405,0.40453302973584726,2.2881798392274297,0.01881156204081091,0.3152411477809929,0.02817439323663915,0.02541822123008195,0.1534512680361514,0.015825398783372822
2004-12-20,0.0037833824023984146,0.0037084820737960968,0.4029337959627505,2.499118680405645,0.019501143553434682,0.36416198801580735,0.023635348092452307,0.0198787954153135,0.12733458049809174,0.016826006204021738
2004-12-21,0.0021216725484339,0.002286510551339967,0.1967317301836155,1.4498880735765831,0.017368637875172854,0.13467924745660106,0.019792557288733005,0.03213705567141735,0.0846321702723189,0.015494077215629494
2004-12-22,0.003998127457531463,0.0036471949838197573,0.37262344365683403,1.3823538184480635,0.018065348517027482,0.29263515833983067,0.019614029577065494,0.03237166177272613,0.11795105778765944,0.013465435745930319
2004-12-23,0.004455820633047183,0.004244850617545687,0.4765821420066433,0.9192585168271447,0.01918149530834051,0.3028919155605309,0.01707628773702815,0.05552320574230902,0.08977833553396944,0.015060368744747851
2004-12-24,0.001898209334551382,0.0024373235406213514,0.20705589443675051,1.174770451164009,0.01857588137253969,0.5194202835917441,0.018428831534144777,0.024327610910011056,0.1933641158257201,0.01515786502121552
2004-12-25,0.004354560006635458,0.0038981574591579805,0.4143772395423845,1.1815755570609219,0.019077420390346277,0.28977719921200285,0.023837027226856312,0.023974700856898675,0.08750144043158026,0.023071546656602326
2004-12-26,0.0028493159600644505,0.003030737488861251,0.24433645337340001,1.6797086390175613,0.018667686188378517,0.25458061628598394,0.01882349374621749,0.05268003728287405,0.12068619404115323,0.017922429427295536
2004-12-27,0.001979615076922279,0.002517248024463819,0.30033805865972146,1.3610855800769157,0.018620300960988198,1.1653467301541744,0.017848204981251697,0.03095338436306728,0.14107952082824698,0.01293799444766375
2004-12-28,0.002197268882107513,0.0022354914168924915,0.22604833288304246,1.6876163952505476,0.018868222269275342,0.6437952156962075,0.01789265408799097,0.025586559838641637,0.14683137175763147,0.008432563414459983
2004-12-29,0.0035928000783202506,0.0033339810568598018,0.30643642945854427,2.161664911307296,0.021499448883408104,0.6570914568483704,0.019465065067391325,0.02377906010080672,0.1058115142209315,0.013640182960751588
2004-12-30,0.0037295801625503375,0.0036817578908270167,0.3770150648486595,1.7195287223024918,0.018683540468187206,0.7449107368197557,0.02603445470144111,0.02638680900426912,0.13666872413339493,0.008817061178555415
2005-01-01,0.004028366126952464,0.0036226775893897873,0.37061454649001946,1.2300998635068827,0.019391071803868346,0.8626175028012277,0.02057812985493067,0.047692517837474024,0.12054460608848401,0.010419728456288004
2005-01-02,0.004002010799620361,0.0035537596875234822,0.41438839858623777,1.05990209934174,0.019137549133618627,1.0250312914621498,0.02142018206858637,0.015412065312695051,0.14606919945218697,0.012017500260037443
2005-01-03,0.004877855961012891,0.004109639418827155,0.4176709135512255,1.042442995134442,0.020457297630131356,0.5393702533456288,0.22254213179419033,0.08899936496529844,0.16328935096922698,0.01636487520957615
2005-01-04,0.0021515389204913304,0.0025864145288947787,0.2475221443774835,1.1644937984833217,0.019894904400792356,0.35005036803301803,0.021547639910852835,0.06055210685127131,0.0994551499649535,0.01365720534415808
2005-01-05,0.0029435469889894745,0.003216529646261324,0.2790698566371694,1.3407012367384752,0.019453933141955305,2.654426021002763,0.02775433928327945,0.10303381133020256,0.22515158166569138,0.012861623177219039
2005-01-06,0.0031580932364764025,0.0031742242464367575,0.3735590870976995,1.6023792408391386,0.023810635928934742,1.5438312203133238,0.034839149954509194,0.07427683315022517,0.5701537808250178,0.013322984797949331
2005-01-07,0.002647905524235712,0.0026000206804733307,0.3228336694383274,1.7428803691487311,0.021405490156214083,2.2279824281030365,0.030993465731527815,0.05142955956988917,0.6489000166977403,0.018661215002720964
2005-01-08,0.0033703638626514792,0.0032038746780699776,0.3119546913217571,2.0443465326166947,0.022950140913268684,1.2661060884048692,0.04057709167347726,0.04321868982730607,0.756521077552536,0.01620472659635145
2005-01-09,0.0030152421982137688,0.002341590857017297,0.21395993953913495,2.304548619523223,0.02307099443219295,1.0384554985930252,0.0402949201609555,0.1533968202184289,0.2643540845686478,0.024658645692287685
2005-01-10,0.0040436436343559016,0.003680538388303809,0.3107491612758437,3.018870409841689,0.025311163593198693,1.058398532352695,0.21152805473190522,0.04283446831090329,0.2496568130745239,0.019036380982250512
2005-01-11,0.007193005068486884,0.004111508311029786,0.3957097351954179,2.233396496819352,0.023558333719018987,0.32061554914190066,0.029215213096970366,0.03618069623969236,0.14768098391093817,0.014026984493389091
2005-01-12,0.0023261832478929942,0.002938647587184792,0.27671553045041175,1.897102626313512,0.022427475649332205,0.3392728659407703,0.023827762497242583,0.05140907029044368,0.0926407355888941,0.008728569783411771
2005-01-13,0.0032182903251053965,0.0033603262959537128,0.33996229389384736,1.6189803338898152,0.023017299360782728,0.3492366116369229,0.020649275290013886,0.09070203799282234,0.1097843665618096,0.00808233351368211
2005-01-14,0.0032534366293796163,0.0033864504831755625,0.34506799975003716,1.8098036437438603,0.022206124085798695,0.5824213400001337,0.027027030740075758,0.11598620551821621,0.12043296937534959,0.01369882552270044
2005-01-15,0.0019233981199372116,0.0026947428850758654,0.183621556696008,1.6295982613072515,0.020139344847627666,0.35177022176177414,0.024239406513464803,0.11869442679892346,0.08627518568324138,0.013648687828465013
2005-01-16,0.0032024689681036727,0.003100906853916609,0.3004155821421617,1.4565390448217572,0.02219999262280909,1.9308798447593298,0.034134983035024186,0.5065696753203628,0.1356973842826485,0.016697344383580552
2005-01-17,0.0024920355340119047,0.002774018761702595,0.2584836954002182,2.049259523494326,0.024032911942849913,0.4377771037618631,0.02343344959430619,0.1558399332940783,0.10134588919852096,0.010435259195457916
2005-01-18,0.0032416456687409563,0.0032765113749654525,0.3015306914090034,2.4549758079653885,0.024688724971971863,0.3587191923747618,0.030093886142832697,0.09095261214185324,0.13136450511640418,0.014307464896039025
2005-01-19,0.00599935217856895,0.004503386526024387,0.4943906226409465,4.182779244309176,0.026579731993360823,1.305474339448224,0.04126740278038938,0.14879716308036214,0.13385421829616126,0.014854879162295094
2005-01-20,0.0028717835401347713,0.0024555360927459406,0.32003425603365754,4.60020475523209,0.027626262622326928,2.55842072624891,0.045451259587912164,0.05025974110211262,0.2176337943858361,0.013202484476941794
2005-01-21,0.004423803652150262,0.003967002923072656,0.40470528407365636,4.097326098123885,0.025400690762561517,2.242423410469665,0.030269878910028334,0.057940629020048526,0.1256610138923476,0.01129571827631063
2005-01-22,0.0033495731614474403,0.0033626739459345443,0.28588762279546426,3.5370691215906023,0.024296654117674087,1.0108725774742842,0.0492437140954446,0.06948562783024911,0.15868262366206887,0.01627043890627349
2005-01-23,0.0032289119787735,0.0030320880493298675,0.27845737579275986,2.0676073334844407,0.020086816012969525,0.7142359402129236,0.028775260151975846,0.08128348417900022,0.15520379377145643,0.012949172238130822
2005-01-24,0.0022024230863730517,0.0024818106072539057,0.2545678658696766,0.9970041514300368,0.01907219879934317,0.7819242542177456,0.03933872316975208,0.11300858527718763,0.10741785960677117,0.012672280263542866
2005-01-25,0.0037876752009350007,0.0036130756100431942,0.41010008632506745,0.39402574476332336,0.01882369492794329,0.6097045001944704,0.026892104249461198,0.1305079459897515,0.13170459977374557,0.009310788433317556
2005-01-26,0.004385792978787074,0.004014567422386751,0.4357838313194016,0.4328767961579702,0.019340682497077967,0.20288512785570997,0.025618483501934478,0.1334592592101716,0.12067774452721756,0.015800836854815634
2005-01-27,0.0033169245946609942,0.0032168567642447184,0.38126553823534887,0.3720079258220739,0.018983662967214154,0.4634663075927164,0.025531778404133506,0.16155907249749238,0.12077733250237352,0.014918069586122362
2005-01-28,0.002995961355169155,0.003205537488732116,0.32474589978316554,0.3837583462721057,0.01828237451177743,2.6001188944212537,0.04702086595201941,0.19648355847819118,0.14586563021477258,0.02183439892466447
2005-01-29,0.0019396292923306246,0.002570064605759552,0.21940838657630357,0.6271609382615373,0.017411254890874465,0.6969362391621832,0.0367311614634329,0.20665519600835444,0.16075246662548534,0.015254414410352761
2005-01-30,0.0017440650364562097,0.0027613701020105944,0.27946562259816105,0.607340702563162,0.017260502317188425,1.8383363773502015,0.10184664225529372,0.31919570984190526,0.2587797053717484,0.04200718643313044
2005-01-31,0.0020334729631020423,0.0023474920322904187,0.1960746718066303,1.008937303002343,0.018090069045304635,0.4623399842613268,0.04427286288745498,0.05502777937235682,0.19083968593764186,0.015688781415039505
2005-02-01,0.0017758462356797676,0.002299895175147554,0.17381385543791286,0.6421049238060449,0.01657999651998691,0.7089574008494897,0.040003353286353106,0.05906913007973276,0.13677228023479393,0.015910820751186563
2005-02-02,0.0021338756739011297,0.002336658212657127,0.26402333716627263,0.4776988398803336,0.01820022283006142,0.370963724832163,0.034627136809918,0.06094544395452288,0.1192375140786354,0.014020115783719084
2005-02-03,0.001951367341834438,0.002624236636888716,0.18044180518404757,0.6529135819408762,0.016952775395688666,0.5920023492987615,0.05545511980421645,0.09880739866654722,0.2069941872723758,0.014969030381554078
2005-02-04,0.0032959207196590757,0.0035701182216653555,0.36483534191444006,0.7094732477194005,0.01767135298304544,0.21744760906573055,0.03263039098296846,0.12809349284586152,0.12765534081649849,0.013265420866915192
2005-02-05,0.0031811733531478597,0.0036297154022580064,0.3564568854408311,1.0212068115806252,0.018675818716063775,0.4697133216846488,0.02534953285617684,0.1228786042437933,0.1172420266757095,0.01353734882884714
2005-02-06,0.0020511614433454525,0.002920415745232175,0.20320429943754334,1.9211919504527268,0.019396590680881707,1.044534199830917,0.02720999500413405,0.13152910372666154,0.13149500117838236,0.010107864245917086
2005-02-07,0.004072413783958845,0.00434261416244743,0.37312105077037894,0.964454435223143,0.019291018517117703,0.3780964393835604,0.029457467352311535,0.14179588557271816,0.14325437914855826,0.014264558714793039
2005-02-08,0.003855881253394352,0.003619033664568209,0.34218125310720443,1.3428261672541766,0.019107216620334554,0.22249177207927887,0.02703315010318607,0.11650403818699924,0.12795965464318346,0.009034448693903685
2005-02-09,0.0040999451188739105,0.003946057059479373,0.41849607476713896,1.2091287245677063,0.018928076792566063,2.5431256428006956,0.025610350982344793,0.10221505075849886,0.10862658449685685,0.013432335719315127
2005-02-10,0.003357416512778538,0.003831524290525769,0.3854240979318143,1.002557464780474,0.018366017373202554,1.604550842787726,0.02626555068007861,0.06884475106627795,0.11965022212934412,0.009090349459882057
2005-02-11,0.0023545481098055736,0.0028953564830412506,0.2936971782129796,1.196113223005624,0.01804909965209869,0.3532914879066419,0.02767138308503731,0.09556209404467221,0.1251151643315181,0.010485937946973462
2005-02-12,0.001945236569803272,0.002839229656379878,0.20615264880513906,1.389938720344193,0.20043959641545103,0.3600342676499195,0.02994588924170376,0.08667729262934311,0.1237085033013596,0.013630604411682484
2005-02-13,0.0023574948521212086,0.002876949997634474,0.19105408440194438,0.8250343161264516,0.018542038523087664,0.3589596202056039,0.026181193303829755,0.16464670860797337,0.10917636929637699,0.013360436513785356
2005-02-14,0.0031520363918073665,0.003519835415580962,0.38820555998915274,0.6440370501608994,0.018006931322873062,0.6437534909737199,0.031277974570419004,0.23534332558485463,0.1266510260549743,0.015081501600931154
2005-02-15,0.003992617803869787,0.0041750762062240255,0.3665006806348084,0.8894302850146782,0.020642149550198934,0.5245959166784258,0.0278995025077111,0.13557980625982902,0.15500701118482602,0.01285834687966451
2005-02-16,0.0026253715504244344,0.002927737033766694,0.2638971898484148,1.1946324110734916,0.019414712142256114,0.7194013703403357,0.032523322533649264,0.15602036584434345,0.24034607253505888,0.010666889182314496
2005-02-17,0.002095002074051002,0.0028701315547666104,0.2561160433335156,1.0005121229134746,0.021538073641035473,0.5884122810912962,0.023386664019027788,0.06031457250325165,0.12049431052611526,0.012845139869918816
2005-02-18,0.005501266367089217,0.0051064561454376555,0.5599310019690967,1.2804914766915443,0.02008409450576916,0.7252760406394091,0.03238967663049105,0.041294987401183314,0.16093191300981916,0.014962164415247179
2005-02-19,0.0062284941170933925,0.0040609615673371,0.3544314836103611,1.483304046815968,0.0241567435236347,0.5950078249069316,0.03506727345708373,0.05655986314386535,0.14891233152152908,0.03167807305534855
2005-02-20,0.004319468039199619,0.003914154428339409,0.39434985559394503,1.7312192503429127,0.021739390314651837,0.29599182363504806,0.02531746464698606,0.09516563091632808,0.11755293254679523,0.01406769980358868
2005-02-21,0.0020817529429012463,0.0028513361940793653,0.17263560811943365,2.1567694913342037,0.01891954028023086,0.4604519933359804,0.03162761116139486,0.11150029256532369,0.1324981391109471,0.013089096040746626
2005-02-22,0.004544926834150138,0.003975876914454093,0.3568333284056652,2.1924301795350805,0.0215994762862822,0.37972414684785033,0.029735465199404565,0.04991863768199598,0.11516530235915845,0.012932518687455628
2005-02-23,0.0019355570752801377,0.0029431083086877722,0.20193478558959738,1.8952368328551426,0.020060117298766677,0.27770241253262257,0.031215265775783138,0.06245328861259252,0.11663839503059231,0.022798030768089995
2005-02-24,0.00349533925630503,0.0036221693210392583,0.315479397357839,1.8627900630392178,0.020871689218093178,0.7563390524898722,0.028287430824509126,0.14392409873680911,0.15670947753498793,0.012825080713683637
2005-02-25,0.0032440078242644546,0.003236216174450959,0.2677942539968262,1.68314795101139,0.02031246425480616,0.6767549392649106,0.029123937019037947,0.23167762501968958,0.1730145868009079,0.012617780045490926
2005-02-26,0.003511284729664913,0.0034504239218214913,0.35431519088544244,1.822720362427713,0.020014305361797546,0.471413013195225,0.03777274993383311,0.34089125417726895,0.11471332279802503,0.015211121917494744
2005-02-27,0.003274356375898781,0.004753512442569915,0.3143502993526887,2.1625371497133155,0.021288136412128445,0.2709144281729729,0.028101000920390327,0.11699491549198954,0.16323730707795903,0.012729940171806701
2005-02-28,0.0023657376207597493,0.002827007541356938,0.1930892357611249,2.589443168858433,0.021022625374257826,0.201160538956334,0.024118514829149184,0.09373316959880792,0.12488566371806965,0.008171541113999122
2005-03-01,0.002371227628606541,0.004633656615070759,0.22868815561680642,1.9917266168915204,0.022477779750017083,0.3077111868802465,0.02077241884995048,0.05826552660238109,0.1413545774373791,0.01275404532791024
2005-03-02,0.001818011294045777,0.0027603669260927977,0.23259250200587459,1.194095129079794,0.02071799926731049,0.20896093290000142,0.019836946423347972,0.021060314567068767,0.12140238313528441,0.013055031394170524
2005-03-03,0.0038558725718412946,0.003807306704256698,0.37333640256166944,1.3006938310546712,0.020838246816651036,0.2102385382625564,0.018659487426716147,0.026327588084581334,0.1270775976335424,0.01327566058855453
2005-03-04,0.0039429356516151775,0.003894748856009717,0.4128664381734627,1.0000843885379331,0.020145373981422857,0.41704030628982675,0.02778363996246512,0.09156103414555111,0.12694324938585308,0.01239894606620974
2005-03-05,0.005338280670205436,0.0035977576231978163,0.2900538212232152,1.8596145359042666,0.021607204398424104,0.4256715851147781,0.026946929939723915,0.08523129780604527,0.13386894446818645,0.012514415162678958
2005-03-06,0.003216190598622383,0.0034188006508537464,0.3239904782348013,1.0291910768176336,0.019236458841654484,0.486614816685848,0.027108719090476942,0.0658527559429094,0.11586119692599849,0.013124611400067356
2005-03-07,0.003663065229421939,0.0038031614831173025,0.3752552959648308,1.9608865156912936,0.02016699027157719,0.3733843618578285,0.03318346569381773,0.19373344340085266,0.17559097439974747,0.009194317920747465
2005-03-08,0.0023782807740630628,0.00273415514627261,0.2091121709307956,1.3929585197585708,0.01900710973462007,0.3510941560583519,0.02869611594471454,0.13213218350189246,0.1523969308870844,0.01281044550953549
2005-03-09,0.0027277455969475966,0.0031363889650803836,0.2919148747660057,1.1495083880116812,0.019320998875000692,0.4147722051974466,0.06074473035272278,0.05402458388978011,0.20633444907101406,0.014469208420911562
2005-03-10,0.0021172093018353194,0.002904111954051875,0.18264519177504143,1.5039869133497856,0.01937069085539486,0.2521445910208125,0.031000184075282346,0.01739328487887719,0.17165120168254722,0.010326771021368586
2005-03-11,0.0016575348789693689,0.0025821701757759883,0.22996657619427366,1.644690359734699,0.018270405150855002,0.2894504085645569,0.02872939327374976,0.026604757584197024,0.14084209859973607,0.013272851295083096
2005-03-12,0.0051082692070472365,0.004761634599851189,0.49676694269301647,2.3233063388755233,0.021556322318908368,0.4418508706089662,0.0305844586136307,0.025499896121901712,0.16206910359697307,0.013616769643582468
2005-03-13,0.002367394525985688,0.0024507388460762196,0.2368617336582498,2.4477706561280774,0.02017127540743272,0.6479049055236135,0.030797183317251415,0.03064863199865353,0.20613688429900504,0.014029044946160411
2005-03-14,0.003074611685282875,0.0032928485483696333,0.3327586002128645,1.8351954006900437,0.021055873622703905,0.48454215435153464,0.03258770696119764,0.11150280679769406,0.15615926530341193,0.01352662016636085
2005-03-15,0.003275228269398486,0.0036711299745824854,0.33281460329949675,3.1899190523596603,0.020700654044417705,0.4553861771205841,0.03643425561580445,0.40074695235516483,0.15537863443440797,0.014240343493487087
2005-03-16,0.003414112207278636,0.003492368913073188,0.35365070327119935,1.988647477180113,0.020972994144620314,0.4105494593429673,0.030496733093116353,0.16632672856625533,0.1598117994466547,0.012958530145343568
2005-03-17,0.004819110663833941,0.004764478239184958,0.4472131064184784,2.0731348487832326,0.021835465955387556,0.46343071949170866,0.043564691626664695,0.03670762863493091,0.15677936261798422,0.013516527624593124
2005-03-18,0.011926164054354989,0.004230525880595579,0.4484978564521704,2.267079001979337,0.08474252827176139,0.454732391967684,0.038778426747050856,0.048964255077074116,0.16979216020609253,0.013810995379185708
2005-03-19,0.0031171246550752508,0.0033806700560359334,0.3135962334990073,2.6689383229810155,0.020293613334926335,0.6291795572294548,0.035271469533147866,0.03440733382874613,0.22321651204604018,0.00971342299160749
2005-03-20,0.004418995968008797,0.004021108852218378,0.40420041804872825,1.5932732934686193,0.02026970739555431,1.0171762192538838,0.03995804762765429,0.04761630860065465,0.2712167469591024,0.013846938562418372
2005-03-21,0.004445836095906709,0.004286307296691058,0.39696092120546533,1.2273437663807316,0.02047463264481876,0.9651476024760424,0.03675618603688063,0.031652664078680295,0.2609659015964591,0.013344195439455652
2005-03-22,0.0023708623940808964,0.0026872369338949253,0.2539077649893811,2.346408916622386,0.02045234031881601,1.583861938508681,0.0523414753695756,0.024945358113312163,0.3446932906436553,0.08344067971469313
2005-03-23,0.002356438120695513,0.002739190668184126,0.23857533936401049,1.259772891138455,0.019962890376583747,2.6596783941067246,0.05201900064388867,0.0422497697470386,0.310501469352846,0.015835239247920727
2005-03-24,0.0034488837817876665,0.0035335546306485767,0.3953694488110537,2.11480165249756,0.020842908694666394,1.8354808936626554,0.047749869394745875,0.033320690603983585,0.2829024797714336,0.015783553276362647
2005-03-25,0.004948530811429489,0.004498397019124368,0.5350602523486865,3.0089811547284055,0.024004752947333157,2.5716443712413195,0.08678532213400375,0.030713821476702926,0.402186569265223,0.0214760331532618
2005-03-26,0.002649755996366081,0.0028438323116293266,0.2440676977439866,3.369686503111825,0.02224381013962761,1.4345549794433428,0.06677634422291925,0.03370122053613192,0.34508216649560436,0.018147080762902335
2005-03-27,0.003123931079852275,0.0035691451273768627,0.33052432393046355,3.9265581451292686,0.023581390509049716,0.8123709901571388,0.048676430252627405,0.03703947260208073,0.2504407185699841,0.015523816449339319
2005-03-28,0.002764502715981122,0.002880539305456185,0.27784173219041447,2.879398005338095,0.031723251401443706,0.8115526765971818,0.05447740236754411,0.03540907204110975,0.2357218561187104,0.015619980819539728
2005-03-29,0.002460122241204083,0.0025926538650365575,0.21726313479492765,3.6419477829043623,0.024182676797745117,1.2357979107709318,0.05124578877786252,0.08397805630834633,0.3249085624557315,0.013974064483495452
2005-03-30,0.0044765457054271205,0.004488772072101456,0.4395140015728509,4.365155293856222,0.024314901010549065,1.2151784593876855,0.04624808538281774,0.15089582298994855,0.3066598624358957,0.013072856241560219
2005-03-31,0.004847161326774466,0.004803691791505571,0.4628154561072264,2.5921654821557976,0.029448903584924857,0.9194870649407357,0.05735029056226656,0.029631324483137773,0.30552391100421666,0.014590695489382575
2005-04-01,0.004638170081268905,0.004288013064540149,0.4159908566123419,2.183684527407977,0.030330220841230285,1.649249483613125,0.06880328683211871,0.025121942937428227,0.40286504897155073,0.01686373505010942
2005-04-02,0.002319411989659879,0.0032632390984861956,0.1893745592838143,4.578469228687139,0.02362971244593975,1.997029372170615,0.055155011773322105,0.012959772495109627,0.35535759386433546,0.020809883756316372
2005-04-03,0.003050331824618102,0.0038788830372501566,0.2829764182004748,4.801368244931793,0.024484176266832015,1.1617643350596238,0.06427047407803446,0.027006094508925205,0.3367004296535572,0.016827390264172813
2005-04-04,0.0038369307364596768,0.004786706348199042,0.2681063152465268,1.9027246295152642,0.026628961335202317,1.4289096271680863,0.04812395029208741,0.05910211832603803,0.34106689759167846,0.014781572406631848
2005-04-05,0.0030822450083773352,0.0035739756683248417,0.30639094037921555,3.221307782723199,0.02307956753608698,0.9775660581737174,0.06046280047188354,0.05343021695528571,0.3331401467392761,0.014958127603042066
2005-04-06,0.002763885601226469,0.0029230742235986755,0.2675551160284363,1.9386714906778713,0.02253684944245091,0.8557714206537748,0.06125405109573489,0.01249914463884541,0.3910741409427374,0.015231637278667352
2005-04-07,0.0027234358566483622,0.00275125432606057,0.18751136447326414,1.3981390486525473,0.021148446285524144,1.8714011654944966,0.08098845362590461,0.01579815955938821,0.42112353541263875,0.016244352931566373
2005-04-08,0.0038222500921141988,0.004678562312559276,0.41913638797768443,1.4403567780987736,0.0226008305885359,1.8943933411578757,0.08704458942340357,0.03475395379255863,0.4745920919719691,0.02307647211964795
2005-04-09,0.0035635242057937533,0.0033075608369730705,0.32008183995736156,1.5837850793647508,0.023325545584753207,2.008066320076329,0.07331379974314385,0.04205417682676003,0.45396816075958457,0.022686364306622117
2005-04-10,0.004302337174916327,0.003967126416283958,0.4323900373119159,2.914618528084621,0.025974486171797508,1.4840737900231376,0.08736946771485907,0.040620532683949113,0.3903945325473322,0.018636297865694786
2005-04-11,0.003458295055009043,0.003561504435160372,0.32515323737090485,3.2458395014530526,0.026929587956888608,3.6739236211628583,0.07507976305445097,0.1007988619119298,0.42375475955238545,0.0205809757421751
2005-04-12,0.005651845718681465,0.004864685312421452,0.539742300614219,4.268835272097296,0.03217317238830825,3.996423895990219,0.054056509690927144,0.11219191377563224,0.300323890961625,0.23168834394160592
2005-04-13,0.004355560508164018,0.003800508806396849,0.4049752560909617,5.736127940843806,0.03334877636852363,4.308463108758059,0.062309089445002325,0.10369832108519839,0.31923862315128787,0.016335136660398316
2005-04-14,0.005697394621788893,0.004895387588502774,0.4837986975648963,5.5114140198411885,0.03643518448360321,0.8624138005411839,0.05718823995939026,0.10252785604721723,0.523342998484788,0.01913574813935397
2005-04-15,0.0029826440057905,0.0026931902274791135,0.26494338710216947,5.664304137487058,0.03401113559393306,0.704568906875253,0.05677731211013252,0.04002716287445064,0.5009263541185335,0.020016869601386225
2005-04-16,0.0028880064820353156,0.002757698540248553,0.24771580433218224,5.279831757189522,0.042081647188580915,0.6786593216759349,0.04980256311251862,0.01947606378777008,0.3103695895654888,0.020952668876011687
2005-04-17,0.004301520820044697,0.003132987324867115,0.30135580047852073,4.406266079792391,0.037795814094178475,1.0564326470616288,0.05141736278060651,0.016395703865689604,0.31779373580559905,0.014352101746879375
2005-04-18,0.002898683371856609,0.0027671078792266125,0.24315305407802304,5.448500467436339,0.03574803263768931,3.5940170151401842,0.05853121843055465,0.02205308234695071,0.29545526175764564,0.013865675207243895
2005-04-19,0.005733509857868738,0.004797583706061521,0.5241969945065404,4.816158482826536,0.030796538721570645,2.239830256223298,0.06732092362566411,0.029482026717797066,0.3103457102683496,0.014025063134042892
2005-04-20,0.0036600620304397843,0.003087574359653383,0.31362139491667335,4.964708129990825,0.03239879237932951,4.96120811051138,0.08988088656077776,0.025061131602848445,0.5279078821916556,0.028401147037404827
2005-04-21,0.004297278251017381,0.0036532841651953384,0.39994677082025554,4.330857061481827,0.03069329883874003,4.632408624818087,0.08900678614374805,0.027823177914785363,0.5255990215678003,0.022880014819160414
2005-04-22,0.003901824871490006,0.003327130436109922,0.3911729982019848,4.279182490440317,0.028463849209836325,3.2657863171581876,0.1457412640809143,0.09225554908826027,0.6846880746853418,0.031898890132382
2005-04-23,0.004081229159552058,0.0037161980593971304,0.3871309217592803,3.740263681170353,0.02787252865414977,4.637952645970514,0.11522945397294392,0.0428970167806316,0.6073570047835869,0.02515984757858817
2005-04-24,0.002962784573298909,0.002493267137044685,0.2463294527285156,4.1396043267754035,0.02666903937204713,3.540588988872473,0.10976280055909834,0.03705569799185935,0.5541972136812401,0.027488894504923058
2005-04-25,0.0022928086491002687,0.0025562607636285856,0.2588923396829848,4.830156812091923,0.025387808376594854,1.7694843982003374,0.089830536987515,0.023107357176942348,0.4347983343497292,0.02865407860371345
2005-04-26,0.0025408550756149005,0.0026042204213119133,0.24312284249107488,2.2443900780468176,0.022805917741406508,1.3959316828120851,0.08652874553415935,0.015491087716858008,0.5167463734653093,0.022820882877586046
2005-04-27,0.0032161139557529677,0.003160965978410239,0.3190893072798743,3.04410862813238,0.023118063973931725,1.2272709674412168,0.07680473719927697,0.0073959637879574555,0.4731726704123348,0.02202164775712501
2005-04-28,0.004315201354256601,0.004211327430606412,0.4425658714796138,2.3404350803149825,0.022768346619631827,1.3535907894040133,0.09936066650825819,0.007346496567336638,0.5867976372718707,0.025215645366297668
2005-04-29,0.004211279929150638,0.0038949010098318286,0.4832424844705399,2.2328273038309523,0.02347772680441614,3.021332356368364,0.13149875383878282,0.022497228695781378,0.570069136480243,0.02541103092436236
2005-04-30,0.0034489163918219297,0.0032263698783101423,0.32557418499326696,2.1226275250344795,0.021864383737059685,2.0743910889776522,0.1373329436751157,0.01582520807217959,0.7155050511454758,0.028371379545704154
2005-05-01,0.0023835773383253166,0.0023240175056713753,0.20978719243971974,1.9239259421046226,0.022566110522289837,1.4240116022187599,0.08851063076157857,0.016054726827410614,0.442117309181138,0.021781471552165362
2005-08-14,6.70761492633559e-5,2.586596605580391e-4,4.0990980105384166e-4,0.22882611835299743,4.923301674689455e-4,0.1132717,0.01180046,0.006212943,0.05824055,0.002899973
2005-08-15,0.0013752802630009639,9.921132404115975e-4,0.012857138754551885,0.3085423670154878,0.0015664253680913113,0.1670942,0.02586206,0.1137386,0.02814916,0.006677943
2005-08-16,1.326687728894784e-4,2.763171397144955e-4,0.002005982980810156,1.1185103303796438,0.0022751415220440686,0.37114338302473293,0.0054155369081767876,0.0038414675513790296,0.05196232291061861,0.001599740175314104
2005-08-17,0.0013317317490020278,0.0010522462659948001,0.010997636831251522,1.4247836338072037,0.002239020000421836,0.1537094705942106,0.0053473137563944196,7.093789004476029e-4,0.05483271672702439,0.0011348126419079053
2005-08-18,3.119795397137447e-4,1.2969749457873117e-4,0.0010245773884387651,0.9951834903805428,0.002479413984208567,0.18024970814858926,0.012547241408752961,0.011845664861070653,0.043439572032929835,0.0022767820931028954
2005-08-19,1.445464548164361e-4,2.1689280209356878e-4,0.001361310811570965,0.15208334963480125,0.001790352679403977,1.0217227562076947,0.008212306379289864,0.006162913937597457,0.04272583789551821,0.001753149699961187
2005-08-20,8.101191512364091e-4,6.299585199836573e-4,0.004199197832479437,2.7135668770003467,0.0024766387013064706,0.402563947912734,0.030618359952546855,0.03012958419445567,0.04201801389343623,0.001281165205550791
2005-08-21,6.50743313680594e-4,4.650058899626972e-4,0.0049224793894337435,1.967053247482881,0.0025480317284541417,0.45827795405688293,0.005246030423255759,8.408130193289111e-4,0.030520211596907387,0.0012833232030918789
2005-08-22,1.3760857749428267e-4,2.581438331628319e-4,6.821199030962225e-4,1.216366791370023,0.0023768672935039936,0.7076814496011373,0.008829058931376832,0.0022077584854005208,0.039190374307651106,0.0010001080094839757
2005-08-23,3.4231454351224983e-4,2.0485676312975368e-4,0.0015872634518566853,1.1060303926055726,0.0025809348138705482,0.4935581014484499,0.0044724394926846135,0.005087928368592958,0.01660544364162093,9.163421555478063e-4
2005-08-24,0.0012753652428226197,8.255645148624063e-4,0.013489023160662895,0.41422022348054177,0.002833223796005003,0.4065928722222967,0.002917933277771272,0.003195181358413478,0.012733894642086293,8.969269575355621e-4
2005-08-25,1.8104928914524905e-4,2.0946964028230918e-4,0.002150788556483412,0.21064954082076895,0.002707139770689537,0.16065756566404524,0.004521461227205758,0.001293167166485157,0.025251232444917397,0.0012880100473497867
2005-08-26,0.0019204387158667678,0.0013422982459572834,0.015016063904785435,0.1444534552748265,0.0028590739455161,1.1191181451544645,0.004558701405765133,0.005775727496483474,0.03518770149053928,0.0019679356290676787
2005-08-27,3.9262145573058023e-4,5.230164887458138e-4,0.004506042650164332,0.1582700666320151,0.003126045830970653,0.2999352452591619,0.003322968247399454,8.873363426080326e-4,0.021053706958728192,0.001580402731165066
2005-08-28,1.755120240895193e-4,1.8903493962757256e-4,0.0024967727356930186,0.10804021180807495,0.0026348920047943145,0.5709997622448907,0.004385396318660949,0.0070313841534720605,0.03650119305846899,0.0017913877941623919
2005-08-29,2.7419302854011444e-4,2.0644114778793494e-4,0.001119854351020703,0.14762893666704538,0.002933717439912883,0.36094826848702294,0.005984216275012544,0.0026727728264656163,0.05501075480491792,0.0012489357504507587
2005-08-30,0.0012833161699674792,8.332718693799761e-4,0.009164288046225958,0.1709119591473133,0.0035602992902407796,0.3744109535547196,0.004958092409034447,0.006063052467067476,0.03510601073540826,9.238931027959889e-4
2005-08-31,2.3683756543251325e-4,2.631417977061037e-4,0.001868024169088826,0.20356841032424455,0.0026309644843306042,0.6085831631053866,0.015109013870720518,0.006502811578293885,0.05284623524096395,0.002165142001937517
2005-09-01,6.751656954407562e-4,5.58393303057979e-4,0.0028185626536587757,0.25816582914669867,0.0030199853245353693,0.8788807486605743,0.006951018052157899,0.00449332873671324,0.11506741720434602,0.0021939400745220913
2005-09-02,0.002014686017075614,0.0013528759436104995,0.019197291086924216,0.317155848937695,0.005525433788571626,4.259794188586955,0.015397714300363708,0.015134925518983698,0.19166009817481156,0.017947677457476916
2005-09-03,1.297052743723246e-4,1.5386558874550216e-4,0.002062227951924811,0.2738811645476556,0.002795770394665664,4.066984715676456,0.03484464319452561,0.017369871205990244,0.24018887850906004,0.007039020117456264
2005-09-04,2.311284411317655e-4,1.0150216155333835e-4,0.001891015677803862,0.2331028054003212,0.0027986083251303672,3.4110996600085968,0.03556781203006027,0.017222121144576937,0.2612132461082707,0.007394464693974406
2005-09-05,0.0015178157495888622,0.0010940337891491285,0.011550632306181337,1.107862939605383,0.002733647800651905,2.1928401472516073,0.024008546504420566,0.014413062504117715,0.10496155320382268,0.003973001480925221
2005-09-06,0.001750444008216201,0.0011571927960802382,0.014318832825345785,1.1875054965792788,0.0033757908692703406,1.7846306667574376,0.016909273380066484,0.010806546111136019,0.08748812806767385,0.004186552273180641
2005-09-07,0.0018566048813896834,0.0012738953533944616,0.013420853139171147,0.7544129423397905,0.002982417863514266,1.4110334461653815,0.013067558438255595,0.014578238786404654,0.0452988625416853,0.00375227648481212
2005-09-08,0.0015476189521649053,0.0011964416566218345,0.010988077388315028,0.4965083632481531,0.0029889472562775344,0.5786343721312881,0.015890316328758217,0.05205224254593945,0.030417227445199535,0.002419832257887724
2005-09-09,0.0013549951417625083,8.211670627223185e-4,0.009805766218919357,0.2032114389389852,0.004374050272258997,1.321879434029734,0.03603330836060575,0.2873912282102159,0.09974192732548234,0.0031018865887640057
2005-09-10,0.0013754483061169547,9.554927697790287e-4,0.009742851106108518,0.6148419651282839,0.003315518302855377,0.9600151634242867,0.025207207763431477,0.1797137053767602,0.08703978010815343,0.002538000848635398
2005-09-11,8.569751937483372e-4,3.701873797146521e-4,0.0032029467633415327,1.1821023932244619,0.0031223354891953877,1.4010900467813052,0.01785955651138348,0.02903482958966696,0.0666966416741128,0.0029259849284358932
2005-09-12,7.868061993273821e-4,3.825205302987017e-4,0.00458969905094005,1.1651080844505373,0.003613652696240883,0.7735728633667055,0.013209280508022569,0.011287305068530441,0.05982807044099366,0.00283940109525125
2005-09-13,2.8529231114770686e-4,2.022381173270756e-4,0.0011210602139938783,0.4451506832338236,0.0025504402832862015,0.7024650980639785,0.013900949037077469,0.005048852794005585,0.050414856660131444,0.00500383811392355
2005-09-14,2.4260307664990567e-4,2.415172577684667e-4,0.0025543519570724784,0.47234969170399593,0.0027061613038414766,0.7001368855888342,0.008607233817663198,0.007197862181699369,0.0211185090007313,0.004264669078382753
2005-09-15,3.608872692406869e-4,1.29473903934345e-4,0.0020150564907465995,0.9734590397167348,0.003455319148745742,3.6133929372164837,0.011185444688841164,0.007356326152466189,0.07168960480729407,0.00256773135498128
2005-09-16,2.4296149880176487e-4,2.0281535296914777e-4,0.001863275907669071,0.6839075986839164,0.0028492065986883085,3.38101671700585,0.0142077146561516,0.01596259986819782,0.07901689537152988,0.003382300947679553
2005-09-17,6.078868404563467e-4,5.392567395962706e-4,0.003410827571396713,0.8795346939441633,0.0020646438646335593,2.432026198772556,0.01330257843333859,0.014660318336128448,0.082017415542584,0.004548125436290649
2005-09-18,3.879953114407441e-4,3.813123493935123e-4,0.0023857608660341465,1.0910456513635802,0.003053207559149721,1.4125934757602425,0.021036154300346818,0.013025866859091299,0.060922460399587444,0.005029358817041592
2005-09-19,2.9138153132962977e-4,2.4761588377969615e-4,0.0016077412040810548,0.5504416348856072,0.002801612658817953,0.5798076711802426,0.02032552778740321,0.018579370422296338,0.05965839033537613,0.004805599378120693
2005-09-20,3.5920038571805575e-4,1.7392823433818905e-4,0.001737100400351114,0.3415373365373397,0.0025934175621154802,1.7750795277917129,0.08821440173525635,0.022967833224906718,0.2090037886103075,0.020929113329946136
2005-09-21,2.700185417707458e-4,1.8216661439462498e-4,7.601975592568027e-4,0.3908671751178014,0.0020470128331813164,1.3586238880330501,0.013786913792275085,0.05593080396130803,0.04465156037636871,0.003153361126384671
2005-09-22,4.110877026864219e-4,2.2503309756566922e-4,0.0022644330414697627,0.4892920173751765,0.0026308246787441008,1.0491246128665603,0.01247689071478247,0.015371839443009837,0.07357573769706016,0.0025521017877808087
2005-09-23,5.894146014479111e-4,5.270368340068841e-4,0.0011951318999173272,0.28425340827119894,0.0022076223030783595,0.7937333490505549,0.01703611968598777,0.016745829390966246,0.05337253474200003,0.0037725440761790974
2005-09-24,0.0017348655275265575,6.833525837369754e-4,0.008862794193842031,0.24034690291563485,0.002698888776731824,0.6759625380048365,0.011526848608331766,0.008531173422246964,0.04020344591345996,0.0023223458648431333
2005-09-25,1.520271100823797e-4,1.0474560086227965e-4,0.0031500716162652562,0.29500533724433686,0.002440879053539728,0.6920175898176649,0.012586960209662419,0.013113489144896297,0.04790365757161451,0.003455117918513636
2005-09-26,0.0013204573995778887,8.320782293750991e-4,0.010135516114786657,1.1643503146132697,0.004193393151452532,0.7876061914360818,0.023093123005026844,0.02543969561881999,0.06888279628366215,0.005488696360845078
2005-09-27,2.542e-4,1.1253e-4,3.5216e-4,1.045209,0.003725193,0.7843268431677766,0.03829670619123791,0.051404278404856535,0.11359540218325916,0.010152770225848411
2005-09-28,2.7156e-4,9.3e-5,8.5002e-4,0.584056,0.003061173,0.32412821450470797,0.019435711398623923,0.015624021266687523,0.0523838579098638,0.0032900767841121887
2005-09-29,0.00100161,3.2612e-4,0.00377766,0.4049951,0.002975303,0.4094962414994897,0.019532394638144088,0.007323241309630115,0.07575413243072948,0.0031196999780097445
2005-09-30,8.0631e-4,4.1943e-4,0.00404023,0.9275376,0.004811123,1.0683856494151525,0.01806823364819594,0.03118101249382521,0.06674369048280744,0.004316576920286953
2005-10-01,1.9654e-4,9.331e-5,0.0012989,0.612803,0.002794883,1.601844048198645,0.010008081676207984,0.024474381372801723,0.03860609796562735,0.003568255975344398
2005-10-02,0.00124031,7.6167e-4,0.00809317,0.7093766,0.004309543,0.07883271452459886,0.01314199,0.008193688,0.06539843370479143,0.003003435
2005-10-03,0.00120435,7.1393e-4,0.009162825,0.3895581,0.002819644,0.07977377798754676,0.01105344,0.007047346,0.06590360304141268,0.003826253
2005-10-04,1.9728279195104676e-5,3.10774033664333e-5,5.260874452027914e-5,0.004352830299751646,3.5204018208153455e-4,0.004016062432244423,4.923116899128437e-4,8.885504102418725e-6,0.001893054,4.04911e-5
2005-10-05,1.9728279195104676e-5,3.10774033664333e-5,5.260874452027914e-5,0.004352830299751646,3.5204018208153455e-4,0.004016062432244423,4.923116899128437e-4,8.885504102418725e-6,0.001893054,4.04911e-5
2005-10-06,1.9728279195104676e-5,3.10774033664333e-5,5.260874452027914e-5,0.004352830299751646,3.5204018208153455e-4,0.004016062432244423,4.923116899128437e-4,8.885504102418725e-6,0.001893054,4.04911e-5
2005-10-07,1.9728279195104676e-5,3.10774033664333e-5,5.260874452027914e-5,0.004352830299751646,3.5204018208153455e-4,0.004016062432244423,4.923116899128437e-4,8.885504102418725e-6,0.001893054,4.04911e-5
2005-10-08,1.9728279195104676e-5,3.10774033664333e-5,5.260874452027914e-5,0.004352830299751646,3.5204018208153455e-4,0.004016062432244423,4.923116899128437e-4,8.885504102418725e-6,0.001893054,4.04911e-5
2005-10-09,1.9728279195104676e-5,3.10774033664333e-5,5.260874452027914e-5,0.004352830299751646,3.5204018208153455e-4,0.004016062432244423,4.923116899128437e-4,8.885504102418725e-6,0.001893054,4.04911e-5
2005-10-10,1.9728279195104676e-5,3.10774033664333e-5,5.260874452027914e-5,0.004352830299751646,3.5204018208153455e-4,0.004016062432244423,4.923116899128437e-4,8.885504102418725e-6,0.001893054,4.04911e-5
2005-10-11,1.9728279195104676e-5,3.10774033664333e-5,5.260874452027914e-5,0.004352830299751646,3.5204018208153455e-4,0.004016062432244423,4.923116899128437e-4,8.885504102418725e-6,0.001893054,4.04911e-5
2005-10-12,1.9728279195104676e-5,3.10774033664333e-5,5.260874452027914e-5,0.004352830299751646,3.5204018208153455e-4,0.004016062432244423,4.923116899128437e-4,8.885504102418725e-6,0.001893054,4.04911e-5
2005-10-13,1.9728279195104676e-5,3.10774033664333e-5,5.260874452027914e-5,0.004352830299751646,3.5204018208153455e-4,0.004016062432244423,4.923116899128437e-4,8.885504102418725e-6,0.001893054,4.04911e-5
2005-10-14,1.9728279195104676e-5,3.10774033664333e-5,5.260874452027914e-5,0.004352830299751646,3.5204018208153455e-4,0.004016062432244423,4.923116899128437e-4,8.885504102418725e-6,0.001893054,4.04911e-5
2005-10-15,1.9728279195104676e-5,3.10774033664333e-5,5.260874452027914e-5,0.004352830299751646,3.5204018208153455e-4,0.004016062432244423,4.923116899128437e-4,8.885504102418725e-6,0.001893054,4.04911e-5
2005-10-16,1.9728279195104676e-5,3.10774033664333e-5,5.260874452027914e-5,0.004352830299751646,3.5204018208153455e-4,0.004016062432244423,4.923116899128437e-4,8.885504102418725e-6,0.001893054,4.04911e-5
2005-10-17,1.9728279195104676e-5,3.10774033664333e-5,5.260874452027914e-5,0.004352830299751646,3.5204018208153455e-4,0.004016062432244423,4.923116899128437e-4,8.885504102418725e-6,0.001893054,4.04911e-5
2005-10-18,1.9728279195104676e-5,3.10774033664333e-5,5.260874452027914e-5,0.004352830299751646,3.5204018208153455e-4,0.004016062432244423,4.923116899128437e-4,8.885504102418725e-6,0.001893054,4.04911e-5
2005-10-19,1.9728279195104676e-5,3.10774033664333e-5,5.260874452027914e-5,0.004352830299751646,3.5204018208153455e-4,0.004016062432244423,4.923116899128437e-4,8.885504102418725e-6,0.001893054,4.04911e-5
2005-10-20,1.9728279195104676e-5,3.10774033664333e-5,5.260874452027914e-5,0.004352830299751646,3.5204018208153455e-4,0.004016062432244423,4.923116899128437e-4,8.885504102418725e-6,0.001893054,4.04911e-5
2005-10-21,1.9728279195104676e-5,3.10774033664333e-5,5.260874452027914e-5,0.004352830299751646,3.5204018208153455e-4,0.004016062432244423,4.923116899128437e-4,8.885504102418725e-6,0.001893054,4.04911e-5
2005-10-22,1.9728279195104676e-5,3.10774033664333e-5,5.260874452027914e-5,0.004352830299751646,3.5204018208153455e-4,0.004016062432244423,4.923116899128437e-4,8.885504102418725e-6,0.001893054,4.04911e-5
2005-10-23,1.9728279195104676e-5,3.10774033664333e-5,5.260874452027914e-5,0.004352830299751646,3.5204018208153455e-4,0.004016062432244423,4.923116899128437e-4,8.885504102418725e-6,0.001893054,4.04911e-5
2005-10-24,1.9728279195104676e-5,3.10774033664333e-5,5.260874452027914e-5,0.004352830299751646,3.5204018208153455e-4,0.004016062432244423,4.923116899128437e-4,8.885504102418725e-6,0.001893054,4.04911e-5
2005-10-25,1.9728279195104676e-5,3.10774033664333e-5,5.260874452027914e-5,0.004352830299751646,3.5204018208153455e-4,0.004016062432244423,4.923116899128437e-4,8.885504102418725e-6,0.001893054,4.04911e-5
2005-10-26,1.9728279195104676e-5,3.10774033664333e-5,5.260874452027914e-5,0.004352830299751646,3.5204018208153455e-4,0.004016062432244423,4.923116899128437e-4,8.885504102418725e-6,0.001893054,4.04911e-5
2005-10-27,1.9728279195104676e-5,3.10774033664333e-5,5.260874452027914e-5,0.004352830299751646,3.5204018208153455e-4,0.004016062432244423,4.923116899128437e-4,8.885504102418725e-6,0.001893054,4.04911e-5
2005-10-28,1.9728279195104676e-5,3.10774033664333e-5,5.260874452027914e-5,0.004352830299751646,3.5204018208153455e-4,0.004016062432244423,4.923116899128437e-4,8.885504102418725e-6,0.001893054,4.04911e-5
2005-10-29,1.9728279195104676e-5,3.10774033664333e-5,5.260874452027914e-5,0.004352830299751646,3.5204018208153455e-4,0.004016062432244423,4.923116899128437e-4,8.885504102418725e-6,0.001893054,4.04911e-5
2005-10-30,1.9728279195104676e-5,3.10774033664333e-5,5.260874452027914e-5,0.004352830299751646,3.5204018208153455e-4,0.004016062432244423,4.923116899128437e-4,8.885504102418725e-6,0.001893054,4.04911e-5
2005-10-31,1.9728279195104676e-5,3.10774033664333e-5,5.260874452027914e-5,0.004352830299751646,3.5204018208153455e-4,0.004016062432244423,4.923116899128437e-4,8.885504102418725e-6,0.001893054,4.04911e-5
2005-11-01,1.9728279195104676e-5,3.10774033664333e-5,5.260874452027914e-5,0.004352830299751646,3.5204018208153455e-4,0.004016062432244423,4.923116899128437e-4,8.885504102418725e-6,0.001893054,4.04911e-5
2005-11-02,1.9728279195104676e-5,3.10774033664333e-5,5.260874452027914e-5,0.004352830299751646,3.5204018208153455e-4,0.004016062432244423,4.923116899128437e-4,8.885504102418725e-6,0.001893054,4.04911e-5
2005-11-03,1.9728279195104676e-5,3.10774033664333e-5,5.260874452027914e-5,0.004352830299751646,3.5204018208153455e-4,0.004016062432244423,4.923116899128437e-4,8.885504102418725e-6,0.001893054,4.04911e-5
2005-11-04,1.9728279195104676e-5,3.10774033664333e-5,5.260874452027914e-5,0.004352830299751646,3.5204018208153455e-4,0.004016062432244423,4.923116899128437e-4,8.885504102418725e-6,0.001893054,4.04911e-5
2005-11-05,1.9728279195104676e-5,3.10774033664333e-5,5.260874452027914e-5,0.004352830299751646,3.5204018208153455e-4,0.004016062432244423,4.923116899128437e-4,8.885504102418725e-6,0.001893054,4.04911e-5
2005-11-06,1.9728279195104676e-5,3.10774033664333e-5,5.260874452027914e-5,0.004352830299751646,3.5204018208153455e-4,0.004016062432244423,4.923116899128437e-4,8.885504102418725e-6,0.001893054,4.04911e-5
2005-11-07,1.9728279195104676e-5,3.10774033664333e-5,5.260874452027914e-5,0.004352830299751646,3.5204018208153455e-4,0.004016062432244423,4.923116899128437e-4,8.885504102418725e-6,0.001893054,4.04911e-5
2005-11-08,1.9728279195104676e-5,3.10774033664333e-5,5.260874452027914e-5,0.004352830299751646,3.5204018208153455e-4,0.004016062432244423,4.923116899128437e-4,8.885504102418725e-6,0.001893054,4.04911e-5
2005-11-09,1.9728279195104676e-5,3.10774033664333e-5,5.260874452027914e-5,0.004352830299751646,3.5204018208153455e-4,0.004016062432244423,4.923116899128437e-4,8.885504102418725e-6,0.001893054,4.04911e-5
2005-11-10,1.9728279195104676e-5,3.10774033664333e-5,5.260874452027914e-5,0.004352830299751646,3.5204018208153455e-4,0.004016062432244423,4.923116899128437e-4,8.885504102418725e-6,0.001893054,4.04911e-5
2005-11-11,1.9728279195104676e-5,3.10774033664333e-5,5.260874452027914e-5,0.004352830299751646,3.5204018208153455e-4,0.004016062432244423,4.923116899128437e-4,8.885504102418725e-6,0.001893054,4.04911e-5
2005-11-12,1.9728279195104676e-5,3.10774033664333e-5,5.260874452027914e-5,0.004352830299751646,3.5204018208153455e-4,0.004016062432244423,4.923116899128437e-4,8.885504102418725e-6,0.001893054,4.04911e-5
2005-11-13,1.9728279195104676e-5,3.10774033664333e-5,5.260874452027914e-5,0.004352830299751646,3.5204018208153455e-4,0.004016062432244423,4.923116899128437e-4,8.885504102418725e-6,0.001893054,4.04911e-5
2005-11-14,1.9728279195104676e-5,3.10774033664333e-5,5.260874452027914e-5,0.004352830299751646,3.5204018208153455e-4,0.004016062432244423,4.923116899128437e-4,8.885504102418725e-6,0.001893054,4.04911e-5
2005-11-15,1.9728279195104676e-5,3.10774033664333e-5,5.260874452027914e-5,0.004352830299751646,3.5204018208153455e-4,0.004016062432244423,4.923116899128437e-4,8.885504102418725e-6,0.001893054,4.04911e-5
2005-11-16,1.9728279195104676e-5,3.10774033664333e-5,5.260874452027914e-5,0.004352830299751646,3.5204018208153455e-4,0.004016062432244423,4.923116899128437e-4,8.885504102418725e-6,0.001893054,4.04911e-5
2005-11-17,1.9728279195104676e-5,3.10774033664333e-5,5.260874452027914e-5,0.004352830299751646,3.5204018208153455e-4,0.004016062432244423,4.923116899128437e-4,8.885504102418725e-6,0.001893054,4.04911e-5
2005-11-18,1.9728279195104676e-5,3.10774033664333e-5,5.260874452027914e-5,0.004352830299751646,3.5204018208153455e-4,0.004016062432244423,4.923116899128437e-4,8.885504102418725e-6,0.001893054,4.04911e-5
2005-11-19,1.9728279195104676e-5,3.10774033664333e-5,5.260874452027914e-5,0.004352830299751646,3.5204018208153455e-4,0.004016062432244423,4.923116899128437e-4,8.885504102418725e-6,0.001893054,4.04911e-5
2005-11-20,1.9728279195104676e-5,3.10774033664333e-5,5.260874452027914e-5,0.004352830299751646,3.5204018208153455e-4,0.004016062432244423,4.923116899128437e-4,8.885504102418725e-6,0.001893054,4.04911e-5
2005-11-21,1.9728279195104676e-5,3.10774033664333e-5,5.260874452027914e-5,0.004352830299751646,3.5204018208153455e-4,0.004016062432244423,4.923116899128437e-4,8.885504102418725e-6,0.001893054,4.04911e-5
2005-11-22,1.9728279195104676e-5,3.10774033664333e-5,5.260874452027914e-5,0.004352830299751646,3.5204018208153455e-4,0.004016062432244423,4.923116899128437e-4,8.885504102418725e-6,0.001893054,4.04911e-5
2005-11-23,5.11181634255379e-4,5.414316623545395e-4,0.0075730287736941815,0.3123648448532261,0.0013529215465798452,0.004016062432244423,4.923116899128437e-4,8.885504102418725e-6,0.001893054,4.04911e-5
2005-11-24,9.346820276436259e-4,6.918049904416706e-4,0.005225363549476726,0.3362527503993387,0.0010030733955199887,0.004016062432244423,4.923116899128437e-4,8.885504102418725e-6,0.001893054,4.04911e-5
2005-11-25,1.319602675050335e-4,1.5388057772181647e-4,7.558122962746769e-4,0.3147388851603818,3.950039901064292e-4,0.004016062432244423,4.923116899128437e-4,8.885504102418725e-6,0.001893054,4.04911e-5
2005-11-26,6.137686860699233e-5,3.1652927953034615e-4,0.0010578741710619464,0.2113802384262067,3.5204018208153455e-4,0.004016062432244423,4.923116899128437e-4,8.885504102418725e-6,0.001893054,4.04911e-5
2005-11-27,5.887795324227907e-4,4.423518601746804e-4,0.0045655622119515574,0.18703596616351625,7.685260762004111e-4,0.1971798,0.005274495,0.009985294,0.01340072,0.001061479
2005-11-28,0.001978965606371167,0.0014335882881776063,0.014901426885369065,0.2174327896304511,0.0019653750140367614,1.178072,0.01289662,0.05088301,0.02885627,0.002357783
2005-11-29,2.3398983995037047e-4,2.828294305760983e-4,6.103126328571284e-4,0.21093864996365652,0.0010724805674701058,1.1939001015609487,0.01202464170431053,0.02978165875153699,0.06219730623216193,0.004133199026219037
2005-11-30,3.8764666424464427e-4,2.828627271310238e-4,0.0018015329075262545,0.3627647192032048,0.0028240797779257227,1.5428466087634913,0.018860743667459802,0.04249320123047568,0.09546348694006153,0.0063476252611566475
2005-12-01,0.001037567777111452,7.083584791615048e-4,0.0043094074300186564,0.2885716523439054,0.0026756351669031783,2.412834169598115,0.028409088294245294,0.03618536784639062,0.15592301764011823,0.0056836149672329144
2005-12-02,0.0010728498076152133,6.654904377224364e-4,0.003783221520358014,0.15491526902528555,0.002486276961597199,2.2521048069767455,0.017325468893433303,0.04709859137783422,0.12033173864430613,0.0039050664197263023
2005-12-03,0.0020540634855086637,0.0013414378085472318,0.019158484125598247,0.12782344927727776,0.003251653074282218,2.6139236531497643,0.0161414338849535,0.03329957655968982,0.09099060780935414,0.003698672467439365
2005-12-04,0.0019821108615312114,0.0012388795800641803,0.014537398176792157,0.10716198731390833,0.0034732194524171663,0.9740983160247071,0.016041964627286926,0.024745172439940687,0.03359901689302717,0.0015407439958130618
2005-12-05,6.483743933099148e-4,1.5644499448688026e-4,0.0023303822109473804,0.11825550592848605,0.0029101910997886378,0.483829397426035,0.028359816757045523,0.02650386312832339,0.04061206771811674,0.003995656391046908
2005-12-06,8.215835787672486e-4,2.3674929545829698e-4,4.884336035737099e-4,0.19155991742287842,0.002693177577882491,0.8348699374732307,0.022485197734620883,0.02538315204025891,0.030050849149761145,0.0029625939269623167
2005-12-07,0.0016849794136131158,3.512475105961607e-4,0.002465599026646466,0.49994087460485764,0.006132069353111476,1.9279711088294995,0.01841711231302291,0.06436915338806469,0.0841318204354482,0.004320100394990144
2005-12-08,0.0018908901246767354,0.0011901191504635155,0.012548041602823924,0.5312460227443286,0.004945643316690863,4.346169809111362,0.027512619289453342,0.10999635573722658,0.0798756686357216,0.007697948134303972
2005-12-09,9.596809948102547e-4,4.911746280092244e-4,0.003817381588209384,0.10953943873598129,0.002501164851753878,2.8223928427740512,0.014289788590291494,0.0762582831492973,0.027686038445847126,0.0023901971985829957
2005-12-10,8.705209570136725e-4,4.917358327394904e-4,0.0035608862312772644,0.17710414768395913,0.0030031804749779856,1.133679158701562,0.009505911202731962,0.030285596723645714,0.037849506454622366,0.002121503746401123
2005-12-11,6.170693862929841e-4,1.7919662552626377e-4,0.0018313440420084917,0.7123632858207904,0.004304265086995571,0.6731566027664734,0.012144863484791626,0.0172854807686104,0.05343614392704343,0.00266084954191589
2005-12-12,8.916890675005497e-4,3.3764763970743226e-4,3.1951015899341913e-4,0.45295132371222846,0.00356539560392518,1.685120440070744,0.04052278173291445,0.2295974627795638,0.03734670332251697,0.0036087326084089408
2005-12-13,4.639342386588858e-4,2.2684566405377907e-4,0.0010336476668575225,0.3914138930359343,0.003353434533872549,0.1294948610386563,0.023947541735093083,0.1285099228771728,0.12559464253800956,0.005407022919063132
2005-12-14,7.43662087846355e-4,2.0696928926775584e-4,2.2021480104661447e-4,0.1454462025479005,0.0034158158836285367,2.637971415618469,0.014673721671167816,0.10474820604256142,0.06687538003727904,0.009878260599578956
2005-12-15,8.141250430984174e-4,6.871559603175977e-4,0.004263108886692903,0.17356504824119456,0.002857652560107509,2.8669677985940982,0.016035899165080362,0.17037817333636401,0.05945620499117754,0.03515906837390782
2005-12-16,0.001503295162335062,6.317791633949319e-4,0.004213248889526941,0.28547968766861503,0.0033211040544868513,2.506390210151974,0.02023257147452345,0.219736679124361,0.10208287847865687,0.033850342305008156
2005-12-17,0.0018114374330624836,2.2803276343543266e-4,0.002452121319755611,1.150455783140091,0.00406646344440092,3.0833551262918895,0.02901894188180713,0.47196406446378053,0.1613180979169157,0.004950254034410154
2005-12-18,0.0035826337745853954,3.790146512999201e-4,0.002609939469183146,1.2333813763700503,0.005318913715262638,3.9355944991742238,0.03248109620918143,0.1808728945507151,0.20241613962727872,0.0070261972148121495
2005-12-19,0.0012335714122417073,1.7912045723478934e-4,0.0022523734108047004,1.1873694333809421,0.0034576914380275462,4.406175174008985,0.031970167459018727,0.07205563623951287,0.16816217728248198,0.011779899764417564
2005-12-20,0.0027244701981853276,0.0010999926619300695,0.010041725504966764,3.648260197688413,0.006153027092234277,2.321818684909149,0.04488381608776152,0.059175209808973214,0.10330212124070347,0.007005919602561394
2005-12-21,0.0030161258947696465,0.001099896251289184,0.014951223955643229,0.4561677367295719,0.008382386307960819,0.9133096525033884,0.01654287861553726,0.041813385910620775,0.12419753979880206,0.006218761640287719
2005-12-22,0.0021593285597379572,0.0010133555286275396,0.010907844671602177,3.159202289547043,0.005210288379244378,0.25236963194687273,0.008825855,0.02877331528510575,0.02521753138197512,0.001885265
2005-12-23,0.0018789045017243424,6.90292182412636e-4,0.007950486869959599,3.098464204532565,0.01359297361725568,0.17356751063293038,0.022210602573096143,0.019443103697959336,0.022792583141366403,0.001582395
2005-12-26,6.627636878254572e-4,1.3829301175402898e-4,0.0033677508709671505,1.5205960419314195,0.0058152883902424825,0.672898283181054,0.023823361906416568,0.03233569949965672,0.07851368733789096,0.003196875
2005-12-27,5.907703762038175e-4,2.5084210830719794e-4,9.309309290704655e-4,0.9878282309249569,0.004267716696882421,0.9576539064079151,0.02424462008934147,0.04120727526355631,0.04890257872131489,0.003930717377862977
2005-12-28,8.848007162067627e-4,5.418572992956725e-4,0.005143967343131175,0.6567551157876139,0.0028866383405076915,1.4205625945264118,0.025684649924032448,0.0462656209382669,0.05173687852134974,0.011502361547087364
2005-12-29,0.0021120229472948444,0.0014188913009106792,0.015784064483706343,0.28475227278374304,0.0027154119630746643,2.255231798993888,0.01724309773017018,0.04354987605914511,0.03866987174273274,0.004473062831295129
2005-12-30,3.3986675786254825e-4,9.345458897239878e-5,0.001068169407069871,0.18784449755334864,0.002799309669702336,0.9639871636652143,0.013272445121025175,0.04101221338861145,0.026653850102554135,0.0022938741130746473
2005-12-31,4.048524042166478e-4,1.376494253529596e-4,8.644801203035267e-4,0.5729685158845085,0.0036409569456351716,1.01809669086579,0.012557162173187262,0.07774202036631671,0.04666911569883048,0.0023893726945694344
2006-01-01,0.0010604816818785697,5.981840198467358e-4,0.0051495134069443884,1.1334540921569871,0.004048272461449328,0.9133153970863507,0.010681531129819358,0.22885760348370796,0.046393316456434755,0.002218565272827013
2006-01-02,0.0016740867977497464,9.285674199539847e-4,0.010464717178997242,1.4384628963583954,0.004866137940441989,2.935950649068332,0.01381557500325267,0.31021673440746567,0.04616915062470313,0.004063665608845541
2006-01-03,4.140495361668698e-4,2.213556297002631e-4,0.0018997494300301817,0.8616863698378779,0.0042959380248752425,2.112222598535841,0.02344039478203812,0.24365474001055284,0.04284731785179237,0.0019847990432066416
2006-01-04,3.108051095139847e-4,3.4539078172412185e-4,1.403673701399296e-4,1.1306556862440482,0.004250577168951177,1.456745938591463,0.018678842638153465,0.4542205500714296,0.03709707659470117,0.0026757884585732854
2006-01-05,6.056511500855918e-4,1.9607371343451422e-4,0.0023890338205642884,1.5317341854113853,0.005117195670170235,0.8361417939817863,0.018019966435273958,0.24317289462908154,0.03741499379642104,0.002814143937675186
2006-01-06,4.6103701933792695e-4,1.2005287834950066e-4,0.0018684545575689017,0.7590108605136371,0.003286266708757675,0.4872255206299277,0.019665430633808274,0.1715217619049548,0.035176531184966206,0.0033078834215603792
2006-01-07,4.6978410956523427e-4,1.5388338799233659e-4,8.705604770491249e-4,0.22947550150971455,0.004480865892901616,1.9503861507360414,0.025207718523658582,0.13312252308734235,0.06147397903525442,0.0029196210003824127
2006-01-08,6.415495499959454e-4,1.5388338799233659e-4,0.0011370200774832432,0.1856734024445903,0.003688661181882798,3.2670853810261997,0.018418610953959042,0.08833812206814508,0.09424335676560179,0.006780522114960913
2006-01-09,0.0011858396737333425,3.433048109188102e-4,0.007099001989956053,0.085546499206265,0.002661579738082066,3.0028532125858542,0.014962333980727239,0.05786853362581257,0.06864266366603936,0.013563736487270939
2006-01-10,0.0019782990953341713,0.0010082222319012808,0.015093769298366132,0.12876247603515628,0.0032441379663955415,2.6580965258644316,0.0257182422976615,0.07927829000465701,0.09335781766878404,0.0035134667952769955
2006-01-11,0.001235638495798832,2.7443528053076557e-4,0.005413031434981696,0.07884733311238117,0.0036802985962621293,3.5205654329771265,0.017545091753855976,0.09536930561794188,0.10786262713963639,0.004366581764762226
2006-01-12,0.002488340224065029,9.849887432351702e-4,0.012776646510008016,0.09460933872580972,0.004826751148191607,0.47737205645497943,0.026087353459026845,0.5769328884381164,0.17466316694866502,0.006340096797254282
2006-01-13,0.0025888830351331053,0.0011590042265669268,0.014513713933445842,0.09355145142148036,0.0039876608255428395,0.3499711535656219,0.033301501509633166,0.6351876649758401,0.4326754263099268,0.007550184243163474
2006-01-14,9.410461937120834e-4,7.969110615369822e-5,0.0018668326635239698,0.07098649084982014,0.0029160933705848656,0.5823283265804695,0.07707941586137572,0.4358687180474644,0.4580444877643485,0.01190878961805628
2006-01-15,0.0016587138862082273,6.888871029421294e-4,0.009832426191179877,0.06924729819370211,0.003959514110929396,0.4701368075306856,0.05300571062104347,0.13077202620536282,0.3949652902208244,0.013930788864078194
2006-01-16,0.0011540053021541971,1.0535029710446953e-4,0.0016465712376329182,0.060242880351783476,0.003480999847039497,0.673993029760362,0.03077644471817895,0.08643539478839674,0.23174951459522244,0.019537321350062937
2006-01-17,0.0018643278350118574,7.346287750285856e-4,0.01008786688501588,0.051313516822998985,0.004859971390571039,3.9779252400769174,0.02994686843504676,0.1735675065346164,0.2190804360075349,0.016203665552186795
2006-01-18,7.489854051982587e-4,1.3078951066503768e-4,6.463852364495959e-4,0.09398509983394229,0.003531445832399104,5.947142169504661,0.03388382337621597,0.18446278152403972,0.17709915270536136,0.011808549107465913
2006-01-19,0.0011070863471292563,8.175305988157263e-5,0.0010754349932934116,0.1213678231394005,0.003933315604470229,2.8504888728854776,0.012739428691779117,0.07232301070407744,0.07623093906425543,0.0024435720990864996
2006-01-20,6.379375204516505e-4,8.127440925654274e-5,0.002032670756443355,0.0866552558989609,0.003748677341517805,2.600629700568268,0.01681869461548666,0.09102552459592035,0.041953383626974594,0.005982689981621478
2006-01-21,0.001830327185423415,1.3524742585350747e-4,0.001584853921375721,0.13616590717416788,0.004065836214001863,1.9733289257566187,0.04027937664638071,0.17706026631232769,0.07681362159656906,0.011775465904625134
2006-01-22,0.0010060200222162577,1.3297265621171894e-4,0.0023389297852009156,0.13509644362093992,0.0035222167183194446,4.4059721806305765,0.015542158819449762,0.07417411860632589,0.07746510798527619,0.003680040856185431
2006-01-23,7.671789785310857e-4,3.10774033664333e-5,1.8913226773874416e-4,0.11261093023301336,0.0033756210866933804,0.7267993456926334,0.025833717454203625,0.05595323805039347,0.3730040525653377,0.00703732761978821
2006-01-24,9.696266305645694e-4,1.527605014393446e-4,5.873885693474125e-4,0.11766260055806518,0.003212112403096909,0.15366582744319734,0.02092461917473828,0.07792370721059222,0.6656497229686353,0.005851405539830067
2006-01-25,0.0017774116486621776,6.637278815900383e-4,0.012873657519605685,0.14282336954576305,0.003964261438771288,0.11008017467071027,0.021260978618813035,0.06732627878898402,0.5525097767264672,0.00414142058206529
2006-01-26,9.146145877362771e-4,7.624802751547085e-5,0.0011570632373816049,0.210153659688772,0.004165007525905445,4.79744966236172,0.010729890154052138,0.06214148268493841,0.11927350093415647,0.0033163496377665008
2006-01-27,9.517669960132049e-4,3.8311033658725526e-5,0.0024084934042674895,0.2257556878880902,0.004532354049746004,0.9710574737609758,0.010862184069450536,0.20216733083614052,0.055545990601022006,0.0019189754641563293
2006-01-28,0.0017520030056481068,6.572146224788368e-5,0.0025048643203375307,0.10439060894235314,0.003684387856647153,3.0084469325956475,0.018223686848412426,0.34091154679249513,0.07797621862952897,0.004490220473472767
2006-01-29,0.0010272660051807419,1.5423458010446295e-4,0.001980630538793139,0.13231359648501206,0.0037652315336947073,2.2511265680807973,0.01591206217856441,0.24100221838715594,0.11661303521111319,0.003270611576135876
2006-01-30,0.0017992489998051966,7.177305419166722e-4,0.014098517466386315,0.1513502762055686,0.004474873903265767,1.801587796760575,0.014278425058769612,0.18880439604310068,0.06269027629480747,0.003220467818773229
2006-01-31,0.0017786515490393277,5.430893884067336e-4,0.006493925386990522,0.2509482509203338,0.004106150116872129,2.6761484727099774,0.01809263892445212,0.11484556520787804,0.06938022495964177,0.004313214133732987
2006-02-01,0.0019513184363911494,5.621455755407135e-4,0.008613579922430626,0.2683245664022212,0.004020086836326922,2.6416900432288686,0.015511460950282054,0.04939208705082728,0.06260414101822019,0.002880375784843707
2006-02-02,0.0011942069127249264,6.056104492988872e-4,0.0046370537689679634,0.17674088597485924,0.003769104633863194,4.257227996961186,0.019142771703204317,0.04220477398232219,0.13359943964829943,0.005313628987732771
2006-02-03,0.0020898785364465563,9.727213175416687e-4,0.01128147202877798,0.3559802267431577,0.00371936747602183,4.953983398202651,0.021672049451263258,0.04753843670332461,0.059767406534445684,0.004012902162813591
2006-02-04,0.0012686524552059165,4.3522443348231266e-4,0.005809481874823262,0.6102415093480286,0.004417213028121804,0.2646804522268558,0.01609316570116722,0.04426014317750226,0.0635233196093167,0.002653226119491891
2006-02-05,0.001406486671710756,3.3385992556759494e-4,0.006499253105788388,0.4422756354345557,0.003941550940364593,2.5734424251498926,0.03204909363551644,0.05884905404461316,0.13020765083147495,0.006789288878251831
2006-02-06,0.001959535968029166,9.576495594944949e-4,0.010358112270795292,0.2890074675373112,0.004450144916338006,1.5284300170234455,0.027288315120214002,0.027191790095190495,0.12265507406711922,0.012073925635195623
2006-02-07,0.001975403725469809,0.0010369003710096743,0.011177271047460555,0.2500528120508945,0.004106404297748701,0.9813598172594239,0.025025507029638783,0.05884451015512092,0.09131532913331583,0.004614614799074133
2006-02-08,6.432125001117438e-4,1.591803967201992e-4,0.003344191205717759,0.17940885907303966,0.0031080535764508635,1.2549649653718982,0.02037292740257276,0.09161736230505493,0.08170491719401288,0.002652023410189661
2006-02-09,8.842452628654564e-4,1.2745524744003285e-4,0.001111999037814332,0.20581608739573784,0.003343198538670565,1.5309462467616481,0.016847211717756147,0.03542207184497823,0.05257022686123095,0.0019245659043831157
2006-02-10,0.0014541413701562858,1.766344527548349e-4,0.002831121533562274,4.552066626501827,0.006393793198523784,1.4540019250415235,0.020392249114116863,0.03626770955033416,0.048054685814676805,0.002780025560831051
2006-02-11,0.002902270893593498,0.0013646080985396502,0.019475198392029283,0.3028658551974785,0.007631379199306571,0.6872992253583675,0.016873159580564633,0.02152676257391782,0.04384383102572184,0.0021324244762884336
2006-02-12,0.0025762215909932904,6.9932667695434e-4,0.010212330338766956,2.6921039023934386,0.004139283726357617,0.567633305393956,0.02695287546147535,0.010608363970631522,0.09912529090157819,0.0034178682413390366
2006-02-13,0.0018461474483095872,6.710982358790701e-4,0.009460532282958501,1.7262645418288938,0.003041298210213691,0.9719978922965059,0.03476086704396914,0.05871599712272287,0.10800904239395144,0.005900822589866094
2006-02-14,0.0014656399053314562,5.430201963094927e-4,0.007868261303852332,1.6993038157753015,0.0022509851837826476,1.264932985037646,0.02550096032078204,0.02359291752624554,0.09441136152906016,0.00779987668651973
2006-02-15,0.0023856712197618517,4.1892437002399375e-4,0.008148344038232553,1.0588924790202308,0.002378022499584266,2.2223244326471887,0.018989978013352202,0.02239192879078754,0.0679380763733718,0.00520387584529781
2006-02-16,0.001834234766435311,4.63572739599731e-4,0.005249591092818563,1.0888541463241896,0.0024315721083794737,1.7686719301038614,0.02019880505920338,0.02486116971155018,0.06070104436772485,0.006765362910315603
2006-02-17,0.001306063552856445,3.7111661361356486e-4,0.0036321710484089266,1.2563474231282046,0.002827706013879272,0.8543937518693377,0.01617418459280096,0.029420086806619047,0.042895269361598605,0.003412291176672061
2006-02-18,6.499019692230515e-4,1.8615028928261164e-4,0.0013390795107834335,1.314139251682606,0.002887276929262068,1.8490563495348,0.023001068982397316,0.08129512020073161,0.061618294604815216,0.006249807302728142
2006-02-19,0.0018099927076096192,9.708380425179063e-4,0.010650644271150924,0.8186253237593557,0.0030697766517857614,0.5655860400834607,0.03309065253364763,0.07408084228066525,0.09123689634393861,0.008526593806152255
2006-02-20,0.0015240587162901565,7.551999578919481e-4,0.009130649832854177,0.22690650959179198,0.003174164439068808,0.40060786785635266,0.026530814230168284,0.04923706572199647,0.08549287035420029,0.0067275301687999885
2006-02-21,0.002227798839953913,9.162268035808601e-4,0.011056401582585538,0.6365606915717699,0.0032830310109423274,3.850996513096241,0.024591459759463242,0.043998628281014626,0.0801283542718269,0.006741105672670767
2006-02-22,0.0010549115528801455,2.4713689182313516e-4,5.428184979346227e-4,0.28272973733714324,0.0029724900540672966,1.3572675757932515,0.02099460893908005,0.04993812298418914,0.06489746068029627,0.004005080153184702
2006-02-23,0.003412381828166362,8.286399157655876e-5,8.880895127744724e-4,0.26113334989411063,0.003477694700333685,1.7320281271024467,0.025373374628913675,0.0860010773815257,0.09430165332879217,0.005553640192752318
2006-02-24,0.0010280450688564193,3.0820049707941746e-4,9.434526473013895e-4,0.7403856318854655,0.003159088973499955,1.6741396309889118,0.033068725360093636,0.19591620659925738,0.10097227452311106,0.005538071866300943
2006-02-25,0.0020110619895716787,8.49578627202921e-4,0.01122709589380976,0.3984100957363907,0.0028386705275267503,3.1044724795386847,0.027017052944908703,0.2278921468705802,0.08999399079384801,0.006147006659784419
2006-02-26,0.0012466360829047104,2.3662789586183618e-4,0.0038043301421800922,0.27828504697687223,0.0027554418379071256,2.685589097223301,0.029180389883128707,0.16176104603829225,0.09878992795707567,0.006374174187186447
2006-02-27,0.0011968499415131372,2.3586763088647835e-4,0.002515311211937799,1.1880936278766416,0.004184739166802275,4.156969488816344,0.03180679482176411,0.08094988766777939,0.10479382924279511,0.005927191261516199
2006-02-28,0.0020985125492357674,6.631093475438271e-4,0.009225436930850484,0.2814613506603349,0.0031626422674733545,2.4470630255966537,0.0277882511535163,0.04885490474967278,0.14009332234297286,0.0065124350894449606
2006-03-01,0.0023257011349483406,7.702226836441523e-4,0.00938116698782193,0.3701991488771415,0.0034108566067322446,0.6706896579558984,0.034203978943055734,0.04657087657187161,0.10345426840739728,0.004772212976076612
2006-03-02,0.00160757646042109,2.784778502861583e-4,0.005214208782097242,1.2532516976598436,0.006328166004248704,0.48816770675533216,0.03581920651891245,0.040886404451329544,0.12137567527693717,0.0060894028298507236
2006-03-03,0.001447648122196827,3.507426362733793e-4,0.007127668647980208,1.3048892753083,0.00762597886840824,2.412812777816847,0.06560601053559421,0.050139040346034745,0.22169185611786105,0.01069926906270489
2006-03-04,0.0012940792102881492,3.1834539827049486e-4,0.005875817237806159,0.9107272245318463,0.006564100957956771,1.8512397440916426,0.07393885490442018,0.02362077613248557,0.23208827248744904,0.013964284924875817
2006-03-05,0.0023648504775989542,0.001000860192884101,0.01434355892485195,0.7444983776346729,0.006761184648235026,1.5785891138105443,0.11741335861799712,0.0322007022516154,0.3799182051800099,0.02208027712623845
2006-03-06,0.0013191604442599088,3.922685907640325e-4,0.0073527178374802335,1.1218175950854579,0.006304089097632505,1.9358545819967703,0.07872133587133097,0.041400465613300776,0.211992261904049,0.013820847491682773
2006-03-07,0.0021187136364313134,8.785609471744121e-4,0.01729743999926868,1.1701708409324256,0.0075534913823349925,3.155742434219504,0.043385504870085356,0.08963830823449591,0.1494200521904152,0.012262293457978976
2006-03-08,9.973691526711662e-4,2.490849517734863e-4,0.00399228395384146,1.3313439411578738,0.008089585422149208,2.2314329724901465,0.049485536991740325,0.1776813559749939,0.14522429702128015,0.013086390503549632
2006-03-09,0.001929337344634162,9.412599584599357e-4,0.0170459202331643,1.2363280345364736,0.007199820253029168,2.0088791393053094,0.06707181104312153,0.10377929344854735,0.24239255303365345,0.015115657795592919
2006-03-10,0.0022154237135139634,8.797932169549842e-4,0.012144500636469166,1.8292369440575544,0.009154366428596192,0.9758032406509521,0.0561905896637809,0.05043843460466334,0.18967076439738123,0.014630520755119895
2006-03-11,0.0015308490233527277,2.7797892042383357e-4,0.0058450859980328776,1.5337735759068223,0.008074106405955336,1.2043471256462135,0.06000470862081576,0.03054644697491674,0.1994537097240282,0.012357388411198945
2006-03-12,0.0013067750972145132,2.6910678438121923e-4,0.004918441057255846,1.057266425156247,0.007669449733612509,1.1008847658954501,0.08056994933079269,0.03441152506024253,0.2494723370260216,0.016311282514591213
2006-03-13,0.0012967105090574379,2.3659885629478432e-4,0.006574438903822896,1.2924327982569617,0.00804826714559656,1.2556211613581583,0.06660994186097523,0.023388727087710438,0.23839546683106203,0.013988711797132502
2006-03-14,9.804258117267213e-4,2.7547089102117486e-4,0.0016077121838811818,1.755501029935192,0.008342383691109454,1.0399538576235055,0.03623946991469384,0.028129535512768426,0.15502805062120725,0.007898282253765942
2006-03-15,0.0020302539728812253,6.951360674716857e-4,0.010672397558421445,2.1625736016944024,0.009567918827162415,2.245458489313416,0.06621948280329136,0.02470385834776625,0.42809374802168043,0.013622211001959778
2006-03-16,0.001276031773977435,2.0545915068450956e-4,0.0054377163799061825,3.0166164418709247,0.012185372367625865,1.0590663435686831,0.0999361565655799,0.013538118350145413,0.6433596825144167,0.0220522642127331
2006-03-17,0.002614714327837747,8.575863554768115e-4,0.012970510551871118,3.947146961441122,0.015262983102604813,1.2539620287002953,0.10231041903605176,0.013069176846070452,0.5910943963692792,0.028181692866484247
2006-03-18,0.0016471048289043416,2.8955676075685053e-4,0.0032995753869096553,4.012136692895705,0.014841358786553205,1.9003418549522635,0.1492945567128209,0.035353094682741705,1.1480520718239962,0.04216658258921902
2006-03-19,0.001383887603347902,1.5355110810410976e-4,0.004323523256361645,3.782637052375102,0.013698192933671945,1.4445770669564015,0.10971816742536716,0.08863525789661808,0.8634977462714885,0.028069403496788613
2006-03-20,0.0030955154427493975,0.0011668167332961933,0.021220219971277394,3.339886432642745,0.013650206628084426,2.3607134101464027,0.0592038946006764,0.2688309820495303,0.31243520062704666,0.013481605570364163
2006-03-21,0.0016192724406041128,2.2309707349044272e-4,0.004375606415298341,3.119074365838176,0.013496188255100029,1.5386205285378067,0.0532344267663436,0.39980926189385957,0.23893609010353878,0.011717620136484584
2006-03-22,0.0014562297102105836,3.1654309327483357e-4,0.007649884427793665,2.4684203083443426,0.010645901665678676,1.1349172016601432,0.06263773903113443,0.08906117348639866,0.26963687259442093,0.01839163175274312
2006-03-23,0.002296552477258031,8.485545463905077e-4,0.016303681939890142,2.3084694466615145,0.009655144272072222,1.2548521894969344,0.0728386620089304,0.032707606069403795,0.26850843988956846,0.01587357048059412
2006-03-24,0.001093767513505498,3.6383251394013705e-4,0.0030825688432052903,1.9224310900649988,0.007107022243621374,2.738114335029604,0.09257466218177467,0.03095164888010886,0.3516173727842525,0.01752843063086793
2006-03-25,0.001243323860142642,4.1395703484782087e-4,0.0016251793683775338,1.7734202092923494,0.007282926678137643,0.8655595879355852,0.08366162695432416,0.04283421498834081,0.354867984832219,0.014767793473596826
2006-03-26,0.0018358838362761407,7.031242843196358e-4,0.010144932441293041,1.77314965917654,0.007572511304472843,0.801562787738035,0.04705821541702256,0.024958978755362245,0.20727594574347527,0.007170119839254711
2006-03-27,9.261468294498449e-4,3.570015775875507e-4,0.0019232498186403139,1.9170721209931514,0.006519989078920992,0.46296559780072216,0.05756505922752534,0.04621321909542624,0.20272372026244018,0.008985868305952075
2006-03-28,0.00249491684304307,0.0010028786997438922,0.017553648982137588,2.0097983806039053,0.008094818595354006,0.9717060550882762,0.09561996812308661,0.22515420679005224,0.45243776179310774,0.022355259567380315
2006-03-29,0.0017969855327742625,7.254107306898624e-4,0.010145008857354438,2.029423717361286,0.008303777605064396,0.6646713625776651,0.06771999373183447,0.19319519860748716,0.30492079175087683,0.010922562940654038
2006-03-30,0.0016204558452484904,3.393193218783746e-4,0.005620619044722743,2.5314017822447745,0.007830089906725783,0.67835236156561,0.051091503010406734,0.07226411095009769,0.22155441606939727,0.008302145589607183
2006-03-31,0.0029011155348761964,0.001308864017497616,0.01726563323827713,2.974721246926172,0.008559431398494237,1.2688549029991167,0.05343900536769748,0.029584530869670722,0.19216735233083299,0.011011839828732028
2006-04-01,0.0018029790550918778,7.92212263222427e-4,0.011876856490001888,2.10440280401742,0.008538931022253839,0.6653813437112962,0.07357307427796803,0.02160477081853101,0.19157491347859434,0.014113108976037632
2006-04-02,0.0018607515981452225,7.26128796288923e-4,0.011177167185490248,2.2867689704760035,0.009352615995829669,1.1911442278939188,0.0836859152040796,0.010683500998394347,0.3043690394563575,0.01232129730553033
2006-04-03,0.001929896379187235,7.476772002676021e-4,0.009669840748078532,2.3445027411731427,0.00863273985061342,0.9823844069819766,0.07972865361494887,0.03653826924256813,0.26628639807414123,0.01246335242713328
2006-04-04,0.0012454089018872475,2.658001898042964e-4,0.0036190802062955165,2.3420092028251682,0.008857616511681288,1.4223135688346082,0.08753148764014468,0.19575846340204553,0.3131814694869224,0.015324062702621946
2006-04-05,0.002835940115235158,0.001289835198504057,0.016895251078226092,2.29037771221449,0.008108907457874273,0.9580590520440637,0.07678291353149931,0.08798484772647902,0.2985072356688328,0.014417233256099069
2006-04-06,0.0015482885371273663,3.673773365356116e-4,0.007056742405976003,2.0588089581389086,0.0070790035816299035,2.4257248053731817,0.04696392740635839,0.05577865254600545,0.17544245401578976,0.009845787723472103
2006-04-07,0.0019631298213821724,7.471886212998697e-4,0.010466144404975501,2.043241451672562,0.0072557927635764925,0.2730945696568132,0.05221834479127139,0.04523143682265687,0.18193610025545123,0.00773932037935076
2006-04-08,0.0010307708373833633,2.054773914570652e-4,0.002197216866333408,1.6861739834637823,0.005491213174981372,0.1965331824734948,0.0666184199359524,0.06037813791132433,0.23641230623765952,0.01155258430083542
2006-04-09,5.903773999739489e-4,4.597934379697039e-4,0.0019054521640807466,1.1717911746253171,0.0047100325073664824,0.4077678832873428,0.05838002024684815,0.04534144663616281,0.18689283591369388,0.014478476442205996
2006-04-10,8.0941e-4,1.0757e-4,0.00173166,0.698899,0.003736973,1.1598439160773486,0.06261006277165755,0.026168508677771454,0.1717957254639072,0.008994399557751146
2006-04-11,0.00166439,5.8807e-4,0.00905014,0.227659,0.003567403,2.801910413168396,0.05404559241185261,0.034692394475923524,0.208542181554964,0.019364314050909635
2006-04-12,3.5154e-4,1.2803e-4,0.00120993,0.006021673,0.002206813,1.4293496819922338,0.04038551576092845,0.08543355991085967,0.14551429069357036,0.018842457409023086
2006-04-13,6.2899e-4,1.7949e-4,5.9024e-4,0.1212448,0.002182943,0.5429901601790887,0.02194624243149155,0.028214384669679918,0.0573579759753671,0.0023001246788628654
2006-04-14,5.4002e-4,1.8166e-4,4.9259e-4,0.1798804,0.001792343,2.817575033039905,0.013382944331596093,0.01704615162322596,0.0423483151867364,0.0017997616194802021
2006-04-15,2.635e-4,2.418e-4,1.7205e-4,0.2033325,0.001247363,0.5288426918132428,0.006221289844664448,0.010255903991794824,0.029394001078995695,0.002447735505742808
2007-09-02,0.0032973400433332625,0.0023260427911182113,0.18702173297098496,0.25581071533057326,0.021386182712192937,2.2259367561287857,0.030904098386576498,0.056679426155428154,0.16710517005995987,0.01913032960822275
2007-09-03,0.007497048294008049,0.005248668926142418,0.310598308414748,0.23335105815952495,0.043379292368392774,1.93091556530723,0.007401089776184248,0.03753519663553227,0.22556807780480398,0.019055648314696198
2007-09-04,0.006481209701224378,0.005106232476234215,0.33018747737628107,0.17867179647636053,0.02128011240790095,1.9406384083396575,0.01761292596740638,0.055882350706819996,0.14526274488288213,0.01692769218255637
2007-09-05,0.012279670337790018,0.005819153870034113,0.339482719590497,0.848022079200359,0.0311399409060149,2.0378550754787765,0.03658979423661254,0.047616569694941255,0.30367451661970846,0.018396056294976485
2007-09-06,0.010604738358033449,0.007514375668834837,0.45551848085813157,3.547842458128602,0.03722877690688884,2.2252888633260084,0.08953864492160801,0.07210173465737492,0.7697411265084149,0.0306530342612375
2007-09-07,0.008279973604766745,0.006734251947322212,0.3654449875690868,3.816043470788298,0.03014867449763256,2.2467630074266047,0.11681081272693347,0.05760171730659165,1.1621580330643677,0.037323888608936505
2007-09-08,0.009603679697151764,0.006506142678689809,0.39977983482663304,3.7511206487161934,0.03302097619221152,2.213119986615344,0.12063663343229493,0.05747299263309333,0.9024608090835358,0.031086444482413874
2007-09-09,0.0066671149892583974,0.0051843718569088,0.32401975896685437,0.484026126609649,0.024733118622223924,1.9348873017493708,0.022299324469587076,0.055048973706757764,0.18251112314808762,0.01857633278767432
2007-09-10,0.007358522596288539,0.005578711567777725,0.3537485485136723,0.8968718494611033,0.026888242269283803,2.0859349238735256,0.02358790849547293,0.05501807190957753,0.18491682396971373,0.016407691332151576
2007-09-11,0.006505012193958517,0.005208374196776572,0.32772362643316943,0.5644948343260902,0.025339074658692652,1.753785314794479,0.09034762047160123,0.0560396596787996,0.2144581106139742,0.019930980007390103
2007-09-12,0.006789028888716632,0.005242645878222656,0.33066913769383455,0.2641798981701106,0.026055217420524433,1.9612811247718773,0.01687938359698188,0.0419351277698605,0.23145252353648707,0.019596002573346434
2007-09-13,0.007066413502098918,0.004759387343515727,0.31974233178370065,0.3943582301075128,0.025310443056177422,1.8691440859594373,0.016106259386267568,0.050167743817765016,0.2073300491704126,0.017868824682133543
2007-09-14,0.003822103520172367,0.002779536222529399,0.17484066286336253,0.6198438831448528,0.024349878646514854,2.0200583016421234,0.022757990972976944,0.04722199437886813,0.24214141597865924,0.019712236512361148
2007-09-15,0.0053267546871096855,0.004260985954714825,0.2503823648091017,1.3875981585224484,0.025317485160451857,1.9895934356413776,0.026021824510170304,0.04674796599232567,0.25273886144721075,0.01998172032446666
2007-09-16,0.005902190066265572,0.004260354557760187,0.27998980227790443,1.1716461074340025,0.026019783239183605,1.8566738383392627,0.05693738974040609,0.09950573246751108,0.2013675432413188,0.019685551941938634
2007-09-17,0.005286714402924372,0.003524027079629355,0.20374979257860387,0.8350590851122154,0.029918028576697696,1.7626561159929297,0.021347823152095484,0.04624075964883579,0.19592465187061225,0.022047542998833224
2007-09-18,0.0052398106927563715,0.003462631170247995,0.22885046069255027,0.6380349306713936,0.025513690449031477,1.5007632656144705,0.09726583085449085,0.038987060136203504,0.14958411379234024,0.0193762425080682
2007-09-19,0.0032835391229740205,9.678505137613143e-4,0.08525522613421714,1.127721146981633,0.02489644083156667,1.103137232752521,0.021493457461009592,0.04368146375343465,0.1498597613009326,0.02103463751901135
2007-09-20,0.00501118098404448,0.0024269582127867386,0.1684749271805158,0.8386883443903342,0.026198988768105155,1.8836136391365534,0.019236297694715063,0.05376196124471631,0.12959458741830768,0.016620450296025796
2007-09-21,0.007569236136292024,0.004855610453841,0.2949071818694051,0.7440040615614004,0.032452852345853975,1.9759903617060814,0.02318869381740843,0.047709179985049206,0.22239348248945434,0.020009363521382308
2007-09-22,0.008196953579960607,0.006067536853655526,0.30826013565639654,1.2525380914732933,0.031033482192074417,2.4428395740262685,0.06241784794721218,0.07149220071268055,0.3926973112142333,0.027329552169650054
2007-09-23,0.006085613183801695,0.0032467905685013006,0.19750563025115916,1.2884671517910573,0.03101309583105176,1.8692650842224945,0.023611121943846486,0.05390626428824761,0.1828342877601945,0.020138918324401237
2007-09-24,0.00919170640602217,0.0054903769430468975,0.3302360330719227,2.1347214232541467,0.040374631842924585,2.3445695356510736,0.02563712832564131,0.05413303117152133,0.21624400864676366,0.2915790602379783
2007-09-25,0.0032512620970338584,9.834596026615887e-4,0.08555407337326727,0.41796553621603777,0.02833305411479673,2.3939759646675007,0.021334181023892736,0.051713327773402866,0.1926425348103113,0.022243353298585622
2007-09-26,0.005639609316362704,0.002636518676848886,0.16677153285312216,0.9125884429941571,0.03415899265838207,2.8760637078122957,0.07689945270516689,0.07075922967998521,0.2529546730032193,0.02744339479885577
2007-09-27,0.00480745393742353,0.0019345625337303003,0.14394889056873936,0.9241832587531599,0.03351227199200019,2.0816895161583293,0.023048204113884533,0.06319577477502195,0.20610562526617776,0.021561756815301484
2007-09-28,0.0021785267859057876,6.628170269022138e-4,0.04914095791687943,0.6259305689231675,0.025105874950130693,2.144720828529536,0.023776759645151732,0.0422851302081065,0.17816179285650474,0.02043557844593162
2007-09-29,0.00842994856400728,2.46876547700393e-4,0.04901707410468789,0.26648493711071175,0.02829588770023128,2.159276672323232,0.014470798715790675,0.053267328139177145,0.17081894489177277,0.02082633589125797
2007-09-30,0.0037273261863481977,0.001782996953771094,0.12979434698822595,0.5706988726550019,0.024602050106627294,5.135453146679683,0.021719286163633486,0.05192772713119842,0.2994763490010856,0.025613986191647328
2007-10-01,0.004692596309484122,0.0029624287861639816,0.20564078657535328,0.9484845879416334,0.020740090336254565,2.204820825003701,0.03839245782845115,0.06842874887507881,0.32606985926391047,0.02493595643793516
2007-10-02,0.004129939422322076,0.003144588072357014,0.20291222340832402,0.849178305516727,0.025083320480775665,2.678015408232365,0.03073269739876186,0.057291538006443196,0.2010721719638449,0.018100435984200077
2007-10-03,0.0029917331804196713,0.0024594660579144003,0.16624306408319237,0.6385932139150635,0.01781876493380293,1.7132158534482482,0.048805559386000286,0.0791682836727657,0.18063501927669867,0.018492684977059793
2007-10-04,0.003468148333506656,0.0017164259991767777,0.14081146814332418,0.5618221491786347,0.0185834539294153,2.348399339145557,0.03133005489410288,0.07993616640509789,0.23822439786557043,0.02290533236061385
2007-10-05,0.004109649011478474,0.0030735259567560187,0.21276287740209968,0.6666522863183325,0.022741137049958605,1.8527386880123518,0.021472875046361726,0.05685783464569622,0.19182880601625008,0.019150373907809763
2007-10-06,0.0018594430025652845,0.001042661048849529,0.10055027685508429,0.362567204570532,0.020590917914947358,2.0563719424595375,0.013448788693254124,0.04636842464359823,0.14819701271123822,0.01712442465079595
2007-10-07,0.004843286957731598,0.0031851005530985988,0.20379136696780878,0.8183514923021342,0.019536287595746025,1.9708067954848973,0.017694093650405748,0.05611897664576061,0.45649129059856114,0.020197337352584374
2007-10-08,0.00460749390028994,0.003460550412002836,0.2383166484197938,0.8816117917190196,0.022352198299874223,1.8726342374218223,0.019815304558572902,0.05866532220702009,0.17406523623072415,0.019669891004087035
2007-10-09,0.0018458411627951632,7.056924608364327e-4,0.05707978457322589,1.0705845973743504,0.019626904465905978,1.7095173797617385,0.022068197995479828,0.05528698815120412,0.17494570971257226,0.019801866436695837
2007-10-10,0.0022545503881603534,0.0010925534179860499,0.07799516146403762,0.3772945819660017,0.02002445257524909,1.6782805829968124,0.02292411461181271,0.056022796511318494,0.20569880762214926,0.020599472551569107
2007-10-11,0.003037250779070606,6.315641872665359e-4,0.07968108911563458,0.32783407371827594,0.022706407828421475,1.2044008083269373,0.018571905082814984,0.07026233121060316,0.12523132804522716,0.024017281464639165
2007-10-12,0.0027275126038322902,3.839592136587036e-4,0.04587514545597963,0.32780965082669544,0.020750899272368895,2.1611992609580106,0.018865078242459,0.04812603599670857,0.15139020509596318,0.02065227765697769
2007-10-13,0.005938637163951759,0.0034289882388977497,0.20632058182735646,0.9734915994512586,0.025795228387290935,1.8976879874664565,0.019884817514639982,0.058111530581709994,0.2004401414067891,0.0212006997551378
2007-10-14,0.0016872129916466532,6.981890994766389e-4,0.040267940021923194,0.19730824010942877,0.018204409825910314,1.9129624997912138,0.021455915879004677,0.05785054587539109,0.16525138013004248,0.01767212953021647
2007-10-15,0.0016896370235186609,5.497577859305314e-4,0.08076694488077223,0.0786155860943172,0.016900168736083937,1.8372859898721536,0.018172246585098112,0.05472506582580172,0.14833803470694223,0.016788366388073617
2007-10-16,1.507641403597981e-4,6.495883556466972e-4,0.06332757480836448,0.07763687242894642,0.01684533465035943,1.7711140010314779,0.014115638753820848,0.02755706981873254,0.16589934568966813,0.018140748739405025
2007-10-17,7.407683489332208e-4,2.700579104706248e-4,0.052920509824923266,0.14781987398473048,0.019401110162650486,1.7608604638977845,0.024704624649707293,0.05563480519993193,0.14460220601773544,0.02217165395857127
2007-10-18,0.0025342379487421855,0.0018075309050384174,0.11347661033491087,0.5474871595866427,0.027973618469186282,1.8370054001791858,0.05963047942662965,0.058075283185618644,0.2668297083399028,0.025312729367583022
2007-10-19,0.00587031336227241,0.0042093725721338805,0.2681671125525462,2.819149675197292,0.03274090928929739,1.8781691925582873,0.023591863379705723,0.23818022924679957,0.192391838782117,0.01887180195086638
2007-10-20,0.008209672355488312,0.006011270793536422,0.3781791714493277,3.9042687765609836,0.04502811188483146,1.8384628737956878,0.020624910401578187,0.0770792112128778,0.15265245372144168,0.017436324807354044
2007-10-21,0.00823560635727109,0.0063101796614080646,0.38409033946655047,2.5278765151565454,0.03100785772019247,1.9262812730301797,0.014429537478957668,0.035722878099666684,0.23583160286046992,0.02029804406167747
2007-10-22,0.0063950377498123495,0.004253517524861159,0.2612190816660414,2.4232114630649058,0.027673713709556583,1.8623711571338941,0.022094711349101737,0.05514066068123647,0.23277121288802555,0.01846355908140367
2007-10-23,0.005276898193245157,0.002927585691253631,0.19643183339448828,1.4084907523561843,0.0334024207768958,1.932908590531443,0.0513809699115042,0.06790570253601227,0.37984633383413996,0.03173382517118365
2007-10-24,0.008074225467196529,0.00598770412932411,0.3329053554170164,2.0697760679235326,0.03136360456413931,2.495941313214347,0.11657349504255674,0.06575704911447745,0.5867209569263143,0.03741249118620712
2007-10-25,0.009520196731520887,0.006432608064295306,0.38246420921290136,3.4358567275929888,0.029181698478087253,2.1330742349398815,0.048877781327262594,0.030975842213662244,0.32000999808886343,0.02567787169810808
2007-10-26,0.008105338487128654,0.006253248307181876,0.4180751668867334,3.018738649510752,0.025795185567888436,1.9147094432994396,0.02209716714858491,0.05877745936347886,0.20943795200253734,0.019543563171461442
2007-10-27,0.009544948066698162,0.007190428965829577,0.4142497138305107,4.105045474136554,0.036148664623940126,1.832270304739762,0.024151634457843633,0.055815636110882944,0.18879937259280713,0.019848640444219877
2007-10-28,0.006738924552480833,0.004575873587736882,0.2514411374199735,3.5099769192132877,0.028574130712826593,1.9719964035795425,0.028299001293234715,0.06357332138873192,0.17949293279970907,0.01888094952876547
2007-10-29,0.008847575326937715,0.006123333367876438,0.3510506849075928,3.802194,0.04237941889349711,1.6869941287376937,0.02692806028427967,0.0664596625372308,0.18545326200178444,0.01929614458301979
2007-10-30,0.006233570366585188,0.003945054459813958,0.22036911481922777,1.2348653397136062,0.03128382048865035,1.883334216257234,0.02735845829250983,0.0895072022600472,0.18574188681387835,0.021787642023507935
2007-10-31,0.0034937913731145995,0.004122427779241257,0.13566329033873717,1.2629464483399286,0.024679447572541,2.0559673791594872,0.018229026571740164,0.03906974967517791,0.9067491208459814,0.035914855085597934
2007-11-01,0.006283750650144308,0.004262405755965521,0.25091735209825566,1.3668297371852465,0.03746145617887538,1.564539499580081,0.0468187006849763,0.07402411949461056,0.18137814470542613,0.02186772083436781
2007-11-02,0.0034983511145105202,0.0017714279559962354,0.11870250781044855,0.6345724636309789,0.02605513393242299,1.2029475934254492,0.0187508977290882,0.04532765058147599,0.1431635607144643,0.020300207324021987
2007-11-03,0.0028723951492803006,4.963104492029158e-4,0.0447253665070672,0.6123126820993502,0.025580037951402654,1.475904771015766,0.013429081809684124,0.04776312382225584,0.13537977732204542,0.01782017666880438
2007-11-04,0.00451050244689314,0.001275361812764519,0.1117221647639393,0.7874256684128668,0.02665031378873052,1.5972414177338876,0.01377649514897621,0.04572568565742289,0.17317062062159763,0.018544433928398166
2007-11-05,0.0050194477002679285,0.0023794661538011,0.15797065910443622,0.9133768506570824,0.026092757405948876,2.6018295738758908,0.09178453912617064,0.0391759383735401,0.8069963424896816,0.019856362162196276
2007-11-06,0.004497446114853296,0.001127436763926474,0.09735788502610614,0.8153073520960853,0.03510375163622971,2.0058453414104513,0.02887044648763522,0.059588227923147705,0.22456775260771125,0.022884296094669375
2007-11-07,0.0023425242376174577,0.0013265026328752008,0.0558288510335288,0.5885295913613859,0.024530460437335862,1.8756663160626759,0.017631264925619745,0.05832893067221874,0.18302439599988438,0.01805853362052204
2007-11-08,0.006831731884313743,0.004619614498573772,0.3088734255725837,1.2338666354512915,0.02487050653020561,1.7544335844326082,0.027228721336010252,0.055674010407037317,0.2118313056864327,0.021709844197690342
2007-11-09,0.005820360860947111,9.233593691684998e-4,0.0839547545701999,1.027899131006292,0.032381531899538046,2.110586986472517,0.03013574655537309,0.058989538027410415,0.24167646276756888,0.023117895241347122
2007-11-10,0.003280315454331184,9.699891589411142e-4,0.09037360553751188,0.5610101110873849,0.027350156875912066,2.182465346577602,0.03402872364440149,0.05668776649659519,0.2341397785170431,0.022460828163351414
2007-11-11,0.018269683046252472,0.005129373519043431,0.313454396440822,2.6515917460297316,0.030442737334545,1.8369320018693154,0.019912853537007825,0.029955576968993605,0.19146159043234806,0.021264309332068607
2007-11-12,0.008943700008861768,0.004963580090852569,0.27033020187261725,1.781582199684104,0.0339936398416998,1.9349052530131288,0.03442577190177186,2.1055551074587107,0.2921932455013444,0.022210909424736507
2007-11-13,0.005017048711260934,0.0031458463387401808,0.21728330276008326,0.8839405577338387,0.026422449894928368,2.1661479450671184,0.01388094426077657,0.056323001945134496,0.1937841458709729,0.021499592318653393
2007-11-14,0.010654882153409017,0.005866947211273764,0.3559783307569858,2.1803627722422707,0.044335999356072936,1.9270881292133113,0.019410802809668254,0.055704664873438565,0.19708602005582868,0.0222036526148402
2007-11-15,0.007147339837467504,0.004829747157528548,0.29764183862986415,1.631839956515727,0.027419947455310706,1.6895480319487575,0.09225093291218682,0.09042878654502502,0.29731962641500814,0.031317554731096105
2007-11-16,0.005082807986662982,0.003118121850783417,0.2100089426557355,1.2706306228172686,0.026044281481670793,1.8835528909486297,0.07491516169549156,0.028912709128681192,0.4479139466420866,0.031012955465895217
2007-11-17,0.006128601340067243,0.00392562946240638,0.2638658581252413,3.0237292662144872,0.027221146403583005,1.8691807525236876,0.026186979581070437,0.05349674082796469,0.24392518279671843,0.025368189832287995
2007-11-18,0.0078519646936896,0.0029168304016212684,0.20455461373495074,1.1753562761503127,0.030485088570107517,1.7799272311691539,0.014277117832465347,0.055856386161795286,0.19973664797791238,0.01819358151626562
2007-11-19,0.006865572393932206,0.004174614264840885,0.2682612489910721,1.2074680073009183,0.03149742835046855,1.9014226537618513,0.017143952996569956,0.055142463029112194,0.14487604309830973,0.015169688173960697
2007-11-20,0.004302630625874943,0.002995057097004496,0.1890349583046067,0.9902255796253348,0.02080217687693526,1.7929391838159487,0.011959477813318565,0.04514396856368164,0.1734570229988495,0.019776840958795113
2007-11-21,0.003672029258166253,0.0024762742787700237,0.15860747534891947,0.8206752792948255,0.02042318191411172,1.7475251872440207,0.010143720426624247,0.07843555689846506,0.10545500319009003,0.01517696090716152
2007-11-22,0.017009616365074934,0.003029720401960881,0.1488077905655695,0.7152390000994142,0.05310429668581724,0.9018610565391947,0.024116998940772565,0.06991852575711496,0.18130136702991126,0.013302316372945279
2007-11-23,0.0029064097358474767,5.747201470089594e-4,0.058937627056355094,0.4925023362241544,0.02019197428927147,2.1071208590580106,0.039314620410292656,0.05815641008700274,0.504051693965371,0.023051874560698963
2007-11-26,0.00324651815125836,4.573750508477698e-4,0.023259697739570907,0.04233568507116662,0.013202131910452114,2.2271478952963584,0.013930758711013085,0.00077495960162062645,0.4229115029926947,0.018861530940292203
2007-11-27,0.003408018511654243,0.002253201415105183,0.16503023744756595,0.08496505987283126,0.017084675640825026,3.111237572649668,0.018207272829292694,0.016234826375738087,0.5331395542630184,0.02139313347888523
2009-08-21,0.004020812746689157,0.003373452542085185,0.04448485209292035,0.3026200534179452,0.0076882918645823405,0.32742712772975074,0.008599385463520867,0.0037707194811067556,0.03969461480018417,0.003211092915734143
2009-08-22,0.0029604194811387796,0.0024262172839269775,0.03245532297260035,0.34536089666738473,0.00695672784775975,1.4497541575882005,0.00804717808817327,0.0034786129711476955,0.1669625027334695,0.0032487903755057824
2009-08-23,0.003608659107357884,0.0030005958595800603,0.04466398110891626,0.44967023128453815,0.00760805967597337,0.5559566548288583,0.011397476926602175,0.005882270647638546,0.10287241188528341,0.0028168574285245608
2009-08-24,0.0034464207965852474,0.002868878523841414,0.04157867840223693,0.3154702247096149,0.007080239040275759,1.280862898599059,0.005843048062698868,0.0030588289821866467,0.035648974108363644,0.0029219880008963077
2009-08-25,0.004020586280926204,0.0032859403827969857,0.054644163315865676,0.6631179461620534,0.007391528786817921,3.425007156531992,0.0317085518572639,0.18578321219852714,0.2038050511619396,0.3480955529992006
2009-08-26,0.0024513531922271017,0.0022293080811249485,0.03386331648898962,0.5429974428688408,0.005384687905776341,0.639177878040323,0.009941813627692937,0.006726924625112281,0.04382628296899266,0.006054537763642985
2009-08-27,0.00349592476391884,0.0028164171834971466,0.03706247538079048,0.37723197213583315,0.006268221590257558,0.794485466908383,0.007860244804871474,0.004520129536237761,0.042959209764293856,0.0035689507590335283
2009-08-28,0.0022202937826735205,0.0017438875510837387,0.022580401967443316,0.18667387482454448,0.0053040936919222115,0.09386689183983296,0.0074449001922395844,0.013663716363080324,0.025356631426049082,0.0026793195102646867
2009-08-29,0.004066556616613864,0.0033194906874419753,0.04855385420933235,0.39630829159925485,0.008585998993891219,0.1535904991307073,0.0055879957457093685,0.004128599917746341,0.044669224369164956,0.03182772907377314
2009-08-30,0.0029553757246175995,0.002266178727631605,0.02595952983142085,0.2741703018387659,0.006752054450672995,0.17365804226691173,0.007571311965015706,0.008500808493776284,0.03494056275026205,0.003394824722515877
2009-08-31,0.007803912564548696,0.0027362287411232637,0.043862876336511494,0.44293608572738796,0.0060717655192513,0.42146220190126055,0.009142475814285428,0.003904984945857538,0.048172260465136944,0.007705514777022363
2009-09-01,0.002103676256658567,0.001673926812149889,0.026259428860675928,0.31011188523524863,0.004826074623358926,1.1993216909293654,0.021494215086119612,0.007003004141777656,0.09394084141776463,0.004248620312006475
2009-09-02,0.0040335411759113106,0.0031890253879373553,0.04576939105572631,0.3372577535186552,0.006544998380499265,0.44977070039845146,0.02208918340935357,0.005375611165830193,0.08974578145108214,0.003971969574931812
2009-09-03,0.002351183759843114,0.0024021978573891788,0.036558624870592166,0.13070903710329634,0.004805380824219971,0.2475439643482353,0.016025908327648605,0.00982552201880419,0.0619465781274164,0.003598847865381642
2009-09-04,0.002657529333242815,0.001996838441120886,0.03076561304613968,0.11815082660806442,0.005219272060422699,1.1781357472827867,0.011487973797354693,0.002324280534391942,0.08017573358677113,0.0037699536435920537
2009-09-05,0.0011111057812716349,6.179403862173924e-4,0.007207228219422082,0.13629890438081077,0.00822738913062838,0.28195892615771184,0.014570782512339548,0.0014389030771807564,0.05657146188161041,0.0041433222188346636
2009-09-06,0.0014467330700115347,7.539788746483551e-4,0.011000876372086998,0.1776148018857899,0.004807326774772337,1.34257603889769,0.014185851328308921,0.004417565879923015,0.03750987677071568,0.0024548681315317124
2009-09-07,0.023477315840883792,0.0018514762378024866,0.02427757735145105,0.1803209400640325,0.006778042386880522,0.36913442243027417,0.020272457107733732,0.008606902844994881,0.10329520467485313,0.006648118566489996
2009-09-08,0.0022251816777020704,0.001571380753476833,0.0239733541019733,0.421303104539309,0.005780086716441026,0.46357857877210257,0.009837215794259523,0.003290046650065923,0.04402685042107486,0.002791594865594576
2009-09-09,0.003203293383480196,0.012463499437067826,0.03631833139270868,0.2848451893548362,0.006165640757991176,0.09225740318936036,0.01052280099628578,0.007137673990042625,0.06846284193931844,0.0045354149677697625
2009-09-10,0.001335496660201365,8.528657549872665e-4,0.01148932917932644,0.3053327459323353,0.0039773966292813955,1.2197379883935793,0.006726335999826205,0.0014936526122007086,0.05474597935003546,0.0026533100777436473
2009-09-11,0.002393771863951325,0.002016641590130234,0.02811200460332205,0.25785350846474825,0.009422150040704033,0.35790578362279707,0.007149110232041047,0.005312460323245906,0.0468752575670449,0.003441408439081592
2009-09-12,0.0026869433901364577,0.0020012205175726863,0.027596349699688546,0.13556213998519423,0.007057819978642201,2.648171787342052,0.026985425340809156,0.005926051681195246,0.11044871614543014,0.003953207909481489
2009-09-13,0.0028752844177653107,0.0022717478704303872,0.039943900145099125,0.1365588214522123,0.006234945477171552,1.2860643554275695,0.03123711420849956,0.007138863004009602,0.05423337794139233,0.0036952700430668123
2009-09-14,0.0010807751552495783,5.097990995065213e-4,0.007273640742028712,0.15811960343814868,0.005604989363205162,0.5452775084724474,0.018633577772595604,0.013504403853539446,0.10866571583354337,0.004636959774697318
2009-09-15,0.0027336629100715216,0.0021398914927970017,0.0329157381420594,0.2665652491479077,0.00699668678121309,1.1618987855447407,0.0067102353150397046,0.0020985806593002065,0.04361198642835326,0.004157277114568621
2009-09-16,0.0029852357995830076,0.0024397078816811757,0.04110242550019535,0.36867295738164046,0.005450581746224709,0.32978934491209094,0.005791006376130578,0.002712209862978896,0.03814465060446353,0.0031319509372795097
2009-10-04,3.91204e-4,6.36574e-5,0.001577546,0.1342477,0.003349537,0.12087752419467318,0.0051724427971775585,0.003313333059932287,0.025552975786015265,0.0030145409689136754
2009-10-05,5.34722e-4,1.07639e-4,0.002413194,0.1049421,0.003122685,0.12082048332577759,0.0027550262065223624,0.0029110607632114108,0.029151058671695512,0.0023751429871765616
2009-10-06,0.001864421283236168,9.961277177415555e-4,0.01946500265102494,0.2120404418091985,0.00963949959214616,0.20223857913529655,0.004013953661871049,0.0025608267555908364,0.021509576634425515,0.005270286532625527
2009-10-07,0.002878501320925646,0.002380942589590419,0.031322311117304165,0.14506457470793102,0.007960034111106308,0.1565259843222923,0.005542080427358124,0.0032249178906958234,0.04113204282015617,0.003286383836790523
2009-10-08,0.0019020023648072839,0.0012816284113718387,0.015032031286285297,0.10612920437254489,0.007353420931807318,0.2535852328029375,0.00709217842398441,0.007996829840217247,0.04937951263522656,0.02719510814242352
2009-10-09,0.001976485414520431,5.550132691485853e-4,0.009387339660007888,0.12501199259991178,0.008145418419019983,0.2455502081742797,0.009052178031213647,0.011441705756024404,0.04995410973723483,0.003644718048108248
2009-10-10,0.002647897356512758,0.0014643054237113786,0.022709656827740395,0.09336373425187641,0.012715664025357426,0.3208818949479767,0.005101696941058239,0.03750814526608735,0.05179396307812427,0.0036345730427879697
2009-10-11,0.002851230940112884,0.0016092262251225743,0.02512198214060196,0.11265993301075321,0.013455774197156179,1.546274062270141,0.007817707123767876,0.007171754248428205,0.04779286366573462,0.003449616339317896
2009-10-12,0.0029735836807170905,0.002180461777565237,0.032163643731121516,0.08708651170450335,0.015211349313130673,0.460878925413324,0.0066339341973569495,0.0065757000019961405,0.04115591001661093,0.0029909640431772157
2009-10-13,0.0027682493781017994,0.002072041034532135,0.03562152172020113,0.0839397039157817,0.007731227314295318,0.34663820778621274,0.005805395762321549,0.010027502814843195,0.0349208259555097,0.0055901479392789786
2009-10-14,0.001234128720193927,4.906092676494834e-4,0.007396377508018503,0.108780422954266,0.0059126020344167415,0.39645651210899535,0.00347776715292456,0.0046788565791251015,0.027627202697670567,0.0028849902434679047
2009-10-15,0.0031625924170725827,0.0015141882993442957,0.02206712024991537,0.14222456652963933,0.009488007950200926,0.2529018906230509,0.00468713022089007,0.03324897619638874,0.041129985210965,0.015609854405254394
2009-10-16,0.003960817284606045,0.00289282209043885,0.039292148856995286,0.24837541917158387,0.011601661293568004,0.1850151286513211,0.005803715097288029,0.008569245384663809,0.03557041045840101,0.003611143423241038
2009-10-17,0.003330515746512092,0.0024770588448573866,0.046480195312990025,0.27293675783163285,0.01599515459214346,0.12224111440853401,0.006125575996447763,0.0037535430515341106,0.03851901701030414,0.0034991743822420456
2009-10-18,0.0028571087645774163,0.0018230540134487403,0.03081310253808319,0.33724686439275325,0.01063556614215501,0.13877300357532152,0.015824977283905497,0.006793108119287716,0.0749696548929528,0.005009725314680237
2009-10-19,0.001917321193877085,0.0012611088980102752,0.02288726681440796,0.3937977801904678,0.010966777959949678,0.22436770053683955,0.009860851277260852,0.003420978027423444,0.04217891513113276,0.0036639664362716263
2009-10-20,0.0031676303825713317,0.002380939303387216,0.04223099401032019,0.4071684521493408,0.014956555459320372,0.2119882607724777,0.010936848387097903,0.0028709286588020607,0.07621852480002746,0.004861553600266585
2009-10-21,0.0017900121031538445,0.0012023130775523237,0.019314072181379073,0.5505303710434329,0.011462837991360997,0.921708461977094,0.028670784559525365,0.005186819337985275,0.14562679973601184,0.010687762366941408
2009-10-22,0.002359862223575563,0.0014437083421812349,0.02334758091608028,0.41727465590416585,0.021033260669227512,0.20013747443042745,0.01165408226072212,0.006005918700823464,0.047640408919622006,0.003949165557166349
2009-10-23,0.0020240251166712335,0.0011978441803260596,0.023503458329437395,0.29859921723429234,0.011792758973814823,0.29392685515522393,0.009700103778091603,0.004574071096411161,0.0544716852668742,0.003807544248063442
2009-10-24,0.0035495301842956625,0.0023540421235459423,0.033806580903846695,0.08877437387727047,0.023002274373640903,0.8603784623641927,0.010599899816240292,0.01997004136739734,0.06627661487747695,0.007286050121507125
2009-10-25,0.002943178298109323,0.0019406916339364945,0.029262938954540588,0.12818337222906645,0.011536228127038924,0.5796171062783516,0.009484606404579318,0.01651603192424951,0.04430533364971535,0.0034174983978220094
2009-11-02,0.002106443985547919,0.001155545782581228,0.016742791470068723,0.0967986666434254,0.013557556649117791,0.2693494860301183,0.004933470521922777,0.008882172576119722,0.0347049762790204,0.003179451817004466
2009-11-03,0.0026108725008450718,0.0014010788748626004,0.01981155746854661,0.11806778675358068,0.013778225961598793,0.23418082387353603,0.00780916880260409,0.012714468958539952,0.038691285964629764,0.0035135388003518617
2009-11-04,0.002732601129348738,0.0018955197202991584,0.036900154495527526,0.11437534979611035,0.006880052562893542,0.16999273171210055,0.012485098884861745,0.03583507804573619,0.04496481390609106,0.004011479598917462
2009-11-05,0.0036278139907511796,0.005189935990621781,0.032144403851356786,0.2002931587799743,0.014404060572118023,3.3492151867250635,0.01301500960407963,0.050603906151198134,0.05336645190573287,0.0045786632800918
2009-11-06,0.0021815146760905597,0.001283906444374301,0.01934095950962736,0.13454980474322215,0.00934623488999517,0.6829751024036308,0.01614544630526555,0.00879966584893364,0.0994021817236141,0.0054533544817134344
2009-11-07,0.0013322019174742243,5.582209182536963e-4,0.006421441670046454,0.11311078092109965,0.0075625417387299755,0.21443942173992264,0.006386496161129826,0.01657745280091486,0.046036601253642784,0.003672118711700236
2009-11-08,0.0028576905741325457,0.0021714250349002175,0.026916944161977634,0.12741530487493485,0.014470881212519713,0.7736101160124955,0.008720629188552568,0.041789511571737104,0.030645432206657178,0.0030982364187908578
2009-11-09,0.0032872163231173275,0.0021568839546718525,0.0373293899677841,0.13570967365656217,0.014043524722376076,2.5776702939071456,0.006752010206111658,0.0023916307108019686,0.04417964997506849,0.002871450907928603
2009-11-10,0.0015954289732549205,3.876316230066118e-4,0.007964684863905162,0.14431387898522927,0.015120108787722693,3.4881952129766547,0.004974171973551478,0.005445041958033473,0.3907965452915205,0.007690641934991968
2009-11-11,0.0029211743656964405,0.0020839980332970566,0.02339268918025187,0.19581198350060092,0.009486192532798447,0.12364368260639522,0.005768029331420914,0.023650647203353505,0.03228900911520991,0.002466766300714156
2009-11-12,0.00280149963349364,0.0016935326018014416,0.020434202314429134,0.24550719236961266,0.015486962471495306,0.6801520652234837,0.005986093792281741,0.017457891856609866,0.05341792924352272,0.003381741870653791
2009-11-13,0.015198078364052478,0.0013988921296924273,0.01531105433181458,0.1896112054897811,0.020631050069446516,0.3992065102811312,0.0076527291863360755,0.005266811021695101,0.13160051874883746,0.0036900103813956946
2009-11-14,0.0030470174602242194,0.002247605152739309,0.03423563771495866,0.21192625647323646,0.014017416742543148,0.7564988580217991,0.0069487520949429475,0.01343263454515997,0.06846579082745254,0.003891409441076716
2009-11-15,0.005480422600195536,0.002063593678144271,0.034032064364051214,0.17668655269245734,0.016965642656319977,3.705101321235762,0.006943058132184982,0.0016134163536449602,0.0741201342186116,0.019261831174767912
2009-11-16,0.0030159555673840753,0.0018894782485482547,0.03204390298155485,0.27655396653590053,0.01667409721153796,0.38894665089786334,0.010988148863239552,0.007782594615228137,0.1169810802800823,0.004858870243047348
2009-11-17,0.002734868063714089,0.001510040526678506,0.025689717722114896,0.12882077650001728,0.01206941018933241,0.14459010276404466,0.008384092668613879,0.009856674938212276,0.06438670291301098,0.005616237692554776
2009-11-18,0.0036171052104667896,0.00275202474689909,0.04130818071539855,0.1577228379208921,0.008887142838975133,0.1759231078261227,0.006096131426905509,0.012054036913416352,0.06474202184077893,0.00293894586390784
2009-11-19,0.003486511767815792,0.002300251581483547,0.03489402416382962,0.24719397682486116,0.02740504406260643,0.25881188129378857,0.0069061645567891185,0.004922384104612216,0.06309252305913693,0.003420444336990298
2009-11-20,0.0018946617886931695,4.3648677027477016e-4,0.00897204839706686,0.24433874015910784,0.018002964924500243,1.6725627358617252,0.01535588264683867,0.009994461409105595,0.07129425595134226,0.0044981517806683665
2009-11-21,0.00395213258672378,0.002502611379900004,0.03965687207255005,0.23206943502951868,0.01602223810664331,0.4259170473837962,0.012903382528354726,0.02566902567589968,0.06101421315053075,0.0038140527521829063
2009-11-22,0.0046468048388923116,0.0033277935737217835,0.05801112772202933,0.1751794361165722,0.011654129192506706,0.21111920410146895,0.010708041954074377,0.01105677969002806,0.04269965969921306,0.004332177395740969
2009-11-23,0.0036440819468148626,0.022777795513506543,0.038228350926484404,0.2020013525239908,0.01495006142859353,0.22230152065528588,0.032816437961736854,0.1621340002525483,0.054606404942436924,0.0050431210081060916
2009-11-24,0.0185792727630681,0.0018326402062188993,0.027098950893748634,0.2444267478369045,0.023898614764381262,0.34794365595292137,0.013563305148515755,0.006619129869808757,0.0634694301822263,0.0041084842244045435
2009-11-25,0.00672802574555575,4.1665318104299885e-4,0.010769707582441782,0.15666564604514865,0.009439638397510415,0.18406642048264316,0.011374717484872888,0.008840535424133145,0.04071301335218139,0.0033261716818437075
2009-11-26,0.003467797096265149,0.0022677476956998546,0.033917030363023015,0.23253214084564738,0.015133175833991356,0.23961872316907623,0.00946280595468231,0.00429382543100916,0.053228583678773575,0.0037489142865659115
2009-11-27,0.003463037905259629,0.0021765448492279435,0.03346387478013567,0.14715727593838743,0.01556291505482739,0.35274268291699545,0.008092445761721113,0.003453501548370436,0.03987589988223589,0.004951547028597628
2009-11-28,0.002215015587556214,0.0010407103073692794,0.015955181922599693,0.12351834155594585,0.019838123307355387,0.2767484819660388,0.005712596059452655,0.004963833703893997,0.04076825563466997,0.0026284949240666226
2009-11-29,0.0016326411560398078,5.80945469070893e-4,0.007210289628322915,0.1731817458753826,0.01499539096871582,0.11639887124836348,0.004688284221056249,0.008127499391483106,0.025101654228801257,0.003106266215674536
2009-11-30,0.003878670243485646,0.0029707183814474745,0.04947727536320589,0.16839019639907454,0.018779161139466507,1.5866140671089655,0.007181283545193854,0.00227628328839278,0.02629978459960174,0.003084183672270063
2009-12-01,0.003063662041287191,0.0016889987855897182,0.030672632590576798,0.46713165067857476,0.021557361689832757,0.13217580259897838,0.006764126526869969,0.002783732030289733,0.03597298690821307,0.003028339253466824
2009-12-02,0.004046129268520131,4.7552087471761957e-4,0.005544863398887388,0.1486892401021826,0.010433397963455913,0.07446171834587556,0.0024467624641679566,0.008354797011382982,0.012486589890322338,0.002426669313404486
2009-12-03,0.0038550544163997217,0.002918244417724952,0.048004678660491,0.12905228501780236,0.009967937053624336,0.12458061735003771,0.0019266221710740278,0.002607360292996156,0.027979879448381137,0.0019340039547040746
2009-12-04,0.003688992368517181,0.0023146755196047455,0.035756137186255116,0.2113850304830018,0.019569768719857702,0.09177965219203274,0.004486483484563495,0.003037526017742276,0.034723469460779637,0.0029564461959245936
2009-12-05,0.0035450036640689102,0.0019168031921621476,0.032619237210975614,0.2356921342413395,0.017675510085046964,0.19465973135467335,0.0073295954801201,0.0016926203502398228,0.03168239229642774,0.003130108979598953
2009-12-06,0.003020321759599795,0.0019488992296212264,0.03779056465469233,0.14272318438284684,0.011448522922705925,0.13145348293561565,0.005672085075410982,0.008419290074356506,0.029086634328863145,0.002934136153320258
2009-12-07,0.0022991957588300305,0.0013059763706130875,0.022181741770669162,0.22796411908050376,0.015737241509768157,0.9734849739092164,0.015422585401915863,0.003749251801303595,0.07109240521156028,0.004065985858671301
2009-12-08,0.0028521306306410654,0.0013129723955119163,0.023553081905198732,0.16601230280033014,0.016514009350678382,0.4018593218176983,0.007248363668823744,0.0035765594056278442,0.022736667102689345,0.0032742415229255768
2009-12-09,0.002841361856400466,9.441273476536574e-4,0.016849791261768825,0.06422208095646934,0.02448228605424992,0.6995031125496084,0.008698953598811123,0.010918104052176825,0.03626425220480357,0.003187181765818824
2009-12-10,0.003316866305679805,0.0019523096642105728,0.034141584530390505,0.08377991349431319,0.013638903863370619,0.38463571869366525,0.005381058921658543,0.0025182298882510707,0.021102572202862498,0.002896330969883449
2009-12-11,0.002367740006441216,0.0010778582185529272,0.013856391887465258,0.06581231412929726,0.015970500653392866,1.3268174572001756,0.009922526292398473,0.011556618461350275,0.045878723728281716,0.005403824154186551
2009-12-12,0.003860547420811847,0.001242952867055332,0.01784516094608967,0.06419003163847951,0.07268071667205134,0.821188979348341,0.007626262297429915,0.008425426850448937,0.049457811830137165,0.004564794568069192
2009-12-13,0.0023513122465364422,0.0017096264412660444,0.022705647348585243,0.1392291832480364,0.014009375342227827,0.26094728968771985,0.004409445807287918,0.00565556786119548,0.031519147734766245,0.003388283064069028
2009-12-14,0.0012481387538647295,2.892195329909272e-4,0.008255602218741767,0.1934313135090614,0.008352209430710536,0.40563343068805363,0.015359786954656306,0.009837459221198632,0.05519775521962646,0.005927214711606371
2009-12-15,0.0016332204612471183,3.946365510430737e-4,0.010354995811342707,0.12449196414501058,0.015600891830775735,1.009790763102317,0.018741852110921803,0.007809552100737724,0.07179645410272571,0.008423159101294122
2009-12-16,0.0026416892892081384,0.0012072265805992636,0.021663887793350944,0.07953388914435594,0.016602450013750682,0.4430678583230338,0.008402446384748968,0.010663113575926362,0.054643309888736606,0.007924415291523091
2009-12-17,0.0013587998564181555,4.1956758522793445e-4,0.009228135238124657,0.1264166966673568,0.016033077238805593,0.31749312832204735,0.010423368534978938,0.06416777817184081,0.06322380629838713,0.004715633564369585
2009-12-18,0.0026237795913715773,0.001173413889692472,0.02298853360513702,0.1479217238024527,0.02688573497591323,0.5134470903651355,0.01291966898675504,0.0301943507943514,0.054128286300205365,0.004155492455638561
2009-12-19,0.0024010286996314725,0.001258565360551672,0.01933202666083502,0.3125004895632165,0.015881012595866547,4.909649371742718,0.01316632629111511,0.04767026799251631,0.06273158332257364,0.004136587868982962
2009-12-20,0.0032156700600481387,0.0019006417673721266,0.03567328332117802,0.16503630729951183,0.024095592304720404,0.3214072974453909,0.006941773948196455,0.009139331526806432,0.03676375158706875,0.003893199914211573
2009-12-21,0.00280461935396606,0.0021556714016394054,0.02822991717576047,0.12157595699251064,0.007542598414775706,0.5762745315201168,0.008267611952262575,0.010925456132056546,0.05642704590755128,0.0037301104241342503
2009-12-22,0.001479893907176964,4.89724244161255e-4,0.007404987444591989,0.1506447499324238,0.011690502250719126,0.34475320697509165,0.010971762427022424,0.011706523248268975,0.07567511205005117,0.01048937101625741
2009-12-23,0.0034575753960955067,0.0018545052313094187,0.02817415592973328,0.1899381534836677,0.02745201908818548,0.613859051535611,0.008146857466222237,0.019747367324990436,0.039512810855029036,0.004993628205342985
2009-12-24,0.0031583074546186916,0.002321331914727166,0.03318292564397865,0.2978093294152588,0.015011355039011168,3.352640643402363,0.0063085459932585896,0.07412518878668091,0.031900842296395185,0.0029999989782521596
2009-12-25,0.002896379108306438,0.0021108036302239985,0.03872439037317147,0.2706948601397152,0.01384084366656679,0.4530455717417757,0.024609134535588648,0.03608877617670631,0.0467919512052885,0.0038014382497686323
2009-12-26,0.003834147224247525,0.00260896685555892,0.04302649900367098,0.4537524258735484,0.016142096242331476,0.5547480624861193,0.0049372644071281014,0.0224161623560866,0.029385352943495507,0.004075281165727464
2009-12-27,0.003878731698949373,0.0029644928934461387,0.04314207414454512,0.5012873747954261,0.014960671575334077,0.2790710820464508,0.11554515360411911,0.015786442942326208,0.10038555959683906,0.004454938833823423
2009-12-28,0.003643031830714769,0.002909263683928461,0.036040283487620756,0.4267188758611107,0.011310283449548734,0.3633535600518559,0.00873505985690556,0.004306703009645662,0.0426573641419685,0.0052424885332340975
2009-12-29,0.004159602932942878,0.0029947050832556115,0.05104557409950739,0.4892010204370694,0.012089810380207044,1.0172886627921127,0.006250225166551442,0.006629322010917632,0.07806484136825617,0.004554192092387958
2009-12-30,0.002877596372352956,0.001980699651025617,0.03730362151822952,0.21566376258682612,0.008923122849209798,0.40118318646494655,0.007241218771278423,0.00816062046428003,0.05289279679399171,0.0036166714704132306
2009-12-31,0.0037728466035025863,0.0023836015295582123,0.04257394364511467,0.26093405766020655,0.013221791569865634,0.2930423931541653,0.00918208721149135,0.008742828930035475,0.05647451646982204,0.004328830466850602
2010-01-01,0.0026919856488926536,0.0018429680022534302,0.036055530894426625,0.1402728292172793,0.007288752648908866,0.11103616626128489,0.00845011308753948,0.009905699273776688,0.05329070497897922,0.003966830171181519
2010-01-02,0.002808805485950745,0.0018762049129062743,0.030664765202841518,0.1213114231652671,0.013227733046414038,0.11174364809326241,0.007706558031792079,0.0020011876174891746,0.04258578926825356,0.0027087991839619637
2010-01-03,0.0022874966694969175,0.0012413100009935189,0.017810077853992246,0.1696220296330406,0.013816753041358053,0.20487458164007072,0.01289585397069531,0.008888447875007987,0.04825914008696487,0.004679025961833617
2010-01-04,0.002893248283512668,0.0018697708382208794,0.0238311089909534,0.14016795499127183,0.009421954941687261,2.762285971730543,0.01367935518686495,0.004589117926936205,0.11439858059113409,0.0032995990405443204
2010-01-05,0.0037256900904161366,0.0026136018114434035,0.04896611820560666,0.10190441413203159,0.00875868637240688,0.9474052273247441,0.012736571148934788,0.010508754831532848,0.09761486647531256,0.005818515910704464
2010-01-06,0.0016668295046126012,6.537843624109864e-4,0.015579054930881558,0.08044501994629687,0.013702205030993588,2.5804439684779052,0.03501375130757127,0.003983073016173353,0.0928340485817946,0.012015714035189794
2010-01-07,0.0025336034644062298,0.0014583823042249723,0.023072054009675862,0.012047007015744158,0.004673303313004732,0.6963069627257956,0.008680217699066734,0.005000726272883395,0.056433933252954725,0.0041329778507074345
2010-01-08,0.0024713873372179036,0.0022087074054417555,0.0386831784884044,0.010207464303421737,0.005148943428925298,0.5942198906309493,0.006391969380918998,0.006021724574774489,0.04728032211064689,0.005504719165144213
2010-01-09,0.0012333801965371425,3.2578302378448145e-4,0.0067638405445398396,0.004352830299751646,0.004021351359069361,0.4397784818152082,0.004135202664196641,0.002240110445753959,0.028407993473965543,0.006720562711085732
2010-01-10,0.0013550238478437862,8.287847931918031e-4,0.014270987565004637,0.02233277423447452,0.013189499369227097,0.28068470788780353,0.004376684846652087,0.01031034803444001,0.039542283933562815,0.003720463836149466
2010-01-11,0.0010567474582514843,3.121076555834203e-4,0.007850211289110695,0.05938440064021527,0.011654444243491536,0.325887854647525,0.003162547274569821,0.003907039827527869,0.020259479169655373,0.0036488834049306093
2010-01-12,0.0027760841809127473,0.0017122687625714603,0.023125442001474327,0.018354290490662614,0.013116805247507565,0.4631802211421888,0.00433783154384515,0.010388051575140451,0.029054594852000414,0.0034335814414803096
2010-01-13,0.001107740318483759,2.5036845570308974e-4,0.007109223389494594,0.018584081797045127,0.015225993543514754,0.2687887826317142,0.005137819333817121,0.023533425442395353,0.036512302519674106,0.004162577765623364
2010-01-14,0.0024164037674610675,0.0012024586439174944,0.023326401873623736,0.0638956867117789,0.024459841392822253,0.6160046220818558,0.011170700020676144,0.06052734434572134,0.11711110500839449,0.005900549891982781
2010-01-15,0.005316382372656452,0.0010824542255847404,0.014227019540261059,0.20861350130770537,0.011221591830828147,0.7367526791600693,0.01929747992333924,0.008166348467355406,0.08805765902637261,0.0046418999936867445
2010-01-16,0.007481851613306828,3.7846455965754574e-4,0.010230927184261112,0.06895320610356055,0.011002943607896115,0.2130405613778278,0.011736621361741589,0.013173039621705575,0.055185063085085806,0.003977844505560392
2010-01-17,0.0018642763842011544,9.654991098927745e-4,0.01350432698508241,0.057651907968011784,0.017160924805741967,0.3672943221478368,0.008395910594939063,0.010471600486270426,0.06117533444895091,0.0040922586274382755
2010-01-18,0.002065009296202562,0.0013737059593840488,0.02080334807207698,0.1623501198910198,0.006879867604078802,0.3065767954493295,0.023937450966675232,0.0059726149745340405,0.13336327657355343,0.00613666401168925
2010-01-19,9.709187070831419e-4,4.139676341851981e-4,0.008728412875031405,0.0844673827863312,0.004261445464088799,0.280116485392738,0.018854922679871298,0.011122547148073323,0.09894705212783352,0.005062235942633353
2010-01-20,0.0016897955265130962,9.470980362549593e-4,0.014536327655808565,0.03718512859481462,0.01089689553447389,0.23487939672192812,0.00976636671670376,0.008536559950849346,0.055746789154081336,0.0036783719337954396
2010-01-21,0.0017143098255008574,0.0010115220295845713,0.014207539072506856,0.06818359083452337,0.0179446527324997,0.2001363048882276,0.0043238984057742385,0.009192776933247375,0.031242232526236022,0.0031972192172131392
2010-01-22,0.002356152186961878,0.0018214857251743508,0.03328292652420512,0.03508532127040594,0.015663603910408483,0.1943011292014807,0.0030961455776250656,0.01901056571017381,0.02695795486775822,0.0029486400681312396
2010-01-23,7.314436588295779e-4,3.6430048551985215e-4,0.0072767219011064315,0.06778865071621798,0.005176517931063796,0.20257750036018315,0.004138599448837372,0.021335826167505793,0.03603254116276791,0.0034483487965861286
2010-01-24,0.0026397890688698972,0.0017443994222783382,0.024903914952460568,0.1777802585297122,0.01900659325437331,0.29836698334879297,0.004878332843070264,0.03324571995761297,0.038280468192697176,0.0039061456253611433
2010-01-25,0.0015940989955943764,7.946083138346716e-4,0.013164531303972327,0.041913317742970434,0.027522299283010296,0.332497013782515,0.0069906652029479285,0.034292186436874934,0.0435926308795466,0.003967241064805742
2010-01-26,0.0014948842616733654,0.001013682862895615,0.018878039686853455,0.07691715855035273,0.010405399729811105,0.26256222045416205,0.007732910010908312,0.029489824709091103,0.04227944923721334,0.0038059959743731993
2010-01-27,0.0010351302202703243,2.7747876207538836e-4,0.006743029618021413,0.06997843160769324,0.00647438764234912,0.20450903819469424,0.006609582133003341,0.02992887166372822,0.05304562820231749,0.004995886539472048
2010-01-28,0.0014794328186268785,8.283326366111201e-4,0.01578605913483622,0.058054814143812396,0.013744611761162845,0.18742920483973463,0.004460087350888375,0.014815600750701336,0.04250437126644505,0.0035687773343746174
2010-01-29,0.0010463317145840987,1.7599542706352487e-4,0.005803814781538346,0.10619154532946633,0.010986557388352823,0.2275342527848201,0.00438372498670115,0.007082239722881597,0.039233124446794956,0.003693881618072512
2010-01-30,0.0029568026964550743,0.0023119552705268757,0.032973786271420044,0.10445958503947735,0.008061403544328617,0.262323995863652,0.005343286584389518,0.009918434891409984,0.04426083459492816,0.003790542460537674
2010-01-31,0.0023469488010293277,0.0018172489408023464,0.025421443042946815,0.44040138135578094,0.011330760580700353,0.2166415252549319,0.005445638557406928,0.008458681614914998,0.036195167597778244,0.0037540785112661133
2010-02-01,0.0013311247205006261,3.8494624551685256e-4,0.006567967308977565,0.13630193292566545,0.009532685190968808,0.2668101002650996,0.003987018251249308,0.0038390393514783475,0.029895702347210375,0.002796769248535352
2010-02-02,0.002350156706137487,0.0014267464626730286,0.02115048189245342,0.10328987748350417,0.010500503260740411,0.26858268314938044,0.0026717397928103423,0.005754479139898588,0.029224824830587092,0.003391085043598435
2010-02-03,0.0019138634391047864,0.001470525346649625,0.024248599441707513,0.14923885930729905,0.0090137224539056,0.46246216746055985,0.004964030236150561,0.014749624412544,0.04191591232401962,0.007384059957802144
2010-02-28,0.0029896004590102003,0.002251089641244213,0.04010560485453734,0.4030871256225507,0.008834939938584925,3.765970207662785,0.01886975845231266,0.09259329967312788,0.057051620599699884,0.004231796073658087
2010-03-01,0.0024241546564243792,0.0016458590263184784,0.024271612004211834,0.22889273971874774,0.008921626263549655,0.7066453954207736,0.03724207301567495,0.018051905127803535,0.09893799931430486,0.005175389860516211
2010-03-02,0.0023151421849418345,0.001437807079683394,0.02021228208045566,0.19089170708182085,0.01600447438518935,0.3629749325340031,0.023458391680192165,0.05163698296024907,0.07690646783762013,0.005191323684853989
2010-03-03,0.0012810319706089502,3.0886440795313406e-4,0.005419553434254247,0.06928869370878485,0.012964349275687306,0.3624656333214007,0.00969277377421938,0.023295691921961025,0.04807628925002532,0.004479335137219362
2010-03-04,0.0024279016350859436,0.0017859566023330465,0.023616747596875272,0.08261005531479143,0.009684973427998757,0.3022069467647773,0.01061495920907928,0.022988293073429006,0.03408677698816654,0.0032829498820082527
2010-03-05,0.0021210828243069624,5.954125778376285e-4,0.011711104845980374,0.0855344156421139,0.018206709697185294,0.276267557569803,0.009271451413254238,0.017272670381812794,0.03665577494430311,0.004064048174576429
2010-03-06,0.0015856612847131002,8.615490363105574e-4,0.01651553618301934,0.10214698925161328,0.009735100662950845,0.28654610426746335,0.010722134506470528,0.027056785652312672,0.043092302918107075,0.003648356164125016
2010-03-07,0.00211881912671569,0.0010533933133305433,0.01886890866008339,0.15847377278741015,0.009236721557393619,0.3032751952749418,0.007451030379715614,0.009831329966652274,0.03488528052262731,0.0033304893916953106
2010-03-08,0.003090336020306368,0.0022856927251990807,0.042371867536396,0.21037345134269414,0.007701889549879433,0.6014566378541183,0.008748155970768296,0.02012092896405169,0.04432921438270929,0.0040241039433056396
2010-03-09,0.0013236779419848507,7.488169762291717e-4,0.010671694251112942,0.24239325370682244,0.009379836773133369,0.33940301740062195,0.01948903963854207,0.00665322018256638,0.06659987325899802,0.003810653664308264
2010-03-10,0.0014978246854879277,7.518103620707885e-4,0.01245775074803606,0.11473815259065705,0.012883007760579242,0.6719698356734859,0.020342043890673817,0.008982129858797913,0.07327484099283396,0.004531178288636522
2010-03-11,0.0027506142654238164,0.002245100392614326,0.04249353502692367,0.4178658091619127,0.007354387621491881,0.6948695216521875,0.0353286813007707,0.007637770312592347,0.13416011174216724,0.00698250065317061
2010-03-12,0.0021094634432487804,0.0015334299906129558,0.026412225578338982,0.24653582019533066,0.009176162754148653,0.8818136255983631,0.022543510278737095,0.012435495390966658,0.09612996840997867,0.005479960602491773
2010-03-13,0.0019541389553137953,0.0011369349852574245,0.018142881782699377,0.2385552645756201,0.012907108054517093,0.8937175982195158,0.024602468834607247,0.029638647525954184,0.07574972434434993,0.004286703042369159
2010-03-14,0.0023522857950213022,0.0015417181399065786,0.022321809083932356,0.32837012034632507,0.009526506734956995,1.1735768506235158,0.026645815238214295,0.008756226160289546,0.08524205484986322,0.0055467847380137264
2010-03-15,0.0022451531998117632,0.0017069830823422884,0.03032566977547098,0.09545209528945711,0.005649860687411063,2.5846740664817394,0.016797087948696734,0.015507011539140126,0.0754703606007345,0.005577577665117448
2010-03-16,9.222163420788259e-4,3.527881620630857e-4,0.006792274857303185,0.07041942587869557,0.005688944355947771,1.594148377345738,0.02205929506411526,0.013063886753210394,0.07385975588218323,0.0045368889704137565
2010-03-17,0.0016954270699553224,9.465721443543857e-4,0.017294683162522348,0.09129342375100191,0.00805428724858724,1.9446457178919792,0.021999559983010567,0.009232999900225388,0.08724385529376669,0.007487707790027801
2010-03-18,0.0011843604631180703,5.40208325620311e-4,0.0062811839168166374,0.1820541496504106,0.017137923100630514,2.407276357177532,0.044430841176359974,0.014947876142291285,0.14918501886213006,0.007767987685044371
2010-03-19,0.002129205949001646,0.0013018578466092218,0.01603979089356772,0.14289046145344517,0.007962225310868942,2.767414341693092,0.02797211767267119,0.01533543653630548,0.10681290305390122,0.005134984557547374
2010-03-20,0.001471266941318264,6.107311561881463e-4,0.010053084896810381,0.1411707426611513,0.009761403726861675,2.9173723808469703,0.032048561126184885,0.005774037270185593,0.10167618663731492,0.005396219738588302
2010-03-21,0.001158885145691,6.840554079705671e-4,0.008158202282336104,0.13220842076902098,0.00595162054148221,3.8170058313303548,0.022294898970953533,0.00601288125688303,0.059194966294974775,0.004958299156254793
2010-03-22,0.0036588185018546627,0.0028924722432165186,0.047137840449119006,0.1676967777121898,0.010681321389446767,2.3946625442225673,0.10061856001046669,0.0021772446412330424,0.09036391291626432,0.005427262704073573
2010-03-23,8.831595003876705e-4,2.5089677928228276e-4,0.006049928148706727,0.16516604464666973,0.00670728909794434,1.5823575876540201,0.04929377783762958,0.004106564164880174,0.17472231309909447,0.008595825894890961
2010-03-24,0.003083491704847931,0.0020439068780542546,0.032690709461253666,0.5765108919972805,0.011507173981786623,2.314268537961671,0.09006755883992802,0.015231979836129676,0.28476188746190034,0.014013831751530521
2010-03-25,0.0018897645943841716,0.0010229645095736655,0.015578578150168712,0.4024648454108011,0.01615249270977198,1.6279284537848862,0.07746630887338496,0.020242141634900297,0.31034939261171834,0.016673320250186793
2010-03-26,9.764862470229676e-4,1.745221680844299e-4,0.006920269743734127,0.9034693100508119,0.005560431911025707,2.3347665228655177,0.113595013792077,0.013021320101368482,0.4156714970681372,0.029340570837070465
2010-03-27,0.004249068176810182,0.0016669982843818573,0.025506556424927298,2.189028109537509,0.017489363543239104,4.011637059201791,0.2558498861176102,0.021545455080158437,0.8630990750972741,0.03797927192845172
2010-03-28,0.0010722105220864464,2.410408030299472e-4,0.006671094506809884,0.48898042352711835,0.008582720535804366,2.442609688133004,0.3923108345864464,0.009497987668212936,1.0934018126624705,0.0323487573437476
2010-03-29,0.0014219333521604486,6.725698881746212e-4,0.01655146550408721,0.6006105792265901,0.011591212271752251,1.9792859892175816,0.18561604425774753,0.01204820753871023,0.5709469432859908,0.017407585443903646
2010-03-30,0.0020934051577547047,0.001368817381981716,0.016203503195586378,0.22948645313380503,0.006089148135292982,2.681204432191975,0.18729797211586574,0.014415655953901403,0.49355529992309116,0.01959403862319772
2010-03-31,0.0027111875643890814,0.0018954246082469252,0.031022423297513948,0.9522650861986122,0.010012048254796117,3.32529721886939,0.28262048711915,0.013104613427638821,0.7499873865114867,0.024483345553047056
2010-04-01,0.002252083,0.001761458,0.03332708,0.1938031,0.00449375,1.9047110555674318,0.20950747455712232,0.01531728311148436,0.6386848332103793,0.021144814593571825
2010-04-22,0.004084708647598259,0.0019456636394600687,0.023648193994989637,0.6046686726042371,0.030982877748998543,1.1873913798075384,0.10784135543041222,0.018361796342674753,0.4201596249293951,0.01419840733564117
2010-04-23,0.002995192088361112,0.0017119365314891934,0.02761497735915965,1.0279515831284372,0.008206102481389688,0.7163528625966465,0.14469240712129336,0.013735573738193976,0.5863452053616623,0.020275087545322708
2010-04-24,0.005449337577830263,0.003945217030248639,0.05923509602346728,1.2669363185624523,0.009215671654228031,0.6163623577184528,0.17994484004885195,0.0010959731868932744,0.5863039741214535,0.020626678557916202
2010-04-25,0.004563649381213789,0.0027316606395474696,0.04098450492604491,1.1682410530793763,0.010897208998800655,1.2155473744569933,0.16778999465981684,0.0060087696105796074,0.5663124660005519,0.022797536659624366
2010-04-26,0.008197416283060536,0.004189262695937198,0.06279862410529072,2.414365462998848,0.015143808982530253,3.2838703695220737,0.08807508113328992,0.008460187395311111,0.39515781188912674,0.012269860758464783
2010-04-27,0.007809975431632868,0.0030008945241031463,0.04174787432984822,2.102512757923778,0.023379314792667985,3.5479421865661847,0.06340860802296265,0.021683451477884075,0.30872239247643113,0.015438928794148543
2010-04-28,0.01958401148560769,0.001930083719758809,0.03367310177579614,2.204919643174465,0.017065758043877336,3.0560670345146703,0.034035157016107986,0.005068934105248262,0.21070710773820828,0.0063341468046778015
2010-04-29,0.004137240530845409,0.0012613918592449772,0.01982960600333678,0.6698245807746533,0.010628801286562704,0.34802790104560133,0.031424956305492295,0.009899576194169469,0.16112342389502807,0.00665084386385585
2010-04-30,0.004083858150055778,0.0024861046577352693,0.03098930813683971,0.6458876622404007,0.009241950990201473,1.2994968102001405,0.0449996000089623,0.015365769657015882,0.22475187428901766,0.0105366895957488
2010-05-01,0.003648192816456115,0.0028154380645183798,0.047580862200702075,0.611924801566753,0.008733269004911792,1.2000075952364178,0.08712937066342268,0.011549420614170542,0.6717286829049806,0.01878395414032317
2010-05-02,0.002801944148649826,0.0019057069976528421,0.03723749449160349,0.8065255242708007,0.007773317739473924,0.7922573298150103,0.09476169636473325,0.004113949890565452,0.58805647646312,0.020347525873469923
2010-05-03,0.002380166385188439,0.0016958151862870817,0.02316989322383036,0.4700671236824375,0.00708969129509064,0.5176033418309236,0.06738445270622445,0.0011674022294299424,0.4570721953992498,0.011928081719772924
2010-05-04,0.0024532508874988714,0.002046970760440229,0.032860759624507525,0.6585766318556482,0.006738536850773839,0.3541456114717222,0.05392378591951885,8.520110629498892e-4,0.30140565059893953,0.013873030665360218
2010-05-05,0.0031062731696542725,0.002235564969901991,0.02858004376193971,0.5218610937154637,0.006168584027121053,0.37748937429548923,0.0470166968068079,0.008609712980641573,0.25268837037800135,0.009122775451007988
2010-05-06,0.0023665755520167215,0.0016244239127773544,0.026186699168894677,0.4020128438750434,0.007604540833511382,0.2713684726954369,0.04067760186154784,0.003444848826760944,0.23528772931919784,0.00719610155037184
2010-05-07,0.0022525536881541804,0.00152424414015736,0.026940781509172375,0.6534454086365746,0.008270712422572254,0.5022471562123573,0.0815649263097736,0.0029508209995741863,0.639869396514109,0.019358773094620148
2010-05-08,0.003225664385645227,0.002621262250673519,0.03787835432999936,1.9088955454801075,0.008391467321014425,0.653969900628951,0.09985359368831198,0.0010959731868932744,0.7806966840156553,0.022636274656197296
2010-05-09,0.0013397212913669769,4.71825693082615e-4,0.007306174223801537,0.7148222105138452,0.0076869633441635455,0.6288056644453038,0.10360868681079786,0.0010959731868932744,0.7549258646642596,0.02509759908279077
2010-05-10,0.0037468000730160396,0.0027538919941199583,0.04771230286620946,0.7427158906082335,0.007748015048290885,0.7027599283500803,0.12942585933596307,0.010983291324560412,0.8915275693489348,0.028503841800608214
2011-01-22,8.323885442846627e-4,9.22291268922752e-5,0.04806603628751279,0.07229127570993543,0.007407706947352669,0.6387485068867245,0.019127969046793154,0.006035265290394554,0.15010793702231903,0.00604353784792577
2011-01-23,0.003937991214134466,0.0027505010281033385,0.1704949359713575,0.13963122422537197,0.007650942271498916,1.0290610095184638,0.013838925826683116,0.0033085730462317888,0.10744493200058623,0.005992455075210577
2011-01-24,0.005192876743994026,0.004513957753918062,0.2804554614801609,0.48984812805236894,0.01189153865098062,0.8291852491430368,0.008618087195111975,0.011371751969191423,0.14668480028397898,0.017522976334880955
2011-01-25,0.007165511059572722,0.006557468852671204,0.39209458707781214,2.55116621018201,0.018784867412975824,1.0283675805595003,0.011959999043560623,0.028371357665163383,0.1424085868465459,0.009884839068807797
2011-01-26,0.003987910028143188,0.002613633379844281,0.13348958879997722,0.4667623189395862,0.018220485833163862,1.4995583688104708,0.056258258095178565,0.06682667435949212,0.23280556624273932,0.028169866587114838
2011-01-27,0.0018996992167188943,5.230007362029331e-4,0.048356529415873095,0.4733182636799261,0.008359344633385682,1.0255454819954013,0.015172860412558338,0.1861006512581031,0.11102624248182995,0.03768671238637079
2011-01-28,0.008467123899634174,0.0031780939552087774,0.14543007062301655,0.4968299363067407,0.014019555635633249,0.7722201135788745,0.009918496318606666,0.09346154725842003,0.1702164062643052,0.007659834075448567
2011-01-29,0.001566623123554156,8.15107749107963e-4,0.033346492204939696,0.5627339524385746,0.012431819133424681,0.9367705027500867,0.018560644311785144,0.17616224081015916,0.12415424224708434,0.0697117355313285
2011-01-30,0.0012946416079212227,0.002064533985899222,0.12987012898438732,0.25650404321616765,0.013047340943461277,1.04047421302125,0.011209482385933674,0.049239333743938046,0.135722695209631,0.011165546516172551
2011-01-31,0.001414035086515501,0.0018251109004575393,0.08898282921122591,0.3802976759481577,0.013129362041067303,0.8526364336469501,0.01021339035877255,0.048071856262515235,0.1373785844359611,0.009331617073704
2011-02-01,0.0021185354993845536,0.0025314959518159532,0.12760975381068407,1.0655367396539925,0.010883620390250157,0.888057010724227,0.011221076501118286,0.08448071584679705,0.13352180320614196,0.006838513934514074
2011-02-02,0.006707056301125164,0.005320140562867667,0.31770720538596914,0.9698466916610068,0.016006136592086707,1.0022434824573967,0.010799062261620218,0.025355379376081125,0.12638348667334273,0.009320591419080993
2011-02-03,0.011897007737189744,6.399126538312084e-4,0.047011054345854654,0.48182091464528604,0.00854700922873124,0.8065173946441886,0.019119739696970495,0.06845015254537003,0.23141511782406146,0.011765415243769938
2011-02-04,0.004206241969837446,0.003941400414427973,0.2377136349452635,0.8645833217767157,0.01244944352441096,0.9991284710658634,0.00956410616449739,0.13913594397289814,0.09543064488431009,0.008475195185836665
2011-02-05,0.007672627584572382,0.005886125675336782,0.35339089800556,1.8821744539472691,0.0181398988854245,1.0323570219975549,0.012385732258895636,0.2578109542227187,0.11203130623881523,0.007373983221322449
2011-02-06,0.009625462991665699,0.00844600992494598,0.49954163219116593,3.08651712279763,0.024479961989415936,0.9761217417651754,0.012884327096420877,0.1579083803385298,0.12215764857278402,0.007500824687076126
2011-02-07,0.008084432229527191,0.006835295354800991,0.4154293590524146,3.415705827967514,0.021321090453360964,1.224413134907299,0.014246782556251827,0.2134791418510794,0.0627777432764718,0.008239401605756392
2011-02-08,0.005355526106531355,0.0038422525964626857,0.23698523603820237,1.1993260954966085,0.018281104362940878,0.979491432395021,0.011224524014424775,0.10868199520978607,0.08795662222110978,0.007394236623820609
2011-02-09,0.0026529415630433496,5.117741472745669e-4,0.060559018824952904,0.4424936628030282,0.008359144137687782,0.9164560620829719,0.010568965851108518,0.05766334669332764,0.09660263980855802,0.009294012758602498
2011-02-10,0.0051645152467129,6.722488781481825e-4,0.04741108281382002,0.695829560453262,0.01763545374632975,0.16776682743780935,0.009203052640713569,0.037868323597448565,0.0350309669157604,0.00946595886271354
2011-02-11,0.0031485994612767514,4.102889834786452e-4,0.022369208508811862,0.3989957780369737,0.017580863405831492,0.2768720749225441,0.00649025631095537,0.03976138182293937,0.04197635211650613,0.009697878655481001
2011-02-12,0.003752396026993686,0.003220116327234482,0.1723743214988967,0.5172792180824781,0.017077564056155226,0.8472691365433477,0.008818315884185104,0.0470859532592249,0.09663943481230063,0.00879614738579308
2011-02-13,0.003586110034306959,0.0029712731011588838,0.18529223532101202,0.44247367462241183,0.014886701149201055,1.2566502775620312,0.08636167222654706,0.23175761148917454,0.27896068427457227,0.5728106501245872
2011-02-14,8.80907820000674e-4,6.427932666395395e-4,0.05164287699562448,0.4522596007153082,0.010782978383798653,1.1579116427616227,0.014401416260291695,0.04613506200596957,0.11424477170106341,0.007359551452590036
2011-02-15,0.0014056844966394485,5.429003530579346e-4,0.04632863327913743,0.20775242749022213,0.016596655722487617,1.0565018180124444,0.014222187722017735,0.05609789940306378,0.11175600453963895,0.007616084990485991
2011-02-16,0.005444718221860522,5.340257500619797e-4,0.033869873300473155,0.28904015412224304,0.022516275802694368,0.875754087073272,0.007703308510685702,0.027224092619346583,0.094885277791346,0.0070256144190040774
2011-02-17,0.0030345851336448593,0.0010098000311577883,0.038545733895529864,0.19548648446372552,0.023460887844468373,1.2221943535106927,0.016067068073574896,0.0366053011807956,0.11748766364559898,0.00815405862185423
2011-02-18,0.0035026747804364437,0.0021338237465734575,0.14309880257414884,0.20396278847007854,0.023313001371056387,1.0536010914559124,0.02427132883212584,0.06018315238797433,0.1454606421627517,0.008914361275347888
2011-02-19,0.002866708344625592,0.001304425795396084,0.06819654682051285,0.26272864087445813,0.02009093667470285,1.1879327779699869,0.017000141946295625,0.42848523691968715,0.2523711069723317,0.010195762431048009
2011-02-20,0.0028572888704511924,0.0018151841935054856,0.10475370279044782,0.4624547590369246,0.017539185871860898,1.250640145468032,0.009218141388067445,0.018969429068742924,0.12292575283815227,0.00789454456739773
2011-02-21,0.0029998020570692657,0.00231172683374315,0.1309187445923463,0.593910547127924,0.018174135875017358,1.2234892609352646,0.019076624319286417,0.02767592872938287,0.15769920812560728,0.007549276782526589
2011-02-22,0.0034203307544215327,9.301234999821152e-4,0.05992924493476731,0.5398929110231491,0.0190867235790474,1.0645946331336684,0.019700304330428502,0.023749438650681916,0.16585101705952995,0.011476995112947072
2011-02-23,0.003509431019106881,0.0031918166198507333,0.1858865195031434,1.0840448619647574,0.01990876659582077,1.250956676805416,0.02455168156313178,0.027710879663798045,0.187828142847174,0.009128769105915868
2011-02-24,0.0016193536050640976,9.447223903385269e-4,0.04942677310647844,0.7818886933012524,0.013352018336280923,1.2201372968987751,0.042739095730611146,0.022994863250164397,0.24088594386156717,0.01058444751875699
2011-02-25,0.006072754132606226,0.003902483078299123,0.18518503739356726,0.837077165151051,0.021863977992200093,1.0748825067843741,0.04700417196129696,0.03664675052765591,0.2828807324961882,0.010844141140581442
2011-02-26,0.004550707133879339,0.004244101254250739,0.24534529609938824,0.7801373674995001,0.014129449456896755,1.2973626302539856,0.06861910531286314,0.046240567036714635,0.36345622598396415,0.014340867964286054
2011-02-27,0.002433115216868328,0.0016033046093344833,0.10203303724620864,0.800935389995685,0.013594630234476443,1.0333293419480838,0.023468750112243218,0.042701915520995365,0.18002876936282988,0.012046321997181754
2011-02-28,0.0016509261922624066,9.367566327471506e-4,0.06136554177262188,0.693582668565781,0.008526131792530246,1.313779307701678,0.013799701774430344,0.024441469223904687,0.15106156592467357,0.006570766741595383
2011-03-01,0.00928349691296911,0.006377215916340362,0.34111092236494406,2.1989751625389244,0.022986933653238832,1.0734918229646186,0.02152708717525028,0.03121594825178584,0.14613765373927967,0.006777873855705932
2011-03-02,0.008345534365550777,0.004829973562997632,0.269169261804543,1.1693116737545939,0.045277534836504735,1.0242658768523922,0.030987168670620135,0.06847458077678023,0.18538972253161878,0.011598292065267024
2011-03-03,0.004268756918858931,0.0021738887987392754,0.16536927164947818,0.5567273786138868,0.010945769060142463,1.1120353097179354,0.04020276493986011,0.17534206911323455,0.1653880759605616,0.009511999079046528
2011-03-04,0.002497055063286667,6.737407406970429e-5,0.053671195490701526,0.33562968719925534,0.007146971088471746,0.46160141022857026,0.016952370372592562,0.031802899807636564,0.07818239273288306,0.008459666060378328
2011-03-05,0.0033627511136927473,1.3245388441273628e-4,0.059929727526125964,0.5271070472693474,0.01215036762537056,0.30242174306747593,0.019235953622742264,0.03597576305123288,0.037023391568442525,0.006793895707008259
2011-03-06,0.0030927480392793074,0.0020642982626437704,0.1417099786373172,0.8244648574995116,0.013780766132006196,0.7890403149471302,0.01791013740219075,0.10869368909303218,0.07334766779136608,0.006963139186592783
2011-03-07,0.004119964713758515,0.003393850307782105,0.17338563713629943,1.1552264063197135,0.01810516309681161,1.2247586379627498,0.039689723924168245,0.1770813537105732,0.1780027922808721,0.009508181568876879
2011-03-08,0.011853532646435412,0.005818767217814104,0.3303495990229934,1.339652400278143,0.026735197724284742,1.2317422992030558,0.032570099988978925,0.053417569125318885,0.1725224450351733,0.01287607054074837
2011-03-09,0.0077540130444454375,0.006317953507888452,0.3771144178029131,2.3903366589051847,0.021850463792883208,1.0223047961423346,0.026575727476362825,0.0727083442683383,0.13789211496929982,0.006763716195760212
2011-03-10,0.011540185666758788,0.008440561128145273,0.49062503828381,4.929148640899866,0.034226791624359126,1.2461505579156678,0.03306888078714089,0.07427274335270652,0.2074659883375104,0.009051948544297741
2011-03-11,0.013327332535723343,0.009976652029743946,0.565770634955297,3.8281708130246748,0.03739367355666196,1.2539817124656363,0.052413718135736725,0.05104440087520863,0.24674858492553206,0.011803841858560923
2011-03-12,0.010827994533311742,0.009135758164862893,0.46237640444223577,4.0340172494943545,0.03187779373727423,1.0635728062474707,0.04950657097598556,0.19378064722729849,0.21595540979977995,0.011095893587806391
2011-03-13,0.010562397572617545,0.007661535702734602,0.4465117373016078,4.023282751557116,0.033042617976647974,0.8216983218466068,0.05641774043452943,0.49063695044878247,0.19334284542028674,0.010387722745151316
2011-03-14,0.010263057462702282,0.00851846613580526,0.4941359964209347,4.543537066056246,0.030994976367000188,0.8769587532157314,0.055767403122448767,0.091847446733866,0.2920467103729984,0.013459947244577521
2011-03-15,0.012420109816335602,0.009729186737028075,0.5646197089433206,6.498669291698186,0.042201392592431115,1.0568813621365691,0.0791780647158457,0.062364894120482475,0.4259156583232178,0.017502237762868182
2011-03-16,0.01073247090971082,0.008832196599397796,0.495683058855051,5.033474606895122,0.03931365325765847,0.8643042608651249,0.06598344309309684,0.058409948516982106,0.16824944781913698,0.011203792106027583
2011-03-17,0.011528638567488314,0.008877549792954078,0.5037006778716304,4.674516484904294,0.041475075956708025,1.3824416647381546,0.06297098941078344,0.03866141529979922,0.3222501684013524,0.013925528791976626
2011-03-18,0.010180971124145526,0.007880700791230308,0.38460724835254995,4.777533112984984,0.03638702884312622,1.1676384341188373,0.1435912224286032,0.050826346106339786,0.7597704628399147,0.024697426914535227
2011-03-19,0.01000539259484734,0.007621727526128305,0.45637424563624934,4.499680376181624,0.030493644092654194,1.0973815388965227,0.06699094189238534,0.06637501388490175,0.3235857426511405,0.018107595707073564
2011-03-20,0.021566195622594285,0.009116726392604585,0.48261192866443947,4.2765829595780085,0.050892321698411444,1.0741011060062595,0.05127915418955443,0.043023555580337026,0.2688028660472957,0.01108191364162192
2011-03-21,0.012362449158635113,0.009853476829540627,0.5648741881516892,5.239477063945409,0.03961163668596136,1.1772035823438443,0.05861819666730627,0.04831256335630962,0.25832042394564336,0.010047344035811505
2011-03-22,0.011353107912959782,0.009221502171031192,0.47369831917636146,5.669037419707952,0.03243325199972861,1.0310411513100126,0.05761507750255983,0.06506606083011834,0.2564809134068459,0.0081057285986042
2011-03-23,0.012513089676404026,0.009728498998044097,0.5435212777679821,5.773071355377049,0.03611817740715885,0.7491418748461002,0.29940656212931666,2.6155791863057183,0.3751481379443919,0.027881728367792662
2011-03-24,0.013237494343810463,0.009465118346620765,0.41803177834363264,5.936263629563885,0.036567662673750424,1.3896450746057607,0.05506680269130871,0.04347110997196759,0.22972667541954134,0.009523422249037003
2011-03-25,0.012571687200855778,0.00987597940420802,0.5626159643982919,4.765772343540552,0.033374967861218983,0.9175152698958661,0.055553128778444046,0.05649804970625313,0.22539164205732853,0.010046642941112668
2011-03-26,0.013938340817818884,0.009545980578967725,0.5219211035094864,4.68174748198373,0.03886926505599379,0.4210773754191721,0.07080686187438966,0.3056114121561826,0.23289809803529538,0.01246649619993196
2011-03-27,0.0141008668349566,0.009586718497237832,0.48211794993491996,3.958020534878641,0.0343108823747583,0.2729245122690521,0.05855734001923206,0.21665610221621212,0.15123472213416211,0.015159848444171894
2011-03-28,0.012284533410286163,0.008584380424518766,0.4761104583017895,3.969343802923979,0.0332118516082693,0.8921304824649643,0.06857011143738374,0.051676121365506755,0.29647721600125515,0.018365911061079872
2011-03-29,0.010943409569859158,0.007933153614883065,0.46055092368443096,2.9250581427715248,0.03017836806990398,1.1400003274299748,0.05920246590667523,0.07097828577374052,0.2774933631319135,0.011940582711931817
2011-03-30,0.012368470560047551,0.008701146608243192,0.5073064110316072,2.0640096997633903,0.03222555637971981,1.644450452779335,0.3005881796280421,0.064982404592781,0.5553746455610753,0.018751759358211058
2011-03-31,0.012941467932738503,0.008094511345785194,0.4018017374085807,1.5626962393141575,0.03514073803914211,1.8724217763558404,0.19907862707343765,0.08877968852269036,0.636400352849313,0.0276984757279794
2011-04-01,0.012123074105878262,0.0080499675497284,0.4154786980747201,1.6540030082625876,0.032318094279558764,2.090155213388197,0.4371756027192898,0.25091662363661943,1.316492573524458,0.12683890115077276
2011-04-02,0.011359124112771726,0.007616231210602894,0.394780078752769,1.3669774581766005,0.02202581817352375,3.9103648067791577,0.26619199901982193,0.0803768751913764,1.1555992122500516,0.04330643525598847
2011-04-03,0.01577338466673301,0.007525610098261071,0.4443166586083895,1.4590990829211428,0.03626151199444459,3.7270202313719483,0.2201393912833788,0.09157936420700565,0.9076685350044696,0.039627603846570186
2011-04-04,0.012797556116979329,0.007474757952971387,0.39059531133303443,1.2010615688611388,0.026930675495322354,1.7170117671705836,0.07683505268846202,0.07394593283663588,0.4405570185066401,0.020213058501846796
2011-04-05,0.01479921636282202,0.006981232800951849,0.38320193786386314,0.9154008391045367,0.027420669207568586,2.2697132568162637,0.10395220773956607,0.11106651799236754,0.5627862394776546,0.03858341103609426
2011-04-06,0.012818943311811664,0.007162197408114566,0.3898701946170033,0.7443873451756283,0.025963417878042253,2.67464647753172,0.19459963592797805,0.11564845108080739,0.7329724407297522,0.043328986138565485
2011-04-07,0.01184324959823063,0.005784756388122356,0.33692093183857263,0.6302049560345745,0.026164300489834404,1.8571850205704357,0.09389766102220119,0.08655197375529111,0.43810760843037183,0.020523144575834377
2011-04-08,0.012414431788555488,0.006348165976080494,0.24497479447840548,0.5765898948758902,0.02980385910386076,2.3962819151602863,0.06139857894001782,0.06993863053282857,0.3096015366956049,0.5730268610339121
2011-04-09,0.011274121724111994,0.005224258390849523,0.28472068514243287,0.7659255558423547,0.0305005615932361,1.4639762668367444,0.15739690315300586,0.07269652452910236,0.625375318862697,0.029573310527078296
2011-04-10,0.01849452549523564,0.006194780075440531,0.3524742140750015,0.6423099666470933,0.028665016259852166,1.9186941781158064,0.15181790216679378,0.07464001544747434,0.7125218288154967,0.023488148010404653
2011-04-11,0.01698302790082593,0.007141249653479424,0.38957738471417974,0.8058454200241012,0.032044539477950065,1.5697525333954554,0.17181379041228675,0.07797093886712538,0.715427822226072,0.07994632518627169
2011-04-12,0.013645407625530648,0.006792447590441017,0.22879112993181117,0.6386901277112791,0.02322856498077574,1.5010760759280424,0.13408512205704345,0.08946145008754847,0.49378697964622353,0.024604569766872655
2011-04-13,0.0136702375528885,0.006853841863758648,0.3906664555241646,0.8868907467004942,0.01977949958290151,1.2864170318030697,0.16434171452394214,0.1283959573733716,0.5315952687113196,0.032282104673613664
2011-04-14,0.01147320570126021,0.006087391167191283,0.3448332203045503,1.145804723306066,0.01915922547792183,1.1174560397434166,0.08993823248962073,0.05761998062131279,0.4602798424367615,0.021874517768309433
2011-04-21,0.003088261803264257,4.8050216027768083e-4,0.06411364030411314,0.0995773945841304,0.02075574523170392,1.710765918476351,0.09707393272516468,0.25808318568485145,0.3174707094589515,0.025036072821429164
2011-04-22,0.0012917552955488754,2.987245995681976e-4,0.07791244880424758,0.11833641396286648,0.020001349214065534,1.6583344574814636,0.03810409361200468,0.0278270724114596,0.3675295263715692,0.02119138079115658
2011-04-23,0.00326635684174701,0.00176159474976291,0.13848725390307587,0.2939526375987752,0.021742032011562055,1.5147166098169975,0.021231062374035832,0.010406668046627269,0.2861998153871468,0.016816183935291145
2011-04-24,0.0034500520676621522,7.612473782998729e-4,0.09349113976823366,0.6455567855421939,0.021272141446417658,1.915953237347368,0.02794804875107391,0.0182848090395049,0.3919125713685898,0.019786377973173463
2011-04-25,0.00846743811138676,0.005236882191352462,0.3397104985929343,2.7380225599104566,0.031993718714775875,4.717715692253937,0.07080338614193392,0.0682936922414369,0.44685600947876936,0.027834431672577764
2011-04-26,0.02031761754380208,0.01924496035276906,0.486353484091242,3.0872478653806144,0.07276015617972244,5.580103306887406,0.09283574517669295,0.09035455091345593,0.6061066228803477,0.03174933347852518
2011-04-27,0.012802521038707063,0.007420936705072769,0.46454468854837433,2.5758693119179705,0.04048210422695668,3.150159939032772,0.10291123264215701,0.09652977946391603,0.6344614631441455,0.03619707809815075
2011-04-28,0.01095780541666487,0.007396209521921499,0.4827720906079178,1.9020994347278588,0.03553286945433798,2.2794539772742777,0.05773143605751308,0.11813506197966474,0.4128742035420837,0.02634325406997017
2011-04-29,0.009516080162499801,0.006145147945354266,0.37964657117273704,1.708217889759541,0.0332100845187884,4.46320783259339,0.14352979312738567,0.06727237453441572,0.694279273660175,0.02805087531328962
2011-04-30,0.010944969825516864,0.007532009879830189,0.4705566345321757,3.145623155392822,0.03409259781454913,3.894460909923761,0.2804877815362167,0.0681678358561228,1.31032687279219,0.048323399076648156
2011-05-01,0.025428557454762094,0.007885606946501358,0.4111625010906972,3.651879024350206,0.08843301166363725,5.271223520021419,0.17032650336142668,0.07594956762705632,0.848475093764101,0.04152901320279354
2011-05-02,0.013375054597660863,0.006950223515480707,0.4200602688253057,2.1046629226521785,0.04879011041385436,5.2551728456551725,0.09163621167770959,0.056051338893776656,0.5386266525333945,0.02675704375404353
2011-05-03,0.015446458243411303,0.007644146429275279,0.45662668502018144,1.8804713192329843,0.04865451882972536,3.992912910089301,0.13709391527813114,0.17768462172120608,0.7047478954529556,0.033608143407443676
2011-05-04,0.009002230060140264,0.005737401220600616,0.2904332154771539,0.965923588528104,0.02964019802421536,1.864879553438744,0.0596450739757985,0.3527835601672137,0.37785641646702256,0.019357195403963252
2011-05-05,0.00826792405352391,0.005675753771702092,0.3344234350048311,1.4526245567191167,0.027047914147244796,3.7816484568859967,0.055413279854700896,0.07621548718729906,0.38165039502185766,0.018666365589994238
2011-05-06,0.012427022248962872,0.007366505698670114,0.4735726394559631,1.5003121392561891,0.032815682809062253,2.569880812060645,0.07179243241996788,0.07209543067106011,0.3795437089200926,0.022252872780034582
2011-05-07,0.01170621940316608,0.006327773002650788,0.4003980075138881,1.608096264011739,0.039301133519426636,3.1493566795364676,0.09065826007861723,0.10770932068680082,0.47722482984994613,0.02408498022791175
2011-05-08,0.01051906385288231,0.0066299400226358315,0.38974674589716285,1.7081250611592906,0.030873551762917655,2.7197092049578115,0.5459346804531742,0.05295584366927874,1.6718509918052535,0.05786012902251191
2011-05-09,0.011833722277357366,0.007315497400012063,0.46050614737295353,1.9461456648964188,0.03189532988279358,1.374059239101226,0.46793750380901306,0.050654638878916115,1.6052448040683422,0.06043818979629105
2011-05-10,0.01117059476485889,0.007609189374809794,0.4748647480631538,2.4949920162164343,0.03743569859276303,3.331849289720183,0.18953844936639744,0.0501511842340627,0.8451658546231089,0.04371892257555531
2011-05-11,0.014901716439404723,0.00863432644209292,0.49855068873627084,2.965177288413939,0.03682042238094913,3.951192036046035,0.08642745152853124,0.044655675179741706,0.4642943258777346,0.02781668923072262
2011-05-12,0.014128745895100561,0.00833205851350037,0.5298548891008085,2.1060472856063703,0.034524366131850996,2.6166955279722477,0.1315582435642529,0.04873622988235651,0.6735109943528094,0.03394678064250865
2011-05-13,0.012276157400931367,0.007966873886702927,0.5175363049956109,2.0139574310228334,0.03450869733330136,1.6704160200484817,0.19259466624214136,0.05159820189818319,1.0340676239237065,0.03555716227273487
2011-05-14,0.012167587667871968,0.00865144297680543,0.5508972987951657,2.673978318143072,0.03265991816268222,2.4594129145341195,0.34743348395948986,0.054832531297154145,1.7982451061878773,0.061181322893488495
2011-05-15,0.012775190736781428,0.009116076251758812,0.5628488317035313,2.0884531463440497,0.029635173992966533,2.791221009731268,0.22691438633502636,0.04817315262442453,1.2977116265657676,0.04222591134038554
2011-05-16,0.01103052847691832,0.008662609656913556,0.5455687532910312,1.7431676119997295,0.027085530943610832,1.983079290323872,0.14937950685870705,0.0451871175058598,0.8911844993114557,0.03460707416295547
2011-05-17,0.012465354851368734,0.008486726556045564,0.5231871987410338,1.2386729773445049,0.026705270562598686,3.7630040682358343,0.12283236121605587,0.0494448150021385,0.6844653865672828,0.03183430036199005
2011-05-18,0.008558160302649396,0.0069158943098729456,0.44355706363921205,0.984234721314672,0.020632739137397268,5.003448099387866,0.1347103481996825,0.05711444458890938,0.6595026784800574,0.02799048615424355
2011-05-19,0.010541019262210035,0.008048126410882784,0.5345709507872739,0.950484125715485,0.024435754582416726,4.539351763164724,0.16975992529383688,0.04834141449702958,0.7293476662098125,0.03155320224838172
2011-05-20,0.008894392780296696,0.0069230602218991995,0.47392545403437664,1.0491525563157533,0.02124990859326609,2.4527720907257895,0.16506687647777946,0.045761229240934835,0.8032396683257993,0.031929310938885985
2011-05-21,0.00961024740288641,0.006776166341098501,0.4330527962433011,1.6513824946067492,0.025301529474010064,3.434848601869666,0.07692685364987234,0.03085923012107381,0.5284801832978981,0.024140177441344626
2011-05-22,0.009300528810885217,0.00706871629731481,0.45551124603106125,2.055361529410505,0.019950587339008344,2.64399771867242,0.07954701129664145,0.031851599181585026,0.5101775707367191,0.024307052303477194
2011-05-23,0.009029396038894019,0.007203756386488163,0.44680472036679514,5.048726738556118,0.02289146013065571,2.1447515154605936,0.2222024714015189,0.045987283252681976,0.9086571243319946,0.03627552460674966
2011-05-24,0.01487135843141483,0.009953405671409008,0.44403406590149136,3.777483,0.04029512307872753,3.8187718144549945,0.2751776891227421,0.2756326123454844,1.3885210735182127,0.049594286329041976
2011-05-25,0.01197946658178435,0.009115517102187784,0.5420616483085849,2.917965,0.03187109673410848,2.6780989529849415,0.2791373687311219,0.04417825314626622,1.6508831637900152,0.06224460796108878
2011-05-26,0.009928297848677334,0.008003979858700357,0.49775027991648585,4.510585567956449,0.02526361990119587,2.134949359570716,0.21802584197935368,0.038939047833658195,1.5601535437874632,0.045016198744768934
2011-05-27,0.00872366598405829,0.006702128299451377,0.4159333572165042,3.79515608685519,0.02471852991110313,1.5779765693692984,0.15361310504166792,0.043928484401551525,0.9866976201679774,0.044297196014147444
2011-05-28,0.008735956557852895,0.0068098704291124365,0.4321452330353188,2.7133522283627314,0.026602446822878906,2.033642403896469,0.21373076895465026,0.04058642813129706,1.4921571567634893,0.0531928507724948
2011-05-29,0.00873968513433356,0.006809571324330335,0.4412846184020807,2.611707920795126,0.025751259660919505,1.9354817825856203,0.2969768689415726,0.04943295790371059,1.787722243551131,0.07167626475845507
2011-05-30,0.00584215524329532,0.004473262688956892,0.28350135020712425,1.830472604781511,0.018753718757021923,1.7882351849212006,0.20535263340629187,0.046315049670056764,1.1031387308733476,0.04397155072109825
2011-05-31,0.006073842626527132,0.004406775601633771,0.29466950104946815,1.6232146857805378,0.020915690234551188,3.3224416596078874,0.2586179993860924,0.048742434300985626,1.3809760929827857,0.049070144375603024
2011-06-01,0.008242220624645354,0.006176307839891146,0.3984790444873584,1.327664073734354,0.02317228003102379,1.3913694443879707,0.06317962567550287,0.038386718833947585,0.44414617243905186,0.023775136531302105
2011-06-02,0.005425268631898148,0.004196749836711453,0.28527965093803814,0.392706132257137,0.01453651566467577,0.7841124239400497,0.028711704532949345,0.007073784287636356,0.2538925100730475,0.0171153659380717
2011-06-03,0.0071156903361101935,0.0039229884161016025,0.2605716648474045,0.19958369811096796,0.015829554052476148,0.9127543335773433,0.029950753123815833,0.013555886248127416,0.23198394349579457,0.01851932351869517
2011-06-04,0.007473696387969894,0.005189629489456144,0.36922275478250105,0.22431005566271434,0.016802826784483884,1.3171549547002432,0.031211263124445957,0.015364543564371218,0.3146544812654191,0.018194216828500094
2011-06-05,0.006124388269135539,0.005039380578968511,0.33812103374722197,1.6116660802130354,0.017933832474808613,1.5336111003441288,0.1740034369793011,0.8000297227874403,0.9445713977016507,0.0379107857182931
2011-06-06,0.008446351880362314,0.006960986361047549,0.447355642267447,2.7314165845502223,0.023800188344532066,2.1133211858062086,0.25648557361868934,0.03507384010242106,1.6319245276665708,0.05530779991416852
2011-06-07,0.00805679235927202,0.006590870638145767,0.4148368272490884,3.7497668484017774,0.024903123078652202,2.168407170750053,0.31743859257131923,0.048680523460432674,1.9836444345665882,0.08161049597446213
2011-06-08,0.008468326565065024,0.00684925727935066,0.436243049167342,3.25791612181913,0.02445126527408551,2.4779024911885075,0.2830506449542889,0.039958724375048556,1.7309942662853306,0.0749526091997777
2011-06-09,0.008060467409286698,0.0062334282548614445,0.4074002958895342,3.125074701308914,0.023750270186054724,2.491369555714856,0.2608379277998598,0.0449561983831885,1.4524064565114685,0.061333717661347584
2011-06-10,0.00839933806870851,0.006570932008592084,0.4319864918342355,1.935120429660387,0.023404262952876766,4.083539986005647,0.19633960098517386,0.04692218614021836,1.313166648703054,0.05157641631425162
2011-06-11,0.008456960767572769,0.0066225927119660626,0.4283844354672097,1.667999501874326,0.026248950362199246,3.6310899848123857,0.06809204461140668,0.049470778884449555,0.49399447307502337,0.027739401751134162
2011-06-12,0.008749227978891166,0.00642526587573775,0.3729244319362436,1.8651134571183599,0.024974958125774705,3.5620131909929436,0.06771958626677661,0.04135118500819928,0.5048401337461493,0.029054083911601896
2011-06-13,0.008752269305086081,0.007008770975259642,0.38939912479004113,2.470548299749066,0.023406084754054875,1.7449241030501268,0.13609733915563962,0.04302450550836606,0.8567979767578878,0.03360402739950557
2011-06-14,0.008098274038426213,0.006247811906634274,0.41598926470554504,2.4986065091186327,0.031068257639027652,1.937048072437708,0.19785026136335934,0.03748547983742324,1.3341113642513283,0.05006792244685414
2011-06-15,0.008262652243840412,0.006132786215215723,0.3903595997256504,2.213073960052171,0.03011351472026638,1.4194147764285001,0.07931462727945965,0.03183539183285089,0.6533963515881382,0.03090644959114819
2011-06-16,0.006201338161024603,0.004743582851101159,0.3065249462575762,2.3674025295149956,0.02928127295679954,1.7474465650377622,0.12891848109416623,0.03696974366514731,1.03165926629946,0.035794579270004
2011-06-17,0.007929477145810625,0.006153105920405564,0.3752770083768122,3.2274311573889536,0.039018807797084214,2.429338450764794,0.49500382345353416,0.03761184762370901,2.828530258724103,0.07992823510538125
2011-06-18,0.007001739639634853,0.005676972792067617,0.3639035115773548,3.4593744987764765,0.032238966198415854,2.0965347704546087,0.325166941085795,0.04472368067838688,1.8640582062476723,0.06695246321936543
2011-06-19,0.009311366510575824,0.007403342835839497,0.47023511883067604,3.6896824539758164,0.0292100803874279,1.8889912947158358,0.2820795534880761,0.038524169497950296,1.396402993544915,0.053119572471931366
2011-06-20,0.008925186961698282,0.006948062380509403,0.4165310466405115,3.21250104167594,0.02711655953046588,2.1016617172243706,0.22783069519209564,0.04424364625276041,1.304622146116434,0.04457049519497611
2011-06-21,0.004347345616960538,0.003494893579593233,0.22581239644713927,1.8220003521492523,0.02055770428556895,1.5220821460888445,0.1308149078822675,0.04257656035580037,0.7617635368091662,0.033337298892547086
2011-06-22,0.006980626450670241,0.00542505035311031,0.35434947819140655,1.722875602871548,0.01875582566703732,3.005195670110068,0.07904151040604677,0.033123239928949055,0.5608807191596534,0.024105797607753533
2011-06-23,0.005512791087792191,0.004306763851489538,0.2919790266517443,0.8682069051079702,0.02075606595707626,2.8270534853223066,0.0831421280183957,0.03395459826324965,0.649119675077362,0.029488043629954497
2011-06-24,0.00783945879128534,0.00615410914102805,0.40461937856411423,2.496857071027495,0.02354911213322702,1.8074454546428338,0.16365649029043608,0.04179362918785082,1.0719419325871435,0.04583228179349682
2011-06-25,0.010973041601867004,0.007531819272975487,0.4874232294201929,2.0864570889682823,0.02168903085446881,1.7449380215740709,0.3731995364847604,0.04744059807557447,2.8650218052628467,0.07360618561727676
2011-06-26,0.006515582794389846,0.004025804867685715,0.27147164693540665,1.8436915991575165,0.018096367363594937,1.8998849295723808,0.28640821537820516,0.04236260345155826,2.005550921060308,0.055680427284743324
2011-06-27,0.006461218881448376,0.005167180834022069,0.35112047097724164,1.2029124692685,0.01771808027240017,1.5105558944694295,0.09077802499741938,0.03779623609338507,0.6895899087169272,0.041797950620897674
2011-06-28,0.008004685876082834,0.006063692329918628,0.41217229685576884,0.953624681776143,0.018646746504795413,1.6355367332303934,0.07935504305373194,0.04517251146416816,0.6403696738154533,0.4634845176855288
2011-06-29,0.005932392926730747,0.004434974919094808,0.3075419511383122,1.010899043969911,0.018997016400964125,1.7057837184511317,0.09890326466046558,0.039467866419992864,0.5985407986166523,0.03154567885840482
2011-06-30,0.008540434625284126,0.006802673639752902,0.44711497489106755,1.9869265062978552,0.020455042111452618,1.6455598015963813,0.12301848007214891,0.0333680903291122,0.7643866194505827,0.031218509308630113
2011-07-01,0.00749971173831268,0.006153454162633862,0.4037476724035694,1.1512942533775847,0.01789478985535946,1.8845264300478064,0.07328009627978697,0.04398064061449616,0.5175274121496077,0.02137505239732715
2011-07-02,0.0065787575836378865,0.0045497735298558545,0.33340030896806316,1.1582952813115057,0.019347931126278074,1.8258380104219083,0.06072936762160574,0.03545618167165801,0.4806553830578931,0.022792703674993805
2011-07-03,0.006698304815199813,0.0053288158551514885,0.36342520081344126,1.8184967164284351,0.019534108602161527,1.835686736463838,0.10132443054901223,0.04293670572369287,0.6279562732733784,0.030600107716432963
2011-07-04,0.00627565874052581,0.005189659362559358,0.35136844364241077,1.016172245187601,0.0168387864321579,1.5162017657443592,0.08615724174627748,0.023530903421689956,0.4715023539004869,0.019502853237741907
2011-07-05,0.007198715064719884,0.006094906178032275,0.40199012914050514,1.7884127514575598,0.019384214510557295,1.500831792734805,0.09138504514853876,0.08148812784378166,0.5515240511783779,0.025748109203412764
2011-07-06,0.007418942695287652,0.005321298632382607,0.35329803764192574,4.1671468847846,0.01945813025256024,1.606915330003299,0.39337283803365947,0.036421651926381644,0.5799835134919009,0.044437328265423244
2011-07-07,0.008598931498762216,0.006909770975338908,0.4474575883800944,4.352076844834085,0.021989252882133124,1.6108000625809022,0.13907753081317092,0.07257930891496144,0.5853162661111342,0.025124365633810538
2011-07-08,0.005928415472924954,0.004606474630212675,0.3126054809848509,2.3698519181216784,0.018518377277950138,2.7926851221558526,0.05919428855730847,0.019781442653954644,0.43812782087616853,0.018601206375088927
2011-07-09,0.009142248466064627,0.007296382737580177,0.49033929010343436,2.9861151453313046,0.018988737159624385,3.091650853218542,0.12730544100108093,0.21195090052709775,0.46907166601211375,0.06777744180573504
2011-08-16,0.028391828679282388,0.006541209280324387,0.294323639463023,0.11134639065781163,0.1183300952402982,1.647487334413145,0.0150933391137412,0.04112866164110873,0.23507540617602876,0.014645304564643441
2011-08-17,0.013965228955603735,0.0021186537570632748,0.10663594423657358,0.6099854546065013,0.0636100451213572,2.0155829424173666,0.025800661899361418,0.032804824153445294,0.24760874574592898,0.015761507263166965
2011-08-18,0.0033739943629062692,0.001424723768888766,0.12519473848639456,0.6058318465755494,0.011245693389286673,1.1060002652916272,0.018726107260531887,0.017131461121866587,0.19453104270614088,0.013814538049973006
2011-08-19,0.002842954760855445,0.001928551075586482,0.14681625149913785,0.16012339724535732,0.012220184824759811,1.0353777973963803,0.018337131767119003,0.01333325898913945,0.19784404136556552,0.01393619870485729
2011-08-20,0.0015366810650048986,7.483628772106339e-4,0.06004816439409285,0.4728500481918237,0.011024862030819524,1.14281517279379,0.03159426689957868,0.011763552957269503,0.21862547119267692,0.015561871325315892
2011-08-21,0.005110383159419446,0.004374162624195433,0.2891781096043397,0.38563798872249344,0.013185849082257462,1.1177706806212804,0.014727760027161124,0.001763523769315401,0.18114296502930524,0.01290482592553437
2011-08-22,0.008397034784587355,0.006337128732432852,0.4264500590099736,1.0302714237741577,0.015515247750301928,1.2493000972439168,0.026152578035448074,0.03600731891705214,0.2802757297354339,0.01677868128932092
2011-08-23,0.0054384368021087644,0.0036805341694645358,0.24373496920731336,1.0593093743754842,0.011602030576094729,1.8434136254006426,0.03223480345916872,0.022798340188418302,0.24680049331251344,0.018472868574481063
2011-08-24,0.004123329528217821,0.0025452300446901295,0.1898036949016515,0.7041748851873162,0.011378825932521949,1.7091364395046553,0.03341052309220591,0.027555054002287784,0.2962505914137725,0.017717317084408973
2011-08-25,0.002764539655406122,7.825344537963105e-4,0.056942431234804844,0.24820326325632788,0.0125117085077608,3.424089683690694,0.030197526890872437,0.02255707648136524,0.2092277874911705,0.02031678277182657
2011-08-26,0.003891368082499778,0.0029222165643164933,0.2031208441141551,0.6503773608456785,0.01043100784741901,1.2002845112579474,0.040536497861511187,0.038229999107367615,0.2712359965233966,0.02054279180251966
2011-08-27,0.005078119974272467,0.003359701145026742,0.21532900041761702,1.0561222696812806,0.013254440705935842,0.8638494331189261,0.014819324629104999,0.00910053270822104,0.17314791886708342,0.012213482804401946
2011-08-28,0.0070149645165446875,0.005523679019728246,0.35042448987694513,0.3625302569969712,0.015618932449284233,1.2552946563316558,0.021178063028201466,0.03205943198156861,0.22065335097265124,0.038912849929568255
2011-08-29,0.006000124416948393,0.004129464462443337,0.24458098975040987,0.6813420977913077,0.012655273985579174,0.649668703718272,0.03007630080462072,0.01944865979360133,0.27110980235448884,0.016521597857402082
2011-08-30,0.009533238374713494,0.0073617942382156465,0.4790612498750966,0.786291081933472,0.017188154840960125,2.7635162550943124,0.02411906296721705,0.025416331313956406,0.26844537050603073,0.01666907888294743
2011-08-31,0.0091047140555426,0.006778773530207806,0.43620294227378914,0.6263076109577306,0.016670526766475558,1.5898372908407954,0.01909484752530779,0.02658457440508027,0.20987153965225966,0.016697588981737153
2011-09-01,0.00936321552452986,0.00696642187140404,0.4408271771805659,0.7277415983916544,0.01504730578838471,1.7183224031713753,0.023256309162606178,0.028758610914159884,0.21349953433677554,0.015844789178266462
2011-09-02,0.009535530078237694,0.0067051637990035735,0.416237500070404,0.5563739839278073,0.01556447489143646,0.9422283416873588,0.019646138834692097,0.017373532064559903,0.19227662877077,0.01722250155837554
2011-09-03,0.009240352692242111,0.005809481098346306,0.33144462937734503,0.3344541478599421,0.014416799348167298,0.6478373262493371,0.03330284960820546,0.024869009457401493,0.21826857669289002,0.016924547169067924
2011-09-04,0.01592146815760673,0.007060320530976055,0.4550625860298559,0.7472296148729787,0.015321073849868258,1.5888926130009102,0.05164009317861555,0.02927174455407417,0.2641353246044656,0.027241348772805103
2011-09-05,0.006667291601345458,0.005351776675723314,0.33503439192940615,0.33576400643614257,0.012936381566355409,0.8004429374254545,0.015148502034497174,0.0078014470632154515,0.1776932234091368,0.012344757470917402
2011-09-06,0.009576385728222782,0.005508708999947818,0.3389308845356689,0.23998668046708344,0.024672618358471805,1.5120142988291116,0.01328277864718787,0.029276957486984948,0.18931151204200788,0.01646681109474825
2011-09-07,0.006280275159028241,0.004446020808357883,0.2778157895145888,0.4783280343662286,0.014968013198867777,2.705779940076114,0.02741684694049812,0.052570640185752776,0.21505910551535734,0.018795898572549305
2011-09-08,0.005858801112079072,0.00443866805242679,0.27868215360115994,0.45692224239799273,0.013232758235179618,4.394065374817745,0.036888965580867135,0.05852858857605182,0.2468189920326635,0.022636862950164476
2011-09-09,0.008826303556657637,0.0064831195725936624,0.3672245440778196,0.5480403644902627,0.01696138274688995,1.5774444735985131,0.03034949265905829,0.02677200719348456,0.22101192632763056,0.01954699401334108
2011-09-10,0.01939244167527413,0.007911204789721665,0.47005584157669356,0.3853323006106153,0.09848525873222551,3.4224624557301486,0.02018867853743679,0.05868441504541342,0.2103123250805487,0.01690320601264754
2011-09-11,0.008753689394659946,0.006778955192008297,0.426163077413321,0.3295802856823988,0.021718653746500956,1.619278906324522,0.023738111436624208,0.05175225340604582,0.24405156557039334,0.017094910471135906
2011-09-12,0.007251947195576509,0.0055278685486265825,0.37342740181459044,0.2273893236847667,0.016889498760891308,1.9437458063896524,0.06218776751042347,0.04240190412406056,0.4210998103879531,0.02442854578434748
2011-09-13,0.006891282350073968,0.005213117194833663,0.33216765138152804,0.3777428644562991,0.017233256474813604,1.6682596798600928,0.07392755857566105,0.02867280684669014,0.4050996671131933,0.030493782128358973
2011-09-14,0.005588947257005831,0.004129696178981125,0.2647024992647051,0.5133011053889812,0.01257219375699261,2.748128739446491,0.07389436267411569,0.057430938872401076,0.37703670024996244,0.03573543631330572
2011-09-15,0.007847273614444254,0.006304877126648623,0.4016065911443616,1.166183014198432,0.016581373607148595,3.488629561562477,0.12307679337702604,0.05380025431773251,0.550717707085899,0.04542850910267077
2011-09-16,0.006995996415403625,0.005258796779136269,0.3330595189985519,0.488982223077997,0.017340734389625516,2.0204837510282654,0.10835536598240582,0.045288029191994664,0.47144727186578356,0.045286369998009224
2011-09-17,0.008926675975444836,0.005675592248553798,0.3367770737487671,0.3140975464871542,0.03713867172871022,2.8875713325560026,0.02471650992808378,0.03819695613402722,0.20663884824113882,0.018419894377340658
2011-09-18,0.005870249111284034,0.0030994977283431524,0.1550327238409469,0.5200851826009371,0.02853814206217006,2.0171354897779277,0.03916720449375249,0.04696180844107802,0.2684171331276936,0.02272483164241269
2011-09-19,0.007452966417346989,0.005468711685704947,0.3407334881215899,0.18891262003804193,0.08309312233080546,1.899184191935195,0.412308780159522,0.03675917223644767,0.23062392422231479,0.02191001210830503
2011-09-20,0.005875787631528666,0.004292523880464946,0.20957381662742414,0.15157738919150607,0.014546676006152883,1.2710484579628152,0.1497451684079069,0.027488840221129466,0.33200025718851484,0.022115475781905668
2011-09-21,0.007319373840269127,0.00609875588743445,0.268859155981857,0.2754987817904827,0.017992022225275985,1.069079298332481,0.02037435869428405,0.024270793894669473,0.241600728693541,0.01632640772937406
2011-09-22,0.006209598882204872,0.004294969408508928,0.2844721373387123,0.19295881084376632,0.013714955483206826,0.9290042461432886,0.030293892397301358,0.016028500536062508,0.258302674911984,0.016334624633437097
2011-09-23,0.006904452675131915,0.005387832970742847,0.3441886644258974,0.48487320146330926,0.015257262526606795,0.8505461153272879,0.01438814447558218,0.007870472937993816,0.1927157698173598,0.013182223627030039
2011-09-24,0.0097381086768658,0.006381150798810297,0.41183280085410945,0.12384045822090611,0.01919355765309027,1.252327260399669,0.012316947992382326,0.01756616749724538,0.1546547202703393,0.012897176019682138
2011-09-25,0.00781280134037508,0.005331468310194838,0.3328918149808082,0.09230649349395806,0.013609327013322186,0.6888687118271758,0.010387271776313836,0.013112925821844491,0.1325113994180278,0.012933145672805747
2011-09-26,0.00982004341357048,0.0045205265256315005,0.286120743569603,0.18157484034005952,0.01773712407148718,0.9292901777250903,0.019648619154490222,0.018662652800610663,0.1864855290920703,0.018759235065072617
2011-09-27,0.007255660030303885,0.005513482033436638,0.3485196306597894,0.37825025513462646,0.013658031858493118,1.0723473854125303,0.019166233177335523,0.0204220277433061,0.24069375269541357,0.017069533186346953
2011-09-28,0.005496352818704145,0.0012494903260275652,0.08789888060850468,0.15500584604415152,0.021723774884522255,1.3289273901926282,0.018512070325178355,0.036605650843524705,0.21054613361897578,0.015395703816567692
2011-09-29,0.0034972828516633653,5.834012382058852e-4,0.06023711189698673,0.179317617767496,0.014852325980290765,1.7626794770679552,0.020533705357251915,0.034723986933514105,0.24683187694761166,0.014793465287635787
2011-09-30,0.003637416289278696,0.0012544850682950713,0.10101586916165449,0.5245906005144392,0.015766844345029635,4.4102344246796,0.036526454007732044,0.03219431515588722,0.2660461924167493,0.019615469575817706
2011-10-01,0.0064028527748440384,0.0022054622810626914,0.16386247858144837,0.5743313255766309,0.015121157743015083,2.1446790810855827,0.041599455726407816,0.03445347718945925,0.30578303490679465,0.019048440922629757
2011-10-02,0.0029409061306126384,6.589221410180113e-4,0.03361608530059085,0.32465084891422974,0.018764187320169236,1.2385041292614045,0.022735471365651273,0.027734105367875652,0.23370254937223087,0.01685146171341893
2011-10-03,0.007011871085445739,0.004414874363268223,0.3091987925708839,0.39439767627333966,0.02089310456729923,2.6644401872425,0.028089561283419575,0.03974915357209888,0.26193099599726644,0.020578198060584144
2011-10-04,0.00926837422474697,0.006348753041236763,0.4105878300357116,1.3449931139167555,0.024347192274636106,1.5778657332607262,0.09822818216659741,0.030430052406819823,0.40570033440639414,0.022919525584513413
2011-10-05,0.010191549831694147,0.007411915161357283,0.4748171080781465,0.7841470990248066,0.022079087800216203,0.873732446611221,0.028249863221774883,0.027456513723328406,0.23125315459268875,0.017149829754118755
2011-10-06,0.009663941294498534,0.00636364199339438,0.3911859314991943,1.0336157444537355,0.027673618443570042,1.5278256200965017,0.045350902394527326,0.028138818820500695,0.32313521491963765,0.019354615151263563
2011-10-07,0.01171876102361329,0.0074003118572713005,0.4393878528956912,0.7045887080558274,0.035363283663308195,1.5693229580192376,0.030701706945797817,0.039156994605086856,0.2846861734345558,0.021550724077925364
2011-10-08,0.010600111885619934,0.00677827454835275,0.4281549241446165,0.7367052091356827,0.02842856427276446,1.186465088897166,0.025991155145178618,0.022419695503216742,0.26485436600518786,0.015117242096986143
2011-10-09,0.008403996364617848,0.006406743054941566,0.41544667774483657,0.8203104238989714,0.02333496599508105,1.1348675324396456,0.023766950927649598,0.0321813525940835,0.2710321629903913,0.018558803534425083
2011-10-10,0.009798078613216521,0.005844484918649824,0.32775850336975826,0.9132056465572144,0.028860633524595402,1.0726878883789124,0.02210965208938415,0.032816900579247285,0.25108530261620254,0.01701178017087777
2011-10-11,0.01063685212185358,0.005882170581604209,0.35958909460968697,0.9329554437776436,0.03153124744656006,0.8744975433929704,0.028488736369299165,0.02274385280940632,0.27643350014785995,0.017081515576094823
2011-10-12,0.00978450161774344,0.005948987795151878,0.3656316253899895,1.5920900805894904,0.02734551753505682,1.2200434718575033,0.08013010923097261,0.04171303988403028,0.4694588991513634,0.02513535221844142
2011-10-13,0.008983837339267336,0.005478176718829641,0.35589635992188684,0.7825742019950632,0.02451445301796473,1.6894353338385937,0.05161321929860756,0.045118809376236656,0.3405688887379028,0.02331317391220005
2011-10-14,0.008058073568019655,0.005349932595880818,0.35613873544504066,0.5287859197094038,0.02634747797239994,3.2601694904016565,0.031724031880806136,0.17432111577627765,0.2629415810737054,0.01981510248098909
2011-10-15,0.010551389083996712,0.006373102641064319,0.40693218254064156,1.1550078067762528,0.03263144191696254,1.1723378644811444,0.042108832026277625,0.04414167207327163,0.3689588713674466,0.0215546749906527
2011-10-16,0.013803327425917455,0.005605647585816825,0.3685654111358873,0.483873455341673,0.04260958235584808,0.817014408435853,0.02200791951996985,0.04179780891408856,0.22267302164826794,0.019098839239143146
2011-10-17,0.04050920913035208,0.006156383598898383,0.3516682152401114,0.40068057691279474,0.19117685709733906,1.378733057977098,0.028606415673796397,0.07291112581511291,0.2317461727748918,0.02085127062224885
2011-10-18,0.017196166253184604,0.005330541979520281,0.3244833013618311,1.157982503676148,0.059309696929954046,1.3744195982279575,0.03002268540448206,0.07373740044305285,0.25501854686595954,0.01851318969578503
2011-10-19,0.02877255368950224,0.008540011983375258,0.4405761418840335,3.0728900413563793,0.08100836766223721,1.0062624933363362,0.040013442000520275,0.037142479670960314,0.3278333511685015,0.07742086833511508
2011-10-20,0.009143202646691695,0.005970283953134054,0.3836018517631139,1.193068481169765,0.028246534461108676,1.4288839556418045,0.02258519865526334,0.03665235963813328,0.23448086929813697,0.017891907277517508
2011-10-21,0.011031476154110337,0.005704979191825417,0.3567652901710099,0.9569376428474585,0.030773893249559765,1.0928405068029368,0.05334107193031033,0.041382138066213416,0.3205886524570388,0.02096339873447209
2011-10-22,0.01920597477461579,0.007002278816703603,0.4085048751536878,1.6647760719896354,0.050643764781058684,1.8689831842191464,0.05445525755387909,0.03764985871602442,0.35944604876929726,0.022591557804986912
2011-10-23,0.011491999113930135,0.0037578912317507607,0.24978459811087153,0.9120107471798564,0.04344380264649608,1.5195088574253197,0.03322672457242648,0.040484805687019704,0.2866389323554112,0.02018480601195984
2011-10-24,0.010065227632233461,0.005750485658255048,0.3752771690631947,1.0009812806487342,0.033017334169961395,1.0153782966257896,0.03387303116619843,0.03524376172693785,0.29269837334793986,0.01911608440303644
2011-10-25,0.014627678949385853,0.004439702172739181,0.2594780743241702,0.5246097871281187,0.051481703693846415,1.4862050130469786,0.025101277291975182,0.041460915421159705,0.2788845143526797,0.017891422162005233
2011-10-26,0.013630419326193893,0.0030127856371804916,0.17554320104341273,0.5489894135073462,0.049195256196517566,1.4214412724000138,0.0383260347127137,0.043228783538145146,0.28219371886934336,0.01950899960576208
2011-10-27,0.007564020985436252,0.0026474376138858947,0.15850110716250282,1.2865322183073498,0.033607843387710855,1.104269839048097,0.08015699403580306,0.03467081789756228,0.37101251279241243,0.02150822481092619
2011-10-28,0.014768586654024718,0.00596585242768701,0.3319074147970348,1.2968921264229727,0.04420724283820582,1.358591679614891,0.046271535463589274,0.04914347817197136,0.3419262652280606,0.020820371102478773
2011-10-29,0.011934901836192328,0.004411388251372123,0.24779655318728708,1.2485353217278636,0.04960886949991503,1.4294371415529892,0.024614596682647087,0.039475429579502286,0.27932235361493735,0.019414235608194417
2011-10-30,0.010697507438044155,0.005067318916778773,0.30123344069895364,0.9969019448601352,0.04382687191404379,1.1923715170455012,0.02954248055821293,0.029061382436319592,0.2765734371665146,0.018434209941471998
2011-10-31,0.00823977529000039,0.003714603943520399,0.2428509488360901,0.6061291471116201,0.03798030228897342,3.9789415607464558,0.024465446320904284,0.05481540161034236,0.2740693912670293,0.020360085133229698
2011-11-01,0.013372075192731942,0.0020734633680159604,0.1456164422336008,0.9130065190878923,0.05269265376836794,1.1418413181635223,0.013933690120161744,0.018326597600018396,0.2547577019020498,0.014955011611268243
2011-11-02,0.01091270081350813,0.0059537767066622505,0.3687081059193573,2.537449726485236,0.03409768303845438,1.445125547723273,0.035610252580779315,0.025029852873247677,0.27833760520346507,0.01810638942197781
2011-11-03,0.011935761056489276,0.006790551928219531,0.41041744965090116,3.115880355260274,0.03878000781372149,3.793948056518419,0.03746030119745009,0.03682836693514286,0.29290753192830327,0.0273235147733238
2011-11-04,0.009432508338942405,0.0049168259298626475,0.2600444341132222,3.965607960958445,0.02493950269511261,0.6198764291378162,0.010966398505218248,0.011137217254971243,0.22467643550138253,0.014170275624055588
2011-11-05,0.009622036091289267,0.005218100988381754,0.3228472946317656,0.7118832752665777,0.027786127742625743,0.4878053303321828,0.015963266250226395,0.014680630161855017,0.15963798978825341,0.013615031366306431
2011-11-06,0.007880300842505633,0.004555953089823687,0.2747983214935819,3.0230031603346648,0.03229487447365548,2.5719604997180685,0.09681946099854732,0.04007276582348292,0.6121277205479676,0.03623566395023481
2011-11-07,0.005542728902310847,0.001252993419732518,0.0768826476911702,0.36882033372960876,0.03278539596970883,4.05428325359632,0.05029010707689114,0.046319224325493624,0.44708512315192284,0.03255383383794142
2011-11-08,0.010863340679560454,0.004157107351114749,0.22843812003332456,0.7664475844720825,0.05320935128920574,2.297621262910624,0.02932038248461853,0.025094659971100244,0.4043838933911933,0.02754972455954324
2011-11-09,0.0075066700792201626,0.004103052586688819,0.23913563852655778,1.1355484163646437,0.04078495243200487,3.079072322149938,0.03786972588559628,0.04263947116932146,0.40307015972652954,0.029743247090084163
2011-11-10,0.010927672928572213,0.006594280278907926,0.3866247061530988,3.354032327344668,0.04514324131424105,2.6142743920386398,0.09498880672286346,0.07498015755593446,0.6517972825070307,0.038928862569149125
2011-11-11,0.009875736974497699,0.004344637155742813,0.2571043570453445,0.9117174483944902,0.04757166520887617,4.522208757334942,0.05824538905819928,0.06230555828796416,0.4928210277914387,0.033379197166320526
2011-11-12,0.004528848221676125,0.0020171665885922213,0.1491876844213573,0.6283250804388203,0.03399547028960476,5.132837651041468,0.04146767296372002,0.05593401338732453,0.4305530262793887,0.11354783724048864
2011-11-13,0.007644800841222549,0.0026951189144889766,0.15467677898419693,0.34889117551130466,0.06170738895861419,4.715314089861778,0.03473732298044137,0.07056338110449427,0.39794173771613855,0.03345108497486442
2011-11-14,0.004782956729765491,0.0016539151398477767,0.10737342240273708,0.5830809558678108,0.03717743345392336,2.5817838342257393,0.06395824818532728,0.03573870464868283,0.5793238873424951,0.033409263535286136
2011-11-15,0.019198966902508635,0.003745950841553183,0.23913757543041808,0.9288759737177724,0.044774470685364894,2.8647630824641137,0.07249344130511359,0.04782839531937546,0.5630907978070765,0.03510054575403921
2011-11-16,0.007998868111869516,0.004679707323917811,0.2941572349185721,0.7658135436829124,0.03539828542966735,2.159239877840774,0.05199860395592471,0.03387354070122868,0.4827132113611456,0.03227179109314046
2011-11-17,0.006977073153172253,0.0035142393804293184,0.22292017068481845,0.3793220670235387,0.045903059732729144,5.694379733926691,0.027075810114438107,0.06473486600232906,0.3345957187128072,0.030544726990644394
2011-11-18,0.007665482468899788,0.0015822092173634465,0.11512149354001797,0.20402907988426944,0.05480405077602658,3.055671673362339,0.02381356476060491,0.04561514525778691,0.33767848727552957,0.028424807320569474
2011-11-19,0.012519697891303968,0.0051039316641164,0.34860712627143753,0.19933330617489015,0.04362217506102716,3.3540175303782416,0.015920851055229838,0.04103577407954743,0.3349362611340253,0.027706036937409508
2011-11-20,0.0065550711553321065,0.004758997982416788,0.31303292974419034,0.3782008262165618,0.033199007889647844,2.714669501821467,0.021160966201508594,0.02431053455898903,0.3277626248704693,0.025534371611077487
2011-11-21,0.007025605270011332,0.004998936084693822,0.3133736254338421,0.6951714902877563,0.030313013419807012,1.9554936201323438,0.025981939804527315,0.03647791739381597,0.374194934399719,0.028850244969963426
2011-11-22,0.009859071327423592,0.007355084842699029,0.4566135527530068,0.8656423860339673,0.03676939925388229,2.104596631007975,0.020443931230914078,0.042322350393826196,0.3086285609809468,0.02678472857209869
2011-11-23,0.007881013018984362,0.005449597247833825,0.3440225947969842,1.3347906510289769,0.034571792298916174,2.4959708504381535,0.025417605622170197,0.03424761635470885,0.32691796768750725,0.024761898065687533
2011-11-24,0.01079271323549616,0.007215624147092336,0.46872556777834296,1.781025396006764,0.040503817195116316,2.7069152609311287,0.02755401229641346,0.14316971402894366,0.31889343523384106,0.0269853927942211
2011-11-25,0.01217574040126123,0.007834384532795223,0.45923961265180513,1.9184471743647282,0.043307017373411895,3.222054337254752,0.022595047686938503,0.11221182150493908,0.2638862424669767,0.02762337754964986
2011-11-26,0.011462305630905197,0.006828589096268496,0.42391988711012363,1.4198033196852056,0.04077519979266809,2.960743524097704,0.015571902209153382,0.021930368518560284,0.24832865833773293,0.02566292350872558
2011-11-27,0.011125536568259304,0.005382173250942225,0.33267395164886954,0.9353555643587148,0.2691985116947826,2.963889037463913,0.02409776328054214,0.056322140395041,0.29288565561529295,0.028177055413882407
2011-11-28,0.007489214727794163,0.003243864793950125,0.22392768709220418,0.509099647611693,0.03388389175330662,4.3370176124586175,0.014562687002901113,0.050444014511727156,0.30624332674768606,0.024315018201623868
2011-11-29,0.00880561352852497,0.004181844007337672,0.24289033167595803,0.71655991542527,0.03600873279656756,2.4464403272650266,0.015698187477451307,0.025336355594647073,0.29640954131432745,0.024496523236733004
2011-11-30,0.006830614428720597,0.0033341722074000033,0.22629469019889906,0.3783880732816641,0.030392373776541377,2.2470786426609015,0.01360699037910794,0.01838503192985068,0.3080682710006014,0.023998839984342994
2011-12-01,0.007764372788444667,0.003631501962591286,0.23325208489308835,0.5262583312804178,0.04005317077612208,2.439789947931535,0.014924861708586952,0.02875970839829396,0.3042932457084777,0.025809479472505833
2011-12-02,0.0074993688031299004,0.003382557698878075,0.20552934518586,0.6288164135776754,0.0288974653243031,2.3435379120797704,0.016523349662107445,0.027922112594455383,0.3265045451400945,0.026033404245632188
2011-12-03,0.005087582353952267,0.001229572279844284,0.08974657804632442,0.46626788268876074,0.027646660963758805,2.1557793713893916,0.011300440286270443,0.019131711373518576,0.3146951899980043,0.023645831682333803
2011-12-04,0.005911055975670421,0.003345750498650712,0.2104259209070092,0.3910943375902801,0.027641656525823486,2.4102126409686844,0.011525723552846576,0.0034934024152659536,0.320078503381811,0.02213027010591827
2011-12-05,0.007678318834608524,0.004876265177455533,0.3317020102305726,0.6874613978377404,0.029771184740727066,2.03029236708084,0.016849556202438803,0.028621846201872036,0.31028814190165244,0.02509957496962847
2011-12-06,0.006110557852234155,0.0022636786434168566,0.14933760123940823,0.5992829676740696,0.026757393070525385,2.468985719308115,0.014705975532818659,0.03473584046051371,0.3811464236248059,0.02591084591057961
2011-12-07,0.004278776611540448,0.0032330390716299733,0.13876987465710452,0.20599222653347868,0.02386915380532163,1.8198498853506297,0.028037796266889542,0.1252894448244548,0.30633118075119287,0.024303550917152
2011-12-08,0.004776251033884317,0.0020102310145022236,0.15422698316989022,0.17130364313570917,0.028028139350984395,2.731400921268747,0.017080340040297706,0.07708187161544346,0.3228373905081783,0.0261611414854379
2011-12-09,0.002976820752749651,0.0018119139300005205,0.16221452673623285,0.08225689657817999,0.020540462394023653,1.7070439768445393,0.010012597982780792,0.007065804649170397,0.2744055312883973,0.02046635692593281
2011-12-10,0.0039040167119599894,6.815432572074057e-4,0.07819289663384647,0.07074964063116435,0.021632518594696736,1.714722707425635,0.009915353957696264,0.005694041136447471,0.3175068280720274,0.022001653455272403
2011-12-11,0.0017321185608313336,8.726787653675263e-4,0.08157198990960378,0.06095574512979478,0.01822513359462007,2.7067170381324606,0.00907378217829164,0.007748761447150506,0.3052091457519542,0.02225829202160734
2011-12-12,0.004378898988421332,0.0018176463625031796,0.11932633676803457,0.24130562763847446,0.030306278812054773,3.6368477072167167,0.03430268906553246,0.12842573712398853,0.37276031503083856,0.034481424198885696
2011-12-13,0.0026040232303839476,0.0012366515517933862,0.06315534995793547,0.40034140150451586,0.02251076481580757,2.9231498651000702,0.07026643741160142,0.15753233808839537,0.5098686786318022,0.07473287994802287
2011-12-14,0.004840852054970592,0.0018457140673476217,0.0950019318029123,0.3830252184039322,0.023128420890387223,5.172616797449625,0.03359426031582218,0.058780767138561577,0.35531386559132605,0.03076604023631738
2011-12-15,0.005793376507025329,0.0028945787832861695,0.18468930781497234,0.4491514523193819,0.03202023029449664,1.75097,0.024458281104456216,0.15856683148769038,0.3802528297095631,0.034174645356493456
2011-12-16,0.005242816928844646,0.0034004489266673144,0.23488770362477152,0.4371099553052756,0.021910992527382232,2.655546927877135,0.03823923259719525,0.2532952840830616,0.3331846862026225,0.027918114028223685
2011-12-17,0.0036358184100331523,0.0016934485955551117,0.13243642556913637,0.6029073668856932,0.025455909472737365,2.2857607053274434,0.029280541811916253,0.025748422791374403,0.384129772174704,0.028000421321492646
2011-12-18,0.004475751311577644,0.002029633625245379,0.16462458812351968,0.4161766542146616,0.02056204804471092,2.1281772995188373,0.025932770359741283,0.039622238748454205,0.28682270440725227,0.031005456196006857
2011-12-19,0.004378086416859665,7.602084850078497e-4,0.06861278833129068,0.25852674931677766,0.01909324635760247,2.325036420157028,0.019435878235104377,0.2670299407833619,0.30497347083263177,0.10581396522426753
2011-12-20,0.003650882767137559,5.039830624029268e-4,0.07236711305550332,0.19004126094322255,0.019401268575693704,2.10918474193567,0.012628888284221259,0.07209617176833365,0.2921189593294828,0.026844474816675706
2011-12-21,0.005596469601297679,0.0021834502120383144,0.1631780706550353,0.19554776923087105,0.019714302523023735,3.38209287886704,0.011075401920028276,0.08971718740663759,0.2567015553664545,0.02073551513561843
2011-12-22,0.0033846724104180303,9.925332195027227e-4,0.07228042977459666,0.15070275984234727,0.02020407665626826,2.21510145805875,0.013071584097476939,0.020833837149224935,0.31096845428856607,0.02424356151582106
2011-12-23,0.0030426951213724978,0.0016480977085308534,0.10711484430068784,0.32064750426636723,0.020164869778667056,2.03874407534695,0.012606725940920783,0.06571344381468655,0.34304081144747195,0.023284668205121584
2011-12-24,0.009232774884357033,0.004285849966452793,0.2989444479644511,0.9247899725127863,0.03127766838107502,2.935408854946147,0.015257783681302801,0.08006099991942586,0.3224717213304331,0.024346414298302737
2011-12-25,0.00824892709425832,0.004277599669141162,0.20481532422219534,0.6837375500075449,0.02393283033614913,3.9168716713079954,0.014315190817961666,0.04603516943737065,0.3042888292709676,0.026742317155594424
2011-12-26,0.006119945765495149,0.003251843511950306,0.21908089350768245,0.763460090226313,0.022103663510128813,2.1444896110724367,0.015868476352294224,0.06403499347603997,0.30321603576013256,0.024414294834915876
2011-12-27,0.007663948352052811,0.004391384420034644,0.29331603428978936,0.8465990522406283,0.02161894032739579,2.076015560597916,0.016681637803230537,0.07299074651917084,0.32519843974187224,0.023039300762438514
2011-12-28,0.006846090472563228,0.0043995360429871615,0.3029972779084038,0.5526118462953359,0.020025025243350505,2.7580687694318664,0.01673493861487234,0.13809007501244902,0.2881022464456909,0.023654485979264502
2011-12-29,0.006465663272371443,0.004365482304924671,0.2953876735000323,0.5566397530635051,0.024238540732009838,1.891711274403779,0.017625922856141122,0.15416088992121024,0.29620273316011536,0.02428877425577915
2011-12-30,0.005263952369118094,0.003331478023031569,0.23250644270878948,0.4313932236058535,0.021259360558267035,2.3561326837471377,0.013816436100634563,0.09369560033569871,0.29401891394055313,0.023973662816501363
2011-12-31,0.005435524538010477,0.0031119295503813133,0.21106446866441755,0.40935939576265984,0.023164191171346778,2.028915665929203,0.01684979598987338,0.10988869955192485,0.30602297333893086,0.030058505860459866
2012-01-01,0.008376864841756013,0.005913661115461555,0.39479273942573967,2.3920308764946348,0.02533145416136626,1.7579119369106635,0.028507976685899966,0.20165219655538033,0.29955203279647913,0.024621179218238108
2012-01-02,0.009926147864192734,0.007091073220001187,0.46032619932874774,3.4162638462793766,0.030139632122773163,1.8446140621782243,0.02606388057394426,0.12796758130644623,0.3295331308015781,0.02508441621728319
2012-01-03,0.007231364901570173,0.004154291589145615,0.3025823961398118,0.9443843708526524,0.024395468595366232,2.2430476535789627,0.012050933734937017,0.037694574564362884,0.3048966276172821,0.023178283270734353
2012-01-04,0.006789533619223489,0.004303555154942246,0.3131664379238741,0.7621855234042825,0.023189937141393894,1.9707368151100542,0.011367468659472257,0.041693140244312664,0.29697615545020123,0.0230647314953242
2012-01-05,0.008982610105809,0.004855907018551221,0.32527228661633867,0.662416358949762,0.02829067330965631,1.9425368613246854,0.01787171641486539,0.027008298584549898,0.2997175482407562,0.03036449315402778
2012-01-06,0.0030308197706115747,0.0010545240763390753,0.08897072822136673,0.3083196430181022,0.019191597915655695,1.8666388213603242,0.016065519001009738,0.035188568427471804,0.3370346105666403,0.03123499178783308
2012-01-07,0.006627392541533661,0.004627923396123691,0.32137144066595213,0.48753969588961676,0.020645102735055595,2.351080615737753,0.015954110984519477,0.05366069454952689,0.32184251167757505,0.022317534114599222
2012-01-08,0.0064910868878049225,0.0026337332001630555,0.18553179354958169,0.5116971254830439,0.03549784639568294,3.3129314256077502,0.021311023378766048,0.10875971387146299,0.2682559501658444,0.028258423755606044
2012-01-09,0.006189696975118815,0.004467946283436813,0.31437256564106036,0.3746953496140965,0.02290774800894012,1.1146977065971966,0.012323135415425207,0.0794170259949718,0.1782630922819788,0.022070749944286466
2012-01-10,0.005923481531960912,0.001210458128868975,0.10222174129656421,0.21624390352539422,0.026206717035046567,2.1029887850650772,0.024633772491465856,0.19604866346086755,0.32942459152537856,0.026862458637174298
2012-01-11,0.004240673925628566,8.472966422589494e-4,0.06498055792620512,0.24270352198686776,0.023496796268812903,2.3094447196793713,0.016885714747080414,0.06507298480072433,0.3219265220358987,0.025383064342789665
2012-01-12,0.005524348699692752,8.366470328705349e-4,0.0629621724896346,0.49208065936796375,0.03207383124168829,2.358152982305866,0.023638419636722755,0.08032670363346325,0.3103016640991956,0.025894803294456595
2012-01-13,0.0034586570203318802,0.0012744686487774267,0.0768267200413092,0.4426800963839576,0.022702585503651344,2.000170835665334,0.019699535650894162,0.09331846163769271,0.3379609476944636,0.023660803298153253
2012-01-14,0.006590210484504876,0.0020934410477701634,0.1632824940120661,0.8689009911372468,0.031916563549169885,3.0846576106857193,0.022984390589784298,0.09490327178299562,0.34138012309362714,0.02708628602452909
2012-01-15,0.008098178782409352,0.004458518018791209,0.28162372583163314,0.6361643932994128,0.03087867606663699,2.094276645036231,0.019398232235609124,0.032376867594198874,0.3152444754827275,0.023692390975026328
2012-01-16,0.005195255810019338,0.002182765114328791,0.1429393641421232,0.3558110075310347,0.024130608222506535,2.1511940460011716,0.014163591207248605,0.017800182439068148,0.2901512916505112,0.022473029879259716
2012-01-17,0.0036034666884239407,7.665356409858187e-4,0.07186453258859547,0.3202824664634173,0.024585163455191832,2.635748449122793,0.017771062862682947,0.05650099398687513,0.36330140222505336,0.02664407058018913
2012-01-18,0.010341383300658669,0.0027985434122416255,0.18050315166717062,0.6305020560605731,0.05355684250838729,3.6784691147096726,0.13352456047554526,0.17035974665515002,0.31296515978699607,0.029275691798529714
2012-01-19,0.0035356587134456286,8.469835856890144e-4,0.0730649431500429,0.3529888068170009,0.02157711629653789,2.00006669759897,0.01319342318334802,0.02948868693247946,0.2873356030318039,0.020948696623183983
2012-01-20,0.0018334546614854647,6.727542758267241e-4,0.07972458928586965,0.26254344721344236,0.022352969946991923,1.9327571935513395,0.013925984032696037,0.01303289710239197,0.3231151463947489,0.022317613927756705
2012-01-21,0.01844107055130295,0.00592359126590711,0.3242052463875494,3.4387023503263916,0.09059791099850868,1.414717,0.04821020781503643,0.09453656957559281,0.43612832129100493,0.03884818192758317
2012-01-22,0.0017408183743544327,7.840037227603005e-4,0.07967112107018641,0.2635362435229783,0.016208568499515467,2.6857294154837805,0.01394428790576464,0.0064922773813497845,0.2799013349437307,0.020690758591460582
2012-01-23,0.001990946680558432,9.386867478862424e-4,0.0626546414390642,0.18920749800229905,0.020775415392536654,1.9274746143475199,0.011942047319575065,0.008305539189850008,0.3146808338086578,0.01928606014142207
2012-01-24,0.0017028168518199043,0.0010158771608374214,0.072456431511254707,0.14144311045799085,0.018632160706570266,1.968592222840528,0.011925911216292615,0.008339250745641002,0.3213152601235204,0.019977121585242855
2012-01-25,0.0024981806703961986,0.0013607075910395479,0.11343792568436097,0.0795044999945676,0.019106157670086363,2.0554151843011574,0.013592417898388314,0.040505868945444744,0.2901629101479755,0.021772850095327805
2012-01-26,0.003125982343430884,0.0018169994479207692,0.15629824672066286,0.05320740647114742,0.020144456573983324,1.7232350287793161,0.012829285123717572,0.007929902434609459,0.28893875148462883,0.020424118398633513
2012-01-27,0.0037106659784377316,0.0015723185673136503,0.15896104943110437,0.05263054570638423,0.01978935335413012,2.070815596451249,0.05550443108521903,0.03648168276460034,0.3943704294656967,0.02658478845733025
2012-03-11,0.004334620490563275,0.002339336630942854,0.15691250861129585,0.881811965127793,0.031276708956354406,3.5479784836044654,0.08219127003213601,0.6289963542712,0.5539019733592849,0.11594941710241237
2012-03-12,0.010716870477288134,0.00641626617832934,0.4382724756566513,1.5125352074834788,0.04271810692201961,3.7019233863771417,0.27222608064331033,0.41409585344088917,1.0053063879708117,0.11744361644241759
2012-03-13,0.010196731362018175,0.00785157014875262,0.4127883152949925,1.0566429185154558,0.037572071619617946,4.088837263978844,0.29092737675695374,0.06104855775051856,1.1427639174884112,0.11798777634536596
2012-03-14,0.006454291584947024,0.003233462593506306,0.2522393139678153,0.3976469188595078,0.029261674984518572,3.681722615174315,0.30575940689118214,0.12531724132157754,1.148374588704561,0.12280734381622786
2012-03-15,0.0062334983491316685,0.0041721556547372534,0.2611828827137843,0.36291736209403097,0.029008470393652265,3.616789738870404,0.14116516300400545,0.15249191651006816,0.8287387574894756,0.1174499913928409
2012-03-16,0.005648349366912603,0.0038357425638930725,0.2365831368745782,0.2881478000443002,0.028826391641868742,3.6298866520161495,0.07676563928710098,0.11427694357473428,0.6438696658455032,0.11370538432112702
2012-03-17,0.008185531749537778,0.004832490168396931,0.3428413766632902,0.44569497181393014,0.03726413718559709,6.081559092306018,0.2099274284180843,0.11591169353336876,1.2552574778873455,0.11952467589522675
2012-03-18,0.013881992840716709,0.007957496585215792,0.5143238147231567,0.7059627741726684,0.05056959495177512,4.231729298499728,1.5236687799700266,0.1228288233081747,5.275438792584712,0.2056531503925532
2012-03-19,0.011502711945716932,0.007307795026260246,0.47245316970522067,1.9820915070964813,0.04223243018946103,5.375079452104127,2.2059022165920896,0.12054997679160458,3.2872981159197225,0.358774605225565
2012-03-20,0.007303807098422917,0.0049423399739607155,0.3363446520043689,0.7954408242234742,0.03550370840007844,4.978394054447177,0.26423488184447674,0.121245189410293,1.3582467735397312,0.1244614752871028
2012-03-21,0.008873072374282427,0.0047492071924710765,0.3101842734866808,0.31143373197836166,0.03714474748506308,4.303493989901926,0.09295464613787954,0.11565956660893253,0.7715645613371378,0.12248414195374559
2012-03-22,0.00928484694074216,0.0059762770830047935,0.40214248352189413,0.5370416900747186,0.035300216517058364,4.706084759992004,0.23981452960193886,0.11399257860765938,1.1165742727731147,0.12539107380030248
2012-03-23,0.00844773345798848,0.0045590141780220425,0.33534174840908193,1.4308475631745055,0.036205611451323394,4.087312585715215,0.23180127532117353,0.10517051519595443,1.0768169123822073,0.12097498438802959
2012-03-24,0.011509939021364143,0.007765558411481431,0.5374644378255737,1.5495288028482788,0.038569571217996444,4.3590000266507225,0.48371489628521563,0.10396500556060871,1.9636775221039349,0.13700932027369744
2012-03-25,0.011392930768122223,0.007918240785075305,0.5296293929164525,2.4386764691237746,0.040743692234138526,5.334296520407354,0.9027423841036752,0.10959615750395982,3.0604986150495495,0.14861419079236715
2012-03-26,0.01144827489096545,0.007778022725158947,0.4471444322184276,2.617428130742848,0.0425755224582635,3.9279226902404787,1.074372238764152,0.10377541697367934,3.629120248980908,0.16674225843948018
2012-03-27,0.011415909262977085,0.006610322579483093,0.4547791839443182,1.8717751488605676,0.04109239541914659,3.7960482454801596,0.2935721341961517,0.09762202914876632,1.5701791994764482,0.1298452179103632
2012-03-28,0.008826415532240537,0.004361944776590483,0.29103010114646216,0.5098320382310629,0.0367197864583987,3.8687526082397667,0.08837351205654624,0.1129657164687335,0.6768255833524617,0.11846145981095835
2012-03-29,0.008299345114981241,0.0052145802654227115,0.3404907605321618,0.5428816014861712,0.03155694666751681,3.9184222216330595,0.32901615070523516,0.11054467425234786,1.4435497000828617,0.12252849122033209
2012-03-30,0.010890958326668686,0.006445549463586948,0.40509145146653,0.6402546001988506,0.03372807086225063,3.770755643486064,0.33604788233900973,0.1175269877477449,1.307290697050526,0.12154580392654532
2012-03-31,0.009050675213816315,0.005944710093131627,0.4094510119276206,0.3252599479620983,0.030794189673022734,3.360154838411623,0.12290623394002087,0.11232196741478223,0.7221172162403829,0.11571806975049316
2012-04-01,0.0065676493091239435,0.004353099685529929,0.3187487288987741,0.3948028938256405,0.02764965742254685,5.704079450125936,0.11880674368181125,0.11586903156072594,0.7913825808316102,0.11473463890455837
2012-04-02,0.011183187188968269,0.007285627900278808,0.4707128436972694,0.5635826425607694,0.04582116224144691,4.645751277429518,0.1437568723763659,0.12184463129666352,0.9230304265453496,0.12271420348416275
2012-04-03,0.00787029854794718,0.004903216000321146,0.3410120222204833,0.7122669557527079,0.033014832595115486,3.7974748227980393,0.17359550226619952,0.1214362698327139,1.0523232080821698,0.12217192116056169
2012-04-04,0.010096499507531559,0.006739592468851881,0.46177755023697287,1.6703794298810135,0.03455136281917256,3.8572488565596386,0.1366427203468461,0.1366722529937873,0.8121260904989938,0.12162788123501535
2012-04-05,0.0111400745115487,0.007703782282168026,0.48902354907621776,1.9572243542128736,0.03914354945145623,3.903756719899133,0.08951877820253344,0.6234916683621433,0.6733851217608687,0.1152400166800808
2012-04-06,0.00962859350768252,0.006341175950713007,0.39975715950395435,1.4361205400881814,0.03413239053484095,4.023923728805753,0.04494649826192025,0.3196497906282094,0.5741206211133772,0.11535337295867902
2012-04-07,0.01017559857748398,0.006017422240837517,0.3851654403190162,1.2695413494412577,0.03246584802799397,5.073962905575144,0.09304176746925974,0.289356390581212,0.712498263028802,0.10443594868011062
2012-04-08,0.009062017766459577,0.006026881280813692,0.38851638080954787,0.9043419915762952,0.04483453364467395,4.037930073801651,0.1217114204055591,0.12319700081129492,0.8093080714747383,0.11890284674478152
2012-04-09,0.006789585116623106,0.004576922693271195,0.2799712070045589,0.8769318159301213,0.02981729015271844,3.4742420611717963,0.19714115582078348,0.11728976650267704,1.0364149039047008,0.11794049875403996
2012-04-10,0.008020355429520093,0.0055242268896370916,0.3697856808767242,0.6587584370599673,0.0315626521620253,3.5968669513696514,0.10729024607648777,0.10742997259967538,0.6680576458170733,0.11614440755853421
2012-04-11,0.006216775964921713,0.004815617424441428,0.29045175019358505,0.4872353246653052,0.02842588015583862,3.3825731584900467,0.019148503808634188,0.12252193150566715,0.42942317587905054,0.11234870546364831
2012-04-12,0.004745218579752428,0.003251295043888195,0.2363383414592404,0.21698825111155215,0.026247928343553134,3.3760760979158717,0.021520484714788582,0.2733798666434287,0.38452942264028067,0.11348834305956582
2012-04-13,0.004567110289159557,0.003259555996170343,0.22386730376278627,0.22056061702670313,0.024333123108109242,3.289934368626864,0.02140002601770563,0.11556062970191666,0.38217146429940857,0.11290142152644934
2012-04-14,0.00565071548905055,0.003900138632099799,0.3004901692140863,0.22631871172981347,0.026467186188102808,3.6416169983342304,0.011697442614841288,0.11453910613972472,0.4915222120743283,0.11213001222806541
2012-04-15,0.005122568162412385,0.0034203640752815323,0.2540492708797073,0.4764408949928698,0.026843044245144776,4.548739595325637,0.051956664260568435,0.11301049114089223,0.5035649254936447,0.11297241991885852
2012-04-16,0.010046308995052313,0.005697172262029317,0.4056679140641158,1.30215764677749,0.0358588479788378,3.5489644761768186,0.0685318909821772,0.12119091574080282,0.5887780683064969,0.1169293021450526
2012-04-17,0.007971007313324834,0.005101601775655619,0.3568306271842713,1.1982953466593993,0.031939822732051905,3.721589311916483,0.13789098750219936,0.11283954831263106,0.7673764924107788,0.11601532160878493
2012-04-18,0.009508214469269874,0.0064501574176996646,0.36479212966537533,2.0686665822422157,0.03409998765107694,3.9275713603546403,0.14967312525264415,0.12667172807886767,0.8351522715123392,0.11741997245874698
2012-04-19,0.011405363304272775,0.006906161295763878,0.4857889753316454,1.9281136512586596,0.037377523327771466,3.949075925785308,0.11374291273099481,0.11970708700903943,0.7888836118200517,0.11699529017329245
2012-04-20,0.010880195748214368,0.007125156084176683,0.4694455573908544,1.4967527306959891,0.0364199580204165,4.473138011091396,0.29925190986090583,0.10993997540536403,1.353199404620727,0.12195744110201107
2012-04-21,0.01054810285432627,0.006369121491590971,0.414249500270803,2.0324539225797964,0.03619502054299735,3.949243757001839,0.4436436855292545,0.10996674761026294,1.950260825593428,0.1324207970698523
2012-04-22,0.012027568430126015,0.007571272008309898,0.4848726324784066,2.5333838940354068,0.03768704225476046,3.3970187779729097,0.24923444531461159,0.10689587583532163,1.5108921859110431,0.12493296896365866
2012-04-23,0.013086610169416717,0.010428855547040337,0.4868063421423862,2.216264094329239,0.04784911801230406,4.007268117623901,0.17207609367506982,0.1134883927310196,1.1025051595334057,0.11795842806790917
2012-04-24,0.012931541368424183,0.00697353599538025,0.470707450490833,2.7987331828152966,0.039218043899464185,3.4547981411669904,0.11692167708038317,0.1188445342363871,0.9247034515947694,0.11773080174368176
2012-04-25,0.010941131770134066,0.00910756153075218,0.4656296453027126,2.4878545992225916,0.038229069091607504,3.723860572353676,0.16887118352763003,0.10547247336655703,1.1130688886680509,0.12043658273447068
2012-04-26,0.011125975727533339,0.007337274022184125,0.46387738114988963,2.554134276170695,0.0379296424365825,4.367835240799516,0.11345091308534366,0.11582473731378155,1.1560866146161108,0.12026826111069785
2012-04-27,0.012095436366786358,0.007921493393995036,0.4396537589695555,4.073542083164601,0.043145050680571694,3.5517203816193077,0.2262806203732907,0.13265498630397013,1.4079626080881162,0.12666955660338003
2012-04-28,0.010296307545068911,0.0069190038969543155,0.4335286115776097,3.161202599544357,0.040511182793196744,3.8095078022656206,0.11205832280644452,0.12390895060866991,1.0144293399598663,0.11710053025830838
2012-04-29,0.010511003397420343,0.007566455893170461,0.4662408645888839,2.642490821039309,0.04004960882815961,4.707969429180444,0.34815157238328004,0.11648891193629865,3.4791312469119298,0.14632596603099157
2012-04-30,0.012076411228575565,0.007883104595091707,0.4711999669307713,3.1281013860930083,0.04549618203003962,4.799531082086769,0.5678514155647577,0.11969930296732434,4.745229034601964,0.18237039193350438
2012-05-01,0.011724783242623549,0.008159738018702869,0.5414318927754256,3.004196643083305,0.04390125507412857,4.4264298411614975,0.5171021318611441,0.11895970769413731,3.686816868727141,0.15090843984205157
2012-05-02,0.011581300817452027,0.007922754273106921,0.5272853105768261,3.0712396796712236,0.04587341097409479,4.33531839114926,0.4865383487435696,0.11696516082827131,3.666270736901683,0.16389172119876863
2012-05-03,0.010706689032324326,0.006927543675896891,0.4812179876069264,2.2991229969749334,0.04027672977878914,3.849492381638417,0.37032679436854554,0.1143346724480535,2.6722997502198065,0.13114517954454674
2012-05-04,0.011841021340457671,0.007877224036586555,0.5328503532171298,1.6684069319145403,0.04001432476863254,3.6070299905243495,0.17355027347927776,0.10908839264230864,1.680898656500296,0.12493122947740408
2012-05-05,0.01166801324608667,0.007903428555813167,0.5276555878531468,1.402372154907548,0.03498416532929577,4.244469236507099,0.2694152713245112,0.1301955290659822,1.957943791731264,0.08414910257763834
2012-05-06,0.011608367763718808,0.007913207633639978,0.528142278504325,1.4877282840473929,0.03489641490607739,3.7015103927963313,0.23557182723360384,0.1176622826200172,1.8226871236743731,0.13126764239049202
2012-05-07,0.012621507639032747,0.007696580379313725,0.5285268567266568,1.5118972578290133,0.03638501376663474,3.7350331408174693,0.38342211066061715,0.12370884148580337,1.9782788286574289,0.1301250410798444
2012-05-08,0.011136960280940219,0.007741497063811947,0.523559129190973,3.189353499725767,0.037081135692022704,3.505173962858941,0.16836170702222403,0.09679156799718507,1.3525360288607693,0.12107738533872625
2012-05-09,0.011139620641785608,0.0078017929548249996,0.5303941492795051,1.970719668435072,0.035580037323837924,4.308163492337064,0.30348885937050174,0.11968038977244184,3.021439628591617,0.13711739381649363
2012-05-10,0.01109435101619581,0.007570963836335107,0.49459939441880635,3.067057612986427,0.03975110262385938,4.385865453427636,0.8631724602626717,0.09222602856109385,2.0383689211910805,0.25544999141549585
2012-05-11,0.011471839695663507,0.007704555979260778,0.5076195055449505,3.554114696734195,0.04541911952070626,5.069599219808012,0.6774817233387591,0.1149895775898476,5.281286779362716,0.20827813583643387
2012-05-12,0.012105439052082745,0.007728067880052167,0.5191588592599669,4.80771727659302,0.05164833029016427,4.544720841395761,0.5392065230068243,0.1123627136586688,3.523259854920254,0.17302467596294496
2012-05-13,0.011153914239801919,0.007543637387212484,0.47498975801651766,3.7447980867898605,0.04093642484125232,3.4381993355993132,0.2222591059699773,0.12486798293011543,1.6468603779280866,0.12952251860145902
2012-05-14,0.012278359795460304,0.007925924459422131,0.49191021665823326,3.225581340287205,0.041061194832577634,3.130158224941391,0.14531347394994173,0.12141511061253289,1.3802755310692028,0.12637006251939578
2012-05-15,0.009097832071901636,0.005969165753829974,0.4106985631711049,1.7904518991284406,0.031004242725388407,3.732139025389093,0.19618873514536073,0.10665615936542004,1.170612808260306,0.11866269735559065
2012-05-16,0.009670938670884331,0.00675781477221313,0.38619414574127414,2.0040562790066176,0.031799382108287894,3.502352045537742,0.3446586571088032,0.11197287414616225,1.8096646615722178,0.12932917520388545
2012-05-17,0.009743749352153205,0.006654041845132325,0.44920155845808235,1.7424825468043863,0.03171197267984917,3.6929591987716317,0.3588386636558108,0.11871135626350376,1.85017381722022,0.1323631965698789
2012-05-18,0.009011548447363637,0.006474030009872522,0.4179511130943546,1.997681984922335,0.03230142176748262,4.015714861761229,0.4425851708465619,0.11693190272553543,2.2264189088538484,0.13781564016834158
2012-05-19,0.00957000553438628,0.007478554095978981,0.4320183500966249,2.3807868138692725,0.03174955024704602,5.1485173074483725,0.2646552450562626,0.10715111167436472,1.6878471501864853,0.13043939093176454
2012-05-20,0.009249555668246232,0.006660776144800094,0.44550922216846917,2.6476397858136385,0.03519803578748962,4.2793476105907775,0.4101439589187685,0.11885915194695673,2.1012368254035074,0.13875234910785655
2012-05-21,0.005956473156269825,0.004158053641182428,0.2942890378799115,1.8227711222837002,0.027992992410196163,5.523003827951395,0.16746424092512407,0.13714716322195586,0.9736401524830465,0.1286982082411725
2012-05-22,0.008100166779550838,0.004982097876955767,0.35417672619009694,1.6751273237564868,0.05095607311092761,4.501753789283227,0.07000489158849259,0.09248610812164765,0.651995540556613,0.11511516837698887
2012-05-23,0.006552250739853493,0.004537950546286252,0.2915747520593587,0.9689951673613496,0.030443775851037268,4.476674281153466,0.039988915047404074,0.11957139479685976,0.5219732199855985,0.11326500823609999
2012-05-24,0.005515809589392287,0.004131758890355928,0.2767305767932588,1.2555059097092591,0.029083155595266825,3.1941612736679796,0.40442862091102455,0.11660980262297849,2.0729180462728043,0.135559579865056
2012-05-25,0.015750072346358193,0.006652988206608742,0.3818899206994209,6.297732294047914,0.06844906793160445,5.48350862921214,0.9853991843105692,0.10920663686309774,4.134231776326945,0.17540195328552102
2012-05-26,0.010023523913839932,0.006754765639254259,0.4068295755661946,4.5979898056594255,0.048404864264569525,4.113273452663463,0.49757482626586175,0.09979424078756394,2.204447188982138,0.13820929070624666
2012-05-27,0.003603504759629055,0.001788082197711699,0.13848966957150632,0.9771550762935495,0.028421168600875648,3.761417824263837,0.035660816473105324,0.10129212171155792,0.4742444163092382,0.10981078546135849
2012-05-28,0.0030291654394643502,0.0020666922999096724,0.15122033773143512,0.24688492930323655,0.026383420954061283,3.3641147030304377,0.03568418205107832,0.11805139493381686,0.44305159303858066,0.11152847738707278
2012-05-29,0.003320027989588642,0.0021369909130050132,0.14974188458948318,0.12148118543102673,0.024731457011061844,3.3670522409063937,0.034097123290462494,0.11618886677835326,0.455088279898139,0.11044933115763264
2012-05-30,0.004568120241866203,0.0033183820529443355,0.2189827505580533,0.19573698933631734,0.02610535311269702,3.6242264371106727,0.03556175420105426,0.09039285779020631,0.437887108790485,0.11119645332390463
2012-05-31,0.0014883643794467805,0.001496609381188358,0.05594384758629496,0.20656377548390736,0.027337761467971365,4.761380750868468,0.03087394856754963,0.06351148308700486,0.39786160440414065,0.10999745443285314
2012-08-14,0.008406963110274899,0.00540672075765504,0.3866254292368359,0.12520564503124448,0.02362205867641091,1.225314125786547,0.041784590340973225,0.20686729575595825,0.5731456455881891,0.016834825541354563
2012-08-15,0.005003613771699372,0.0034655672489726543,0.24683245352100786,0.12213257060158358,0.019619927174115606,1.5470496752328156,0.12221864854186323,0.029560528574705373,0.4803596151302755,0.026174334499967408
2012-08-16,0.007553150213816617,0.005148606879932474,0.3535850650514181,0.2673224754339492,0.024046893031626767,1.0063668905523473,0.02085902317544436,0.14576318201048438,0.6538867638231791,0.16583818888821417
2012-08-17,0.008498596133997838,0.006006388240189191,0.4125887969968525,0.6151748054608351,0.024335782333604974,3.672051906164585,0.1326753618611598,0.09457254480059474,0.5368853344804829,0.02101961636064274
2012-08-18,0.008470858379831291,0.006050031127122653,0.38287510100538474,0.8596197766280973,0.02384509208790983,0.7882147357331567,0.022527952803934492,0.06857037135043646,0.3065198861514412,0.01740188938312518
2012-08-19,0.007911110147141045,0.005867618759196783,0.34566144632404405,1.4724717044554576,0.026664238406639333,1.8969164252226218,0.14485713621506707,0.09120588393540281,0.4342924105215977,0.019885780156536477
2012-08-20,0.006991129367104646,0.0049717718503610965,0.31523149460986666,1.164707290193519,0.027119983188737415,1.8429587832642325,0.12349148117285824,0.11004896875636885,0.4095810316033813,0.021138950711767246
2012-08-21,0.00902141227150234,0.0065766079113257925,0.3956606634011776,1.1589949209669772,0.028962381749077542,1.6374966837441993,0.15545755703831995,0.07716443464290383,0.3618464995418637,0.01762717169541529
2012-08-22,0.008141590874858426,0.005142317152616415,0.32706257671512956,1.0324753808771276,0.02951759991523701,0.7390929003289369,0.1635428156763207,0.03952397305355383,0.7681637410849981,0.0253049694938109
2012-08-23,0.0083829019526816,0.006261955218796921,0.4173233487938819,1.072057366196912,0.025959836919720817,1.7007807390443512,0.15705688464505113,0.10127026903703772,0.6565255876553175,0.024589667624113992
2012-08-24,0.010313609243320837,0.0077162469444019876,0.5026737791610977,5.492273591794677,0.026070380568060377,2.841231521168899,0.14782333216954927,0.10210978998673714,0.39082660376337497,0.029731190853664526
2012-08-25,0.008517493718514443,0.006445552691297931,0.4192547545797543,2.311014801875204,0.02560208494119766,1.7318942054252968,0.15405856381449654,0.12409713490740802,0.32504943476146825,0.01612594085133097
2012-08-26,0.009866148770425723,0.0077987824346120215,0.5092149698620024,1.8394786628231081,0.026706454990421322,1.6425567161910606,0.15291267481392376,0.10895666789265515,0.3080163836856775,0.014169393158905924
2012-08-27,0.008025997632522265,0.006486295008639215,0.4377489928175849,1.9378827265924554,0.025373791835791908,1.8192340597282965,0.1471135695732892,0.11549115222693447,0.28847149952530565,0.015690406987571258
2012-08-28,0.007517146636660282,0.005835723247440544,0.4018392317803477,1.383792387189527,0.024573082284609717,0.9271499282083346,0.14350135366888628,0.11242554893816516,0.30439660057485857,0.015585177250989159
2012-08-29,0.007279826887309753,0.0049308454492254785,0.34644978929120757,1.4125443049473563,0.024300170736809647,3.066064812688825,0.1562079232281871,0.10829260672779534,0.3103328885343769,0.018058485267979287
2012-08-30,0.006479233488357862,0.004923559342351349,0.31540402152023517,0.6845372779648818,0.021682494114849887,2.3171246332802213,0.15435522354481757,0.11909108367053048,0.42993595530334794,0.02554735563758801
2012-08-31,0.007450644581510918,0.005435153704848005,0.3716285501474982,1.0865827818209066,0.023688098170180315,2.7282286767576873,0.15434484213575522,0.11159514385993265,0.2951308407531988,0.028162755397588498
2012-09-01,0.005323779110740133,0.0038248793808005237,0.2539813012920538,0.9356884847449658,0.021718620188911634,2.0328770525327524,0.15642455261497984,0.11781439273402253,0.4175098685983482,0.0390004968866978
2012-09-02,0.00629890156233196,0.005182475605188279,0.31994287033308966,0.6186887937952812,0.021013536881846543,1.6481790614857508,0.1471144290974128,0.0982576488855033,0.2953163697503747,0.01707216145358358
2012-09-03,0.0063496349528361085,0.004772325053795751,0.3143373008785354,0.6557072016368662,0.02195795560393317,1.8459456248564419,0.14481728522283727,0.11500473677349257,0.28413913347541997,0.018082980457792348
2012-09-04,0.01066906332953615,0.006241146748911854,0.42572672916712667,1.1258557161477043,0.024750894673441607,1.6783751701566727,0.1371763429745191,0.1123187576879576,0.23173397723393951,0.01907976017538546
2012-09-05,0.007974497588630773,0.004625727203146334,0.33683907085335646,0.528288171635756,0.022892153084727525,1.0745692628754508,0.13706941194667144,0.1023243333089823,0.2190502437561942,0.018730412164058886
2012-09-06,0.00731903453982238,0.004698123585771729,0.3234761046166906,0.6212363272220404,0.02108066618426052,3.103588835255817,0.10821940406361237,0.051785467598005605,0.31355072205944606,0.02282610628260764
2012-09-07,0.006671045956861488,0.005102525636146784,0.32676435478445826,0.2480993871522308,0.02245091232066361,3.211829689395471,0.1478004006873723,0.07761569068317722,0.3175235004395784,0.01995112155971939
2012-09-08,0.018086797599664375,0.004955514173366171,0.3193251903199376,0.16463367932615852,0.06856055276680097,4.360540946159549,0.14443111614031826,0.0483107903598412,0.37792600569047907,0.023173515556127865
2012-09-09,0.009919622727406421,0.005483649908614061,0.3774286239617499,0.4509733898334796,0.0338912478530446,2.353023278624332,0.14773797293849678,0.13928693662539499,0.3998735574458131,0.03277998054899057
2012-09-10,0.008218223527688208,0.00557373872471369,0.34979530798786435,0.8028217394167525,0.026279768239824718,4.2144570425859085,0.28566191865906965,0.19017825435323418,0.35271523853991565,0.025162045208475203
2012-09-11,0.00527693257850837,0.0034292737526009785,0.23284131615928821,0.5937834950219819,0.020532195891340994,1.868321127430852,0.15001991220880312,0.12374508927016618,0.3269432216597402,0.022710447946740837
2012-09-12,0.007421043055994083,0.005647500774784187,0.3668506542701982,0.8478762487829166,0.02178957003892688,3.8310104715079074,0.15380874818026444,0.1159673355676869,0.5075137346667478,0.036084936488061055
2012-09-13,0.006574297237551555,0.005008948611824438,0.32354502320648515,0.19885285723947843,0.022404943367973506,1.74306056873946,0.15095497161486301,0.11912418320231455,0.2897811646307434,0.016367508397286682
2012-09-14,0.006999799176065553,0.005208260017373652,0.3472527464529461,0.2004811264168221,0.021896597774149755,2.529033075454469,0.1381422008809071,0.11281545332625911,0.3440987385973161,0.0166645893363548
2012-09-15,0.0065354361828020326,0.0049628106062905766,0.3232809965423424,0.32433498888011586,0.021253549681888435,2.086660166720676,0.15185988602214148,0.11909574014675296,0.3120366452300915,0.018759522622594903
2012-09-16,0.008005717691774298,0.004952536995546284,0.32064453291768846,0.49666186936471174,0.023626915002225746,4.252333701307318,0.1339794116788908,0.12448428472494028,0.36849794727581586,0.02245194571002088
2012-09-17,0.01304927541943069,0.004557132656927819,0.3172493636354582,0.5106877835890242,0.02914694538757192,2.544402383597117,0.15957616505423391,0.1260179457788336,0.35941323551396936,0.020314031650862662
2012-09-18,0.006807126389425864,0.004939252611219698,0.31557371140997925,0.37449104725947724,0.024859751088506497,1.5575525336966967,0.12881548497339906,0.2772825121149316,0.3499663692945366,0.025772944380101876
2012-09-19,0.006545752102594323,0.0038683476602510694,0.2522586186374604,0.19657252448251,0.026380791386539183,4.903253784961497,0.13443297152524003,0.060828060064952665,0.2835096872188887,0.0212160205743543
2012-09-20,0.007825486190368814,0.005196967854199023,0.3336989005168553,0.5758622822155658,0.026101954935270653,2.644642243413207,0.1710356965185914,0.12825397143935505,0.4618602762018076,0.02610672983133899
2012-09-21,0.008018673435857892,0.004849171024723735,0.33468724894729407,0.2735508596862017,0.025749501997446477,4.570453615347387,0.13868765068405697,0.060615978033004635,0.5619825780888585,0.03025102128505912
2012-09-22,0.008499268553967335,0.004742736800121954,0.30793761649890616,0.1384948980534561,0.030759439430904784,2.3545591645669046,0.15439932151428387,0.10241377218777924,0.30256245363511314,0.019125442389701736
2012-09-23,0.010150079015281014,0.005046976664531708,0.31391244321955286,0.31237975538237106,0.0336003112115141,2.303869842903674,0.1527075706361754,0.0997147713539283,0.3986876973031021,0.023647923688171864
2012-09-24,0.009158136486461533,0.004864140278641359,0.2583808294605188,0.13751768711742937,0.03466332653533126,0.7491478534260643,0.1500771737197436,0.10615835479929973,0.3808233777433838,0.02009859940932017
2012-09-25,0.01187905506635372,0.004875379616170236,0.3124994667724689,0.08195710573781889,0.03801040810778279,1.8337712986852122,0.1554489302741778,0.12218115568682951,0.29130326044047017,0.015561912297747987
2012-09-26,0.01526399853707409,0.005006314465296858,0.3097348444802278,0.11405818387022487,0.047557272358225086,1.3952955355701744,0.15590905744077213,0.11653449206265667,0.2447059589465792,0.015879922300691525
2012-09-27,0.01585163785776725,0.0045566049987129245,0.3024435854132894,0.2718984411906401,0.05304785005989498,0.7964669383496153,0.03552596757833627,0.025281556957390896,0.22116901787558313,0.018153670430894272
2012-09-28,0.019849443769169577,0.0056037274284580435,0.3345314871990295,0.5042279115118975,0.059476649780676114,2.0886399277355707,0.03170839401322621,0.041618492765934,0.2929380440489934,0.020571281419962638
2012-09-29,0.022482046555981062,0.004542020206417141,0.23011440346539805,0.3065329375735991,0.09556863976889594,0.6340878,0.04165803918884565,0.05750823575414307,0.32522302939367626,0.022993229701675232
2012-09-30,0.061245840952961865,0.006098047217685593,0.3135334913993178,0.5288895632796415,0.2319116576258134,3.771751,0.07104646872739279,0.10321374375911863,0.4159032090423564,0.037103893044835606
2012-10-01,0.050548011462542314,0.006550118574124746,0.35333901389892736,0.6604617395826196,0.2226388031888961,3.183187,0.07433641416152921,0.14480744197995626,0.4634471516419105,0.04834076843454704
2012-10-02,0.025175365620835083,0.006587962168049995,0.3838082611659666,0.6903799180095695,0.09555850395421069,2.960366,0.04638752917536458,0.09560448141559266,0.3194421486320176,0.035971479304233514
2012-10-03,0.023130617745916883,0.004953022071723283,0.23275111525460798,0.578513307001196,0.08801958226298055,2.044342178238868,0.024134721927482405,0.0157087752953236,0.22083829727248397,0.0168724050208358
2012-10-04,0.07431408066472599,0.006392551329002607,0.2958278824154015,0.7787513244883825,0.27193753528953224,1.082427,0.034235875951548256,0.061174228243783345,0.29209443918411043,0.034300717869948434
2012-10-05,0.20382949756458926,0.01118227791074578,0.39835551600861513,0.9317297986258462,0.6881194445804085,3.144707346782686,0.16161449895434815,0.12306411314264042,0.5457309243329445,0.029949695277897655
2012-10-06,0.026995046435909775,0.005089389508850055,0.2590595748872147,0.8421749200746066,0.09658269004788073,3.692540495684915,0.1801702836555532,0.10980866723520917,0.44502962334726665,0.0326146944549696
2012-10-07,0.01799276067227942,0.005644902576540006,0.3445723958211865,0.9346725890224074,0.06448131622943656,3.25211099099564,0.12597994071488525,0.05855484980716542,0.6215805966718153,0.03147352950979918
2012-10-08,0.017355494268972146,0.005188077268744944,0.2593875317769534,0.5697880388616806,0.06704929633842625,1.8242405100781558,0.18006691699287933,0.10366348635809283,0.5185994492381283,0.024161959068289558
2012-10-09,0.019879004142967022,0.00479781254435946,0.2960621694782494,0.34484177931807275,0.07991513202439574,1.9815861613457437,0.16296182114328284,0.10799827735226428,0.3999569082745915,0.02302052249959805
2012-10-10,0.12631641175382524,0.007211145944492664,0.27764921568323886,0.4661514559968788,0.39766979025127114,1.9854463521703527,0.1593505639430203,0.1250857167107552,0.4968729955713432,0.03412043314430849
2012-10-11,0.03614373886507316,0.0053532914885253535,0.2617231732960085,0.43407131317749437,0.10883038090882251,5.0770277440223825,0.16951967627104206,0.16749840988938014,0.511095010830051,0.04007754559591443
2012-10-12,0.10363639363623765,0.007558466047757177,0.2650362406856987,0.44546222940354047,0.3637034854087714,2.2925097975688127,0.16618482716809047,0.13689831366009445,0.31086087581080385,0.030561362976554648
2012-10-13,0.026205424412306794,0.0038196370167802593,0.1664367414959104,0.299052601624943,0.08732604761661036,3.424831536246418,0.16845775657795548,0.17033470149320282,0.3309207344114146,0.03435853653377862
2012-10-14,0.017138317590881698,0.005121238673149105,0.3188355065524064,0.25774068178323034,0.05833546222507369,3.3927539218652387,0.1687079821266765,0.1378942936373021,0.29928878905324874,0.030428330176925995
2012-10-15,0.014681086554455871,0.0050931723484222485,0.3155348519324813,0.09240395116683539,0.05816897939398713,3.708824411821553,0.16808312029129904,0.13112602202588927,0.3251555303919341,0.024859649977274922
2012-10-16,0.01930703697255291,0.006264940445677676,0.3761301604473531,0.10499212985049974,0.060348849427549985,2.753929139959525,0.16600392792020796,0.13116728025024116,0.25359002739731307,0.021970476504912795
2012-10-17,0.01908958724784601,0.004324682982605546,0.24743422527721445,0.19826014432636532,0.06998594741187476,3.1722713408764407,0.16821152474272802,0.13461853367725485,0.29080391199077776,0.022847051719428156
2012-10-18,0.04582412326303582,0.005109001660631753,0.29503619060114405,0.1795550057003026,0.14644517573811608,1.3615240949630527,0.1682221166139723,0.14597589569468003,0.29487602601359436,0.025514641357924764
2012-10-19,0.015273983510991003,0.00262100130686778,0.10159619993442373,0.44439797817113214,0.05198207516034157,1.615903222904791,0.17831085542009859,0.14899705580595107,0.6645210263025564,0.036754939073763954
2012-10-20,0.031606812463363415,0.00516676359557441,0.24758449704034702,0.22786567671588476,0.12647081016917897,1.651391559006225,0.1758246475910488,0.12847071996353798,0.6223745307195098,0.1277461685501354
2012-10-21,0.015716853885670283,0.0032267659131083558,0.20550197567731654,0.4268523566792387,0.04779586173490442,2.9031769734857704,0.16991617794113809,0.14292542212022674,0.32660713977091804,0.03854783642166704
2012-10-22,0.009239366165423254,0.004988697860303128,0.28546700275493436,0.6646946059367865,0.03498171514361753,3.5106446842397894,0.161581137885031,0.11689794776752926,0.6216141479927721,0.0254990623789719
2012-10-23,0.00910750364459098,0.004752243758873065,0.29977345873802735,0.6966740068360884,0.03538175465113199,1.6049883200588098,0.15653142126237307,0.042351887572495514,0.6327617442373787,0.029157838358777558
2012-10-24,0.025338824104241698,0.005656342007674041,0.31317274197792244,0.40436941971034357,0.10186877240845156,2.502701409373072,0.16519581201650058,0.11843613580701542,0.4351885430349471,0.023779425359394726
2012-10-25,0.025185750196504472,0.004868908540435732,0.2953839326060976,0.6498860205798399,0.07834902765054715,3.1077503915585383,0.1649932175062345,0.13634108893187594,0.2947841546935995,0.022161890652031474
2012-10-26,0.014615896936693759,0.004929737338950752,0.2911051682660225,0.6705266621015528,0.04645094382649937,4.281420936433185,0.12808341663717948,0.10433484181906814,0.5237209442249756,0.032596254656709026
2012-10-27,0.022574783726504864,0.0029297056544161566,0.1755263744529306,0.9467677856182581,0.07765428551059755,5.615305792109239,0.1623364115907448,0.10546420232758175,0.4081843178156162,0.02924305655391763
2012-10-28,0.047480637702718355,0.007011249224491524,0.376709142564824,1.81033647738595,0.17695751708597773,4.220354638778713,0.18948193010322384,0.12095640695001855,0.5403123782310008,0.06901624286661438
2012-10-29,0.00881985896066927,0.004703336234940496,0.30721574956999453,0.425581422978365,0.027233614812202215,1.328553,0.13248544450320762,0.10305722063908282,0.4040870150353882,0.03713016422361474
2012-10-30,0.011112024019858308,0.004797896501359528,0.3149529978667009,0.5113725075669204,0.04002587593605042,5.025567907175968,0.1555366769474165,0.11306057089345273,0.31930096676372594,0.03039651111178263
2012-10-31,0.007423335571774861,0.003866676697076315,0.23950400464591923,0.7447751562458834,0.030418236646133846,4.643741678711254,0.1420785602428283,0.0908372014067678,0.38448572574900614,0.02636741950585419
2012-11-01,0.008642957684043872,0.0029199464265638503,0.18694623674098396,1.596444957200686,0.03639244750014624,0.8222114489687249,0.14509420806908904,0.4175714268941902,0.3405909094622169,0.02480652990858052
2012-11-02,0.03554052112264429,0.007027272751955271,0.2953455794875217,0.9146182257688231,0.13626058458349136,4.861804507682555,0.17504411510702667,0.7746120168793952,0.4099281243449637,0.03156116234134288
2012-11-03,0.034398813556643607,9.094044414741992e-4,0.03794648364539493,0.37782934335249824,0.052757843780276883,1.852,0.15816414719127625,0.12711916941479634,0.33346838074771046,0.06507758454049309
2012-11-04,0.019758440791436783,8.487944507701311e-4,0.03154585015046868,1.6699923702892476,0.07078419289059812,1.8343521694279454,0.0914539492188611,0.07626854989477015,0.6325573570572395,0.08216833142678874
2012-11-05,0.011962278181066849,0.001890749171896582,0.10098331477453057,0.6703242287952198,0.02500346103797632,1.9005143001959652,0.14106781937694077,0.011871453375503313,0.37005637039767725,0.04117299520726298
2012-11-06,0.03265381184540274,0.006567047410014489,0.3765040151914585,4.945832251214973,0.1319929239807801,2.303143,0.18121676893861394,0.3097358491876289,0.7886851429613785,0.042586500056796164
2012-11-07,0.003462189117702989,8.439733879551534e-4,0.04213923883726056,0.5309216305918651,0.01850348177201518,1.6251592949607307,0.11590046589114976,0.19803794023872004,0.568158222456333,0.03254566573813017
2012-11-08,0.009098116760091507,0.007701215081448005,0.08897836200834336,0.3452003121666317,0.020404587202121585,1.4500840065846117,0.15801291551038887,0.03639536277123223,0.27124831341164135,0.027189973005724004
2012-11-09,0.01445116980893962,0.008729193924198696,0.2041707300147112,0.31770997360298586,0.03870351375797293,2.755395851772075,0.04004390736617225,0.09726427815969746,0.38791912551021507,0.02761143249450307
2012-11-10,0.008204396148810283,0.0025210876303684883,0.1185485205967991,1.2061146770530653,0.020947580452957543,3.2097850167521518,0.056310449503840725,0.19778967185939336,0.38730664883688737,0.027226128302615855
2012-11-11,0.004336327964079516,0.0020905298826283253,0.16237044237006346,0.20438744036346362,0.020744554192216328,1.8135981021630732,0.029311544397893814,0.03544618444005222,0.25937894544488377,0.02291700604059134
2012-11-12,0.005968435823995932,0.00255459596709136,0.19154818721801412,0.1274772104238318,0.020851350116436105,1.5670271892885013,0.01689553900168234,0.00698901326288175,0.2759014267327063,0.019575525707466963
2012-11-13,0.0019209732970900454,2.656916451321343e-4,0.06785544655749308,0.08399904592753897,0.02141226561188003,2.1484440920572405,0.017380918742671343,0.011697188423686352,0.32499518716427617,0.019814598648723623
2012-11-14,0.0015104084543205523,3.646752736998296e-4,0.07440453921990042,0.0994451498027948,0.023056788402735885,2.265226316511571,0.02999305664130057,0.007344066617128211,0.26782773352237066,0.020305426404439282
2012-11-15,0.0026958088007939286,0.0019798937278972103,0.11254701108301099,0.11836724285003263,0.026384167483597055,1.8403189386955456,0.017438437721595045,0.0151788779018044,0.28617273451854214,0.020800562146199318
2012-11-16,0.006931282736546894,0.005260931060298757,0.3254341306744566,0.20698180572139088,0.02985743160946869,1.7747429463669098,0.01639109407956055,0.01395024904299081,0.30476417220042445,0.019940749916392313
2012-11-17,0.005274437289159669,0.0024309325451165853,0.13815796142006076,0.7292442630411843,0.0339834886789173,1.8485700827242797,0.022733438552015862,0.010248229293798318,0.3176074670639372,0.020743510235372412
2012-11-18,0.010879359406847353,0.006774434514986251,0.38319266757435483,1.8653474382433666,0.04635621566072882,2.351956808708589,0.06898427855398721,0.05779682505836891,0.44892918219057665,0.030866552049007675
2012-11-19,0.00911515537554506,0.007364775193101077,0.37156308630661955,1.516680693331797,0.04054010205553015,4.023537071095511,0.06557644525772299,0.0506781961900727,0.4821833331738666,0.032253832289348194
2012-11-20,0.008687098693999222,0.005025567505506418,0.3159569975496821,1.1396972198768407,0.040717272257029945,2.188447748582271,0.030807580659340385,0.03131868838290169,0.35021657393433,0.026338649583243633
2012-11-21,0.007399850702508328,0.005112842587427292,0.3170969951230585,0.903883098308382,0.05005982447104764,2.0672761803972324,0.02209829071659082,0.10405077689200404,0.29102126928271066,0.025989686113527807
2012-11-22,0.00977497637486649,0.005393526794801061,0.3318039815815243,1.0901543879601274,0.06072196014082961,4.793149297176336,0.04007605654647922,0.11239848236083883,0.38503644096912437,0.02761308781038441
2012-11-23,0.00815016503784635,0.005035049023309327,0.31981178177934044,0.5856911843279272,0.05922840650968841,4.4161638595669706,0.04911172777704018,0.06184405307280321,0.4150697761943286,0.034680371707047776
2012-11-24,0.008485577700011532,0.0054303037462611805,0.319771870875762,0.7611253158966794,0.0713235255311044,1.8507130127280675,0.033391283556741286,0.03346173454161037,0.3267126499342197,0.025725830810337302
2012-11-25,0.008202735442902752,0.0055735433625979085,0.3248758700179784,0.6194199485754475,0.09597944378490324,2.025641,0.05132424466950682,0.10458881005984914,0.4049366423277103,0.03408757582986212
2012-11-26,0.00949445252947599,0.006496546207614242,0.3680614424271634,2.6995598070408886,0.3059998221744065,1.373371,0.09580970318270796,0.12666292174594782,0.5592478002289414,0.035331073462858444
2012-11-27,0.012748655170533793,0.011218766402820633,0.41521498504862514,2.208914536501829,0.31250068614512977,2.049652,0.18004053288804162,0.1755074423555232,0.9856413239932313,0.04647947182312424
2012-11-28,0.01214406463297495,0.007637967973980514,0.44583396053779933,1.995713362250451,0.326064742383672,3.9315274960376407,0.11680584315122639,0.0800686285479388,0.616810172302022,0.04500841445724788
2012-11-29,0.01472860840412644,0.007563563506784153,0.433131581604228,0.8714590130983901,0.2596346867717794,3.866080639344451,0.06381441224559387,0.09299228903228536,0.4819631130691539,0.03242736625126068
2012-11-30,0.013233654771301766,0.0076986762960392745,0.4178507328580028,0.2380284833488211,0.3895449110546048,3.4383936876305494,0.05606200350329356,0.05547480591711971,0.36887761819699766,0.02884959295723425
2012-12-01,0.011163997615509777,0.008334559450686162,0.4789488650782044,0.1793530695120942,0.3384758706361947,3.6438361641207195,0.036241142284732145,0.0527254992613574,0.3940359224855267,0.028020570533493782
2012-12-02,0.011000591900934149,0.007810604182252612,0.4515033782384469,0.1842732652880903,0.38975448386486844,4.985547622222183,0.03226919636617714,0.06863594526846556,0.35660316199592235,0.0263037133685132
2012-12-03,0.009806038112365922,0.0067402025528285866,0.3711770883163992,0.37290655082872975,0.430583409815787,1.2370572226511432,0.07344712319650444,0.07876544554479903,0.4395874462482522,0.030001282182506805
2012-12-04,0.009893709273215633,0.007327524481787626,0.4043350364534095,0.40958982605535993,0.541255384209506,3.801334597532279,0.12587311649226177,0.0903286415955969,0.6641964169277113,0.037039068156647786
2012-12-05,0.008439043387186311,0.005187880080904145,0.2616145925341438,0.23725873186470586,0.5013710091252386,1.6775817502690622,0.06782607025551385,0.11435921294467229,0.4388657800732588,0.028494221798176907
2012-12-06,0.012280432722633107,0.0063735961472262265,0.3365671752748068,0.366470797611133,0.49290503331632757,5.32607962841169,0.04240809772100253,0.047958738688150725,0.3965377340393345,0.026427095144739236
2012-12-08,0.009261641615278472,0.006698979219871652,0.3851544413692819,0.9519824534725102,0.09383043127678833,1.049299,0.13747243048284336,0.6286572437941995,1.6145440569378773,0.05880851385280366
2012-12-09,0.005844363061384277,0.00293288918041395,0.13847924392898778,0.7326852773748017,0.07107074331870535,4.092985215833548,0.09188611137569867,0.07449368229400127,0.4764235102299319,0.05305033782619485
2012-12-10,0.007854522729341229,0.005671001919122532,0.2822343161428463,1.0319006099945915,0.0591731904123996,3.6869730757104815,0.1459566541033539,0.06613783008037835,0.7250073321570617,0.03790996627178136
2012-12-11,0.007168598088761707,0.0019161473465222371,0.09191642117316469,0.4260503025964657,0.05421394658014393,2.247225,0.06971883346692269,0.06183996876027106,0.49332259030606934,0.03857512635213137
2012-12-12,0.006353970824068442,0.0028454630858999806,0.17203941048174543,1.0160200013202005,0.04498188242930369,1.790152,0.054797195786803726,0.05886586356520985,0.43857693513765633,0.031944752004524936
2012-12-13,0.008953700155571048,0.005305427254081918,0.29716476139501063,1.2593942399281886,0.04421099287357953,1.303074,0.043507329250121754,0.058406610298326674,0.36443929007369663,0.028138071690670275
2012-12-14,0.006723775259311765,0.003124968304059809,0.17929106322046687,0.5687258548378475,0.04198875162493522,1.981704,0.04549716154722842,0.062036355078889834,0.424868260466418,0.03064914979982479
2012-12-15,0.004474713261009917,0.0025719454810062556,0.12791027131446278,0.3832296508787252,0.03724820813992802,5.442703247809401,0.05820126053498413,0.2340128655936314,0.38231664222862444,0.02640418529253459
2012-12-16,0.0030802816317112955,0.0011992402133365245,0.05591582388398029,0.15406875911759754,0.031470616079279416,4.401792821365516,0.0281157332610302,0.053218399346938276,0.3108105293589649,0.02506727994546277
2012-12-17,0.0039051073799849603,0.0011605971086674836,0.04844963309599259,0.303624656587484,0.03343303433146474,6.726915185866476,0.038334842478109594,0.08115010176901336,0.3496369110589012,0.035063832415200995
2012-12-18,0.0039904677453054295,8.247812331931146e-4,0.05753114501488216,0.32814481775584997,0.026933717918610867,5.060092719292998,0.03209354883388842,0.05268680010129102,0.35295632948080136,0.03466810044789013
2012-12-19,0.00585572998821778,0.0022185837193464683,0.10416226938989522,0.830480548923146,0.02826020459224066,4.772243096577332,0.035673740638611194,0.04518565564824085,0.3107995233689717,0.027246551842712134
2012-12-20,0.0048476649212103136,0.0012362287409445301,0.05878798135040304,0.447484753474272,0.020570100972148606,5.495382324387325,0.03776451975807451,0.03074712094690046,0.28938313003578836,0.02700780336905243
2012-12-21,0.008886004998384706,0.0044202432142433305,0.2627234828946193,1.1019490941343433,0.025211882035889924,1.9798778012154412,0.03669510865973965,0.06569487543486661,0.21511367307486523,0.02474156765983918
2012-12-22,0.005996865904153852,0.001849611327478674,0.11016285086088368,0.4273858808445432,0.020849742578590482,4.725990446178525,0.0758451062610878,0.04422637283732185,0.4336042086101218,0.02935790267766756
2012-12-23,0.011080552203657902,7.019010573708021e-4,0.04773026721865487,0.15595827248011854,0.026781851948123846,0.9300252,0.026771592063370084,0.044341464760161,0.3278059114410538,0.027473917407364754
2012-12-24,0.020867125066466846,0.001902309697645733,0.12091401354101848,0.27630699498834627,0.018968729198586286,3.254320731762965,0.028375137642060875,0.04021745359997323,0.3856632767412785,0.026451600546779776
2012-12-25,0.004793219132099324,0.0011396428997386956,0.04687802484996355,0.14898361398650692,0.02551477248093786,4.669394253079514,0.02862938717681711,0.05275790503543047,0.40811594824890146,0.028545463613166278
2012-12-26,0.0038545931397305734,6.448852431427431e-4,0.06679018580910429,0.12217927380223662,0.027371517536118616,4.522299829225833,0.022549464520154352,0.04741891012773411,0.3642446764034582,0.025071194988907093
2012-12-27,0.001748910942997956,8.861136192126888e-4,0.0641824896781778,0.19385720559345967,0.021946551898975587,4.204618268474727,0.017455875234268718,0.036047277766666726,0.28523279349171965,0.02053160410392476
2012-12-28,0.0054401101172083825,0.0018405520768952556,0.10977008868206585,0.6272409696453269,0.028973544267708845,2.7858609671106724,0.023050874748080603,0.07596409682834714,0.3150801474062274,0.022220995999596867
2012-12-29,0.0032402481093302096,8.931823599860277e-4,0.08406610996422934,0.5753851209354044,0.025157218624436605,4.525063823487604,0.0286882697395486,0.06640789170389992,0.3070810452465114,0.023523964159594787
2012-12-30,0.003176059885604804,8.131633236700277e-4,0.06305213254735163,0.6269342655977419,0.02145648907999871,3.8508343363740023,0.035084272796610735,0.07567292754607224,0.3309693346334974,0.02907470325106346
2012-12-31,0.008594496257857291,0.0033708010401224276,0.10665516598566524,0.6698041566547718,0.02894482248338464,2.1813098594721567,0.02064878476270456,0.03241327111334029,0.2698814617744161,0.023567985515544176
2013-01-01,0.005516449832375257,0.002579582194537567,0.11487287033883413,0.4892798083133719,0.02451770720428166,4.7592042833166985,0.025113329378720378,0.026003254449352392,0.3025095534305487,0.02420078518922268
2013-01-02,0.012439785236761043,0.005810718980594349,0.3405322892610457,0.3689071342704421,0.03791227567459924,4.313614369767075,0.026643951902315468,0.08811396989372003,0.3078765028340747,0.026863831484369462
2013-01-03,0.010999784619216552,0.006467809957319454,0.3646471425406519,0.33527574030525975,0.03351720514051707,4.416562372386428,0.023599337047877002,0.05756501100527907,0.3206294714230275,0.023138767178201177
2013-01-04,0.010000323266337595,0.005943058532584211,0.2993954043376319,0.7620788065278289,0.035208705179672665,2.5274183149346783,0.0781201672902977,0.07493309192871599,0.29303221393703455,0.024711463896040235
2013-01-05,0.012543392333051613,0.007888195655445992,0.44640693799161546,3.3817633989458353,0.034569571953525835,2.4947734710370315,0.10142929271292216,0.7973226445997544,0.3613747541992108,0.0329204849959125
2013-01-06,0.013823909931894739,0.008053461758229316,0.4771163257482079,4.3217856387390485,0.03672722259585755,2.577860244393974,0.20374600874427112,4.305645589627695,0.4088489906442353,0.02469327800655725
2013-01-07,0.01355807633719006,0.006937178079406424,0.414048671974262,2.0797396692078363,0.037291781214107006,2.1801321238654436,0.03687022241735192,0.46586047879475784,0.3004812103956086,0.02170213424646986
2013-01-08,0.017604422377741565,0.00593829997631957,0.33727280706345125,4.267664708497147,0.034844798639867745,1.931536866940789,0.037347149958070425,0.39328510424235724,0.3143032495070008,0.026980606395635365
2013-01-09,0.02588944831690401,0.006455811633938602,0.3642529725978671,2.499409605757856,0.03528871018853259,2.9171861903355363,0.04023430581308306,0.4475323888582068,0.3358847826029932,0.022306077370234774
2013-01-10,0.03358241038353656,0.00711369444469869,0.37297377369428064,2.5314054839737072,0.031420185531049444,3.2914341196277954,0.036911713208852226,0.21366574244010092,0.3354705648815556,0.024376158777654037
2013-01-11,0.026428580608342345,0.008207968855571516,0.4475363312755848,2.549488575009702,0.03361863691401244,2.3866327662456177,0.0330020001242815,0.13211503388965276,0.3453088509837389,0.026899398716735287
2013-01-12,0.02424320931989542,0.008530927275593316,0.5179470381518365,4.777796669200288,0.031311347909064854,2.217291659017336,0.04332276263361648,0.08475705369958317,0.3038703216147473,0.02773899866419125
2013-01-13,0.009443063544074719,0.002184139439412466,0.06654499337718654,1.257007009059524,0.022346804645595957,1.3302551854964708,0.03154901658373167,0.14247475773584872,0.23784984699835315,0.025723511098584503
2013-01-14,0.00999014433108316,0.00436437744280178,0.2716904303003004,0.8351374882974958,0.02225290788738281,3.8009925362776706,0.07865573660491472,0.0931088100709777,0.43578813474308825,0.02986775478480095
2013-01-15,0.005436811339490547,0.002271423053687494,0.11629449246869303,0.5563625418169523,0.016878741504871418,1.7528542641317504,0.0635272657851611,0.0402869988715727,0.4113439143832567,0.033650307045529314
2013-01-16,0.006655097151647975,0.002615174291223476,0.12719297665775417,0.33358998947669277,0.01881961776749063,2.081350648927568,0.08033869932782109,0.05043014705036983,0.5088325025984287,0.029804087371030165
2013-01-17,0.006277478445574943,0.0013998199390823452,0.07203135317754415,0.19537509597052666,0.02062297695315965,3.1214094170393607,0.03593336020760146,0.09545904907932432,0.32520367628189567,0.025966719625944285
2013-01-18,0.00994667761715202,0.004566598418765899,0.2755702482757099,0.2946766453493558,0.02580858635744895,2.4934374688099337,0.04062396174350153,0.606395617077989,0.3462468461342861,0.02669715941923784
2013-01-19,0.008346420730841035,0.005003163212889743,0.3482809071076927,0.3596564455122972,0.021339831013391368,2.3390898954877324,0.045709991463753305,0.568477761892751,0.39157685660025926,0.026084449989411316
2013-01-20,0.00871909352037114,0.00501478946877356,0.3423752698443551,0.2965679694018388,0.027551178371231236,3.2945070365100144,0.037355418828524944,0.06548590029664325,0.3806183635021043,0.02709931566997403
2013-01-21,0.008704119733165037,0.005387011239390261,0.36140440568326904,0.19945190259462656,0.027549384608132357,3.0078197142995604,0.03533464799345962,0.05466941638384848,0.3781394197972753,0.026415227246561784
2013-01-22,0.009244080855626642,0.005389686091762395,0.24023780863415647,0.1319085832227994,0.026129434667701863,3.5671215713128546,0.038503828372789116,0.5979235010476266,0.3555271251097587,0.02722354300725201
2013-01-23,0.006241512205364418,0.004416010534580053,0.28349884663457964,0.09481281192885116,0.019195068891280385,2.1698603196753217,0.028297369258095353,0.11915108284771954,0.32128285432797377,0.02402187301854083
2013-01-24,0.008082179969919367,0.005090901769791128,0.3387560095248969,0.11905701229063916,0.023615912761113005,1.9651721856445354,0.021459416810069656,0.06507241090336979,0.3144257006206872,0.023453261527258847
2013-01-25,0.009490326856442985,0.005456388007467211,0.35406346012459816,0.181262926467092,0.0401762673326057,4.809165565132712,0.03399420146339226,0.12484505833820776,0.3359017664733843,0.026753669759408707
2013-01-26,0.006572924405200322,0.0031562407686278006,0.184603014903891,0.30832080858380284,0.022358684077319935,5.475861554292621,0.0330257860996207,0.07869590688386659,0.3475190814164454,0.02699232471461656
2013-01-27,0.0051726238938123075,0.0026501647430880594,0.15480658391022167,0.38327638936064146,0.02187576798690505,2.1882498646682857,0.03009094119979792,0.041095932762208055,0.3784322241766549,0.02437958564896048
2013-01-28,0.00614322346893453,0.003976754081537883,0.255881656891887,0.35646175330239854,0.020347996146709384,2.2815977008149204,0.08572621187410184,0.08362367186817514,0.6175648436759577,0.030407309193193996
2013-01-29,0.0073474883814823415,0.005172151037548274,0.33199644371481607,0.20075996041393937,0.020803201781014597,2.0133225471253433,0.023612158367691337,0.04609300435398766,0.29842004587637877,0.02387849496716449
2013-01-30,0.003666303363977536,0.0020776204809088692,0.1213316346484976,0.23930359965959558,0.019197245863144016,1.958373791768724,0.03475368538245405,0.03419799686858217,0.31572364592195185,0.02551025035262688
2013-01-31,0.002817590624630022,4.4901205108195316e-4,0.026021341729074252,0.2504086648461902,0.017418334766045377,2.01412714575136,0.03267668713140714,0.21873003193706853,0.33874930183105634,0.023300019704708408
2013-02-04,0.003514426085561665,0.002496780840709292,0.05089687651481769,0.2606060606189353,0.018499455606006358,3.083041375374479,0.2195820435386366,0.7277251544898615,0.4417594835765385,2.3592624085823646
2013-02-05,0.006666842822087678,0.0031416983948534282,0.19848038935723827,0.968626681047074,0.02507483711900239,2.7296791486131773,0.02211188953649708,0.031491841402779226,0.3099197322717126,0.021831164413814486
2013-02-06,0.0053905894738388305,0.0028547537701898214,0.22618087913926324,0.7041791354670558,0.02524982890552132,4.419556821230947,0.055518915716887864,0.03625322523192094,0.2906657216898905,0.020939950459936626
2013-02-07,0.0030950397451491134,0.0014036208117383876,0.10778883307761848,0.3304626848013592,0.021511244066694517,3.506426792835835,0.011350750680725349,0.0988905866487958,0.2987706557216629,0.019721190077290597
2013-02-08,0.0013651612595125897,0.0012791706241903151,0.06829282901100599,0.4107794637081017,0.021803113190251067,3.9512711422265117,0.008710989727665623,0.11612252525733367,0.2953733342501061,0.02147312378802162
2013-02-09,0.0020718924289805686,9.305589132331225e-4,0.054250444612379906,0.20442979127536767,0.02071344050490164,4.875653222082498,0.012032787356357504,0.0811363484759981,0.2498204150298468,0.02162413009384886
2013-02-10,0.001237354928441577,7.774860163121007e-4,0.0676519053008875,0.1789796116778671,0.016650723276964097,2.764599442325061,0.013614428793111593,0.04307912844680059,0.28836130201020405,0.020345582961001633
2013-02-11,0.002703336767292784,0.0018786165077983878,0.1572896967459331,0.1916579299183629,0.01793588440063673,1.351202882302262,0.01072327355075035,0.0907724454529142,0.30282004915080857,0.020516361096251937
2013-02-12,0.005744038349177867,0.004322127599750498,0.29703909343064594,0.5261114341437373,0.01903115845879512,2.1682028537520672,0.009579654908453854,0.11874320410979612,0.27530584252424084,0.01990461992185231
2013-02-13,0.003990596281161752,0.003128035484950936,0.22030726085674526,0.30493387547618406,0.017668277654686208,1.9205698470441421,0.01666668307061405,0.13925795099534938,0.2808797753235003,0.018285019520081568
2013-02-14,0.0021580487020951794,0.0013481532330722238,0.13242248370700122,0.4164778149920353,0.015963496582700076,1.2241268174169089,0.06631680820446821,0.12880509425391903,0.4430942992610715,0.02592534398508766
2013-02-15,0.003070266416218143,0.001014829712200643,0.09168445231870996,0.25634332616597705,0.017972603490158265,2.9272209257167607,0.12407468122654193,0.12183490772826304,0.5444669472599232,0.029209917296729893
2013-02-16,0.0015010348845466584,0.0010158003450543862,0.06617116702132131,0.28780450754796805,0.016402121650701196,4.1734702326487545,0.025514666320819168,0.1279689208136958,0.2997347776805521,0.02085342901412619
2013-02-17,0.003710361057750849,0.0010478870166020142,0.08199211857379311,0.44390851074683174,0.02210326014673573,3.4039315020890184,0.13287967092613576,0.12027388308092114,0.7901918419751813,0.03959284180925259
2013-02-18,0.005210257609672193,0.0034025199045939463,0.20217376284589847,0.5275887573247557,0.022804509551656662,3.952914746764134,0.1391964308603067,0.11334965284075935,0.8866710540075164,0.039197597437885145
2013-02-19,0.005471413099731549,0.0036284518618679507,0.24993082771102407,0.4074354530811839,0.02195627024584688,3.127642979632848,0.022890641676217818,0.11869597464912963,0.33290601156739424,0.023406087165064562
2013-02-20,0.0029851298652147445,0.0016721870355459643,0.13386558097349446,0.3696445712359251,0.01786406980236388,4.431650906747616,0.009649381709962665,0.10113124186399375,0.28685728460173365,0.020242448671371257
2013-02-21,0.0047891352331109836,0.002175622720650343,0.1502939001517204,0.40141072669534583,0.026726804921127403,2.377168181777217,0.010055630946831184,0.1171373898566961,0.277565486934453,0.020253747564505806
2013-02-22,0.0038439580351530386,0.0029819973803003248,0.20016952338219024,0.28074624041204915,0.018648900687969493,2.194641980261931,0.020741490526378862,0.11943747499144405,0.30163698691949237,0.022102950568954904
2013-02-23,0.0037472751403538544,0.001640231258850105,0.11998764774237723,0.37056759074581036,0.02511340591082956,3.5282932881291047,0.015490110906938012,0.11621386126759022,0.2770361743882196,0.02171992214174351
2013-02-24,0.009265831097971569,0.005819842921230178,0.38319667727882034,0.5903491378260665,0.02556358597914432,1.8024282701315828,0.019031690767639352,0.12099523095125703,0.21765684237303454,0.020515554231348467
2013-02-25,0.009087424461970509,0.005710538459626552,0.3692004193554633,0.981365153628969,0.02768327937922276,2.581414296832843,0.06578975592085519,0.11343629501168541,0.34443463281821707,0.02378088256545791
2013-02-26,0.010286520209601592,0.005956059807244047,0.4081918212900033,0.8393024055384626,0.030165644236720687,5.0142899718191405,0.038492655691336614,0.08670108009642037,0.37916258320405244,0.0277596071693585
2013-02-27,0.007898920829801625,0.005336994945101316,0.3607330002110841,1.496000545714212,0.025620268527291042,3.798076493277749,0.02610569801384556,0.03311180293373128,0.3613013517589022,0.02351351903780461
2013-02-28,0.010212791700032172,0.007393447342445201,0.48002092313187766,1.882253691420474,0.02869222423636585,2.33995694779735,0.029009922306512798,0.016344623417237518,0.36158168699031207,0.021060004631894075
2013-03-01,0.011593369995768142,0.006769485154550012,0.4146258747326438,2.0373276048480764,0.03562978755566471,2.6782719143750136,0.015939779439980623,0.10344216639440264,0.2693029686550737,0.0211874510246844
2013-03-02,0.01383595893956765,0.0072530569314972985,0.4322293815937089,3.5094493955112105,0.03147527967954058,0.8160414993968934,0.016437289238464717,0.10228706189667071,0.32219728724135777,0.019535055748268984
2013-03-03,0.010058665487490724,0.006003210268105973,0.39354330206659593,3.059875065401364,0.030683438150337715,1.7531466329454277,0.008440524153432475,0.13433566917358908,0.30146591946338297,0.018482843175774907
2013-03-04,0.010778676268803558,0.007376144764290218,0.4847665308771739,3.3517446447366783,0.03148554638428719,2.0345133526427612,0.024983470913715413,0.12676861765408473,0.34865145550027465,0.021538178410898636
2013-03-05,0.006749050091125566,0.005148850138157839,0.33594540203961715,2.4169581447866757,0.0295703123205116,4.166321700736754,0.05536766442750592,0.10870194217310616,0.4484650355289919,0.029398408623122783
2013-03-06,0.0069680802018985116,0.004918585078812504,0.282602019241636,1.0650382958875093,0.023748564701413007,3.442542339792295,0.04557079240048121,0.029928384412331865,0.4070746251884291,0.031226097921304544
2013-03-07,0.004358655942914857,0.003394075152034498,0.2034222285046059,0.30341379109097216,0.021514730583168454,2.2725983642713903,0.08662554977651572,0.02992736589016982,0.5037441084689329,0.037824526763659584
2013-03-08,0.0044161519223561594,0.0027755692422994404,0.14735616630847578,0.3320919038407742,0.024144284028639343,4.713007774724863,0.04178751009521511,0.10125904396511307,0.3889919869637548,0.02777861129364641
2013-03-09,0.0016753202183946464,9.297982974533884e-4,0.05192070659567433,0.2163651404964617,0.020622846743026266,3.432220192473439,0.05814829607760974,0.12185856492833587,0.5001732959829323,0.029110975657801304
2013-03-10,0.0029286700465218,0.001215306806717633,0.057870899429385926,0.3979890414004134,0.020210343207988847,4.24788331659443,0.05018792414962153,0.10934730120141649,0.4019618392824,0.03633313984574689
2013-03-11,0.002397082304132255,0.0015304397020261629,0.04801353864672964,0.5008057196337408,0.01631778721514195,1.9714318986250705,0.053247046169483295,0.09220363374962302,0.39934778477593935,0.02183007807215311
2013-03-12,0.0014901254575041662,6.792975766119662e-4,0.05397655298409672,0.5664660660233872,0.017702572166923343,1.7362342133950852,0.032747307889191946,0.08519196828907172,0.3776544811022525,0.016749716273594995
2013-03-13,7.790969582523153e-4,0.0013488927361801012,0.06964086971430695,0.515989712425482,0.01798614166914964,1.328489154195355,0.059151576607056895,3.3358627086465464,0.2896415842281562,0.03406670731379575
2013-03-14,0.0026991574951754855,0.0015429995734940645,0.11664776987737098,0.13940497482967637,0.02303873022203153,3.5196534862057316,0.06858404970054188,0.10158130189183127,0.4481643908977821,0.02718609263792243
2013-03-15,0.008529251028627895,0.004771065817587445,0.29223220127427507,0.5904416670447132,0.032384031905310987,1.5511678711157089,0.03523063184089154,0.10678517222096567,0.335035880304916,0.02337346032551663
2013-03-16,0.0036198674178320404,0.0017980784614176936,0.1260264360154088,0.7200293749575846,0.03147876395963952,2.5825319816209924,0.04615912130475838,0.10861684660501172,0.3967755063753558,0.02613529698801412
2013-03-17,0.007646844559789744,0.0018026260188880583,0.149613200718921,0.3278959831222176,0.023740034698680645,5.336989998956552,0.0519856555953326,0.10443651244807214,0.4005501773709506,0.027848366085337934
2013-03-18,0.00635036638219418,0.0015886309218882812,0.13264921537249588,0.34686010566568476,0.03210902809996902,1.599878,0.03265683140097128,0.09863009209271682,0.36455716594253085,0.031449972399334475
2013-03-19,0.007038477076322193,0.0034227644308589223,0.19453887964273595,0.7317143959969901,0.027683147937776677,3.44103082285178,0.06750037654109273,0.48970821562909134,0.435050707502999,0.030062163420083395
2013-03-20,0.00849837028478908,0.006503415105789034,0.40350881959107165,4.344971516819953,0.031881466178847545,2.158522506035144,0.10118598117775505,1.2527799915217162,0.5361527723134331,0.030745206667540877
2013-03-21,0.007228964305804947,0.00538569809864543,0.34514954552455956,1.6080810651885589,0.029794971704792738,3.1278957271464614,0.08845870425619516,0.576536847218422,0.5368036267955909,0.04574265649545181
2013-03-22,0.0054730812974847255,0.0035537365517188026,0.23035993863078622,1.5198245892465616,0.028572156904344833,1.323022134773625,0.033568875077640004,0.04623636109139429,0.441636776492187,0.025903104135116706
2013-03-23,0.006657004490661847,0.00511814575505749,0.32187153631343357,3.2792189779403262,0.0304823834046585,5.36199853800542,0.03026924157021502,0.23160091076415268,0.37576400069365345,0.027633346828748413
2013-03-24,0.010450401920713767,0.008239793339161668,0.5232865860354343,3.6697879841626833,0.03326388702048063,4.089322962342789,0.05215029683890783,0.23379786585357232,0.356039525682318,0.0260370487372974
2013-03-25,0.008912151162003593,0.00697017257305714,0.4342380455161662,3.141111466578192,0.032343135019690036,2.1465625337744902,0.10720082671809253,0.11570474924888866,0.48562352170946166,0.033829622567569384
2013-03-26,0.005955146719495751,0.0050315256391684025,0.2729866363642127,1.4400610743157736,0.028468490553713942,5.221007044144453,0.06626090915191098,0.08750903377856369,0.4430713013393104,0.031110481217387173
2013-03-27,0.0062646351351397156,0.005047489181848041,0.3248241521173849,1.0278186443526454,0.02723906249088797,4.945508503596571,0.0828266799746718,0.05961083653467202,0.49960702965844067,0.03952128972057213
2013-03-28,0.007939268400004751,0.005241370914547929,0.33198441098253395,1.2130833958659026,0.03299150251479614,3.7960563614710727,0.07707419262472945,0.08025806710344335,0.48958140322700167,0.034668641593271286
2013-03-29,0.018973674408948257,0.006520363580813803,0.389634025819037,2.3175763432448755,0.03326572163814427,3.3275447989496696,0.1050555156565223,0.10592199267032239,0.6521624515455946,0.035439184618852336
2013-03-30,0.008768158714950704,0.007147892395045479,0.44494115141356616,1.9058443729160417,0.03336093202014146,5.128285418671119,0.16254781804602653,0.10285911559130588,0.7646092885953779,0.04142990893640246
2013-03-31,0.006666944622180838,0.005772864593639885,0.36106708101251767,1.383914518317154,0.0281250614309978,3.8875778478819236,0.39488038492544963,0.10155522158604326,0.5010204556749654,0.030373161808960554
2013-04-01,0.00840208770312248,0.0068296534763674505,0.4309996670674004,1.8721303674678855,0.034028436020288974,4.07594619365185,0.13956470283393388,0.10755597113220551,0.7775967915867001,0.03505447088983943
2013-04-02,0.010969205741505308,0.008122368905821133,0.4993315762467361,3.840321275764568,0.042656574242544376,4.5238861212448755,0.4093389931747402,0.11090278612802397,1.9441113713242972,0.07050685592012028
2013-04-03,0.01076185982129771,0.008150205754582703,0.4817608284658063,2.370268,0.051590120696882465,5.711871684144262,1.0282749901961377,0.18654736483833884,4.19134748849555,0.13122518939058309
2013-04-04,0.010568339661324384,0.00825925077629327,0.4649249519249101,2.948522,0.050357582373293096,3.938791067532524,0.783576294076956,0.11989060534866969,3.098669542815523,0.11142387310203142
2013-04-05,0.01103076242233088,0.008287203566401214,0.5079776683270535,6.557139520368161,0.043302630818138524,3.4374818125849047,0.36371625185382755,0.12896219845580753,1.488991668952775,0.06425653826777007
2013-04-06,0.011715824080790945,0.007421390312405485,0.46235139997387265,3.0885743722701577,0.03556398955536204,3.6715238983084393,0.327262313573232,0.12456225096960004,1.5869767688350578,0.052034438800326266
2013-04-07,0.009964450262606664,0.00823362634583529,0.5054416472970248,2.2337898135402083,0.033323520458836575,3.315223798989444,0.39398297635879004,0.10257672020577768,2.6496559784857054,0.0655094606803361
2013-04-08,0.00949315072230216,0.006884839258493477,0.41273539883835986,1.7729076078220685,0.0317917084137421,3.5843282299135217,0.24120337709044953,0.10793195064142151,1.3951110874548343,0.04615763522118849
2013-04-09,0.008985272709782492,0.006746541557411323,0.4249645119418797,2.641764394775204,0.03339445873400855,2.743922206960731,0.3626994974952832,0.10714965380133167,1.6401614595562963,0.055111384600507
2013-04-10,0.010286213373062314,0.008058345115736233,0.4632941451354312,3.404582726866539,0.03649531379457094,3.2138532853409782,0.569304872522054,0.09739215319449808,3.4506089620511973,0.10122616939493365
2013-04-11,0.01116001876098002,0.00802306961167289,0.44842291021840086,5.9735160327837065,0.04710754237215947,5.133707303370149,0.6602684345976434,0.11466832278892425,2.854415711205747,0.10353194694714575
2013-04-12,0.010471863926212086,0.008115494575519903,0.3882623032159702,6.119363926390472,0.04605459618812872,2.9734736835778453,0.6994037824515279,0.11419670713685749,2.6946917608907777,0.10030046600572652
2013-04-13,0.009931910696953986,0.008037757135750619,0.5089035393981359,4.190815961904078,0.04361128548779203,2.469930804903913,0.3782745414358535,0.12630064735513277,1.5973330378085497,0.06739865117470156
2013-04-14,0.00925017343889843,0.007324880648681793,0.4712953083826424,2.42932108170925,0.036726739362945085,2.6195637918704118,0.18906717930846276,0.11185026475570856,0.6935487622797766,0.03661803688746572
2013-04-15,0.007972581299068075,0.00646378051197695,0.41281895765283116,1.4964238638234457,0.03163650339741894,4.696128366225533,0.30079889510956137,0.11055724158709153,1.2284780598103737,0.05477593716795451
2013-04-16,0.006886104777095829,0.005603129669740654,0.35160522677576905,1.898253641631763,0.02918934727961213,4.874894258006481,0.2838456560147123,0.11951203723007695,1.1717623248434001,0.054680611641893695
2013-04-17,0.010648979591562613,0.008167832814919083,0.46104435745456207,3.0202783563688302,0.03537795833873544,5.1092465788189445,0.34342165961251264,0.13516400685286747,1.3313383928676623,0.0554256063389432
2013-04-18,0.014718680222071135,0.007989052367548544,0.5100235014363358,4.86823930375829,0.04205151875039236,5.682610922317487,0.4504880834116481,0.10167752367355432,1.9074576704126989,0.080716548275415
2013-04-19,0.010586601461845346,0.008092381386532706,0.48366631971478025,4.4663961675239925,0.040992608856945174,4.899030119756154,0.4811475888948971,0.10327707388551743,2.263082177616644,0.07597973750911817
2013-04-20,0.008967237872329304,0.0072326446143172966,0.4605024691708504,2.2563778912735692,0.0333838709937209,4.689760647074858,0.28761087899038673,0.09159051137538647,1.4914507985306957,0.05940213192482152
2013-04-21,0.009078000338132842,0.007173335338162506,0.413800153357306,2.232556807125776,0.03618568066014649,4.845168568134136,0.23074811337286466,0.09776599740880022,1.2504402837426223,0.05674127611546553
2013-04-22,0.008121192159055098,0.006523887155698894,0.42930666333000234,2.268412151492978,0.031882207197021346,2.3347768783717986,0.042351019269334,0.14928364965932864,0.39678449034417174,0.022678550622625974
2013-04-23,0.008268791750450727,0.0057345926176122575,0.3593051779485651,2.100345,0.03403690214732974,2.131282,0.8271719968493274,0.42506321838256966,3.8838771660368265,0.1535014778471012
2013-04-24,0.004606746758614261,0.003055213149507852,0.24833587833587398,2.6200515899376637,0.025751236660547003,0.5764913,0.641651881008679,0.1672223873294138,2.97503585625975,0.09469646730354042
2013-04-25,0.007178779083162889,0.00541179011253513,0.36720945829586144,2.130778344278224,0.027794872166068692,3.2366234730689345,0.0486999057274683,0.14886862795360664,0.4063845284303315,0.020492260192167676
2013-04-26,0.007996747159660545,0.005681387859483987,0.2211041032358513,1.2491710357423678,0.022743113699320066,1.4623770653533994,0.020994911905615227,0.14470083037549067,0.2715317716036613,0.01779714217570664
2015-07-10,0.01760681686165901,0.010392304845413263,0.27959434901299424,0.07457211275000862,0.13983204210766573,0.938443924803182,0.024718414188616554,0.011789826122551595,0.3603997780243489,0.156
2015-07-11,0.011224972160321825,0.005385164807134504,0.037643060449437424,0.1533818763739706,0.02097617696340303,0.3811954879061399,0.0017320508075688774,0.0037416573867739417,0.04705316142407436,0.13770257804413105
2015-07-12,0.010862780491200217,0.00608276253029822,0.05449770637375485,0.29008447045645175,0.02692582403567252,0.39696599350574097,0.0024494897427831783,0.006557438524302001,0.04806245936279166,0.09107140056021978
2015-07-13,0.011575836902790225,0.005,0.04166533331199932,0.29398809499705936,0.025573423705088843,0.37966695932092903,0.0033166247903554003,0.00458257569495584,0.04610856753359401,0.044721359549995794
2015-07-14,0.009433981132056603,0.004,0.03307567081708245,0.2621221089492453,0.019052558883257652,0.598031771731235,0.013379088160259652,0.034496376621320685,0.13091218430688564,0.0459782557302906
2015-07-15,0.0034641016151377548,3.10774033664333e-5,0.036041642581880196,0.03981205847478877,0.011445523142259596,0.3923340413474212,0.025059928172283336,0.005916079783099616,0.07521967827636596,0.03709447398198282
2015-07-16,0.005196152422706632,3.10774033664333e-5,0.03312099032335839,0.07924645102463579,0.01711724276862369,0.3512634339068045,0.01349073756323204,0.07405403432629447,0.04965883607174055,0.030805843601498725
2015-07-17,0.011180339887498949,0.007,0.1750799817226401,0.13721151555172037,0.023430749027719962,0.5219683898475079,0.008306623862918075,0.03446737587922817,0.13159787232322565,0.03144837038703277
2015-07-18,0.00469041575982343,3.10774033664333e-5,0.036687872655688285,0.04901020301937139,0.014,0.25586324472264477,0.007280109889280518,0.0058309518948453,0.05962382074305537,0.028442925306655785
2015-07-19,0.00412310562561766,3.10774033664333e-5,0.03741657386773942,0.13111064030047295,0.013892443989449804,1.584203585401826,0.038223029707232785,0.046270941205037094,0.21893834748622729,0.03112876483254676
2015-07-20,0.00469041575982343,0.0022360679774997894,0.04011234224026315,0.16781239525136396,0.0194164878389476,0.42737103317843156,0.006557438524302001,0.00458257569495584,0.06889121859859934,0.023769728648009424
2015-07-21,0.00469041575982343,0.001,0.04017461885320133,0.135373557240696,0.022825424421026655,0.7131290205846345,0.012884098726725125,0.046021733996015404,0.19198176996788002,0.03146426544510455
2015-07-22,0.00469041575982343,0.001,0.03987480407475377,0.05367494760127857,0.014491376746189439,0.6021802055863344,0.015329709716755891,0.005196152422706632,0.07681796664843453,0.025416530054277672
2015-07-23,0.0034641016151377548,0.001,0.028231188426986208,0.05756735185849702,0.014352700094407323,2.5787070403595673,0.025199206336708305,0.03518522417151836,0.16480594649465777,0.02889636655359978
2015-07-24,0.00469041575982343,3.10774033664333e-5,0.044452221541785734,0.08562125904236635,0.018027756377319945,0.2603267177989997,0.01004987562112089,0.009643650760992955,0.10348429832588131,0.022561028345356955
2015-07-25,0.010862780491200217,0.007,0.16355121522018723,0.1404457190518814,0.023853720883753128,0.32753931061782493,0.003,0.007071067811865475,0.053758720222862454,0.023366642891095843
2015-07-26,0.0034641016151377548,0.001,0.0439089968002003,0.057070132293521106,0.015066519173319363,0.6828162271065327,0.0214009345590327,0.004472135954999579,0.08307225770376053,0.026019223662515373
2015-07-27,0.00412310562561766,0.001,0.03251153641401772,0.147451687002896,0.013601470508735444,0.5199211478676358,0.04945705207551295,0.007348469228349534,0.24236748956904264,0.026248809496813373
2015-07-28,0.00412310562561766,3.10774033664333e-5,0.039420806688854046,0.16085086260259845,0.018193405398660253,0.6728662571417889,0.024515301344262524,0.0058309518948453,0.07286974680894671,0.024839484696748442
2015-07-29,0.005196152422706632,3.10774033664333e-5,0.03801315561749643,0.1507879305514868,0.02042057785666214,0.5080738135350019,0.009273618495495703,0.00412310562561766,0.05624055476255546,0.023194827009486402
2015-07-30,0.00412310562561766,0.001,0.04189272013130682,0.1136089785184252,0.016031219541881397,0.6409219921332081,0.07111961754677819,0.0401621712560464,0.3322258268106199,0.03841874542459709
2015-07-31,0.0034641016151377548,3.10774033664333e-5,0.0298496231131986,0.10962663909835053,0.01345362404707371,0.7649562078968966,0.1574325252290644,0.022405356502408078,0.7121860711920726,0.03885871845545089
2015-08-01,0.005196152422706632,0.001,0.03721558813185679,0.1092748827498799,0.019748417658131498,0.7108649660800566,0.09828021163998377,0.03414674215792775,0.3177499016522271,0.03518522417151836
2015-08-02,0.005385164807134504,3.10774033664333e-5,0.04601086828130936,0.11801694793545543,0.0196468827043885,0.4030111660984097,0.04215447781671599,0.0033166247903554003,0.11653754759733019,0.023727621035409343
2015-08-03,0.0037416573867739417,3.10774033664333e-5,0.03894868418830089,0.14985326155943354,0.015620499351813309,0.5981212251709515,0.09009439494219382,0.00458257569495584,0.47394197957133954,0.03426368339802363
2015-08-04,0.009695359714832657,0.006,0.09031611151948471,0.27917557199726484,0.02211334438749598,1.1643100961513648,0.11682893477217021,0.001414213562373095,0.6061163254689648,0.03251153641401772
2015-08-05,0.009695359714832657,0.00608276253029822,0.08729833904490968,0.22156037551872854,0.029154759474226504,0.8383394300639807,0.055650696311906105,0.002449489742783178,0.3211277004557533,0.03234192325759246
2015-08-06,0.009055385138137417,0.0022360679774997894,0.04272001872658766,0.28684664892586775,0.02501999200639361,1.0115987346769468,0.02418677324489565,0.0033166247903554003,0.12803124618623377,0.026570660511172847
2015-08-07,0.0034641016151377548,0.001,0.033674916480965475,0.1632207094703365,0.020149441679609883,0.8815049631170547,0.03903844259188627,0.03165438358268883,0.28509822868618456,0.039268307832143724
2015-08-08,0.00412310562561766,0.001,0.0359583091927304,0.18832684354600115,0.01884144368141677,1.88167212871956,0.06957729514719584,0.005916079783099617,0.3260460090232665,0.026795522013948525
2015-08-09,0.0058309518948453,0.001414213562373095,0.039370039370059055,0.32803810754240126,0.02258317958127243,1.2415321179897039,0.07128113354878694,0.005099019513592784,0.42012617152469806,0.03389690251335659
2015-08-10,0.00469041575982343,0.0017320508075688774,0.033615472627943226,0.22391739548324513,0.021118712081942877,0.7446435388828672,0.03574912586343896,0.03548238999842034,0.2257675796034497,0.03330165161069343
2015-08-11,0.00412310562561766,3.10774033664333e-5,0.05029910535983717,0.09080748867797193,0.017291616465790582,0.6249671991392828,0.05070502933634888,0.012083045973594572,0.2561288738116029,0.028301943396169812
2015-08-12,0.0034641016151377548,0.001,0.03769615364994153,0.08453401682163224,0.016792855623746664,0.5596606114423276,0.061318838867023565,0.01746424919657298,0.2761177285144871,0.026608269391300142
2015-08-13,0.01063014581273465,0.00608276253029822,0.17157214226091602,0.22013177871447823,0.03921734310225515,0.8254683519069643,0.06142475071174485,0.051633322573702345,0.298137552146656,0.03606937759374287
2015-08-14,0.010862780491200217,0.00608276253029822,0.08842510955605314,0.36878448991246915,0.03802630668366309,0.37197042893219345,0.01972308292331602,0.019261360284258223,0.10855873986004075,0.02264950330581225
2015-08-15,0.010049875621120889,0.00608276253029822,0.17291038141187476,0.4682307123630401,0.027820855486487113,1.3100667921903828,0.022472205054244233,0.015588457268119896,0.08059776671843953,0.033896902513356586
2015-08-16,0.010862780491200217,0.00608276253029822,0.18230469001098135,0.48893864645781476,0.025357444666211933,1.0849313342327247,0.018708286933869705,0.00812403840463596,0.05722761571129799,0.021213203435596427
2015-08-17,0.01063014581273465,0.00608276253029822,0.083,0.519856711027183,0.029223278392404912,0.9749338439094213,0.012369316876852983,0.011180339887498949,0.07896201618499872,0.021748563170931545
2015-08-18,0.005385164807134504,0.001414213562373095,0.036000000000000004,0.5088270826125512,0.02027313493271329,0.6113943081187458,0.005916079783099616,0.006164414002968977,0.048518037882832814,0.022226110770892867
2015-08-19,0.005385164807134504,0.001414213562373095,0.03738983819167984,0.350234207352737,0.02063976744055029,0.7159755582420394,0.027294688127912362,0.00412310562561766,0.1086047881080756,0.026720778431774776
2015-08-20,0.01063014581273465,0.006,0.17167993476233617,0.5136000389408085,0.05323532661682465,1.4993885420397208,0.10136074190730848,0.04374928570845471,0.4920660524766975,0.03234192325759246
2015-08-21,0.0099498743710662,0.00714142842854285,0.13891724155050014,0.5293902152476943,0.037775653535048206,1.8897655939295752,0.1724934781375806,0.00806225774829855,0.8409013021752314,0.04847679857416329
2015-08-22,0.011489125293076058,0.007280109889280519,0.17725969649077028,1.4730081466169833,0.03228002478313795,2.097810286942077,0.13509626197641444,0.045376205218153706,0.7206566450120334,0.0500999001995014
2015-08-23,0.010392304845413263,0.00608276253029822,0.08897752525216691,1.7163697154168154,0.030033314835362413,0.6821356170146814,0.12182774724995944,0.015427248620541512,0.5943071596405347,0.03721558813185679
2015-08-24,0.011789826122551595,0.007071067811865475,0.10184792585025972,0.914639273156363,0.030331501776206204,0.27652305509667724,0.06456779382943172,0.06603029607687672,0.2921660486778024,0.04221374183841086
2015-08-25,0.010862780491200217,0.007071067811865475,0.17628386199536245,1.083708447877011,0.02988310559496787,1.1228895760492215,0.027221315177632398,0.037336309405188936,0.1829590118031905,0.0331058907144937
2015-08-26,0.010954451150103323,0.006164414002968976,0.1825951806592934,0.8489623077616579,0.03082207001484488,1.2771100187532787,0.008660254037844387,0.005196152422706632,0.076249590162833,0.031921779399024734
2015-08-27,0.009695359714832657,0.005099019513592785,0.17006175348972502,0.6002132954208861,0.0229128784747792,0.47996770724706056,0.01711724276862369,0.0037416573867739412,0.07630203142774115,0.03360059523282288
2015-08-28,0.00412310562561766,0.001414213562373095,0.03774917217635375,0.6548954114971336,0.03023243291566195,1.2778900578688295,0.030066592756745815,0.0349428104193123,0.211482859825566,0.033316662497915366
2015-08-29,0.010295630140987,0.00608276253029822,0.18588437266214716,0.7519660896609633,0.03438022687534217,0.583707118339326,0.03059411708155671,0.008306623862918075,0.0971905345185425,0.02473863375370596
2015-08-30,0.012727922061357855,0.00806225774829855,0.17849929971851428,0.5937726837772179,0.05428627819255985,0.5007564278169577,0.01044030650891055,0.009433981132056603,0.062016126934854615,0.0229128784747792
2015-08-31,0.005196152422706632,0.001414213562373095,0.03813135192987524,0.4140410607657168,0.022226110770892867,1.9492103529378249,0.0298496231131986,0.07611832893594025,0.17093273530836625,0.04561797891182818
2015-09-01,0.010392304845413263,0.00608276253029822,0.09076342875850384,0.37790078062898996,0.02435159132377184,1.9645905425813288,0.16419805114556021,0.05219195340279955,0.3676261688182711,0.03391164991562634
2015-09-02,0.010862780491200217,0.00714142842854285,0.17747675904185312,0.753953579472901,0.031064449134018138,1.0946369261083786,0.043428101501216926,0.0432087954009366,0.21185844330590176,0.03330165161069343
2015-09-03,0.010862780491200217,0.00608276253029822,0.08828363381737296,0.7209868237353578,0.028231188426986208,1.160717881313112,0.02202271554554524,0.037175260590882206,0.18469975636150687,0.03459768778401239
2015-09-04,0.01296148139681572,0.008660254037844387,0.2508007177023224,1.0175514728995285,0.03466987164671943,4.6385192680423355,0.03921734310225515,0.045376205218153706,0.17242969581832476,0.03726929030716845
2015-09-05,0.008774964387392122,0.00608276253029822,0.17912286286233814,0.6410967165724686,0.02080865204668481,0.14355835050598764,0.03221800738717403,0.043150898020782834,0.2019183003098035,0.029748949561287038
2015-09-06,0.0099498743710662,0.007071067811865475,0.09782126558167197,0.6438524675731234,0.032710854467592254,1.2649667979832515,0.02420743687382041,0.04039801975344831,0.20315511315248752,0.037027017163147234
2015-09-07,0.01445683229480096,0.006164414002968976,0.09259049627256569,0.7845801424966095,0.027294688127912362,2.1251999905891212,0.0140356688476182,0.03726929030716845,0.16383833495247688,0.03263433774416144
2015-09-08,0.00412310562561766,0.001414213562373095,0.04662617290749907,0.3638488697247801,0.016999999999999998,1.7748084403675795,0.009848857801796104,0.010049875621120889,0.0912633551870629,0.02658947160061666
2015-09-09,0.00412310562561766,0.001414213562373095,0.040062451248020256,0.49315413412035797,0.020832666655999657,3.7162565842524917,0.026870057685088804,0.05330103188494572,0.24172918731506132,0.03112876483254676
2015-09-10,0.0099498743710662,0.00714142842854285,0.17332339715110595,1.8060326685860364,0.035902646142032486,4.388946342802564,0.01104536101718726,0.01714642819948225,0.20166804407243108,0.030643106892089125
2015-09-11,0.014282856857085701,0.009273618495495704,0.20359273071502332,1.6500624230616245,0.05485435260760991,1.933726712852672,0.00608276253029822,0.0066332495807108005,0.06880406964707829,0.026038433132583073
2015-09-12,0.011357816691600547,0.00608276253029822,0.1004987562112089,0.8581643199294644,0.048093658625644194,3.676083513741221,0.025179356624028343,0.03426368339802363,0.15040611689688688,0.03295451410656816
2015-09-13,0.010049875621120889,0.007071067811865475,0.13512956745287097,0.7510925375744323,0.02727636339397171,2.605350072447079,0.026702059845637376,0.007874007874011811,0.2923234509922185,0.05598214000911362
2015-09-14,0.010295630140987,0.007071067811865475,0.17744858410255065,1.1252861858211893,0.0338673884437522,3.954161605195215,0.020049937655763423,0.0103440804327886,0.05048762224545735,0.02647640458974745
2015-09-15,0.011224972160321825,0.006403124237432849,0.18493512375965793,0.8061978665315358,0.03374907406137241,3.173546911580164,0.01805547008526779,0.018275666882497064,0.05832666628567074,0.02570992026436488
2015-09-16,0.01349073756323204,0.00806225774829855,0.1776569728437361,0.5442839332554287,0.034249087579087414,0.18607794065928396,0.023043437243605823,0.04323193264243457,0.20646065000382033,0.03371943060017473
2015-09-17,0.01590597372058687,0.01063014581273465,0.25755387785859485,1.2796976205338508,0.04070626487409524,0.125,0.04120679555607303,0.011224972160321823,0.3141798847794047,0.031843366656181316
2015-09-18,0.011180339887498949,0.00608276253029822,0.13601470508735444,0.9612642716755887,0.0375632799419859,0.17626400653565097,0.029034462281915953,0.01349073756323204,0.19295077092357005,0.033166247903554
2015-09-19,0.005385164807134504,0.001414213562373095,0.051701063818842256,0.4828726540196701,0.030265491900843114,4.668128640044102,0.03601388621073821,0.018493242008906927,0.07950471684120383,0.03989987468652
2015-09-20,0.005196152422706632,0.0017320508075688774,0.0324037034920393,0.5125212190729278,0.027802877548915687,3.8760757216545705,0.03802630668366309,0.06208059278067502,0.2443726662292655,0.034756294393965534
2015-09-21,0.005385164807134504,0.001414213562373095,0.03426368339802363,0.35965121993397997,0.01870828693386971,1.7455463328138843,0.018439088914585774,0.007,0.17963574254585302,0.031064449134018138
2015-09-22,0.0099498743710662,0.007071067811865475,0.17168284713389398,1.0304576653118749,0.03389690251335659,2.757006710184072,0.023021728866442676,0.013674794331177343,0.10422091920531117,0.031320919526731654
2015-09-23,0.014282856857085701,0.009219544457292887,0.24767317174050157,0.8203377353261277,0.03391164991562634,4.597995324051559,0.01805547008526779,0.005744562646538029,0.09837174391053562,0.02628687885618983
2015-09-24,0.005196152422706632,0.001,0.030935416596516038,0.5601196300791466,0.026419689627245814,0.23811971778918267,0.032015621187164243,0.05024937810560445,0.2075861267040743,0.05937171043518959
2015-09-25,0.004898979485566357,0.001,0.044474711915874175,0.45433908042342125,0.02613426869074396,4.108557411062915,0.026038433132583073,0.009433981132056603,0.15469324484281788,0.024392621835300936
2015-09-26,0.013784048752090222,0.009273618495495704,0.18719241437622414,0.8576421165031484,0.0421070065428546,4.411497024820486,0.045022216737961716,0.050199601592044535,0.18614510468986284,0.03661966684720111
2015-09-27,0.006708203932499369,0.0017320508075688774,0.032465366161495854,0.7577499587594841,0.04256759330758553,3.6384856740132974,0.02102379604162864,0.04420407221060069,0.17273389939441536,0.031064449134018134
2015-09-28,0.014282856857085701,0.009219544457292887,0.12376186811776882,0.39836038959715864,0.03477067730142742,1.406825504460308,0.025039968051097834,0.040099875311526846,0.1506154042586614,0.031016124838541645
2015-09-29,0.013784048752090222,0.009219544457292887,0.24348305895893457,0.46675153990104845,0.03809199390948182,2.281832815961766,0.023021728866442676,0.04323193264243457,0.1935148573107502,0.04457577817604534
2015-09-30,0.010954451150103323,0.006164414002968976,0.1644323569131088,0.5043034800593785,0.038742741255621035,0.4380079907946886,0.01004987562112089,0.005744562646538029,0.10738715006927038,0.024899799195977464
2015-10-01,0.00469041575982343,0.001,0.04477722635447622,0.3908516342552504,0.029580398915498077,2.6892744374644995,0.009110433579144298,0.010049875621120889,0.055226805085936304,0.021794494717703367
2015-10-02,0.011575836902790225,0.007071067811865475,0.16929855285855222,0.6433420552085803,0.03189043743820395,0.2157614423385235,0.009110433579144298,0.009797958971132711,0.08935882720806043,0.026038433132583073
2015-10-03,0.014352700094407322,0.008602325267042627,0.24759038753554224,0.7923250595557355,0.047391982444291145,0.40895721047561934,0.009539392014169456,0.006403124237432849,0.0740337760755184,0.030740852297878794
2015-10-04,0.01676305461424021,0.011000000000000001,0.20916261616264029,0.7302150368213463,0.05536244214266564,0.767983072730122,0.00608276253029822,0.004898979485566356,0.049969990994595946,0.023622023622035433
2015-10-05,0.005999999999999999,0.001,0.03760319135392633,0.9939793760435877,0.0366742416417845,0.5854101126560765,0.013038404810405297,0.00458257569495584,0.08813625814612282,0.020663978319771823
2015-10-06,0.005196152422706632,0.001,0.05680668974689512,0.4355054534675772,0.027676705006196095,0.2977549327886945,0.005099019513592785,0.005744562646538029,0.0764525996941896,0.024535688292770592
2015-10-07,0.011180339887498949,0.006164414002968976,0.17950487458562234,0.6113934903153615,0.03539774004085571,2.1680714932861416,0.009273618495495703,0.005916079783099617,0.0469148164229596,0.022045407685048604
2015-10-08,0.0099498743710662,0.00608276253029822,0.08217663901620703,0.6488805745281638,0.043382023926967724,2.845348660533538,0.03203123475609393,0.042237424163885755,0.2737754554374808,0.027386127875258306
2015-10-09,0.010723805294763607,0.006164414002968976,0.07527283706623525,0.5237232093386734,0.03790778284204973,4.631135066050223,0.16200308639035246,0.05426785420486054,0.2152161703961856,0.029154759474226504
2015-10-10,0.007874007874011811,0.001414213562373095,0.02934280150224242,0.5669682530794824,0.03957271787481876,3.323474236397809,0.03397057550292606,0.03112876483254676,0.19385045782767704,0.030166206257996712
2015-10-11,0.009695359714832657,0.00608276253029822,0.171,1.2285255390100769,0.035128336140500586,4.894219651793328,0.033256578296631784,0.05007993610219567,0.21431752144890068,0.03382306905057553
2015-10-12,0.004898979485566357,0.001414213562373095,0.03706750598570127,0.854635594859002,0.0374299345444258,3.379121335495368,0.01805547008526779,0.044452221541785734,0.1806266868433344,0.029068883707497266
2015-10-13,0.006557438524302001,0.001414213562373095,0.043977266854592044,0.7375269486601829,0.03766961640367472,0.436033255612459,0.019313207915827964,0.03144837038703278,0.1651605279720309,0.026476404589747454
2015-10-14,0.0140356688476182,0.007874007874011811,0.11444212511134175,0.5462902159109204,0.043783558557979274,0.15139682955729292,0.07700649323271383,0.056115951386392804,0.2557772468379469,0.04230839160261236
2015-10-15,0.00469041575982343,0.001,0.03426368339802363,0.314752283550096,0.037027017163147234,0.22359114472626146,0.03405877273185281,0.06713419396998821,0.27786867401706156,0.038704004960727255
2015-10-16,0.006708203932499369,0.001,0.03466987164671943,0.2817179440504278,0.043243496620879306,0.1738763928772391,0.04802082881417188,0.020199009876724155,0.18066820417549956,0.025865034312755126
2015-10-17,0.005385164807134504,0.001,0.04264973622427225,0.3312476415010377,0.03556683848755748,4.959234315899986,0.012083045973594572,0.038327535793473595,0.13878760751594504,0.026627053911388695
2015-10-18,0.005385164807134504,0.001,0.04406812907306141,0.30010831378020836,0.026627053911388695,0.20646065000382036,0.022226110770892867,0.0078102496759066544,0.06682813778641448,0.024999999999999998
2015-10-19,0.01590597372058687,0.009219544457292887,0.12324366109459747,0.35537726432623684,0.038170669367984626,4.702404703978592,0.022825424421026655,0.04910193478876367,0.19246038553427042,0.02861817604250837
2015-10-20,0.012806248474865698,0.007071067811865475,0.17127171395183738,0.3463004475885066,0.04178516483155236,1.9334603693895562,0.026038433132583073,0.04135214625627067,0.17627818923508376,0.02782085548648711
2015-10-21,0.010954451150103323,0.00608276253029822,0.17014405661086138,0.4876535655565332,0.044732538492690085,1.0354148926879505,0.005099019513592785,0.005385164807134504,0.0469148164229596,0.022671568097509268
2015-10-22,0.009433981132056603,0.005099019513592785,0.07676587783644502,0.2964523570491555,0.059874869519690815,4.142043215612314,0.032588341473600645,0.043462627624201465,0.13784411485442533,0.03511409973215887
2015-10-23,0.01063014581273465,0.00608276253029822,0.17438463235044538,0.3913374502906667,0.049,4.017103558535677,0.023706539182259397,0.04220189569201838,0.1955581754875004,0.035902646142032486
2015-10-24,0.011789826122551595,0.00806225774829855,0.10282995672468213,0.39624361193588975,0.0531883445878888,2.133092121780023,0.02437211521390788,0.03518522417151836,0.3777472700099896,0.039458839313897716
2015-10-25,0.007071067811865475,0.001,0.03327160951922825,0.4105898196497327,0.0578013840664737,3.983826552449291,0.01104536101718726,0.01982422760159901,0.09778036612735708,0.022158519806160338
2015-10-26,0.010954451150103323,0.0022360679774997894,0.03645545226711637,0.269944438727676,0.03456877203488721,0.13660527076214884,0.026095976701399775,0.0531224999411737,0.21434551546510133,0.031080540535840105
2015-10-27,0.0099498743710662,0.005099019513592785,0.09023303164584463,0.27788846683516755,0.04167733196834942,0.10480935072788114,0.025495097567963924,0.021118712081942877,0.04786439177509728,0.021213203435596427
2015-10-28,0.007071067811865475,0.001414213562373095,0.034380226875342174,0.4289766893433721,0.0416293165929973,0.15794302770302968,0.06901449123191448,0.051244511901275824,0.16880165875962239,0.02709243436828813
2015-10-29,0.012727922061357855,0.00806225774829855,0.10206860437960343,0.5044333454481374,0.057740800133008204,2.4298281832261313,0.016062378404209012,0.04237924020083418,0.16469972677572967,0.029
2015-10-30,0.011575836902790225,0.006,0.09594790253048786,0.2622479742533772,0.04588027898781785,2.135933519564689,0.024617067250182343,0.055641710972974226,0.21009045670853305,0.0349428104193123
2015-10-31,0.006557438524302001,0.001414213562373095,0.035411862419251545,0.26321474122852623,0.04516635916254486,0.4825536239631819,0.023366642891095846,0.06216108107168021,0.20694443698732276,0.031016124838541645
2015-11-01,0.013,0.00806225774829855,0.1730780170905595,0.646506767172626,0.07378346698278687,0.4857406715522183,0.012083045973594572,0.03325657829663178,0.3266848634387581,0.026720778431774776
2015-11-02,0.008774964387392122,0.001414213562373095,0.03766961640367472,0.7775917952242037,0.0796492310069595,4.248630602911955,0.005099019513592785,0.009433981132056603,0.05431390245600108,0.043874821936960615
2015-11-03,0.0058309518948453,0.001414213562373095,0.03114482300479487,0.4020124376185394,0.03178049716414141,2.7588760392594662,0.021283796653792764,0.05040833264451424,0.20547749268472207,0.03226453160980336
2015-11-04,0.0058309518948453,0.001,0.028861739379323622,0.23322521304524518,0.03168595903550972,3.5991344792880415,0.02195449840010015,0.03724244889907214,0.22018628476814808,0.026720778431774776
2015-11-05,0.012083045973594572,0.00714142842854285,0.1632513399638729,0.5186983709247601,0.04456455991031439,4.933997162544785,0.00458257569495584,0.009433981132056603,0.10629205050237764,0.020322401432901573
2015-11-06,0.01655294535724685,0.009273618495495704,0.12414910390333068,0.43334628185782326,0.04518849411078001,3.6754322194811317,0.005196152422706632,0.008306623862918075,0.055946402922797456,0.021400934559032695
2015-11-07,0.011874342087037916,0.007,0.1773161019197072,0.2928378390850472,0.03581898937714463,1.9675797315483812,0.013638181696985855,0.0401621712560464,0.13739723432442155,0.028053520278211074
2015-11-08,0.0058309518948453,0.001,0.057175169435691224,0.38683458997354414,0.033120990323358385,0.38733060813728626,0.017804493814764857,0.04120679555607303,0.3848389273449348,0.028231188426986208
2015-11-09,0.014866068747318507,0.007071067811865475,0.1728872464931986,0.728429131762315,0.06868769904429758,0.17586642658563345,0.012206555615733703,0.03724244889907214,0.1452101924797292,0.02782085548648711
2015-11-10,0.01606237840420901,0.009433981132056605,0.18944656238633625,1.388399798328997,0.060332412515993424,3.049285981996441,0.012041594578792296,0.0377756535350482,0.1619413474070165,0.026153393661244043
2015-11-11,0.011357816691600547,0.007211102550927979,0.08990550594930212,0.6777565934758584,0.037336309405188936,3.745184374633644,0.009273618495495704,0.007874007874011811,0.06944062211702888,0.02315167380558045
2015-11-12,0.01224744871391589,0.00608276253029822,0.10161692772368194,0.6134794210077466,0.056471231613982,1.2839353566282066,0.03363034344160047,0.056648036153074184,0.21698156603730187,0.036837480912787726
2015-11-13,0.012083045973594572,0.00608276253029822,0.08814193099768124,0.4428961503558142,0.05632051136131489,4.507032061124039,0.01489966442575134,0.04039801975344831,0.15348615572747923,0.09074139077620533
2015-11-14,0.012727922061357855,0.00812403840463596,0.17656726763474592,0.5486255553654058,0.04477722635447622,1.9399842782868113,0.012369316876852983,0.04049691346263318,0.1355949851580065,0.026551836094703508
2015-11-15,0.010954451150103323,0.00608276253029822,0.08866791979064356,0.5044135208338492,0.04016217125604641,2.1478254118992073,0.036510272527057366,0.03813135192987523,0.15929218436571205,0.03043024810940588
2015-11-16,0.010295630140987,0.00608276253029822,0.18492430884013059,0.42871202455727786,0.035860842154082216,3.9203047075450654,0.06199193495931547,0.04084115571332428,0.256478069237898,0.05085272854036448
2015-11-17,0.00938083151964686,0.0017320508075688774,0.05333854141237835,0.6239983974338396,0.06760917097554148,2.4052505067040317,0.013038404810405298,0.0037416573867739412,0.056859475903318,0.02195449840010015
2015-11-18,0.007681145747868608,0.001414213562373095,0.037589892258425,0.6332542933135156,0.05077400909914442,0.9511682290741214,0.0037416573867739417,0.0076811457478686085,0.06169278726074873,0.022135943621178655
2015-11-19,0.009695359714832657,0.00608276253029822,0.1704963342714441,0.3833536226514626,0.03327160951922825,1.67179663835049,0.015556349186104046,0.004898979485566356,0.05367494760127857,0.023769728648009424
2015-11-20,0.011575836902790225,0.007071067811865475,0.19535864454894236,0.646339693969046,0.04322036556994862,2.024985185130993,0.029137604568666934,0.00812403840463596,0.10054352291420865,0.02083266665599966
2015-11-21,0.005385164807134504,0.001,0.04161730409336962,0.49045896872215516,0.037456641600656086,0.1606268968759591,0.010816653826391968,0.0076811457478686085,0.0577148161220323,0.02428991560298224
2015-11-22,0.005385164807134504,0.0017320508075688774,0.03705401462729781,0.4033621201848284,0.07545859791965392,4.599043704945627,0.005099019513592784,0.019261360284258223,0.06501538279515087,0.021840329667841555
2015-11-23,0.007071067811865475,0.001414213562373095,0.035369478367654784,0.46205410938547015,0.052009614495783375,0.5005956452067876,0.0232163735324878,0.022583179581272428,0.10951255635770722,0.02613426869074396
2015-11-24,0.01655294535724685,0.00608276253029822,0.16565627063289817,0.3645216042980169,0.05888123640006211,1.0176404080027484,0.04777028364998475,0.07006425622241343,0.17757533612526263,0.029765752132274434
2015-11-25,0.021470910553583886,0.009273618495495704,0.12149897118905988,0.8912418302570857,0.08191458966508958,3.0335907766209997,0.020542638584174138,0.04422668877499196,0.19479733057719245,0.029899832775452106
2015-11-26,0.007071067811865475,0.001,0.044609416046390925,0.33679222081277355,0.03706750598570127,1.136665738025036,0.010488088481701515,0.03724244889907214,0.13836907168872675,0.028231188426986208
2015-11-27,0.0058309518948453,0.001,0.035227829907617074,0.21549245926481975,0.02222611077089287,1.2562428109247035,0.01870828693386971,0.008774964387392122,0.07022107945624305,0.025495097567963924
2015-11-28,0.00469041575982343,3.10774033664333e-5,0.03844476557348218,0.21979535936866365,0.02569046515733026,1.9754505815129875,0.024758836806279896,0.007874007874011811,0.09998499887483123,0.023727621035409343
2015-11-29,0.01236931687685298,0.007,0.17006175348972502,0.6180137538922577,0.053450912059571073,4.226187288798262,0.025573423705088843,0.05976621118993574,0.2323295073812192,0.061269894728161564
2015-11-30,0.008774964387392122,0.0017320508075688774,0.028035691537752372,0.7184211856564364,0.043600458713183285,1.5454869782693093,0.013190905958272919,0.031160872901765765,0.13849548729110275,0.027018512172212593
2015-12-01,0.009695359714832657,0.00608276253029822,0.13331166490596388,0.3773671951826232,0.034438350715445126,0.4028920450939681,0.029983328701129897,0.04328972164382672,0.1879734023738465,0.030083217912982647
2015-12-02,0.016673332000533066,0.00848528137423857,0.11662332528272377,0.3531685150179727,0.04456455991031438,3.777495731301361,0.03809199390948182,0.04705316142407437,0.2789551935347324,0.04318564576337837
2015-12-03,0.015394804318340652,0.00848528137423857,0.22988910370002316,0.4653987537585377,0.044249293779675174,2.298712248194628,0.04045985664828782,0.007874007874011811,0.1012719112093773,0.026795522013948525
2015-12-04,0.011874342087037918,0.007071067811865475,0.18271836251455406,0.4170863220006142,0.061773780845922006,2.9524936917798827,0.016309506430300092,0.042237424163885755,0.13917614738165446,0.026570660511172847
2015-12-05,0.006708203932499369,0.001,0.0355808937493144,0.21330260195318762,0.027440845468024486,1.256678160866974,0.026000000000000002,0.10312613635737547,0.12385071659057934,0.032572994949804666
2015-12-06,0.0099498743710662,0.006,0.09113725912051558,0.2624290380274256,0.029563490998188967,1.5247875261819268,0.060216276869298396,0.16193208452928654,0.29523888632766515,0.031016124838541645
2015-12-07,0.013416407864998738,0.007071067811865475,0.08419619943916709,0.3776638717166364,0.06227358990776106,0.3015244600359977,0.01987460691435179,0.05331978994707312,0.1845453873712372,0.028583211855912904
2015-12-08,0.020639767440550294,0.009273618495495704,0.18614510468986287,0.46298272105986843,0.07000714249274856,1.344019717117275,0.01044030650891055,0.007348469228349534,0.057157676649772955,0.02406241883103193
2015-12-09,0.01104536101718726,0.001414213562373095,0.04545327270945404,0.6084743215617238,0.043058100283221976,1.1326468999648567,0.02716615541441225,0.00806225774829855,0.10551303237041383,0.03433656942677879
2015-12-10,0.010862780491200217,0.007,0.1701381791368416,0.31159268284091657,0.027018512172212593,2.219769357388285,0.037013511046643494,0.03966106403010388,0.1582561215245717,0.028809720581775868
2015-12-11,0.011224972160321825,0.006164414002968976,0.09366963221877195,0.40734506256980707,0.04216633728461603,1.9059887197987295,0.02435159132377184,0.01697056274847714,0.09077995373429092,0.026038433132583073
2015-12-12,0.012806248474865698,0.007,0.10253779790886872,0.7526891788779748,0.035355339059327376,1.4084384970597756,0.009273618495495703,0.006164414002968977,0.06586349520030045,0.024617067250182343
2015-12-13,0.00412310562561766,3.10774033664333e-5,0.03511409973215888,0.3851830733560342,0.019261360284258223,2.1145387203832424,0.016522711641858305,0.005385164807134504,0.07273926037567333,0.025573423705088846
2015-12-14,0.005196152422706632,3.10774033664333e-5,0.0372827037646145,0.45672092135132153,0.02328089345364563,2.457206137058916,0.034249087579087414,0.01676305461424021,0.12972663566130127,0.02588435821108957
2015-12-15,0.01854723699099141,0.011000000000000001,0.148771637081804,0.6443958410790684,0.047138094997570705,1.6541444918748784,0.07006425622241344,0.055118055118082675,0.23205818235951087,0.03397057550292606
2015-12-16,0.015297058540778355,0.007348469228349534,0.10516653460107926,1.0821524846342128,0.05808614292583043,0.9602400741481267,0.03806573262134856,0.0076811457478686085,0.24174987073419502,0.023280893453645632
2015-12-17,0.013784048752090222,0.00848528137423857,0.11466036804406307,0.6146193944222718,0.033749074061372404,1.4552436222158818,0.0990858213873206,0.051176166327695935,0.8464579138976728,0.03801315561749642
2015-12-18,0.01445683229480096,0.00848528137423857,0.24397335920136853,0.5023236008789553,0.034756294393965534,2.5708111560361644,0.1275695888525161,0.03813135192987524,0.8126019935983422,0.047360320944858474
2015-12-19,0.0058309518948453,0.001414213562373095,0.03844476557348218,1.4074071905457923,0.05529014378711635,1.5533196708984278,0.046097722286464436,0.008366600265340756,0.25011597310047995,0.02889636655359978
2015-12-20,0.012529964086141668,0.00714142842854285,0.13355523202031436,1.1510556024797411,0.3127379094385585,0.9149644801848867,0.022226110770892867,0.007348469228349534,0.12692517480783708,0.022135943621178655
2015-12-21,0.010862780491200217,0.006,0.08450443775329199,0.5369962755922986,0.029086079144497973,2.8023370603837074,0.035707142142714254,0.014696938456699069,0.16884016109918873,0.03059411708155671
2015-12-22,0.011180339887498949,0.00608276253029822,0.17884350701101787,0.3758683280086259,0.02753179979587241,3.2889604740707963,0.049729267036625426,0.049497474683058325,0.290963915288477,0.03170173496829472
2015-12-23,0.018493242008906927,0.011575836902790225,0.2082354436689393,1.1170219335357743,0.04767598976424087,2.4427111986479284,0.038327535793473595,0.043462627624201465,0.1654962235218677,0.03056141357987225
2015-12-24,0.01655294535724685,0.009273618495495704,0.18470787747142783,0.6700641760309232,0.049527769988159165,1.550476700889117,0.021236760581595304,0.016673332000533066,0.05624055476255546,0.02240535650240808
2015-12-25,0.010954451150103323,0.006,0.12703542812932148,0.4231654522760572,0.040657102700512246,1.7868483427532398,0.02238302928559939,0.013152946437965905,0.057784080852774665,0.02437211521390788
2015-12-26,0.011489125293076058,0.00608276253029822,0.17036431551237483,0.9355367443345024,0.15927648916271353,2.6877924026977973,0.03796050579220461,0.06802205524680947,0.24338652386687312,0.03234192325759246
2015-12-27,0.02012461179749811,0.010049875621120889,0.17625265955440217,1.0211865647373157,0.4523958443664133,3.6146800688304355,0.033151168908501553,0.013152946437965905,0.07759510293826538,0.02996664812754339
2015-12-28,0.01341640786499874,0.006164414002968976,0.18459144075498193,0.44560745056607837,0.04797916214358062,2.928528640802408,0.025337718918639857,0.043520110293977884,0.17287278559680816,0.028178005607210743
2015-12-29,0.01063014581273465,0.005099019513592785,0.0864060183089118,0.25850531909421126,0.031064449134018138,4.017225286189461,0.038639358172723313,0.030149626863362672,0.17089177862027183,0.028442925306655785
2015-12-30,0.013784048752090222,0.008544003745317531,0.21187496312684045,0.4018382759270202,0.03518522417151836,3.3015452442757773,0.0442944691807002,0.04621688003316537,0.3003830887383642,0.04141255848169731
2015-12-31,0.009000000000000001,0.0017320508075688774,0.04715930449020638,0.6877463195103264,0.038742741255621035,3.950120251334129,0.03325657829663178,0.03358571124749333,0.2627736668694183,0.02929163703175362
2016-01-01,0.01676305461424021,0.00848528137423857,0.24311519903124115,0.5245274063383152,0.05322593352868506,2.155978664087379,0.020223748416156685,0.04049691346263318,0.21081034130231846,0.02588435821108957
2016-01-02,0.01392838827718412,0.006,0.17043767189210254,0.3126339712827127,0.03602776706930364,2.1446689721260013,0.028792360097775936,0.05323532661682466,0.21138826835943378,0.033481338085566414
2016-01-03,0.0058309518948453,0.001414213562373095,0.030805843601498725,0.4834842293188062,0.04172529209005013,1.6663676065022388,0.021863211109075447,0.03484250278036869,0.16771702358436963,0.026324893162176368
2016-01-04,0.015,0.008544003745317531,0.18265267586323503,0.5270018975297907,0.0723118247591637,2.102537990144292,0.015297058540778355,0.005196152422706632,0.07804485889538144,0.02264950330581225
2016-01-05,0.012727922061357855,0.007,0.07582875444051551,0.474158201447576,0.2913794776575728,2.1858677910614817,0.038052595180880895,0.019339079605813717,0.054744862772683985,0.023366642891095843
2016-01-06,0.012727922061357855,0.00608276253029822,0.17127171395183738,0.7684861742412807,0.036359317925395686,1.9881818327305982,0.025337718918639857,0.04323193264243457,0.1785441121963981,0.02747726332806817
2016-01-07,0.0198997487421324,0.009848857801796104,0.2572489067032161,0.5660556509743543,0.057175169435691224,1.9332992525731756,0.01711724276862369,0.010295630140987,0.06655073252789935,0.020322401432901573
2016-01-08,0.011874342087037918,0.00608276253029822,0.17810670958725838,0.4453347055867081,0.042731721238442995,1.9315718987394697,0.011180339887498947,0.010198039027185569,0.04610856753359401,0.023366642891095843
2016-01-09,0.011832159566199233,0.00714142842854285,0.1746682569902156,0.43607109512096764,0.048590122453025374,0.9299188136606334,0.012083045973594572,0.02870540018881465,0.12372954376380768,0.025357444666211933
2016-01-10,0.010246950765959599,0.006,0.1711461363864227,0.3573275807994675,0.035014282800023194,2.0918326892942467,0.023366642891095843,0.04910193478876367,0.18758198207717072,0.03157530680769389
2016-01-11,0.0058309518948453,3.10774033664333e-5,0.04180908992073375,0.18525657883055058,0.030099833886584822,5.7792971025895525,0.02683281572999748,0.03940812099047606,0.18345571672749802,0.04692547282660027
2016-01-12,0.005196152422706632,0.001,0.04093897898091744,0.29471342012198903,0.042591078878093706,1.9028116039166885,0.0232163735324878,0.006164414002968977,0.07598684096605149,0.022135943621178655
2016-01-13,0.012727922061357855,0.007071067811865475,0.18243080880158372,0.2811423127172429,0.045727453460694706,1.2052663606025018,0.013190905958272919,0.005196152422706632,0.08249848483457137,0.022000000000000002
2016-01-14,0.009055385138137417,3.10774033664333e-5,0.02929163703175362,0.6823701341647362,0.035369478367654784,2.4520116231372153,0.0196468827043885,0.0142828568570857,0.07543208866258444,0.023853720883753125
2016-01-15,0.006557438524302001,3.10774033664333e-5,0.03535533905932738,0.33669422329466836,0.02641968962724581,2.2375631834654413,0.02572936066053722,0.04110960958218893,0.19141838992113586,0.030298514815086233
2016-01-16,0.006708203932499369,0.001,0.04487761134463376,0.25525281585126536,0.03397057550292606,1.1094151612448786,0.02420743687382041,0.040099875311526846,0.1754365982342339,0.025238858928247926
2016-01-17,0.006557438524302001,0.001,0.029698484809834995,0.2534935896625396,0.036152454965050436,0.6927690812962137,0.00714142842854285,0.006403124237432849,0.0455411901469428,0.021118712081942877
2016-01-18,0.01063014581273465,0.006,0.1647057983193063,0.2750890764825096,0.03383784863137726,1.7801224676970964,0.013964240043768941,0.010723805294763607,0.07824960063795854,0.024839484696748442
2016-01-19,0.010954451150103323,0.006,0.176468127433823,0.2127792283095321,0.029698484809834995,5.295802866421672,0.028460498941515415,0.05374941860150675,0.17860011198204775,0.02753179979587241
2016-01-20,0.012041594578792296,0.007071067811865475,0.09074690077352504,0.23326808611552505,0.0412310562561766,3.7751670161729267,0.029563490998188967,0.08374962686484042,0.2394848638223301,0.031016124838541645
2016-01-21,0.0150996688705415,0.007,0.0929623579735368,0.4052493059833663,0.043451121964800866,1.0873311363149682,0.0630317380372777,0.04110960958218893,0.1601436854827564,0.026076809620810597
2016-01-22,0.005385164807134504,3.10774033664333e-5,0.03047950130825634,0.1914262259984248,0.02042057785666214,1.401108132871978,0.02195449840010015,0.04323193264243457,0.18398641254179615,0.028178005607210743
2016-01-23,0.004898979485566357,0.001,0.03354101966249685,0.16949631264425785,0.020124611797498106,1.3857391529432947,0.020615528128088305,0.0029999999999999996,0.07742092740338363,0.01870828693386971
2016-01-24,0.011180339887498949,0.007,0.08704022058795577,0.21895661670751126,0.03062678566222711,0.8656610191062087,0.02211334438749598,0.04042276586281547,0.17473694514898674,0.025199206336708305
2016-01-25,0.005999999999999999,0.001,0.036510272527057366,0.11854956769216832,0.026267851073127395,0.7308775547244559,0.01019803902718557,0.005385164807134504,0.049507575177946246,0.02161018278497431
2016-01-26,0.00412310562561766,0.001,0.028372521918222215,0.12483589227461789,0.018788294228055936,2.533863650633159,0.028178005607210743,0.04605431575867782,0.1987108451997525,0.029017236257093813
2016-01-27,0.0034641016151377548,3.10774033664333e-5,0.037456641600656086,0.0991312261600753,0.01676305461424021,1.5960025062636964,0.025,0.00670820393249937,0.11444212511134175,0.022561028345356955
2016-01-28,0.0161245154965971,0.009899494936611667,0.1912328423676226,0.21867098572970306,0.04448595283907045,1.7721368457317286,0.01714642819948225,0.007874007874011811,0.07941662294507365,0.022000000000000002
2016-01-29,0.006403124237432848,3.10774033664333e-5,0.0349428104193123,0.17031147935473992,0.027676705006196095,0.9493761109275922,0.009486832980505138,0.018357559750685818,0.05746303159423456,0.021840329667841555
2016-01-30,0.012529964086141668,0.007,0.17034670528073034,0.8569457392390721,0.06278534860936905,1.4451415155617113,0.009848857801796104,0.004898979485566356,0.06606814663663572,0.023853720883753125
2016-01-31,0.010392304845413263,0.007,0.1762157768192167,0.1972764557670276,0.025806975801127882,2.5147144967172714,0.02195449840010015,0.03745664160065608,0.15885528005074304,0.026191601707417588
2016-02-01,0.012727922061357855,0.007071067811865475,0.17048460341039598,0.24345430782797825,0.03397057550292606,1.9798588333515095,0.012649110640673518,0.010770329614269008,0.040718546143004665,0.021118712081942877
2016-02-02,0.012083045973594572,0.007,0.09060905032059437,0.23848689691469424,0.03515679166249389,3.701647606134328,0.0076811457478686085,0.010440306508910549,0.057965506984757754,0.022825424421026655
2016-02-03,0.012041594578792296,0.006164414002968976,0.1697174121886143,0.2589922778771599,0.029698484809834995,4.439510445983881,0.025258661880630178,0.060819404798139874,0.22474429914905517,0.03366006535941367
2016-02-04,0.0066332495807108005,0.001,0.0318276609256791,0.4085743506389015,0.02455605831561735,4.094092084943864,0.02345207879911715,0.04925444142409901,0.17784262706111828,0.033481338085566414
2016-02-05,0.01634013463836819,0.009899494936611667,0.23382472067769053,1.6400457310697163,0.04450842616853577,4.245353931063934,0.019209372712298545,0.04337049688440288,0.1659307084297539,0.02861817604250837
2016-02-06,0.01590597372058687,0.009273618495495704,0.19907033932758542,0.5518496171965692,0.037775653535048206,2.8367539547870555,0.015684387141358124,0.05101960407529639,0.18292348127017483,0.029086079144497977
2016-02-07,0.010954451150103323,0.00608276253029822,0.08874683092933516,0.3395953474357386,0.027459060435491962,4.914729087142036,0.014594519519326424,0.03290896534380867,0.15593909067324974,0.032710854467592254
2016-02-08,0.009695359714832657,0.006,0.08623224454924039,0.197436065600994,0.031256999216175564,0.4277662913320777,0.015556349186104044,0.015524174696260024,0.046173585522460786,0.0216794833886788
2016-02-09,0.014352700094407323,0.00714142842854285,0.17089177862027186,0.4080649458113255,0.05629387178015028,4.22348635608072,0.018357559750685818,0.046086874487211646,0.16916264363032402,0.02782085548648711
2016-02-10,0.0078102496759066544,0.001,0.042237424163885755,0.7603190119943076,0.03178049716414141,2.4338818788100625,0.014594519519326426,0.03754996671103717,0.1494356048604214,0.025199206336708305
2016-02-11,0.010049875621120889,0.006,0.17675406643129882,1.2175541055739576,0.025495097567963924,2.611973391901227,0.020273134932713294,0.005099019513592784,0.06171709649683789,0.025199206336708305
2016-02-12,0.014696938456699069,0.00848528137423857,0.24775996448175397,0.42437129968931686,0.03423448553724738,0.9528006087319634,0.01969771560359221,0.052239831546435904,0.1534079528577316,0.02973213749463701
2016-02-13,0.017492855684535902,0.0099498743710662,0.22297533495882454,0.7609664907208463,0.06729784543356496,1.3966151939600255,0.019672315572906003,0.08807383266328313,0.16653528154718447,0.02747726332806817
2016-02-14,0.007071067811865475,0.001414213562373095,0.03813135192987524,0.28479290721504985,0.042544094772365294,1.113695200672069,0.007615773105863909,0.05012983143797713,0.06523802572120037,0.021400934559032695
2016-02-15,0.005385164807134504,3.10774033664333e-5,0.038845849199110064,0.20887556104053917,0.02195449840010015,2.2559971187924863,0.025238858928247926,0.10338762014864256,0.23564592082189753,0.03398529093593286
2016-02-16,0.0058309518948453,3.10774033664333e-5,0.04249705872175155,0.3024119706625384,0.022000000000000002,0.3697580289865252,0.023430749027719962,0.09298386956886663,0.1677647161950331,0.02947880594596735
2016-02-17,0.013638181696985855,0.007071067811865475,0.1769208862740632,0.4135408081435253,0.045967379738244815,3.5567525919017755,0.01987460691435179,0.0688839603971781,0.15181897114655993,0.02782085548648711
2016-02-18,0.014247806848775007,0.007071067811865475,0.09772410142846032,0.360672982076562,0.034785054261852175,2.26818539806604,0.012569805089976535,0.046238512086787566,0.15492578868606738,0.02694438717061496
2016-02-19,0.019261360284258223,0.010392304845413263,0.2547547840571399,0.4611507345760169,0.04052159917870962,2.6866657775019207,0.023430749027719966,0.05341348144429457,0.1673439571660716,0.028809720581775868
2016-02-20,0.00469041575982343,3.10774033664333e-5,0.04102438299353203,0.35040690632463284,0.020663978319771823,1.4857338254209602,0.022803508501982758,0.03906404996924922,0.1578131806916013,0.027
2016-02-21,0.02102379604162864,0.009219544457292887,0.18255410156991816,0.4971810535408605,0.0486929152957594,2.5717933431751474,0.01676305461424021,0.04841487374764082,0.16125445730273627,0.026795522013948525
2016-02-22,0.007681145747868608,0.001,0.03774917217635375,0.6326784333292862,0.050467811523782165,1.6309442050542378,0.01174734012447073,0.03459768778401239,0.1399642811577297,0.028231188426986208
2016-02-23,0.005385164807134504,0.001,0.041593268686170845,0.43228809837884735,0.0428018691180654,3.5347363409453894,0.027037011669191553,0.09352539762011174,0.23203663503852145,0.03479942528261063
2016-02-24,0.01590597372058687,0.008544003745317531,0.20047194317410105,1.6127755578505028,0.04172529209005013,1.4325836799293783,0.06054750201288242,0.22798684172556977,0.20120636172845033,0.03351119216023208
2016-02-25,0.0069282032302755096,0.001414213562373095,0.046162755550335166,3.0638341991693996,0.04770744176750625,0.52446162872034785,0.0150996688705415,0.056497787567302137,0.14543039572248986,0.027766886753829642
2016-02-26,0.020223748416156685,0.01063014581273465,0.25770913837114895,2.5589577956660405,0.059472682804797034,0.1476346842716846,0.009486832980505138,0.01849324200890693,0.05520869496736904,0.023086792761230393
2016-02-27,0.006557438524302001,0.001,0.040718546143004665,0.5278513048198328,0.023853720883753128,0.3320542124412819,0.015684387141358124,0.030659419433511782,0.1066770828247567,0.02677685567799177
2016-02-28,0.01452583904633395,0.009219544457292887,0.19188798815975952,0.46059201035189484,0.031638584039112745,0.39345139471096047,0.04657252408878007,0.08519976525789259,0.24171057072457544,0.039924929555354254
2016-02-29,0.0378549864614954,0.008306623862918075,0.17896927110540511,2.538589765992134,0.16936941872723071,0.3296619480619503,0.0262678510731274,0.017233687939614085,0.06353739056650029,0.023086792761230393
2016-03-01,0.022045407685048604,0.012727922061357855,0.2829593610397083,4.66916534297084,0.05984145720150872,3.9164463484133165,0.009,0.011357816691600546,0.028809720581775868,0.026981475126464084
2016-03-02,0.01568438714135812,0.009219544457292887,0.20009247861926244,2.2933220445458598,0.043554563480765134,4.907477254150039,0.011224972160321825,0.006403124237432849,0.059849812029780014,0.024103941586387897
2016-03-03,0.013266499161421601,0.00608276253029822,0.09060353193998565,3.2094349970049247,0.03865229618017538,2.380523891919592,0.03144837038703278,0.0469148164229596,0.18532673849177833,0.02709243436828813
2016-03-04,0.01774823934929885,0.0099498743710662,0.13467367968537877,3.1990026570792343,0.05413871073455666,3.648931624462152,0.02531797780234433,0.04621688003316537,0.20283490823820244,0.027386127875258306
2016-03-05,0.014491376746189439,0.00806225774829855,0.177938191516043,1.3782104338597934,0.04374928570845472,0.13897481786280563,0.016522711641858305,0.043116122274620194,0.18572291188757514,0.029478805945967353
2016-03-06,0.005999999999999999,0.001,0.04167733196834942,0.7653900966174046,0.021118712081942877,2.1398175155839807,0.01489966442575134,0.03414674215792775,0.0580689245638319,0.025199206336708305
2016-03-07,0.012688577540449521,0.00608276253029822,0.08660831368869851,0.47334342712242244,0.035171010790137944,3.0183654516973255,0.041340053217188776,0.08305419917138447,0.1883640093011401,0.029068883707497266
2016-03-08,0.015165750888103102,0.008,0.17672011770027768,0.9604556210465949,0.05348831648126533,2.6301598810718714,0.018814887722226777,0.055479726026720785,0.2133682263131041,0.03312099032335839
2016-03-09,0.01746424919657298,0.00806225774829855,0.17615334229017626,1.3076956832535618,0.05412947441089744,3.1699599366553515,0.02328089345364563,0.058043087443725806,0.2166217902243447,0.03395585369269929
2016-03-10,0.010488088481701515,0.001414213562373095,0.04337049688440288,0.6397452618034775,0.038483762809787714,2.0772457726518545,0.03933192087859427,0.008774964387392122,0.13726980731391739,0.02418677324489565
2016-03-11,0.012806248474865698,0.007071067811865475,0.1694815624190431,1.1985528774317802,0.03556683848755748,1.6261368331109165,0.017748239349298846,0.006403124237432849,0.18856829001717124,0.021400934559032695
2016-03-12,0.0206155281280883,0.010099504938362078,0.19522551062809387,1.7711617656216498,0.06658828725834597,0.5357844715928225,0.02345207879911715,0.04597825573029059,0.20355588913121625,0.029563490998188967
2016-03-13,0.013152946437965905,0.006164414002968976,0.08474078120952154,1.0791478119331013,0.0493254498205541,3.8408704742545017,0.018466185312619388,0.0430232495285979,0.1541265713626304,0.02863564212655271
2016-03-14,0.005099019513592785,3.10774033664333e-5,0.0337934904974316,0.4460784684335257,0.028231188426986208,0.7139992997195446,0.01860107523773827,0.034117444218463966,0.17894412535760987,0.02785677655436824
2016-03-15,0.007681145747868608,0.001,0.041988093550434036,0.4228297529739363,0.033151168908501553,0.715947623782634,0.026608269391300142,0.052933921071464184,0.23269078194032525,0.029086079144497977
2016-03-16,0.018138357147217055,0.01063014581273465,0.20376947759662142,0.9375371992619812,0.05811196090307055,2.3926631605806947,0.0401621712560464,0.07159608927867499,0.26476593436467616,0.03656501059756444
2016-03-17,0.018138357147217055,0.009899494936611667,0.1999224849785536,1.2878338402138685,0.050921508225896056,1.2762527179207104,0.014317821063276354,0.037013511046643494,0.1669191421017973,0.028301943396169812
2016-03-18,0.011874342087037916,0.00608276253029822,0.09481561052906846,1.2487309558107382,0.034496376621320685,1.1960204847744038,0.01307669683062202,0.0058309518948453,0.055578772926361014,0.023853720883753125
2016-03-19,0.007071067811865475,0.001414213562373095,0.03757658845611187,0.5275736915351257,0.036482872693909395,0.7112496045693101,0.027166155414412252,0.0680367547726962,0.25076283616198,0.031717503054307414
2016-03-20,0.01104536101718726,0.0017320508075688774,0.04186884283091664,0.7331145885876231,0.0652226954364813,2.1714403054194236,0.019078784028338912,0.04305810028322197,0.162077142126828,0.028722813232690145
2016-03-21,0.01805547008526779,0.01,0.20293102276389383,0.7723438353479621,0.0793473376995095,2.927997780053803,0.018138357147217055,0.05441507144165116,0.20004249548533432,0.033151168908501553
2016-03-22,0.006708203932499369,0.001414213562373095,0.04179712908801273,0.47457454630437146,0.03749666651850535,1.1163529907694967,0.01174734012447073,0.009055385138137417,0.10737783756436894,0.02406241883103193
2016-03-23,0.006557438524302001,0.001414213562373095,0.04044749683231337,0.40085907748234917,0.036687872655688285,1.3203885791690262,0.026248809496813373,0.036565010597564444,0.18151859408887014,0.026795522013948525
2016-03-24,0.016643316977093238,0.00812403840463596,0.181367031182627,0.5513819003195517,0.08472897969408107,0.7137919865058727,0.04495553358597805,0.01445683229480096,0.18886238376129852,0.02677685567799177
2016-03-25,0.0191049731745428,0.01131370849898476,0.2440102456865285,0.5650150440475015,0.06667083320313313,0.15705094714773293,0.03806573262134856,0.055118055118082675,0.23518928547023565,0.029949958263743876
2016-03-26,0.010049875621120889,0.001,0.045099889135118726,0.881286559525334,0.04164132562731403,2.4792926410571225,0.02891366458960192,0.04004996878900157,0.24196900627972995,0.030099833886584822
2016-03-27,0.02046948949045872,0.011575836902790225,0.29910198929462173,1.1445405191604183,0.06360817557515701,3.7047248210899553,0.07527283706623525,0.008831760866327847,0.247226616690032,0.031559467676119
2016-03-28,0.016309506430300092,0.001414213562373095,0.0413158565202272,1.3355350987525563,0.08254695633395577,0.7409784072427482,0.10511422358558331,0.07306161783043132,0.8563766694626844,0.25772077913897434
2016-03-29,0.01104536101718726,0.001414213562373095,0.04120679555607303,1.2182257590446854,0.056648036153074184,0.3609764535257112,0.042766809560686195,0.07278736154031139,0.3200952983097377,0.040828911325187206
2016-03-30,0.014696938456699069,0.007071067811865475,0.08584870412533901,0.9051486065834715,0.0705620294492725,0.22321514285549712,0.03957271787481876,0.06024118192731613,0.3579678756536681,0.03196873472629156
2016-03-31,0.017916472867168916,0.008660254037844387,0.18645642922677674,0.7098654802143853,0.06333245613427604,3.8530421746978063,0.07042726744663604,0.08127115109311545,0.2852402496142506,0.032588341473600645
2016-04-01,0.020322401432901573,0.010677078252031312,0.23796428303424025,0.7863090995276603,0.10412012293500233,0.40047596681948344,0.03534119409414458,0.041303752856126766,0.1457600768386186,0.024779023386727734
2016-04-02,0.01772004514666935,0.0071414284285428505,0.08273451516749222,0.64924340581942,0.07547847375245474,0.1452067491544384,0.029171904291629646,0.0037416573867739417,0.11458184847522754,0.02420743687382041
2016-04-03,0.01445683229480096,0.007071067811865475,0.09313431161500041,0.58974825137511,0.04842520005121301,3.480284327465214,0.0191049731745428,0.0377094152699296,0.14919450392021819,0.02947880594596735
2016-04-04,0.015394804318340652,0.00714142842854285,0.18090052515125546,0.4292656520151595,0.04167733196834942,2.857281750195454,0.04886716689148246,0.059849812029780014,0.3092975913258944,0.038170669367984626
2016-04-05,0.018275666882497068,0.001414213562373095,0.03967366884975474,0.3328963802747035,0.07248448109768049,2.711998709439221,0.08206095295571457,0.044147480109288234,0.3957688719442195,0.06641535966928132
2016-04-06,0.018138357147217055,0.009899494936611667,0.19844898588806142,0.43006046086567873,0.05618718715152059,0.15781318069160127,0.018357559750685818,0.04721228653645151,0.214965113448671,0.028301943396169812
2016-04-07,0.010862780491200217,3.10774033664333e-5,0.03484250278036869,0.44776221368043106,0.05076416058598822,0.18515128949051365,0.01816590212458495,0.04909175083453431,0.1709678332318685,0.029223278392404912
2016-04-08,0.0099498743710662,0.001,0.04437341546466758,0.5121611074652194,0.054872579673275794,3.748886501349434,0.04958830507286975,0.12465552534885889,0.30088868373536415,0.03656501059756444
2016-04-09,0.016822603841260723,0.0022360679774997894,0.03606937759374287,0.5763662030341474,0.08251666498350499,0.9671990488001939,0.04446346815083142,0.08688498144098322,0.3143342170365803,0.03056141357987225
2016-04-10,0.01319090595827292,0.001,0.03196873472629156,0.5243367238712161,0.07457211275000863,0.11666190466471907,0.02437211521390788,0.059782940710540494,0.21630302818037475,0.03264965543462902
2016-04-11,0.02097617696340303,0.009219544457292887,0.18889150324988152,0.3470028818324136,0.061644140029689765,0.13577186748365805,0.0285657137141714,0.07549172140042906,0.22137072977247915,0.04678675026115833
2016-04-12,0.02271563338320109,0.007,0.1390719238379911,0.382968667125654,0.07119691004531026,0.4803176032585106,0.043485629810317804,0.8697792823469641,0.22602875923209417,0.03207802986469088
2016-04-13,0.03023243291566195,0.01,0.24826800035445568,0.46271589555579357,0.11418406193510545,0.7498866581024095,0.042485291572496,0.7282980159247998,0.28995516894858075,0.04522167621838005
2016-04-14,0.02222611077089287,0.00714142842854285,0.1815406290613757,0.6012961001037676,0.08472307831990053,0.42598708900622795,0.026476404589747454,0.08045495634204272,0.2511055554940989,0.05547071299343465
2016-04-15,0.023280893453645632,0.010488088481701517,0.2958952517361507,0.41655011703275274,0.0684324484437025,0.5037946010032264,0.016733200530681513,0.03769615364994153,0.22179269600237064,0.028879058156387305
2016-04-16,0.019467922333931784,0.007071067811865475,0.09817331613019904,0.5113834177992087,0.06192737682156414,4.083273931540719,0.032572994949804666,0.06406246951218787,0.274395699674758,0.03514256678161116
2016-04-17,0.02179449471770337,0.002449489742783178,0.027147743920996455,0.6857937007584716,0.11622822376686309,4.819089748074837,0.047968739820845825,0.06689544080129826,2.822198611012343,0.034496376621320685
2016-04-18,0.02289104628451919,0.009273618495495704,0.22195720308203562,0.5437306318389649,0.08221921916437785,0.49837837031717175,0.027000000000000003,0.040012498047485114,0.21749942528659702,0.030757112998459398
2016-04-19,0.0147648230602334,0.00608276253029822,0.17045820602130013,0.31104019032915986,0.051575187832910506,3.892304972635109,0.0261725046566048,0.03840572873934304,0.1920286436967152,0.03120897306865447
2016-04-20,0.01349073756323204,0.001414213562373095,0.03905124837953328,0.2888754056682569,0.06109828148156051,1.9966862547731428,0.22263198332674483,0.08355237878121723,0.28529984227124977,0.037336309405188936
2016-04-21,0.01881488772222678,0.0017320508075688774,0.034365680554879166,1.3709576944603359,0.09597395480024776,1.5416293328812865,0.027386127875258306,0.0212367605815953,0.09885848471426213,0.03714835124201342
2016-04-22,0.0232163735324878,0.009219544457292887,0.1874726646740799,0.9523838511860645,0.08078366171448284,0.175316856006489,0.01982422760159901,0.014594519519326426,0.08449260322655468,0.02435159132377184
2016-04-23,0.02063976744055029,0.007874007874011811,0.18996315432209482,0.28690765064738166,0.0784346862045103,3.2625517620414857,0.028178005607210743,0.05694734409961539,0.23148650068632512,0.03364520768252144
2016-04-24,0.0206155281280883,0.008602325267042627,0.11526057435220423,0.27615394257551346,0.07460562981437795,3.9629313645330773,0.040099875311526846,0.05957348403442592,0.2678507046845313,0.0354400902933387
2016-04-25,0.011532562594670795,0.005196152422706632,0.08512343978012167,0.546605890930568,0.05371219600798314,1.185685034062588,0.11868445559549912,0.0746993975879324,0.5526789303022145,0.051078371156488535
2016-04-26,0.018248287590894658,0.009219544457292887,0.15670992310635598,0.5760095485319666,0.0633798075099633,0.6470625935719048,0.07874642849044013,0.054,0.3243547440688975,0.03788139384975162
2016-04-27,0.012529964086141668,0.007071067811865475,0.17565876010037187,0.2623242268643901,0.040607881008493905,0.115,0.11790250209389112,0.08450443775329199,0.4037202001386604,0.04758150901348128
2016-04-28,0.007874007874011811,0.001414213562373095,0.030805843601498725,0.4928620496650153,0.04294182110716778,2.7193287774743236,0.08806247782114697,0.09021640649017229,0.4453156184101339,0.043104524124504606
2016-04-29,0.02567099530598687,0.007071067811865475,0.1638596960817394,0.8189053669380852,0.0680147042925278,1.2868259400556081,0.10819426971887189,0.055695601262577284,0.5362471445145419,0.04670117771534247
2016-04-30,0.19064102391667959,0.019339079605813717,0.23157288269570772,0.6540405186225087,0.8543804773050471,0.2650471656139714,0.10850345616615169,0.01979898987322333,0.23968521022374326,0.05406477596365308
2016-05-01,0.08204876598706407,0.009,0.09272000862812729,0.5478549077995012,0.3128226334522488,0.7658002350482793,0.09423905772024675,0.05781003373117853,0.4246198299655823,0.04670117771534247
2016-05-02,0.007,0.001,0.04518849411078002,0.5391558216322996,0.04305810028322197,0.9305278072148087,0.14297901943991642,0.0802246844805263,0.6561623274769742,0.051584881506115725
2016-05-03,0.011999999999999999,0.005099019513592785,0.1560897177907629,0.7621528718046007,0.054405882034941774,1.09877477218946,0.05337602458033007,0.053169540152233775,0.47522310549888036,0.03691882988394946
2016-05-04,0.006403124237432848,0.001,0.040914545090957564,0.8783655275567228,0.04607602413403309,1.4098953861900534,0.027367864366808017,0.05195190083144216,0.3159588580812382,0.031717503054307414
2016-05-05,0.005744562646538029,0.001,0.044788391353117386,0.6883807086198741,0.03159113799786263,0.4474516733681974,0.06024118192731613,0.01609347693943108,0.3184493680320311,0.030215889859476253
2016-05-06,0.009539392014169456,0.001,0.03760319135392633,0.6456825845568394,0.049969990994595946,0.7051595564125895,0.11316359838746734,0.054313902456001074,0.45828157283486753,0.042237424163885755
2016-05-07,0.031416556144810016,0.006324555320336759,0.17059308309541746,0.8340053956659993,0.16829141392239833,1.3405349678393326,0.16231450951778773,0.06533758489567854,0.6758971815298538,0.053413481444294565
2016-05-08,0.06521502894272148,0.0116619037896906,0.18961803711672578,0.7834660171315665,0.32894680421004246,0.4916350272305666,0.12210241602851271,0.01797220075561143,0.3878891594257308,0.0352845575287547
2016-05-09,0.009000000000000001,0.001414213562373095,0.04450842616853577,0.6260942421073684,0.07778174593052023,1.157404423699858,0.256896866465903,0.05324471804789654,0.914923494069313,0.06794850991743674
2016-05-10,0.010816653826391968,0.00608276253029822,0.17942407865166812,0.6899956521602147,0.04027406113120454,1.224281421896126,0.38162416066072125,0.013266499161421601,1.357931147002675,0.09069178573608527
2016-05-11,0.013304134695650071,0.005196152422706632,0.0846876614389605,1.7779204144167984,0.06419501538281613,1.1505933252022627,0.2169469981354893,0.059236812878479546,0.9501057835841228,0.06640030120413612
2016-05-12,0.010246950765959597,0.001414213562373095,0.03849675310984032,2.7042841936453352,0.0642339474110069,0.3091100127786222,0.06168468205316455,0.05212485011968859,0.3800920941035212,0.032878564445547195
2016-05-13,0.011045361017187262,0.005099019513592785,0.13055650117860848,1.290874122445717,0.04574931693479149,1.5922138675441815,0.08129575634681062,0.09843779761859771,0.4850134018766904,0.050209560842532766
2016-05-14,0.00848528137423857,3.10774033664333e-5,0.03402939905434711,0.44012839035899515,0.027477263328068175,0.9660331257260281,0.14613007903919029,0.07096477999684069,0.5603311520877632,0.05177837386399847
2016-05-15,0.03351119216023208,0.002,0.042059481689626185,1.8233348567940009,0.1701616878148545,1.0619345554223198,0.09767804256842988,0.06268173577685927,0.5937120514188676,0.058326666285670736
2016-05-16,0.016673332000533066,0.00608276253029822,0.0913345498702435,0.9429347803533391,0.05686826883245172,0.21005951537600007,0.03278719262151,0.06113918547053109,0.3249938460955838,0.035860842154082216
2016-05-17,0.016401219466856725,0.006,0.08103085831953158,0.6933721944237453,0.04419275958796871,0.3731621631409058,0.05131276644267,0.014352700094407323,0.1649878783426225,0.03195309061734092
2016-05-18,0.019390719429665314,0.0078102496759066544,0.23106059811227012,0.48695482336660345,0.06086049621881176,0.7093898786985899,0.2889377095499997,0.061343296292260006,1.0270331056007882,0.06341135544995076
2016-05-19,0.025632011235952594,0.011000000000000001,0.2875656446796105,0.8235763474019879,0.07618398781896364,1.1920780175810641,0.1081387996974259,0.08954328562209453,0.5243414917780206,0.04756048780237646
2016-05-20,0.014764823060233401,0.006164414002968976,0.16476953601925326,0.9223231537807126,0.07419568720619818,0.4814332767892141,0.022561028345356955,0.044328320518603,0.18693849255838135,0.02942787793912432
2016-05-21,0.007874007874011811,0.001,0.044395945760846225,0.9044103051159911,0.029597297173897485,0.1766493702224834,0.029832867780352598,0.043301270189221926,0.18558555978308225,0.031400636936215164
2016-05-22,0.007,0.001414213562373095,0.04442971978304612,0.417435024884113,0.02641968962724581,4.586158959303526,0.08590692637965812,0.07630203142774117,0.4459517911164838,0.04196427051671457
2016-05-23,0.01004987562112089,0.0022360679774997894,0.044102154142399895,0.7562036762671813,0.048938737212968625,1.4508376890610473,0.070164093381159,0.07251896303726357,0.46578643174742645,0.05054700782440045
2016-05-24,0.010770329614269008,0.001414213562373095,0.032031234756093936,1.0486472238078923,0.051575187832910506,3.7010824092419234,0.040718546143004665,0.7516561713975347,0.27776608864294433,0.03736308338453881
2016-05-25,0.02861817604250837,0.008602325267042627,0.23860427489883748,0.6202612352871975,0.07043436661176133,0.9686098285687587,0.05025932749251625,0.06398437309218556,0.3010132887432048,0.04332435804486894
2016-05-26,0.01349073756323204,0.005,0.08119729059519167,0.3824199262590798,0.05120546845796843,1.3832324461203185,0.22592697935394968,0.07799358948016177,1.232050729475049,0.079435508432942
2016-05-27,0.01797220075561143,0.0024494897427831783,0.04291852746774987,1.0271085629085175,0.08077747210701756,4.347217155836593,0.2364021996513569,0.06083584469702052,1.3260731503201473,0.08914033879226621
2016-05-28,0.0157797338380595,0.006164414002968976,0.1321325092473461,1.4983077120538357,0.08889319434017431,3.674042188108351,0.08028075734570521,0.006164414002968976,0.3421607809203153,0.038275318418009276
2016-05-29,0.00848528137423857,0.005099019513592785,0.07826237921249264,0.5629849021066196,0.030149626863362672,0.5776729178349977,0.12437443467208203,0.009695359714832659,0.4526566027354511,0.03925557285278105
2016-05-30,0.004898979485566357,0.001,0.04789572005931218,0.4419468293810919,0.028372521918222215,1.0078615976412635,0.20669542810618718,0.06041522986797286,1.1517616941016922,0.06792643079096679
2016-05-31,0.0078102496759066544,0.001,0.03967366884975475,0.9433758529875567,0.06372597586541928,1.153278804105928,0.19858499439786484,0.0575065213693195,0.9079014263674223,0.06946941773183363
2016-06-01,0.012727922061357855,0.0017320508075688774,0.04676537180435969,1.3710076586219349,0.0673349834781297,0.5867827536661246,0.12298780427343192,0.021377558326431952,0.49267433462684046,0.04636809247747852
2016-06-02,0.012806248474865698,0.00714142842854285,0.15519664944836922,0.6906554857524843,0.04793745925682754,0.21087674124947967,0.05049752469181039,0.05003998401278722,0.21669794646004378,0.0324499614791759
2016-06-03,0.010440306508910549,0.005099019513592785,0.15796835126062436,0.7005754777324139,0.036359317925395686,0.3523024269005254,0.08206095295571457,0.054037024344425186,0.3936661021728947,0.03839270764090493
2016-06-04,0.020149441679609883,0.010677078252031312,0.25550733844647205,0.7969466732473385,0.05907622195096772,0.37203494459526243,0.06707458535093602,0.0531224999411737,0.2828762980527001,0.03806573262134856
2016-06-05,0.012328828005937953,0.007071067811865475,0.1790363091666045,0.6511635739197947,0.047434164902525694,3.1154635289150794,0.019874606914351788,0.043116122274620194,0.1883215335536539,0.029698484809834995
2016-06-06,0.010392304845413263,0.006,0.09023303164584463,0.44223183964974755,0.025019992006393606,0.41298183979443936,0.015556349186104044,0.013747727084867519,0.07083784299369934,0.025396850198400586
2016-06-07,0.011,0.007211102550927979,0.18327574853209577,0.5047038735734054,0.027367864366808017,0.9632990189966976,0.050941142507800116,0.050537115073973106,0.2591640407155283,0.044732538492690085
2016-06-08,0.011489125293076058,0.005099019513592785,0.13706202975295528,0.6557103018864352,0.030380915061926625,0.3822512262897269,0.10337311062360463,0.05457105459856901,0.4226121153019634,0.22879903845951802
2016-06-09,0.010440306508910549,0.005477225575051661,0.08967162315916893,0.6612730147223611,0.03176476034853718,0.21384573879317773,0.049254441424099,0.05672741841473134,0.21650173209468784,0.6237547595008796
2016-06-10,0.01849324200890693,0.011,0.2733294715174345,0.3948379414392695,0.045880278987817845,0.4484328266307006,0.061668468442146344,0.0626338566591584,0.1503096803269836,0.7390595375204897
2016-06-11,0.011045361017187262,0.005744562646538029,0.11799152511939152,0.37575124750291916,0.020445048300260872,0.3920459156782532,0.09343446901438462,0.09423375191511797,0.35569087702666763,0.9724428003743973
2016-06-12,0.015,0.00806225774829855,0.23069243594014954,0.9169760084102528,0.04360045871318328,0.32979539111394507,0.08474668135095322,0.02727636339397171,0.15902515524281055,1.01620863999476
2016-06-13,0.006164414002968977,0.0022360679774997894,0.0387556447501522,0.6353345575364211,0.026551836094703504,0.23988538930080755,0.042731721238442995,0.019,0.181738823590338,0.58873508473676
2016-06-14,0.0037416573867739417,0.001414213562373095,0.0382099463490856,0.3852661417773433,0.010723805294763607,0.10119288512538814,0.04892851929090027,0.021,0.08981647955692763,0.684336905332454
2016-06-15,0.0037416573867739417,0.0022360679774997894,0.0478539444560216,0.5631385264746144,0.01661324772583615,0.2562537804599183,0.07259476565152614,0.05024937810560445,0.21484180226389835,0.9194057863642148
2016-06-16,0.032310988842807024,0.004242640687119285,0.06212084996198941,0.7102703710559803,0.2808914381037628,2.3012194593302047,0.06727555276621665,0.01174734012447073,0.10029955134495866,0.9432295584851017
